
Analysis Description
--------------------
aBSREL (Adaptive branch-site random effects likelihood) uses an adaptive
random effects branch-site model framework to test whether each branch
has evolved under positive selection, using a procedure which infers an
optimal number of rate categories per branch. v2.2 adds support for
multiple-hit models. v2.3 adds support for SRV. v2.5 adds support for
ancestral state reconstruction, identification of sites contributing to
selection signal, and some diagnostics. v2.6 adds tree reports and ASCII
art

- __Requirements__: in-frame codon alignment and a phylogenetic tree

- __Citation__:  Less Is More: An Adaptive Branch-Site Random Effects Model for
Efficient Detection of Episodic Diversifying Selection (2015). Mol Biol
Evol 32 (5): 1342-1353. 

- __Written by__: Sergei L Kosakovsky Pond, Ben Murrell, Steven Weaver and Temple iGEM /
UCSD viral evolution group

- __Contact Information__: spond@temple.edu

- __Analysis Version__: 2.6

[Advanced option] Bag of little bootstrap alignment resampling rate (permissible range = [0.01,1], default value = 1): blb: 1

>code => Universal
>Loaded a multiple sequence alignment with **212** sequences, **96** codons, and **1** partitions from `/Users/alex/Documents/selection-tutorial/data/21-empirical/camelid.nex`

>branches => All

>multiple-hits => None

>srv => No


### * Selected 421 branches for testing: `LGL132362, LGL237315, Node10, LGL131930, Node9, AF000603, CVHP24VCOD, CVHP22VCOD, Node26, CVHP21VCOD, CVHP19VCOD, Node31, CVHP16VCOD, CVHP10VCOD, Node36, CVHP18VCOD, Node35, CVHP17VCOD, Node34, Node30, CVHP09VCOD, Node29, Node25, CVHP14VCOD, CVHP02VCOD, CVHP07VCOD, CVHP12VCOD, Node53, CVHP13VCOD, Node52, Node50, CVHP15VCOD, Node49, Node47, CVHP04VCOD, Node46, CVHP03VCOD, Node45, CVHP06VCOD, Node44, CVHP05VCOD, Node43, CVHP11VCOD, Node42, Node24, CVHP08VCOD, Node23, CVHP29VCOD, Node22, CVHP30VCOD, CVHP52VCOD, Node66, CVHP31VCOD, CVHP34VCOD, Node71, CVHP32VCOD, Node70, CVHP33VCOD, Node69, Node65, Node21, Node19, CVHP45VCOD, CVHP47VCOD, Node79, CVHP46VCOD, CVHP48VCOD, Node83, CVHP51VCOD, Node82, Node78, CVHP43VCOD, CVHP44VCOD, Node89, CVHP49VCOD, Node88, CVHP40VCOD, CVHP41VCOD, Node95, CVHP36VCOD, CVHP38VCOD, Node99, CVHP37VCOD, Node98, Node94, CVHP42VCOD, CVHP50VCOD, Node103, Node93, Node87, Node77, CVHP28VCOD, Node76, Node18, CVHP25VCOD, CVHHP42VCOD, Node107, Node17, CVHHP08VCOD, CVHHP09VCOD, Node111, CVHHP10VCOD, CVHHP11VCOD, Node115, CVHHP12VCOD, Node114, Node110, Node16, CVHHP41VCOD, CVHHP36VCOD, Node124, CVHHP37VCOD, Node123, CVHHP35VCOD, Node122, CVHHP34VCOD, Node121, CVHHP32VCOD, CVHHP33VCOD, Node130, Node120, CVHHP06VCOD, CVHHP07VCOD, Node134, CVHHP15VCOD, CVHHP31VCOD, Node138, CVHHP24VCOD, CVHHP25VCOD, Node147, CVHHP23VCOD, Node146, CVHHP19VCOD, CVHHP22VCOD, Node154, CVHHP27VCOD, Node153, CVHHP21VCOD, CVHHP26VCOD, Node158, Node152, CVHHP20VCOD, Node151, Node145, CVHHP29VCOD, Node144, CVHHP17VCOD, Node143, CVHHP28VCOD, Node142, CVHHP30VCOD, Node141, Node137, Node133, Node119, Node15, AF000604, CVHHP03VCOD, CVHHP04VCOD, Node169, CVHHP05VCOD, Node168, Node166, Node14, Node8, LGL238057, LGL238051, Node182, LGL237297, LGL237381, Node186, LGL237296, LGL237365, Node189, Node185, Node181, LGL238052, Node180, LGL237302, LGL238049, Node193, Node179, LGL237360, LGL238046, LGL237370, Node200, LGL237353, Node199, Node197, LGL237325, LGL237332, Node204, Node196, Node178, LGL131929, LGL237300, Node211, LGL237355, LGL237361, Node214, Node210, LGL237341, Node209, LGL238050, LGL237319, LGL237377, Node223, Node221, LGL237306, LGL237320, Node227, LGL237386, Node226, Node220, LGL238048, Node219, LGL237383, Node218, Node208, LGL237391, Node207, Node177, LGL237356, LGL237367, Node234, Node176, LGL238055, Node175, LGL237380, Node174, LGL237350, Node173, Node7, LGL237366, LGL237304, Node242, LGL237295, LGL237375, Node250, LGL238059, LGL237318, Node254, LGL237322, LGL237357, Node259, LGL237293, Node258, LGL237354, Node257, Node253, Node249, LGL237301, LGL237314, Node268, LGL237310, Node267, LGL237371, Node266, LGL237376, LGL237392, Node274, LGL237298, LGL237299, Node277, Node273, Node265, LGL237387, LGL237393, Node283, LGL237388, Node282, LGL131931, LGL237385, Node288, LGL237382, Node287, Node281, LGL238056, LGL238054, Node294, LGL237384, LGL238045, Node297, Node293, LGL237326, LGL237359, Node301, LGL237389, Node300, Node292, Node280, Node264, Node248, LGL237286, LGL237308, LGL237333, LGL237303, Node311, Node309, LGL238053, Node308, Node306, LGL238058, LGL237329, Node315, Node305, Node247, LGL237328, LGL237378, Node320, LGL237369, Node319, LGL237373, Node318, Node246, LGL238047, LGL237289, Node325, Node245, Node241, LGL237331, Node240, Node6, LGL237346, LGL237287, Node331, LGL237288, Node330, LGL237338, LGL237349, Node335, Node329, Node5, LGL237339, LGL237278, LGL237327, Node341, Node339, LGL237324, LGL237368, Node344, Node338, Node4, LGL237280, LGL237309, Node348, LGL237345, LGL237311, Node352, LGL237321, Node351, Node347, Node3, LGL237342, LGL237351, Node359, LGL237312, LGL237316, LGL237323, Node365, Node363, LGL237283, Node362, Node358, LGL237337, LGL237292, Node371, LGL237285, LGL237347, Node374, Node370, LGL237284, LGL237379, Node378, LGL237330, Node377, Node369, Node357, LGL237313, LGL237281, Node383, LGL237344, LGL237282, Node387, LGL237291, LGL237305, Node391, LGL237276, Node390, Node386, Node382, Node356, Node2, LGL237307, LGL237335, Node395, Node1, LGL237390, LGL237336, Node400, LGL237340, Node399, LGL237294, LGL237358, Node405, LGL238060, LGL237317, Node408, Node404, Node398, LGL237279, LGL237277, LGL237352, Node414, Node412, LGL237362, LGL237363, Node418, LGL237374, Node417, Node411`


### Obtaining branch lengths and nucleotide substitution biases under the nucleotide GTR model

>kill-zero-lengths => Yes

### Deleted 59 zero-length internal branches: `Node1, Node123, Node133, Node137, Node144, Node145, Node151, Node152, Node153, Node154, Node168, Node177, Node178, Node179, Node185, Node197, Node208, Node209, Node21, Node210, Node219, Node22, Node246, Node247, Node248, Node249, Node253, Node282, Node29, Node30, Node305, Node306, Node320, Node329, Node34, Node35, Node358, Node36, Node362, Node382, Node386, Node411, Node43, Node44, Node45, Node46, Node47, Node49, Node5, Node50, Node52, Node53, Node70, Node71, Node76, Node77, Node82, Node87, Node99`
* Log(L) = -17636.25, AIC-c = 36136.59 (429 estimated parameters)
* 1 partition. Total tree length by partition (subs/site) 14.119

### Fitting the baseline model with a single dN/dS class per branch, and no site-to-site variation. 
* Log(L) = -17334.32, AIC-c = 36200.25 (738 estimated parameters)
* Branch-level non-synonymous/synonymous rate ratio distribution has median  0.79, and 95% of the weight in  0.15 - 25.85

### Determining the optimal number of rate classes per branch using a step up procedure

|              Branch               |  Length  |  Rates   |     Max. dN/dS     |    Log(L)     |     AIC-c     |Best AIC-c so far|
|-----------------------------------|----------|----------|--------------------|---------------|---------------|-----------------|
|             LGL237327             |   0.23   |    2     |    2.02 ( 8.59%)   |   -17333.63   |   36203.19    |    36200.25     |
|             LGL237291             |   0.17   |    2     |    0.52 (50.49%)   |   -17333.88   |   36203.68    |    36200.25     |
|             LGL237333             |   0.17   |    2     |   20.41 (15.15%)   |   -17324.48   |   36184.88    |    36184.88     |
|             LGL237333             |   0.17   |    3     |   20.35 (15.10%)   |   -17324.48   |   36189.19    |    36184.88     |
|             LGL237315             |   0.16   |    2     |    3.85 (42.22%)   |   -17321.63   |   36183.50    |    36183.50     |
|             LGL237315             |   0.16   |    3     |    3.90 (42.24%)   |   -17321.63   |   36187.81    |    36183.50     |
|             LGL237367             |   0.15   |    2     |    3.20 (17.18%)   |   -17320.29   |   36185.11    |    36183.50     |
|             LGL237366             |   0.15   |    2     |    2.26 (36.66%)   |   -17319.20   |   36182.94    |    36182.94     |
|             LGL237366             |   0.15   |    3     |    2.24 (36.61%)   |   -17319.20   |   36187.26    |    36182.94     |
|             LGL238048             |   0.15   |    2     |    5.42 (40.96%)   |   -17315.48   |   36179.81    |    36179.81     |
|             LGL238048             |   0.15   |    3     |    5.45 (41.02%)   |   -17315.48   |   36184.13    |    36179.81     |
|             LGL237363             |   0.15   |    2     |    1.86 (32.03%)   |   -17313.05   |   36179.26    |    36179.26     |
|             LGL237363             |   0.15   |    3     |    1.87 (31.97%)   |   -17313.05   |   36183.57    |    36179.26     |
|             LGL238052             |   0.15   |    2     |    5.87 (21.83%)   |   -17301.65   |   36160.77    |    36160.77     |
|             LGL238052             |   0.15   |    3     |    5.88 (21.74%)   |   -17301.65   |   36165.09    |    36160.77     |
|             LGL237298             |   0.15   |    2     |    1.72 (55.91%)   |   -17301.49   |   36164.77    |    36160.77     |
|             LGL237318             |   0.14   |    2     |    5.93 (12.10%)   |   -17297.69   |   36157.16    |    36157.16     |
|             LGL237318             |   0.14   |    3     |    6.26 (11.32%)   |   -17297.70   |   36161.51    |    36157.16     |
|             LGL237380             |   0.14   |    2     |    2.19 ( 4.54%)   |   -17297.68   |   36161.47    |    36157.16     |
|             LGL237294             |   0.13   |    2     |    4.06 ( 0.69%)   |   -17297.67   |   36161.44    |    36157.16     |
|             LGL237390             |   0.13   |    2     |   >1000 ( 5.14%)   |   -17295.63   |   36157.36    |    36157.16     |
|             LGL237317             |   0.13   |    2     |   16.25 (11.67%)   |   -17294.12   |   36154.35    |    36154.35     |
|             LGL237317             |   0.13   |    3     |   16.17 (11.39%)   |   -17294.13   |   36158.67    |    36154.35     |
|             LGL237374             |   0.13   |    2     |    3.25 (48.29%)   |   -17292.78   |   36155.98    |    36154.35     |
|             LGL238050             |   0.13   |    2     |   >1000 ( 3.42%)   |   -17292.65   |   36155.72    |    36154.35     |
|             LGL237316             |   0.13   |    2     |   >1000 ( 6.69%)   |   -17288.69   |   36147.79    |    36147.79     |
|             LGL237316             |   0.13   |    3     |  304.37 ( 6.71%)   |   -17288.69   |   36152.10    |    36147.79     |
|             LGL238060             |   0.13   |    2     |  384.99 ( 4.48%)   |   -17286.31   |   36147.35    |    36147.35     |
|             LGL238060             |   0.13   |    3     |  263.36 ( 4.47%)   |   -17286.32   |   36151.68    |    36147.35     |
|             LGL237314             |   0.12   |    2     |    0.57 (79.22%)   |   -17286.31   |   36151.67    |    36147.35     |
|             LGL237295             |   0.12   |    2     |    2.12 (34.39%)   |   -17285.12   |   36149.28    |    36147.35     |
|             LGL237293             |   0.12   |    2     |  407.37 ( 3.55%)   |   -17282.47   |   36143.99    |    36143.99     |
|             LGL237293             |   0.12   |    3     |  113.57 ( 3.46%)   |   -17282.49   |   36148.35    |    36143.99     |
|             LGL237362             |   0.12   |    2     |    4.92 (24.59%)   |   -17278.23   |   36139.83    |    36139.83     |
|             LGL237362             |   0.12   |    3     |    5.01 (24.29%)   |   -17278.24   |   36144.15    |    36139.83     |
|             LGL131930             |   0.12   |    2     |   25.74 ( 9.43%)   |   -17271.40   |   36130.49    |    36130.49     |
|             LGL131930             |   0.12   |    3     |   26.41 ( 9.07%)   |   -17271.41   |   36134.82    |    36130.49     |
|             LGL237305             |   0.12   |    2     |   37.15 ( 5.63%)   |   -17267.88   |   36127.76    |    36127.76     |
|             LGL237305             |   0.12   |    3     |   37.22 ( 5.67%)   |   -17267.88   |   36132.08    |    36127.76     |
|             LGL237289             |   0.12   |    2     |   71.57 (13.29%)   |   -17258.80   |   36113.92    |    36113.92     |
|             LGL237289             |   0.12   |    3     |   91.98 (11.38%)   |   -17258.66   |   36117.95    |    36113.92     |
|             LGL237376             |   0.12   |    2     |    0.91 (50.43%)   |   -17258.80   |   36118.24    |    36113.92     |
|             LGL237304             |   0.12   |    2     |   16.03 (14.78%)   |   -17249.13   |   36098.89    |    36098.89     |
|             LGL237304             |   0.12   |    3     |   16.59 (14.08%)   |   -17249.11   |   36103.18    |    36098.89     |
|             LGL237354             |   0.12   |    2     |   87.57 (10.35%)   |   -17234.41   |   36073.79    |    36073.79     |
|             LGL237354             |   0.12   |    3     |   88.17 (10.20%)   |   -17234.42   |   36078.12    |    36073.79     |
|             LGL237382             |   0.11   |    2     |    8.80 (10.40%)   |   -17232.73   |   36074.74    |    36073.79     |
|             LGL237301             |   0.11   |    2     |    1.37 (12.72%)   |   -17234.41   |   36078.11    |    36073.79     |
|             LGL237330             |   0.11   |    2     |    8.22 (24.96%)   |   -17228.93   |   36067.14    |    36067.14     |
|             LGL237330             |   0.11   |    3     |    8.24 (24.92%)   |   -17228.93   |   36071.46    |    36067.14     |
|             LGL238055             |   0.11   |    2     |    9.08 ( 3.06%)   |   -17228.12   |   36069.84    |    36067.14     |
|             LGL237346             |   0.11   |    2     |   11.15 (26.65%)   |   -17223.58   |   36060.76    |    36060.76     |
|             LGL237346             |   0.11   |    3     |   11.06 (26.77%)   |   -17223.58   |   36065.08    |    36060.76     |
|             LGL237369             |   0.11   |    2     |   29.36 ( 6.32%)   |   -17220.55   |   36059.02    |    36059.02     |
|             LGL237369             |   0.11   |    3     |   29.81 ( 6.29%)   |   -17220.55   |   36063.35    |    36059.02     |
|             LGL237361             |   0.11   |    2     |   14.06 ( 5.49%)   |   -17215.23   |   36052.71    |    36052.71     |
|             LGL237361             |   0.11   |    3     |   14.18 ( 5.45%)   |   -17215.23   |   36057.04    |    36052.71     |
|             LGL237347             |   0.11   |    2     |  146.29 ( 4.35%)   |   -17210.26   |   36047.10    |    36047.10     |
|             LGL237347             |   0.11   |    3     |  151.02 ( 4.32%)   |   -17210.27   |   36051.44    |    36047.10     |
|             LGL237303             |   0.11   |    2     |   10.53 ( 2.45%)   |   -17210.05   |   36051.00    |    36047.10     |
|             LGL237335             |   0.10   |    2     |    4.47 (28.69%)   |   -17207.58   |   36046.07    |    36046.07     |
|             LGL237335             |   0.10   |    3     |    4.48 (28.49%)   |   -17207.59   |   36050.41    |    36046.07     |
|             LGL237286             |   0.10   |    2     |  519.73 ( 3.18%)   |   -17205.71   |   36046.65    |    36046.07     |
|             LGL237373             |   0.10   |    2     |  114.68 ( 7.24%)   |   -17202.69   |   36040.61    |    36040.61     |
|             LGL237373             |   0.10   |    3     |  114.55 ( 7.20%)   |   -17202.70   |   36044.97    |    36040.61     |
|             LGL237326             |   0.10   |    2     |   58.66 ( 3.47%)   |   -17199.07   |   36037.70    |    36037.70     |
|             LGL237326             |   0.10   |    3     |   69.99 ( 3.39%)   |   -17199.08   |   36042.05    |    36037.70     |
|             LGL237308             |   0.10   |    2     |  314.28 ( 4.11%)   |   -17196.16   |   36036.20    |    36036.20     |
|             LGL237308             |   0.10   |    3     |  305.84 ( 4.12%)   |   -17196.16   |   36040.53    |    36036.20     |
|             LGL237358             |   0.10   |    2     |  460.52 ( 6.05%)   |   -17192.07   |   36032.36    |    36032.36     |
|             LGL237358             |   0.10   |    3     |   >1000 ( 6.09%)   |   -17192.07   |   36036.69    |    36032.36     |
|             LGL237352             |   0.10   |    2     |   49.81 ( 6.12%)   |   -17184.36   |   36021.28    |    36021.28     |
|             LGL237352             |   0.10   |    3     |   54.43 ( 5.94%)   |   -17184.36   |   36025.60    |    36021.28     |
|             LGL237375             |   0.10   |    2     |    3.42 (18.40%)   |   -17181.23   |   36019.35    |    36019.35     |
|             LGL237375             |   0.10   |    3     |    3.45 (18.32%)   |   -17181.24   |   36023.69    |    36019.35     |
|             LGL237280             |   0.10   |    2     |   14.28 (20.31%)   |   -17174.37   |   36009.95    |    36009.95     |
|             LGL237280             |   0.10   |    3     |   14.13 (20.40%)   |   -17174.37   |   36014.29    |    36009.95     |
|             LGL237371             |   0.10   |    2     |   55.02 ( 6.32%)   |   -17171.52   |   36008.60    |    36008.60     |
|             LGL237371             |   0.10   |    3     |   58.75 ( 6.33%)   |   -17171.52   |   36012.93    |    36008.60     |
|             LGL237299             |   0.10   |    2     |    0.72 (77.45%)   |   -17171.52   |   36012.93    |    36008.60     |
|             LGL237278             |   0.10   |    2     |    3.96 (28.44%)   |   -17169.05   |   36007.98    |    36007.98     |
|             LGL237278             |   0.10   |    3     |    3.99 (28.06%)   |   -17169.05   |   36012.32    |    36007.98     |
|             LGL238047             |   0.10   |    2     |    8.95 (14.22%)   |   -17161.08   |   35996.39    |    35996.39     |
|             LGL238047             |   0.10   |    3     |    9.00 (14.31%)   |   -17161.08   |   36000.72    |    35996.39     |
|             LGL237329             |   0.10   |    2     |   11.64 (10.64%)   |   -17158.65   |   35995.85    |    35995.85     |
|             LGL237329             |   0.10   |    3     |    8.23 (14.70%)   |   -17158.63   |   36000.16    |    35995.85     |
|             LGL237389             |   0.10   |    2     |    1.86 (50.56%)   |   -17158.68   |   36000.25    |    35995.85     |
|             LGL237370             |   0.09   |    2     |  119.73 ( 1.73%)   |   -17158.43   |   35999.76    |    35995.85     |
|             LGL237381             |   0.09   |    2     |  999.60 ( 1.76%)   |   -17157.14   |   35997.18    |    35995.85     |
|             LGL237285             |   0.09   |    2     |   22.76 ( 5.35%)   |   -17155.02   |   35992.94    |    35992.94     |
|             LGL237285             |   0.09   |    3     |   22.89 ( 5.28%)   |   -17155.02   |   35997.28    |    35992.94     |
|             LGL237319             |   0.09   |    2     |    1.07 (38.77%)   |   -17154.60   |   35996.44    |    35992.94     |
|             LGL237302             |   0.09   |    2     |   13.33 ( 1.89%)   |   -17154.68   |   35996.60    |    35992.94     |
|             LGL237324             |   0.09   |    2     |    2.75 (31.03%)   |   -17153.65   |   35994.54    |    35992.94     |
|             LGL237368             |   0.09   |    2     |    3.60 (17.15%)   |   -17152.56   |   35992.35    |    35992.35     |
|             LGL237368             |   0.09   |    3     |    4.85 (11.19%)   |   -17152.58   |   35996.74    |    35992.35     |
|             LGL237350             |   0.09   |    2     |   28.65 ( 5.42%)   |   -17146.11   |   35983.79    |    35983.79     |
|             LGL237350             |   0.09   |    3     |   28.98 ( 5.35%)   |   -17146.11   |   35988.13    |    35983.79     |
|             LGL237306             |   0.09   |    2     |    2.14 (51.93%)   |   -17145.86   |   35987.62    |    35983.79     |
|             LGL237323             |   0.09   |    2     |    1.14 (40.74%)   |   -17146.04   |   35987.99    |    35983.79     |
|             LGL237332             |   0.09   |    2     |    4.60 (25.86%)   |   -17143.86   |   35983.64    |    35983.64     |
|             LGL237332             |   0.09   |    3     |    4.59 (25.79%)   |   -17143.87   |   35987.98    |    35983.64     |
|             LGL237383             |   0.08   |    2     |    9.67 (15.84%)   |   -17137.14   |   35974.54    |    35974.54     |
|             LGL237383             |   0.08   |    3     |    9.78 (15.71%)   |   -17137.15   |   35978.90    |    35974.54     |
|             LGL237282             |   0.08   |    2     |   18.96 (14.51%)   |   -17129.58   |   35963.76    |    35963.76     |
|             LGL237282             |   0.08   |    3     |   18.91 (14.46%)   |   -17129.58   |   35968.11    |    35963.76     |
|             LGL237377             |   0.08   |    2     |   11.46 (44.05%)   |   -17128.91   |   35966.75    |    35963.76     |
|             LGL238045             |   0.08   |    2     |    2.92 (23.15%)   |   -17128.61   |   35966.16    |    35963.76     |
|             LGL238054             |   0.08   |    2     |   11.82 (17.39%)   |   -17122.47   |   35953.87    |    35953.87     |
|             LGL238054             |   0.08   |    3     |   11.92 (17.03%)   |   -17122.46   |   35958.21    |    35953.87     |
|             LGL237349             |   0.08   |    2     |  537.14 ( 2.01%)   |   -17121.09   |   35955.46    |    35953.87     |
|             LGL237344             |   0.08   |    2     |   92.62 ( 4.84%)   |   -17120.59   |   35954.47    |    35953.87     |
|             LGL237384             |   0.08   |    2     |   >1000 ( 1.27%)   |   -17121.39   |   35956.07    |    35953.87     |
|             LGL237287             |   0.08   |    2     |   18.04 ( 5.61%)   |   -17121.70   |   35956.68    |    35953.87     |
|             LGL237378             |   0.08   |    2     |    3.92 (23.38%)   |   -17120.76   |   35954.80    |    35953.87     |
|             LGL237297             |   0.08   |    2     |    7.15 (16.38%)   |   -17117.73   |   35948.74    |    35948.74     |
|             LGL237297             |   0.08   |    3     |    7.28 (16.12%)   |   -17117.73   |   35953.09    |    35948.74     |
|             LGL237356             |   0.08   |    2     |   14.02 ( 5.81%)   |   -17115.38   |   35948.38    |    35948.38     |
|             LGL237356             |   0.08   |    3     |   14.02 ( 5.67%)   |   -17115.38   |   35952.73    |    35948.38     |
|             LGL237340             |   0.08   |    2     |    3.51 (28.58%)   |   -17114.06   |   35950.09    |    35948.38     |
|             LGL237345             |   0.08   |    2     |   >1000 ( 1.28%)   |   -17114.08   |   35950.13    |    35948.38     |
|             LGL238056             |   0.08   |    2     |   27.76 ( 4.39%)   |   -17113.21   |   35948.40    |    35948.38     |
|             LGL238058             |   0.08   |    2     |   12.14 (15.96%)   |   -17109.88   |   35941.73    |    35941.73     |
|             LGL238058             |   0.08   |    3     |   12.11 (15.88%)   |   -17109.88   |   35946.08    |    35941.73     |
|             LGL132362             |   0.07   |    2     |  213.45 ( 7.44%)   |   -17104.96   |   35936.23    |    35936.23     |
|             LGL132362             |   0.07   |    3     |  220.10 ( 7.39%)   |   -17104.96   |   35940.58    |    35936.23     |
|             LGL237300             |   0.07   |    2     |    5.23 (27.80%)   |   -17103.16   |   35936.98    |    35936.23     |
|             LGL237359             |   0.07   |    2     |  326.32 ( 4.25%)   |   -17098.41   |   35927.48    |    35927.48     |
|             LGL237359             |   0.07   |    3     |  282.62 ( 4.31%)   |   -17098.41   |   35931.82    |    35927.48     |
|             LGL237342             |   0.07   |    2     |   32.97 ( 6.80%)   |   -17090.05   |   35915.12    |    35915.12     |
|             LGL237342             |   0.07   |    3     |   37.20 ( 6.45%)   |   -17090.06   |   35919.49    |    35915.12     |
|             LGL237392             |   0.07   |    2     |    8.37 ( 6.86%)   |   -17089.63   |   35918.62    |    35915.12     |
|             LGL238053             |   0.07   |    2     |    6.97 (18.08%)   |   -17087.37   |   35914.10    |    35914.10     |
|             LGL238053             |   0.07   |    3     |    6.99 (18.02%)   |   -17087.37   |   35918.45    |    35914.10     |
|             LGL237322             |   0.07   |    2     |   36.76 ( 1.20%)   |   -17086.93   |   35917.57    |    35914.10     |
|             LGL237331             |   0.07   |    2     |   11.90 (25.22%)   |   -17086.04   |   35915.78    |    35914.10     |
|             LGL237281             |   0.07   |    2     |   70.74 ( 4.65%)   |   -17080.65   |   35905.00    |    35905.00     |
|             LGL237281             |   0.07   |    3     |   69.09 ( 4.53%)   |   -17080.63   |   35909.33    |    35905.00     |
|             LGL238051             |   0.07   |    2     |    0.40 (50.32%)   |   -17080.65   |   35909.36    |    35905.00     |
|             LGL237325             |   0.06   |    2     |    0.80 ( 9.61%)   |   -17080.64   |   35909.34    |    35905.00     |
|             LGL237307             |   0.06   |    2     |    1.43 (20.30%)   |   -17080.59   |   35909.25    |    35905.00     |
|             LGL237338             |   0.06   |    2     |    0.77 (49.39%)   |   -17080.61   |   35909.29    |    35905.00     |
|             LGL237277             |   0.06   |    2     |  127.78 ( 3.17%)   |   -17077.62   |   35903.30    |    35903.30     |
|             LGL237277             |   0.06   |    3     |  127.17 ( 3.07%)   |   -17077.63   |   35907.68    |    35903.30     |
|             LGL237388             |   0.06   |    2     |   10.11 ( 8.91%)   |   -17073.20   |   35898.82    |    35898.82     |
|             LGL237388             |   0.06   |    3     |   11.78 ( 7.31%)   |   -17073.21   |   35903.18    |    35898.82     |
|             LGL237379             |   0.06   |    2     |   24.85 ( 3.03%)   |   -17072.66   |   35902.09    |    35898.82     |
|             LGL237336             |   0.06   |    2     |   1.49 (100.00%)   |   -17073.20   |   35903.17    |    35898.82     |
|             LGL237292             |   0.06   |    2     |    1.07 (54.74%)   |   -17073.21   |   35903.18    |    35898.82     |
|             LGL237284             |   0.06   |    2     |    1.87 (54.61%)   |   -17073.03   |   35902.83    |    35898.82     |
|             LGL237353             |   0.06   |    2     |    2.02 (49.78%)   |   -17072.97   |   35902.71    |    35898.82     |
|             LGL237360             |   0.06   |    2     |    5.99 (15.34%)   |   -17070.52   |   35897.81    |    35897.81     |
|             LGL237360             |   0.06   |    3     |    6.04 (15.24%)   |   -17070.52   |   35902.17    |    35897.81     |
|             LGL237391             |   0.06   |    2     |   21.39 ( 8.21%)   |   -17068.01   |   35897.13    |    35897.13     |
|             LGL237391             |   0.06   |    3     |   23.73 ( 7.35%)   |   -17068.01   |   35901.49    |    35897.13     |
|             LGL238057             |   0.06   |    2     |    0.98 (40.55%)   |   -17068.01   |   35901.49    |    35897.13     |
|             LGL237283             |   0.06   |    2     |    4.24 (11.22%)   |   -17064.85   |   35895.18    |    35895.18     |
|             LGL237283             |   0.06   |    3     |    5.59 ( 7.80%)   |   -17064.86   |   35899.55    |    35895.18     |
|             LGL237357             |   0.06   |    2     |    8.90 (25.40%)   |   -17064.25   |   35898.34    |    35895.18     |
|             LGL238049             |   0.05   |    2     |   83.69 ( 2.73%)   |   -17056.58   |   35882.99    |    35882.99     |
|             LGL238049             |   0.05   |    3     |   94.82 ( 2.64%)   |   -17056.60   |   35887.38    |    35882.99     |
|             LGL237276             |   0.05   |    2     |  882.79 ( 3.47%)   |   -17052.68   |   35879.55    |    35879.55     |
|             LGL237276             |   0.05   |    3     |  936.40 ( 3.37%)   |   -17052.68   |   35883.90    |    35879.55     |
|             LGL237311             |   0.05   |    2     |  227.91 ( 4.49%)   |   -17049.81   |   35878.16    |    35878.16     |
|             LGL237311             |   0.05   |    3     |  229.31 ( 4.51%)   |   -17049.81   |   35882.52    |    35878.16     |
|             LGL237309             |   0.05   |    2     |   >1000 ( 3.39%)   |   -17047.01   |   35876.93    |    35876.93     |
|             LGL237309             |   0.05   |    3     |   >1000 ( 3.41%)   |   -17047.01   |   35881.29    |    35876.93     |
|             LGL237288             |   0.05   |    2     |   41.82 ( 5.24%)   |   -17044.41   |   35876.07    |    35876.07     |
|             LGL237288             |   0.05   |    3     |   43.76 ( 5.09%)   |   -17044.40   |   35880.43    |    35876.07     |
|               Node9               |   0.05   |    2     |    0.27 (31.40%)   |   -17072.66   |   35936.94    |    35876.07     |
|            CVHHP33VCOD            |   0.05   |    2     |    0.80 (91.51%)   |   -17044.41   |   35880.43    |    35876.07     |
|              Node14               |   0.05   |    2     |   13.22 ( 8.76%)   |   -17040.52   |   35872.65    |    35872.65     |
|              Node14               |   0.05   |    3     |   13.22 ( 8.77%)   |   -17040.52   |   35877.03    |    35872.65     |
|             LGL237321             |   0.05   |    2     |    8.99 ( 5.22%)   |   -17039.20   |   35874.38    |    35872.65     |
|             LGL237341             |   0.05   |    2     |   20.68 (23.60%)   |   -17038.83   |   35873.63    |    35872.65     |
|             LGL237365             |   0.05   |    2     |   >1000 ( 3.89%)   |   -17037.94   |   35871.86    |    35871.86     |
|             LGL237365             |   0.05   |    3     |   >1000 ( 3.77%)   |   -17037.94   |   35876.22    |    35871.86     |
|             LGL237313             |   0.05   |    2     |   >1000 ( 2.66%)   |   -17032.76   |   35865.86    |    35865.86     |
|             LGL237313             |   0.05   |    3     |   >1000 ( 2.62%)   |   -17032.76   |   35870.23    |    35865.86     |
|             LGL237337             |   0.04   |    2     |   13.18 (10.90%)   |   -17029.84   |   35864.39    |    35864.39     |
|             LGL237337             |   0.04   |    3     |   13.29 (10.94%)   |   -17029.84   |   35868.75    |    35864.39     |
|              Node315              |   0.04   |    2     |    0.27 (31.40%)   |   -17036.68   |   35882.43    |    35864.39     |
|             LGL237320             |   0.04   |    2     |    4.79 (34.89%)   |   -17029.70   |   35868.46    |    35864.39     |
|             LGL238046             |   0.04   |    2     |    4.00 (21.69%)   |   -17029.47   |   35868.01    |    35864.39     |
|             LGL237310             |   0.04   |    2     |   11.56 (18.52%)   |   -17027.73   |   35864.53    |    35864.39     |
|              Node405              |   0.04   |    2     |   88.24 ( 2.76%)   |   -17028.13   |   35865.33    |    35864.39     |
|             LGL237339             |   0.04   |    2     |  211.62 ( 3.17%)   |   -17028.24   |   35865.54    |    35864.39     |
|              Node288              |   0.04   |    2     |  574.78 ( 2.23%)   |   -17026.54   |   35862.14    |    35862.14     |
|              Node288              |   0.04   |    3     |  537.10 ( 2.19%)   |   -17026.54   |   35866.51    |    35862.14     |
|             LGL237328             |   0.04   |    2     |   >1000 (12.90%)   |   -17023.85   |   35861.13    |    35861.13     |
|             LGL237328             |   0.04   |    3     |   >1000 (13.31%)   |   -17023.85   |   35865.49    |    35861.13     |
|             LGL237279             |   0.04   |    2     |   13.87 (10.03%)   |   -17020.35   |   35858.49    |    35858.49     |
|             LGL237279             |   0.04   |    3     |   15.72 ( 8.49%)   |   -17020.37   |   35862.91    |    35858.49     |
|              Node408              |   0.04   |    2     |   34.99 ( 8.33%)   |   -17020.08   |   35862.33    |    35858.49     |
|            CVHHP30VCOD            |   0.04   |    2     |   1.42 (100.00%)   |   -17020.35   |   35862.85    |    35858.49     |
|             LGL237393             |   0.04   |    2     |   67.23 ( 2.89%)   |   -17018.59   |   35859.34    |    35858.49     |
|              Node250              |   0.04   |    2     |    0.27 (31.40%)   |   -17033.92   |   35890.01    |    35858.49     |
|             LGL237351             |   0.03   |    2     |    5.70 (17.61%)   |   -17019.70   |   35861.55    |    35858.49     |
|              Node134              |   0.03   |    2     |   11.84 (26.07%)   |   -17019.68   |   35861.53    |    35858.49     |
|            CVHHP31VCOD            |   0.03   |    2     |   1.00 (100.00%)   |   -17022.44   |   35867.03    |    35858.49     |
|              Node395              |   0.03   |    2     |   23.42 ( 9.96%)   |   -17018.16   |   35858.49    |    35858.49     |
|            CVHHP09VCOD            |   0.03   |    2     |   10.26 ( 8.00%)   |   -17017.96   |   35858.08    |    35858.08     |
|            CVHHP09VCOD            |   0.03   |    3     |   12.13 ( 6.49%)   |   -17017.98   |   35862.48    |    35858.08     |
|            CVHHP05VCOD            |   0.03   |    2     |    9.01 ( 9.83%)   |   -17016.16   |   35858.85    |    35858.08     |
|              Node325              |   0.03   |    2     |   35.89 ( 2.54%)   |   -17017.25   |   35861.03    |    35858.08     |
|              Node17               |   0.03   |    2     |   2.78 (100.00%)   |   -17017.96   |   35862.45    |    35858.08     |
|             LGL238059             |   0.03   |    2     |    7.05 (11.92%)   |   -17017.55   |   35861.63    |    35858.08     |
|              Node374              |   0.03   |    2     |    0.38 (98.83%)   |   -17017.95   |   35862.43    |    35858.08     |
|              Node240              |   0.03   |    2     |   20.97 ( 5.10%)   |   -17014.42   |   35855.38    |    35855.38     |
|              Node240              |   0.03   |    3     |   21.05 ( 5.07%)   |   -17014.42   |   35859.75    |    35855.38     |
|             LGL237387             |   0.03   |    2     |    1.11 (86.94%)   |   -17014.43   |   35859.75    |    35855.38     |
|            CVHHP12VCOD            |   0.03   |    2     |    9.71 (24.39%)   |   -17014.09   |   35859.07    |    35855.38     |
|              Node365              |   0.03   |    2     |   2.47 (100.00%)   |   -17014.31   |   35859.52    |    35855.38     |
|              Node66               |   0.03   |    2     |  239.21 ( 2.58%)   |   -17012.77   |   35856.43    |    35855.38     |
|            CVHHP42VCOD            |   0.03   |    2     |    1.10 (27.86%)   |   -17014.43   |   35859.75    |    35855.38     |
|               Node6               |   0.03   |    2     |    0.25 ( 2.00%)   |   -17045.25   |   35921.39    |    35855.38     |
|             LGL237386             |   0.03   |    2     |   49.37 ( 5.15%)   |   -17011.37   |   35853.63    |    35853.63     |
|             LGL237386             |   0.03   |    3     |   53.00 ( 4.79%)   |   -17011.34   |   35857.95    |    35853.63     |
|              Node287              |   0.03   |    2     |    0.72 (76.79%)   |   -17011.37   |   35858.00    |    35853.63     |
|              Node341              |   0.03   |    2     |    1.99 (51.85%)   |   -17011.34   |   35857.94    |    35853.63     |
|              Node348              |   0.03   |    2     |    0.27 (31.40%)   |   -17020.07   |   35875.40    |    35853.63     |
|              Node277              |   0.03   |    2     |    0.51 (67.94%)   |   -17011.37   |   35858.00    |    35853.63     |
|              Node19               |   0.03   |    2     |    0.50 (50.00%)   |   -17011.37   |   35858.00    |    35853.63     |
|            CVHP28VCOD             |   0.03   |    2     |   20.06 (11.97%)   |   -17009.90   |   35855.06    |    35853.63     |
|              Node234              |   0.02   |    2     |   43.18 ( 5.06%)   |   -17008.50   |   35852.27    |    35852.27     |
|              Node234              |   0.02   |    3     |   43.50 ( 4.78%)   |   -17008.51   |   35856.66    |    35852.27     |
|            CVHP49VCOD             |   0.02   |    2     |   22.32 ( 4.39%)   |   -17007.18   |   35854.00    |    35852.27     |
|              Node121              |   0.02   |    2     |    2.17 (96.69%)   |   -17008.51   |   35856.65    |    35852.27     |
|              Node119              |   0.02   |    2     |   1.94 (100.00%)   |   -17008.50   |   35856.64    |    35852.27     |
|             LGL237355             |   0.02   |    2     |   40.22 ( 7.22%)   |   -17006.26   |   35852.15    |    35852.15     |
|             LGL237355             |   0.02   |    3     |   39.22 ( 6.88%)   |   -17006.28   |   35856.56    |    35852.15     |
|              Node387              |   0.02   |    2     |   >1000 ( 7.23%)   |   -17005.05   |   35854.10    |    35852.15     |
|              Node120              |   0.02   |    2     |    0.18 (31.40%)   |   -17033.83   |   35911.67    |    35852.15     |
|              Node173              |   0.02   |    2     |    6.46 ( 9.58%)   |   -17005.79   |   35855.59    |    35852.15     |
|              Node69               |   0.02   |    2     |    0.27 (31.40%)   |   -17032.82   |   35909.65    |    35852.15     |
|            CVHHP27VCOD            |   0.02   |    2     |   >1000 ( 4.35%)   |   -17001.19   |   35846.39    |    35846.39     |
|            CVHHP27VCOD            |   0.02   |    3     |   >1000 ( 4.35%)   |   -17001.19   |   35850.76    |    35846.39     |
|            CVHP12VCOD             |   0.02   |    2     |   1.73 (100.00%)   |   -17001.19   |   35850.76    |    35846.39     |
|            CVHP11VCOD             |   0.02   |    2     |   51.82 ( 1.79%)   |   -16998.52   |   35845.41    |    35845.41     |
|            CVHP11VCOD             |   0.02   |    3     |   55.85 ( 1.76%)   |   -16998.50   |   35849.75    |    35845.41     |
|              Node414              |   0.02   |    2     |    0.79 (25.12%)   |   -16998.51   |   35849.76    |    35845.41     |
|              Node199              |   0.02   |    2     |    0.71 (49.19%)   |   -16998.52   |   35849.78    |    35845.41     |
|            CVHHP35VCOD            |   0.02   |    2     |    0.71 (49.89%)   |   -16998.52   |   35849.78    |    35845.41     |
|            CVHP48VCOD             |   0.02   |    2     |   39.52 ( 5.48%)   |   -16996.84   |   35846.42    |    35845.41     |
|              Node400              |   0.02   |    2     |    1.27 (72.59%)   |   -16998.52   |   35849.78    |    35845.41     |
|            CVHHP10VCOD            |   0.02   |    2     |   38.68 ( 5.47%)   |   -16996.44   |   35845.62    |    35845.41     |
|            CVHP25VCOD             |   0.02   |    2     |   1.74 (100.00%)   |   -16998.52   |   35849.78    |    35845.41     |
|              Node223              |   0.02   |    2     |   >1000 ( 1.67%)   |   -16997.49   |   35847.72    |    35845.41     |
|              Node138              |   0.02   |    2     |    1.69 (99.05%)   |   -16998.52   |   35849.78    |    35845.41     |
|              Node274              |   0.02   |    2     |    0.27 (31.40%)   |   -17004.88   |   35862.51    |    35845.41     |
|            CVHP51VCOD             |   0.02   |    2     |   29.13 ( 3.42%)   |   -16996.53   |   35845.80    |    35845.41     |
|              Node268              |   0.02   |    2     |    0.98 (49.29%)   |   -16998.49   |   35849.72    |    35845.41     |
|              Node339              |   0.02   |    2     |    0.80 (10.11%)   |   -16998.52   |   35849.78    |    35845.41     |
|              Node242              |   0.02   |    2     |    0.26 ( 0.00%)   |   -16998.50   |   35849.74    |    35845.41     |
|              Node257              |   0.02   |    2     |    0.27 (31.40%)   |   -17006.62   |   35865.98    |    35845.41     |
|              Node130              |   0.02   |    2     |    0.27 (90.35%)   |   -16998.52   |   35849.78    |    35845.41     |
|              Node204              |   0.02   |    2     |    0.82 (89.95%)   |   -16998.50   |   35849.74    |    35845.41     |
|              Node26               |   0.02   |    2     |  122.77 ( 2.41%)   |   -16991.20   |   35835.15    |    35835.15     |
|              Node26               |   0.02   |    3     |  118.16 ( 2.36%)   |   -16991.25   |   35839.63    |    35835.15     |
|              Node10               |   0.02   |    2     |   >1000 ( 3.04%)   |   -16984.53   |   35826.18    |    35826.18     |
|              Node10               |   0.02   |    3     |   >1000 ( 2.95%)   |   -16984.59   |   35830.68    |    35826.18     |
|              Node93               |   0.02   |    2     |    0.27 (31.40%)   |   -17013.67   |   35888.83    |    35826.18     |
|            CVHP50VCOD             |   0.02   |    2     |   1.00 (100.00%)   |   -16986.02   |   35833.53    |    35826.18     |
|            CVHP34VCOD             |   0.02   |    2     |    1.63 (60.29%)   |   -16984.53   |   35830.56    |    35826.18     |
|              Node308              |   0.02   |    2     |   21.01 ( 3.78%)   |   -16981.91   |   35825.32    |    35825.32     |
|              Node308              |   0.02   |    3     |   21.47 ( 3.74%)   |   -16981.92   |   35829.71    |    35825.32     |
|              Node122              |   0.02   |    2     |    1.47 (60.06%)   |   -16981.92   |   35829.70    |    35825.32     |
|              Node391              |   0.02   |    2     |  18.77 (100.00%)   |   -16981.78   |   35829.44    |    35825.32     |
|              Node417              |   0.02   |    2     |    1.26 (35.75%)   |   -16981.91   |   35829.70    |    35825.32     |
|              Node174              |   0.02   |    2     |    1.34 (53.83%)   |   -16981.91   |   35829.70    |    35825.32     |
|              Node311              |   0.02   |    2     |    0.27 (31.40%)   |   -16984.69   |   35835.26    |    35825.32     |
|              Node418              |   0.02   |    2     |    2.00 (50.56%)   |   -16981.89   |   35829.66    |    35825.32     |
|            CVHHP28VCOD            |   0.02   |    2     |  39.08 (100.00%)   |   -16981.95   |   35829.78    |    35825.32     |
|              Node110              |   0.01   |    2     |    0.18 (31.40%)   |   -16994.06   |   35853.99    |    35825.32     |
|             AF000603              |   0.01   |    2     |    1.43 (21.42%)   |   -16981.92   |   35829.71    |    35825.32     |
|              Node359              |   0.01   |    2     |   17.69 ( 6.26%)   |   -16981.48   |   35828.82    |    35825.32     |
|              Node111              |   0.01   |    2     |    0.27 (31.40%)   |   -17002.01   |   35869.89    |    35825.32     |
|            CVHP24VCOD             |   0.01   |    2     |    0.23 (48.16%)   |   -16981.92   |   35829.71    |    35825.32     |
|              Node383              |   0.01   |    2     |    1.40 (33.36%)   |   -16981.91   |   35829.70    |    35825.32     |
|            CVHP08VCOD             |   0.01   |    2     |  183.74 ( 3.19%)   |   -16978.62   |   35823.11    |    35823.11     |
|            CVHP08VCOD             |   0.01   |    3     |  181.30 ( 3.07%)   |   -16978.63   |   35827.51    |    35823.11     |
|              Node259              |   0.01   |    2     |    1.27 (38.96%)   |   -16978.62   |   35827.48    |    35823.11     |
|            CVHP52VCOD             |   0.01   |    2     |   1.00 (100.00%)   |   -16979.87   |   35829.98    |    35823.11     |
|             LGL237385             |   0.01   |    2     |    0.18 (31.40%)   |   -16990.10   |   35850.45    |    35823.11     |
|            CVHP05VCOD             |   0.01   |    2     |    0.23 (49.63%)   |   -16978.62   |   35827.50    |    35823.11     |
|            CVHP29VCOD             |   0.01   |    2     |  >1000 (100.00%)   |   -16978.60   |   35827.44    |    35823.11     |
|            CVHHP29VCOD            |   0.01   |    2     |   1.00 (100.00%)   |   -16979.82   |   35829.90    |    35823.11     |
|              Node16               |   0.01   |    2     |    0.27 (31.40%)   |   -16988.44   |   35847.13    |    35823.11     |
|            CVHP47VCOD             |   0.01   |    2     |   >1000 ( 1.23%)   |   -16977.07   |   35824.39    |    35823.11     |
|              Node330              |   0.01   |    2     |    0.25 ( 2.00%)   |   -16991.08   |   35852.41    |    35823.11     |
|             LGL131931             |   0.01   |    2     |    0.19 (53.18%)   |   -16978.59   |   35827.43    |    35823.11     |
|              Node211              |   0.01   |    2     |    0.51 (50.65%)   |   -16978.62   |   35827.48    |    35823.11     |
|              Node351              |   0.01   |    2     |    0.27 (31.40%)   |   -16985.95   |   35842.15    |    35823.11     |
|              Node193              |   0.01   |    2     |    0.27 (31.40%)   |   -16986.48   |   35843.20    |    35823.11     |
|              Node371              |   0.01   |    2     |    0.27 (31.40%)   |   -16984.04   |   35838.32    |    35823.11     |
|              Node390              |   0.01   |    2     |    0.49 (70.64%)   |   -16978.45   |   35827.16    |    35823.11     |
|              Node18               |   0.01   |    2     |    0.80 ( 9.81%)   |   -16978.62   |   35827.48    |    35823.11     |
|              Node377              |   0.01   |    2     |    0.25 ( 2.00%)   |   -16982.50   |   35835.25    |    35823.11     |
|            CVHHP34VCOD            |   0.01   |    2     |    0.80 (52.50%)   |   -16978.62   |   35827.48    |    35823.11     |
|              Node352              |   0.01   |    2     |    0.27 (31.40%)   |   -16982.58   |   35835.41    |    35823.11     |
|              Node186              |   0.01   |    2     |    0.27 (31.40%)   |   -16982.67   |   35835.59    |    35823.11     |
|              Node207              |   0.01   |    2     |    0.75 (49.43%)   |   -16978.62   |   35827.48    |    35823.11     |
|              Node227              |   0.01   |    2     |   13.09 ( 3.49%)   |   -16978.13   |   35826.50    |    35823.11     |
|              Node297              |   0.01   |    2     |    0.79 (76.28%)   |   -16978.62   |   35827.48    |    35823.11     |
|              Node141              |   0.01   |    2     |    0.27 (31.40%)   |   -16987.49   |   35845.23    |    35823.11     |
|              Node166              |   0.01   |    2     |    0.80 (90.00%)   |   -16978.62   |   35827.48    |    35823.11     |
|              Node241              |   0.01   |    2     |    0.25 ( 0.00%)   |   -16978.62   |   35827.48    |    35823.11     |
|             LGL237296             |   0.01   |    2     |    0.73 (49.29%)   |   -16978.62   |   35827.48    |    35823.11     |
|              Node103              |   0.01   |    2     |    0.18 (31.40%)   |   -16993.25   |   35856.75    |    35823.11     |
|            CVHP09VCOD             |   0.01   |    2     |    0.71 (23.84%)   |   -16978.62   |   35827.49    |    35823.11     |
|            CVHHP06VCOD            |   0.01   |    2     |    0.75 (49.43%)   |   -16978.62   |   35827.48    |    35823.11     |
|              Node31               |   0.01   |    2     |    0.75 (50.00%)   |   -16978.62   |   35827.48    |    35823.11     |
|            CVHHP24VCOD            |   0.01   |    2     |    0.25 ( 2.00%)   |   -16994.34   |   35858.93    |    35823.11     |
|            CVHHP23VCOD            |   0.01   |    2     |    0.75 (50.00%)   |   -16978.62   |   35827.48    |    35823.11     |
|              Node318              |   0.01   |    2     |    0.73 (21.84%)   |   -16978.24   |   35826.72    |    35823.11     |
|            CVHHP17VCOD            |   0.01   |    2     |    0.76 (50.18%)   |   -16978.62   |   35827.48    |    35823.11     |
|            CVHP38VCOD             |   0.01   |    2     |    0.71 (23.84%)   |   -16978.63   |   35827.50    |    35823.11     |
|              Node214              |   0.01   |    2     |    0.27 (31.40%)   |   -16981.97   |   35834.19    |    35823.11     |
|              Node65               |   0.01   |    2     |    0.97 (23.85%)   |   -16978.62   |   35827.49    |    35823.11     |
|              Node363              |   0.01   |    2     |    0.75 (50.00%)   |   -16978.62   |   35827.48    |    35823.11     |
|              Node114              |   0.01   |    2     |    0.73 (24.05%)   |   -16978.63   |   35827.50    |    35823.11     |
|              Node335              |   0.01   |    2     |    0.25 (50.00%)   |   -16978.62   |   35827.48    |    35823.11     |
|              Node79               |   0.01   |    2     |  28.16 (100.00%)   |   -16978.65   |   35827.55    |    35823.11     |
|              Node265              |   0.01   |    2     |   48.83 ( 1.63%)   |   -16978.48   |   35827.21    |    35823.11     |
|              Node258              |   0.01   |    2     |    0.25 ( 2.00%)   |   -16981.97   |   35834.18    |    35823.11     |
|              Node266              |   0.01   |    2     |    0.49 (24.04%)   |   -16978.59   |   35827.44    |    35823.11     |
|             LGL131929             |   0.01   |    2     |    0.25 (87.15%)   |   -16978.62   |   35827.48    |    35823.11     |
|              Node220              |   0.01   |    2     |    0.27 (31.40%)   |   -16981.79   |   35833.82    |    35823.11     |
|              Node292              |   0.01   |    2     |    0.27 (31.40%)   |   -16983.22   |   35836.69    |    35823.11     |
|              Node281              |   0.01   |    2     |  >1000 (100.00%)   |   -16978.62   |   35827.48    |    35823.11     |
|              Node412              |   0.01   |    2     |    0.25 ( 2.00%)   |   -16979.63   |   35829.51    |    35823.11     |
|              Node331              |   0.01   |    2     |    0.25 ( 0.00%)   |   -16978.62   |   35827.48    |    35823.11     |
|              Node254              |   0.01   |    2     |    0.25 ( 2.00%)   |   -16978.79   |   35827.83    |    35823.11     |
|              Node226              |   0.01   |    2     |    0.18 (31.40%)   |   -16984.40   |   35839.05    |    35823.11     |
|              Node176              |   0.01   |    2     |    0.18 (31.40%)   |   -16982.70   |   35835.64    |    35823.11     |
|              Node245              |   0.01   |    2     |    0.76 (50.24%)   |   -16978.51   |   35827.27    |    35823.11     |
|              Node300              |   0.01   |    2     |    0.23 ( 0.00%)   |   -16978.12   |   35826.48    |    35823.11     |
|              Node264              |   0.01   |    2     |    0.25 ( 0.00%)   |   -16978.11   |   35826.46    |    35823.11     |
|              Node78               |   0.01   |    2     |    0.50 (24.12%)   |   -16978.62   |   35827.48    |    35823.11     |
|              Node83               |   0.01   |    2     |    0.50 (24.12%)   |   -16978.62   |   35827.48    |    35823.11     |
|              Node180              |   0.01   |    2     |    0.27 (31.40%)   |   -16985.02   |   35840.29    |    35823.11     |
|             AF000604              |   0.01   |    2     |  >1000 (100.00%)   |   -16978.62   |   35827.48    |    35823.11     |
|              Node189              |   0.01   |    2     |   >1000 ( 1.14%)   |   -16973.42   |   35817.08    |    35817.08     |
|              Node189              |   0.01   |    3     |   >1000 ( 1.12%)   |   -16973.42   |   35821.46    |    35817.08     |
|              Node15               |   0.01   |    2     |    0.50 (50.00%)   |   -16973.40   |   35821.43    |    35817.08     |
|              Node273              |   0.01   |    2     |    0.27 (31.40%)   |   -16976.03   |   35826.68    |    35817.08     |
|              Node147              |   0.01   |    2     |    0.27 (31.40%)   |   -16981.94   |   35838.51    |    35817.08     |
|            CVHP07VCOD             |   0.01   |    2     |   1.00 (100.00%)   |   -16974.01   |   35822.64    |    35817.08     |
|            CVHP06VCOD             |   0.01   |    2     |   1.00 (100.00%)   |   -16974.01   |   35822.65    |    35817.08     |
|              Node25               |   0.01   |    2     |    0.40 (50.62%)   |   -16973.42   |   35821.46    |    35817.08     |
|              Node95               |   0.01   |    2     |    0.25 ( 2.00%)   |   -16986.43   |   35847.49    |    35817.08     |
|            CVHP10VCOD             |   0.01   |    2     |   1.00 (100.00%)   |   -16974.01   |   35822.63    |    35817.08     |
|            CVHHP26VCOD            |   0.01   |    2     |   1.00 (100.00%)   |   -16974.01   |   35822.65    |    35817.08     |
|              Node146              |   0.01   |    2     |   >1000 ( 1.12%)   |   -16968.71   |   35812.04    |    35812.04     |
|              Node146              |   0.01   |    3     |   >1000 ( 1.15%)   |   -16968.73   |   35816.46    |    35812.04     |
|            CVHHP25VCOD            |   0.01   |    2     |    0.40 (50.00%)   |   -16968.71   |   35816.41    |    35812.04     |
|            CVHHP36VCOD            |   0.01   |    2     |   1.00 (100.00%)   |   -16969.30   |   35817.60    |    35812.04     |
|            CVHP22VCOD             |   0.01   |    2     |   >1000 ( 1.07%)   |   -16964.65   |   35808.30    |    35808.30     |
|            CVHP22VCOD             |   0.01   |    3     |   >1000 ( 1.10%)   |   -16964.65   |   35812.68    |    35808.30     |
|              Node283              |   0.01   |    2     |    0.40 (75.00%)   |   -16964.65   |   35812.68    |    35808.30     |
|            CVHHP04VCOD            |   0.01   |    2     |    0.49 (49.30%)   |   -16964.65   |   35812.68    |    35808.30     |
|              Node89               |   0.01   |    2     |    0.25 ( 0.00%)   |   -16964.65   |   35812.68    |    35808.30     |
|              Node94               |   0.01   |    2     |    0.40 (50.46%)   |   -16964.65   |   35812.68    |    35808.30     |
|              Node404              |   0.01   |    2     |    0.25 ( 2.00%)   |   -16964.70   |   35812.77    |    35808.30     |
|              Node399              |   0.01   |    2     |    0.26 (50.55%)   |   -16964.65   |   35812.68    |    35808.30     |
|              Node344              |   0.01   |    2     |    0.25 ( 2.00%)   |   -16965.18   |   35813.74    |    35808.30     |
|              Node356              |   0.01   |    2     |    0.27 (31.40%)   |   -16968.98   |   35821.35    |    35808.30     |
|              Node115              |   0.01   |    2     |    0.27 (31.40%)   |   -16968.55   |   35820.48    |    35808.30     |
|               Node2               |   0.01   |    2     |    0.27 (31.40%)   |   -16967.57   |   35818.52    |    35808.30     |
|               Node7               |   0.01   |    2     |    0.25 ( 2.00%)   |   -16964.17   |   35811.72    |    35808.30     |
|              Node378              |   0.01   |    2     |    0.25 ( 2.00%)   |   -16964.55   |   35812.49    |    35808.30     |
|               Node8               |   0.01   |    2     |    0.25 ( 2.00%)   |   -16963.90   |   35811.19    |    35808.30     |
|              Node319              |   0.01   |    2     |    0.27 (31.40%)   |   -16967.33   |   35818.03    |    35808.30     |
|              Node182              |   0.01   |    2     |    0.25 ( 2.00%)   |   -16965.59   |   35814.56    |    35808.30     |
|              Node370              |   0.00   |    2     |    0.27 (31.40%)   |   -16965.99   |   35815.37    |    35808.30     |
|               Node3               |   0.00   |    2     |    0.27 (31.40%)   |   -16968.43   |   35820.25    |    35808.30     |
|              Node294              |   0.00   |    2     |    0.25 ( 2.00%)   |   -16965.30   |   35813.97    |    35808.30     |
|              Node221              |   0.00   |    2     |    0.25 ( 0.00%)   |   -16964.65   |   35812.67    |    35808.30     |
|               Node4               |   0.00   |    2     |    0.25 ( 2.00%)   |   -16970.20   |   35823.77    |    35808.30     |
|              Node293              |   0.00   |    2     |    0.25 ( 2.00%)   |   -16965.64   |   35814.65    |    35808.30     |
|              Node398              |   0.00   |    2     |    0.18 (31.40%)   |   -16969.35   |   35822.08    |    35808.30     |
|             LGL237312             |   0.00   |    2     |    0.27 (31.40%)   |   -16967.73   |   35818.83    |    35808.30     |
|              Node218              |   0.00   |    2     |    0.25 ( 0.00%)   |   -16964.65   |   35812.68    |    35808.30     |
|              Node175              |   0.00   |    2     |    0.25 ( 2.00%)   |   -16965.71   |   35814.80    |    35808.30     |
|              Node107              |   0.00   |    2     |    0.26 ( 0.00%)   |   -16964.65   |   35812.68    |    35808.30     |
|              Node142              |   0.00   |    2     |    0.27 (31.40%)   |   -16966.77   |   35816.92    |    35808.30     |
|            CVHP17VCOD             |   0.00   |    2     |    0.26 ( 0.00%)   |   -16964.65   |   35812.68    |    35808.30     |
|              Node42               |   0.00   |    2     |    0.26 ( 0.00%)   |   -16964.65   |   35812.68    |    35808.30     |
|            CVHP19VCOD             |   0.00   |    2     |    0.25 ( 2.00%)   |   -16969.42   |   35822.21    |    35808.30     |
|            CVHP15VCOD             |   0.00   |    2     |    0.26 ( 0.00%)   |   -16964.65   |   35812.68    |    35808.30     |
|            CVHP13VCOD             |   0.00   |    2     |    0.26 ( 0.00%)   |   -16964.65   |   35812.68    |    35808.30     |
|            CVHP21VCOD             |   0.00   |    2     |    0.25 ( 2.00%)   |   -16969.27   |   35821.92    |    35808.30     |
|            CVHP02VCOD             |   0.00   |    2     |    0.26 ( 0.00%)   |   -16964.65   |   35812.68    |    35808.30     |
|            CVHP16VCOD             |   0.00   |    2     |   1.00 (100.00%)   |   -16964.94   |   35813.26    |    35808.30     |
|              Node158              |   0.00   |    2     |  460.75 (100.00%)  |   -16964.65   |   35812.68    |    35808.30     |
|            CVHHP22VCOD            |   0.00   |    2     |   1.00 (100.00%)   |   -16964.94   |   35813.27    |    35808.30     |
|            CVHHP20VCOD            |   0.00   |    2     |   22.99 ( 0.00%)   |   -16964.95   |   35813.27    |    35808.30     |
|              Node88               |   0.00   |    2     |    0.26 ( 0.00%)   |   -16964.65   |   35812.68    |    35808.30     |
|            CVHP03VCOD             |   0.00   |    2     |   1.00 (100.00%)   |   -16964.94   |   35813.26    |    35808.30     |
|            CVHP04VCOD             |   0.00   |    2     |   1.00 (100.00%)   |   -16964.94   |   35813.26    |    35808.30     |
|              Node23               |   0.00   |    2     |    0.27 (31.40%)   |   -16967.96   |   35819.30    |    35808.30     |
|            CVHP31VCOD             |   0.00   |    2     |   1.00 (100.00%)   |   -16964.95   |   35813.28    |    35808.30     |
|            CVHP33VCOD             |   0.00   |    2     |   1.00 (100.00%)   |   -16964.95   |   35813.28    |    35808.30     |
|              Node98               |   0.00   |    2     |    0.25 ( 2.00%)   |   -16969.08   |   35821.53    |    35808.30     |
|              Node357              |   0.00   |    2     |    0.26 ( 0.00%)   |   -16964.65   |   35812.68    |    35808.30     |
|            CVHHP37VCOD            |   0.00   |    2     |   8.40 (100.00%)   |   -16964.65   |   35812.68    |    35808.30     |
|            CVHP37VCOD             |   0.00   |    2     |   1.00 (100.00%)   |   -16964.95   |   35813.27    |    35808.30     |
|              Node181              |   0.00   |    2     |    0.27 (31.40%)   |   -16967.07   |   35817.53    |    35808.30     |
|            CVHP40VCOD             |   0.00   |    2     |   17.41 ( 0.00%)   |   -16964.95   |   35813.27    |    35808.30     |
|            CVHHP07VCOD            |   0.00   |    2     |    0.27 (31.40%)   |   -16967.14   |   35817.67    |    35808.30     |
|              Node124              |   0.00   |    2     |    0.25 ( 0.00%)   |   -16964.65   |   35812.68    |    35808.30     |
|            CVHP44VCOD             |   0.00   |    2     |   1.00 (100.00%)   |   -16964.94   |   35813.27    |    35808.30     |
|            CVHP46VCOD             |   0.00   |    2     |    0.27 (31.40%)   |   -16967.76   |   35818.90    |    35808.30     |
|            CVHHP15VCOD            |   0.00   |    2     |    0.25 ( 0.00%)   |   -16964.65   |   35812.68    |    35808.30     |
|              Node24               |   0.00   |    2     |    0.25 ( 2.00%)   |   -16964.30   |   35811.98    |    35808.30     |
|              Node169              |   0.00   |    2     |    0.27 (31.40%)   |   -16967.09   |   35817.57    |    35808.30     |
|            CVHP45VCOD             |   0.00   |    2     |    0.26 ( 0.00%)   |   -16964.65   |   35812.68    |    35808.30     |
|              Node301              |   0.00   |    2     |    0.25 ( 0.00%)   |   -16964.61   |   35812.60    |    35808.30     |
|              Node309              |   0.00   |    2     |    8.93 ( 1.80%)   |   -16964.60   |   35812.58    |    35808.30     |
|              Node338              |   0.00   |    2     |    0.25 ( 2.00%)   |   -16964.29   |   35811.96    |    35808.30     |
|              Node143              |   0.00   |    2     |    0.25 ( 2.00%)   |   -16965.46   |   35814.30    |    35808.30     |
|            CVHHP08VCOD            |   0.00   |    2     |    0.25 ( 2.00%)   |   -16964.32   |   35812.03    |    35808.30     |
|              Node200              |   0.00   |    2     |    0.25 ( 0.00%)   |   -16964.65   |   35812.68    |    35808.30     |
|              Node369              |   0.00   |    2     |    0.25 ( 2.00%)   |   -16964.26   |   35811.90    |    35808.30     |
|              Node347              |   0.00   |    2     |    0.25 ( 2.00%)   |   -16964.35   |   35812.08    |    35808.30     |
|              Node280              |   0.00   |    2     |    0.25 ( 2.00%)   |   -16964.64   |   35812.67    |    35808.30     |
|              Node267              |   0.00   |    2     |    0.25 ( 2.00%)   |   -16964.64   |   35812.66    |    35808.30     |
|            CVHHP03VCOD            |   0.00   |    2     |    0.25 ( 2.00%)   |   -16964.65   |   35812.68    |    35808.30     |
|            CVHP30VCOD             |   0.00   |    2     |    0.25 ( 2.00%)   |   -16964.65   |   35812.68    |    35808.30     |
|            CVHP14VCOD             |   0.00   |    2     |    0.25 ( 2.00%)   |   -16964.65   |   35812.68    |    35808.30     |
|            CVHP18VCOD             |   0.00   |    2     |    0.25 ( 2.00%)   |   -16964.65   |   35812.68    |    35808.30     |
|            CVHHP32VCOD            |   0.00   |    2     |    0.25 ( 2.00%)   |   -16964.65   |   35812.68    |    35808.30     |
|            CVHP36VCOD             |   0.00   |    2     |    0.25 ( 2.00%)   |   -16964.65   |   35812.68    |    35808.30     |
|            CVHP43VCOD             |   0.00   |    2     |    0.25 ( 2.00%)   |   -16964.65   |   35812.68    |    35808.30     |
|              Node196              |   0.00   |    2     |    0.25 ( 2.00%)   |   -16964.65   |   35812.68    |    35808.30     |
|            CVHHP41VCOD            |   0.00   |    2     |    0.25 ( 2.00%)   |   -16964.65   |   35812.68    |    35808.30     |
|            CVHP32VCOD             |   0.00   |    2     |    0.25 ( 2.00%)   |   -16964.65   |   35812.68    |    35808.30     |
|            CVHHP19VCOD            |   0.00   |    2     |    0.25 ( 2.00%)   |   -16964.65   |   35812.68    |    35808.30     |
|            CVHP41VCOD             |   0.00   |    2     |    0.25 ( 2.00%)   |   -16964.65   |   35812.68    |    35808.30     |
|            CVHHP21VCOD            |   0.00   |    2     |    0.25 ( 2.00%)   |   -16964.65   |   35812.68    |    35808.30     |
|            CVHHP11VCOD            |   0.00   |    2     |    0.25 ( 2.00%)   |   -16964.65   |   35812.68    |    35808.30     |
|            CVHP42VCOD             |   0.00   |    2     |    0.25 ( 2.00%)   |   -16964.65   |   35812.68    |    35808.30     |

### Rate class analyses summary
*  282 branches with **1** rate classes
*  80 branches with **2** rate classes

### Annotated Tree
((((LGL237390{1},LGL237336{1})Node400{1},LGL237340{1})Node399{1},((LGL237294{1},LGL237358{2})Node405{1},(LGL238060{2},LGL237317{2})Node408{1})Node404{1})Node398{1},(((((LGL237339{1},(LGL237278{2},LGL237327{1})Node341{1})Node339{1},(LGL237324{1},LGL237368{2})Node344{1})Node338{1},(((((LGL132362{2},LGL237315{2})Node10{2},LGL131930{2})Node9{1},((((((AF000603{1},((CVHP30VCOD{1},CVHP52VCOD{1})Node66{1},(CVHP33VCOD{1},CVHP32VCOD{1},CVHP31VCOD{1},CVHP34VCOD{1})Node69{1})Node65{1},((((CVHP24VCOD{1},CVHP22VCOD{2})Node26{2},CVHP09VCOD{1},(CVHP21VCOD{1},CVHP19VCOD{1})Node31{1},CVHP17VCOD{1},CVHP18VCOD{1},CVHP16VCOD{1},CVHP10VCOD{1})Node25{1},(CVHP11VCOD{2},CVHP05VCOD{1},CVHP06VCOD{1},CVHP03VCOD{1},CVHP04VCOD{1},CVHP14VCOD{1},CVHP15VCOD{1},CVHP02VCOD{1},CVHP13VCOD{1},CVHP07VCOD{1},CVHP12VCOD{1})Node42{1})Node24{1},CVHP08VCOD{2})Node23{1},CVHP29VCOD{1})Node19{1},CVHP28VCOD{1},((CVHP45VCOD{1},CVHP47VCOD{1})Node79{1},(CVHP46VCOD{1},CVHP48VCOD{1})Node83{1},CVHP51VCOD{1})Node78{1},((CVHP43VCOD{1},CVHP44VCOD{1})Node89{1},CVHP49VCOD{1})Node88{1},(((CVHP40VCOD{1},CVHP41VCOD{1})Node95{1},(CVHP37VCOD{1},CVHP36VCOD{1},CVHP38VCOD{1})Node98{1})Node94{1},(CVHP42VCOD{1},CVHP50VCOD{1})Node103{1})Node93{1})Node18{1},(CVHP25VCOD{1},CVHHP42VCOD{1})Node107{1})Node17{1},((CVHHP08VCOD{1},CVHHP09VCOD{2})Node111{1},((CVHHP10VCOD{1},CVHHP11VCOD{1})Node115{1},CVHHP12VCOD{1})Node114{1})Node110{1})Node16{1},((((CVHHP35VCOD{1},(CVHHP41VCOD{1},CVHHP36VCOD{1})Node124{1},CVHHP37VCOD{1})Node122{1},CVHHP34VCOD{1})Node121{1},(CVHHP32VCOD{1},CVHHP33VCOD{1})Node130{1})Node120{1},(CVHHP06VCOD{1},CVHHP07VCOD{1})Node134{1},(CVHHP15VCOD{1},CVHHP31VCOD{1})Node138{1},(((CVHHP17VCOD{1},CVHHP29VCOD{1},((CVHHP24VCOD{1},CVHHP25VCOD{1})Node147{1},CVHHP23VCOD{1})Node146{2},CVHHP20VCOD{1},(CVHHP21VCOD{1},CVHHP26VCOD{1})Node158{1},CVHHP27VCOD{2},CVHHP19VCOD{1},CVHHP22VCOD{1})Node143{1},CVHHP28VCOD{1})Node142{1},CVHHP30VCOD{1})Node141{1})Node119{1})Node15{1},(AF000604{1},(CVHHP03VCOD{1},CVHHP04VCOD{1})Node169{1},CVHHP05VCOD{1})Node166{1})Node14{2})Node8{1},(((((LGL237356{2},LGL237367{1})Node234{2},(LGL237391{2},(LGL237383{2},((LGL238050{1},(LGL237319{1},LGL237377{1})Node223{1})Node221{1},((LGL237306{1},LGL237320{1})Node227{1},LGL237386{2})Node226{1})Node220{1},LGL238048{2})Node218{1},LGL237341{1},(LGL131929{1},LGL237300{1})Node211{1},(LGL237355{2},LGL237361{2})Node214{1})Node207{1},((LGL237325{1},LGL237332{2})Node204{1},LGL237360{2},((LGL238046{1},LGL237370{1})Node200{1},LGL237353{1})Node199{1})Node196{1},(((LGL238057{1},LGL238051{1})Node182{1},(LGL237297{2},LGL237381{1})Node186{1},(LGL237296{1},LGL237365{2})Node189{2})Node181{1},LGL238052{2})Node180{1},(LGL237302{1},LGL238049{2})Node193{1})Node176{1},LGL238055{1})Node175{1},LGL237380{1})Node174{1},LGL237350{2})Node173{1})Node7{1},(((LGL237366{2},LGL237304{2})Node242{1},((LGL238047{2},LGL237289{2})Node325{1},((LGL237369{2},LGL237328{2},LGL237378{1})Node319{1},LGL237373{2})Node318{1},(((((LGL237301{1},LGL237314{1})Node268{1},LGL237310{1})Node267{1},LGL237371{2})Node266{1},((LGL237376{1},LGL237392{1})Node274{1},(LGL237298{1},LGL237299{1})Node277{1})Node273{1})Node265{1},((((LGL131931{1},LGL237385{1})Node288{2},LGL237382{1})Node287{1},(LGL237387{1},LGL237393{1})Node283{1},LGL237388{2})Node281{1},(((LGL238056{1},LGL238054{2})Node294{1},(LGL237384{1},LGL238045{1})Node297{1})Node293{1},((LGL237326{2},LGL237359{2})Node301{1},LGL237389{1})Node300{1})Node292{1})Node280{1})Node264{1},(LGL237295{1},LGL237375{2})Node250{1},(LGL238059{1},LGL237318{2})Node254{1},(((LGL237322{1},LGL237357{1})Node259{1},LGL237293{2})Node258{1},LGL237354{2})Node257{1},(LGL238058{2},LGL237329{2})Node315{1},LGL237286{1},((LGL237308{2},(LGL237333{2},LGL237303{1})Node311{1})Node309{1},LGL238053{2})Node308{2})Node245{1})Node241{1},LGL237331{1})Node240{2})Node6{1},((LGL237346{2},LGL237287{1})Node331{1},LGL237288{2})Node330{1},(LGL237338{1},LGL237349{1})Node335{1})Node4{1},((LGL237280{2},LGL237309{2})Node348{1},((LGL237345{1},LGL237311{2})Node352{1},LGL237321{1})Node351{1})Node347{1})Node3{1},(((((LGL237337{2},LGL237292{1})Node371{1},(LGL237285{2},LGL237347{2})Node374{1})Node370{1},((LGL237284{1},LGL237379{1})Node378{1},LGL237330{2})Node377{1})Node369{1},(LGL237342{2},LGL237351{1})Node359{1},(LGL237312{1},(LGL237316{2},LGL237323{1})Node365{1})Node363{1},LGL237283{2})Node357{1},(LGL237313{2},LGL237281{2})Node383{1},(LGL237344{1},LGL237282{2})Node387{1},((LGL237291{1},LGL237305{2})Node391{1},LGL237276{2})Node390{1})Node356{1})Node2{1},(LGL237307{1},LGL237335{2})Node395{1},(LGL237279{2},(LGL237277{2},LGL237352{2})Node414{1})Node412{1},((LGL237362{2},LGL237363{2})Node418{1},LGL237374{1})Node417{1})

----

```
   |LGL237390 (1)
  |+Node400 (1)
  ||LGL237336 (1)
 |+Node399 (1)
 ||LGL237340 (1)
|+Node398 (1)
|| |LGL237294 (1)
|||+Node405 (1)
||||LGL237358 (2)
||+Node404 (1)
| ||LGL238060 (2)
| |+Node408 (1)
|  |LGL237317 (2)
|    |LGL237339 (1)
|   |+Node339 (1)
|   |||LGL237278 (2)
|   ||+Node341 (1)
|   | |LGL237327 (1)
|  |+Node338 (1)
|  |||LGL237324 (1)
|  ||+Node344 (1)
|  | |LGL237368 (2)
|  |    |LGL132362 (2)
|  |   |+Node10 (2)
|  |   ||LGL237315 (2)
|  |  |+Node9 (1)
|  |  ||LGL131930 (2)
|  | |+Node8 (1)
|  | ||     |AF000603 (1)
|  | ||     | |CVHP30VCOD (1)
|  | ||     ||+Node66 (1)
|  | ||     |||CVHP52VCOD (1)
|  | ||     |+Node65 (1)
|  | ||     |||CVHP33VCOD (1)
|  | ||     |||CVHP32VCOD (1)
|  | ||     ||+Node69 (1)
|  | ||     | |CVHP31VCOD (1)
|  | ||     | |CVHP34VCOD (1)
|  | ||    |+Node19 (1)
|  | ||    ||   |CVHP24VCOD (1)
|  | ||    ||  |+Node26 (2)
|  | ||    ||  ||CVHP22VCOD (2)
|  | ||    ||  |CVHP09VCOD (1)
|  | ||    ||  ||CVHP21VCOD (1)
|  | ||    ||  |+Node31 (1)
|  | ||    ||  ||CVHP19VCOD (1)
|  | ||    || |+Node25 (1)
|  | ||    || ||CVHP17VCOD (1)
|  | ||    || ||CVHP18VCOD (1)
|  | ||    || ||CVHP16VCOD (1)
|  | ||    || ||CVHP10VCOD (1)
|  | ||    |||+Node24 (1)
|  | ||    |||||CVHP11VCOD (2)
|  | ||    |||||CVHP05VCOD (1)
|  | ||    |||||CVHP06VCOD (1)
|  | ||    |||||CVHP03VCOD (1)
|  | ||    |||||CVHP04VCOD (1)
|  | ||    ||||+Node42 (1)
|  | ||    ||| |CVHP14VCOD (1)
|  | ||    ||| |CVHP15VCOD (1)
|  | ||    ||| |CVHP02VCOD (1)
|  | ||    ||| |CVHP13VCOD (1)
|  | ||    ||| |CVHP07VCOD (1)
|  | ||    ||| |CVHP12VCOD (1)
|  | ||    ||+Node23 (1)
|  | ||    |||CVHP08VCOD (2)
|  | ||    ||CVHP29VCOD (1)
|  | ||    |CVHP28VCOD (1)
|  | ||   |+Node18 (1)
|  | ||   || |CVHP45VCOD (1)
|  | ||   |||+Node79 (1)
|  | ||   ||||CVHP47VCOD (1)
|  | ||   ||+Node78 (1)
|  | ||   ||||CVHP46VCOD (1)
|  | ||   |||+Node83 (1)
|  | ||   ||||CVHP48VCOD (1)
|  | ||   |||CVHP51VCOD (1)
|  | ||   || |CVHP43VCOD (1)
|  | ||   |||+Node89 (1)
|  | ||   ||||CVHP44VCOD (1)
|  | ||   ||+Node88 (1)
|  | ||   |||CVHP49VCOD (1)
|  | ||   ||  |CVHP40VCOD (1)
|  | ||   || |+Node95 (1)
|  | ||   || ||CVHP41VCOD (1)
|  | ||   |||+Node94 (1)
|  | ||   |||||CVHP37VCOD (1)
|  | ||   ||||+Node98 (1)
|  | ||   ||| |CVHP36VCOD (1)
|  | ||   ||| |CVHP38VCOD (1)
|  | ||   ||+Node93 (1)
|  | ||   | ||CVHP42VCOD (1)
|  | ||   | |+Node103 (1)
|  | ||   |  |CVHP50VCOD (1)
|  | ||  |+Node17 (1)
|  | ||  |||CVHP25VCOD (1)
|  | ||  ||+Node107 (1)
|  | ||  | |CVHHP42VCOD (1)
|  | || |+Node16 (1)
|  | || || |CVHHP08VCOD (1)
|  | || |||+Node111 (1)
|  | || ||||CVHHP09VCOD (2)
|  | || ||+Node110 (1)
|  | || | | |CVHHP10VCOD (1)
|  | || | ||+Node115 (1)
|  | || | |||CVHHP11VCOD (1)
|  | || | |+Node114 (1)
|  | || |  |CVHHP12VCOD (1)
|  | |||+Node15 (1)
|  | ||||   |CVHHP35VCOD (1)
|  | ||||  |+Node122 (1)
|  | ||||  |||CVHHP41VCOD (1)
|  | ||||  ||+Node124 (1)
|  | ||||  |||CVHHP36VCOD (1)
|  | ||||  ||CVHHP37VCOD (1)
|  | |||| |+Node121 (1)
|  | |||| ||CVHHP34VCOD (1)
|  | |||||+Node120 (1)
|  | |||||||CVHHP32VCOD (1)
|  | ||||||+Node130 (1)
|  | ||||| |CVHHP33VCOD (1)
|  | ||||||CVHHP06VCOD (1)
|  | |||||+Node134 (1)
|  | ||||||CVHHP07VCOD (1)
|  | ||||+Node119 (1)
|  | ||| ||CVHHP15VCOD (1)
|  | ||| |+Node138 (1)
|  | ||| ||CVHHP31VCOD (1)
|  | ||| |  |CVHHP17VCOD (1)
|  | ||| |  |CVHHP29VCOD (1)
|  | ||| |  | |CVHHP24VCOD (1)
|  | ||| |  ||+Node147 (1)
|  | ||| |  |||CVHHP25VCOD (1)
|  | ||| |  |+Node146 (2)
|  | ||| |  ||CVHHP23VCOD (1)
|  | ||| |  |CVHHP20VCOD (1)
|  | ||| | |+Node143 (1)
|  | ||| | |||CVHHP21VCOD (1)
|  | ||| | ||+Node158 (1)
|  | ||| | |||CVHHP26VCOD (1)
|  | ||| | ||CVHHP27VCOD (2)
|  | ||| | ||CVHHP19VCOD (1)
|  | ||| | ||CVHHP22VCOD (1)
|  | ||| ||+Node142 (1)
|  | ||| |||CVHHP28VCOD (1)
|  | ||| |+Node141 (1)
|  | |||  |CVHHP30VCOD (1)
|  | ||+Node14 (2)
|  | | ||AF000604 (1)
|  | | |+Node166 (1)
|  | |  ||CVHHP03VCOD (1)
|  | |  |+Node169 (1)
|  | |  ||CVHHP04VCOD (1)
|  | |  |CVHHP05VCOD (1)
|  ||+Node7 (1)
|  |||    |LGL237356 (2)
|  |||   |+Node234 (2)
|  |||   ||LGL237367 (1)
|  |||   ||LGL237391 (2)
|  |||   |||LGL237383 (2)
|  |||   ||+Node218 (1)
|  |||   ||| |LGL238050 (1)
|  |||   ||||+Node221 (1)
|  |||   ||||||LGL237319 (1)
|  |||   |||||+Node223 (1)
|  |||   |||| |LGL237377 (1)
|  |||   |||+Node220 (1)
|  |||   |||| |LGL237306 (1)
|  |||   |||||+Node227 (1)
|  |||   ||||||LGL237320 (1)
|  |||   ||||+Node226 (1)
|  |||   ||| |LGL237386 (2)
|  |||   |||LGL238048 (2)
|  |||   |+Node207 (1)
|  |||   ||LGL237341 (1)
|  |||   |||LGL131929 (1)
|  |||   ||+Node211 (1)
|  |||   |||LGL237300 (1)
|  |||   |||LGL237355 (2)
|  |||   ||+Node214 (1)
|  |||   | |LGL237361 (2)
|  |||  |+Node176 (1)
|  |||  || |LGL237325 (1)
|  |||  |||+Node204 (1)
|  |||  ||||LGL237332 (2)
|  |||  ||+Node196 (1)
|  |||  |||LGL237360 (2)
|  |||  ||| |LGL238046 (1)
|  |||  ||||+Node200 (1)
|  |||  |||||LGL237370 (1)
|  |||  |||+Node199 (1)
|  |||  || |LGL237353 (1)
|  |||  ||  |LGL238057 (1)
|  |||  || |+Node182 (1)
|  |||  || ||LGL238051 (1)
|  |||  |||+Node181 (1)
|  |||  |||||LGL237297 (2)
|  |||  ||||+Node186 (1)
|  |||  |||||LGL237381 (1)
|  |||  |||||LGL237296 (1)
|  |||  ||||+Node189 (2)
|  |||  ||| |LGL237365 (2)
|  |||  ||+Node180 (1)
|  |||  |||LGL238052 (2)
|  |||  |||LGL237302 (1)
|  |||  ||+Node193 (1)
|  |||  | |LGL238049 (2)
|  ||| |+Node175 (1)
|  ||| ||LGL238055 (1)
|  ||||+Node174 (1)
|  |||||LGL237380 (1)
|  |||+Node173 (1)
|  || |LGL237350 (2)
|  |+Node6 (1)
|  ||  |LGL237366 (2)
|  || |+Node242 (1)
|  || ||LGL237304 (2)
|  |||+Node241 (1)
|  |||| |LGL238047 (2)
|  |||||+Node325 (1)
|  ||||||LGL237289 (2)
|  ||||| |LGL237369 (2)
|  ||||||+Node319 (1)
|  |||||||LGL237328 (2)
|  |||||||LGL237378 (1)
|  |||||+Node318 (1)
|  ||||||LGL237373 (2)
|  |||||    |LGL237301 (1)
|  |||||   |+Node268 (1)
|  |||||   ||LGL237314 (1)
|  |||||  |+Node267 (1)
|  |||||  ||LGL237310 (1)
|  ||||| |+Node266 (1)
|  ||||| ||LGL237371 (2)
|  ||||||+Node265 (1)
|  ||||||| |LGL237376 (1)
|  ||||||||+Node274 (1)
|  |||||||||LGL237392 (1)
|  |||||||+Node273 (1)
|  |||||| ||LGL237298 (1)
|  |||||| |+Node277 (1)
|  ||||||  |LGL237299 (1)
|  |||||+Node264 (1)
|  ||||||   |LGL131931 (1)
|  ||||||  |+Node288 (2)
|  ||||||  ||LGL237385 (1)
|  |||||| |+Node287 (1)
|  |||||| ||LGL237382 (1)
|  |||||||+Node281 (1)
|  |||||||||LGL237387 (1)
|  ||||||||+Node283 (1)
|  |||||||||LGL237393 (1)
|  ||||||||LGL237388 (2)
|  ||||||+Node280 (1)
|  ||||| |  |LGL238056 (1)
|  ||||| | |+Node294 (1)
|  ||||| | ||LGL238054 (2)
|  ||||| ||+Node293 (1)
|  ||||| ||||LGL237384 (1)
|  ||||| |||+Node297 (1)
|  ||||| || |LGL238045 (1)
|  ||||| |+Node292 (1)
|  |||||  | |LGL237326 (2)
|  |||||  ||+Node301 (1)
|  |||||  |||LGL237359 (2)
|  |||||  |+Node300 (1)
|  |||||   |LGL237389 (1)
|  ||||||LGL237295 (1)
|  |||||+Node250 (1)
|  ||||||LGL237375 (2)
|  ||||+Node245 (1)
|  ||| ||LGL238059 (1)
|  ||| |+Node254 (1)
|  ||| ||LGL237318 (2)
|  ||| |  |LGL237322 (1)
|  ||| | |+Node259 (1)
|  ||| | ||LGL237357 (1)
|  ||| ||+Node258 (1)
|  ||| |||LGL237293 (2)
|  ||| |+Node257 (1)
|  ||| ||LGL237354 (2)
|  ||| ||LGL238058 (2)
|  ||| |+Node315 (1)
|  ||| ||LGL237329 (2)
|  ||| |LGL237286 (1)
|  ||| | |LGL237308 (2)
|  ||| ||+Node309 (1)
|  ||| ||||LGL237333 (2)
|  ||| |||+Node311 (1)
|  ||| || |LGL237303 (1)
|  ||| |+Node308 (2)
|  |||  |LGL238053 (2)
|  ||+Node240 (2)
|  | |LGL237331 (1)
| |+Node4 (1)
| || |LGL237346 (2)
| |||+Node331 (1)
| ||||LGL237287 (1)
| ||+Node330 (1)
| |||LGL237288 (2)
| |||LGL237338 (1)
| ||+Node335 (1)
| | |LGL237349 (1)
||+Node3 (1)
||| |LGL237280 (2)
||||+Node348 (1)
|||||LGL237309 (2)
|||+Node347 (1)
|| | |LGL237345 (1)
|| ||+Node352 (1)
|| |||LGL237311 (2)
|| |+Node351 (1)
||  |LGL237321 (1)
|+Node2 (1)
||    |LGL237337 (2)
||   |+Node371 (1)
||   ||LGL237292 (1)
||  |+Node370 (1)
||  |||LGL237285 (2)
||  ||+Node374 (1)
||  | |LGL237347 (2)
|| |+Node369 (1)
|| || |LGL237284 (1)
|| |||+Node378 (1)
|| ||||LGL237379 (1)
|| ||+Node377 (1)
|| | |LGL237330 (2)
|| ||LGL237342 (2)
|| |+Node359 (1)
|| ||LGL237351 (1)
|||+Node357 (1)
|||||LGL237312 (1)
||||+Node363 (1)
||||||LGL237316 (2)
|||||+Node365 (1)
|||| |LGL237323 (1)
||||LGL237283 (2)
||||LGL237313 (2)
|||+Node383 (1)
||||LGL237281 (2)
||+Node356 (1)
| ||LGL237344 (1)
| |+Node387 (1)
| ||LGL237282 (2)
| | |LGL237291 (1)
| ||+Node391 (1)
| |||LGL237305 (2)
| |+Node390 (1)
|  |LGL237276 (2)
||LGL237307 (1)
|+Node395 (1)
||LGL237335 (2)
||LGL237279 (2)
|+Node412 (1)
|||LGL237277 (2)
||+Node414 (1)
| |LGL237352 (2)
| |LGL237362 (2)
||+Node418 (1)
|||LGL237363 (2)
|+Node417 (1)
 |LGL237374 (1)
```


### Improving parameter estimates of the adaptive rate class model
* Log(L) = -16949.14, AIC-c = 35777.29 (898 estimated parameters)

### Testing selected branches for selection

|              Branch               |  Rates   |     Max. dN/dS     | Sites @ EBF>=100 |      Test LRT      |Uncorrected p-value |
|-----------------------------------|----------|--------------------|------------------|--------------------|--------------------|
|             LGL237327             |     1    |   0.29 (100.00%)   |       N/A        |        0.00        |       1.00000      |
|             LGL237291             |     1    |   0.29 (100.00%)   |       N/A        |        0.00        |       1.00000      |
|             LGL237333             |     2    |   23.74 (16.10%)   |          6       |       11.30        |       0.00121      |
|             LGL237315             |     2    |    4.00 (43.37%)   |         20       |        5.67        |       0.02110      |
|             LGL237367             |     1    |   0.60 (100.00%)   |       N/A        |        0.00        |       1.00000      |
|             LGL237366             |     2    |    2.41 (35.92%)   |         13       |        2.06        |       0.13741      |
|             LGL238048             |     2    |    5.44 (41.09%)   |         23       |        8.85        |       0.00417      |
|             LGL237363             |     2    |    1.86 (31.17%)   |          2       |        0.68        |       0.29579      |
|             LGL238052             |     2    |    6.02 (21.80%)   |         16       |       12.13        |       0.00080      |
|             LGL237298             |     1    |   1.02 (100.00%)   |       N/A        |       -0.03        |       0.50000      |
|             LGL237318             |     2    |    4.31 (20.50%)   |          6       |        3.91        |       0.05203      |
|             LGL237380             |     1    |   0.87 (100.00%)   |       N/A        |        0.00        |       1.00000      |
|             LGL237294             |     1    |   0.43 (100.00%)   |       N/A        |        0.00        |       1.00000      |
|             LGL237390             |     1    |   0.79 (100.00%)   |       N/A        |        0.00        |       1.00000      |
|             LGL237317             |     2    |   18.06 (11.79%)   |          1       |        6.27        |       0.01552      |
|             LGL237374             |     1    |   1.35 (100.00%)   |       N/A        |        0.43        |       0.34443      |
|             LGL238050             |     1    |   1.09 (100.00%)   |       N/A        |        0.01        |       0.48697      |
|             LGL237316             |     2    |   >1000 ( 7.17%)   |          2       |       10.24        |       0.00206      |
|             LGL238060             |     2    |   >1000 ( 4.91%)   |          1       |        4.20        |       0.04471      |
|             LGL237314             |     1    |   0.58 (100.00%)   |       N/A        |        0.00        |       1.00000      |
|             LGL237295             |     1    |   0.63 (100.00%)   |       N/A        |        0.00        |       1.00000      |
|             LGL237293             |     2    |  125.52 ( 3.60%)   |          2       |        5.33        |       0.02512      |
|             LGL237362             |     2    |    5.11 (24.69%)   |         12       |        5.23        |       0.02637      |
|             LGL131930             |     2    |   30.35 (12.85%)   |          6       |       11.33        |       0.00119      |
|             LGL237305             |     2    |   >1000 ( 4.97%)   |          3       |        7.64        |       0.00772      |
|             LGL237289             |     2    |  105.53 (14.78%)   |          6       |       24.68        |       0.00000      |
|             LGL237376             |     1    |   0.91 (100.00%)   |       N/A        |        0.00        |       1.00000      |
|             LGL237304             |     2    |   14.98 (15.45%)   |          7       |       19.36        |       0.00002      |
|             LGL237354             |     2    |   82.46 (10.77%)   |          7       |       30.45        |       0.00000      |
|             LGL237382             |     1    |   0.99 (100.00%)   |       N/A        |        0.00        |       1.00000      |
|             LGL237301             |     1    |   1.00 (100.00%)   |       N/A        |       -0.03        |       0.50000      |
|             LGL237330             |     2    |    8.45 (25.46%)   |         14       |        9.75        |       0.00265      |
|             LGL238055             |     1    |   0.78 (100.00%)   |       N/A        |        0.00        |       1.00000      |
|             LGL237346             |     2    |   11.18 (27.31%)   |         16       |       11.69        |       0.00099      |
|             LGL237369             |     2    |   30.52 ( 6.38%)   |          4       |        6.59        |       0.01319      |
|             LGL237361             |     2    |   15.78 ( 5.21%)   |          3       |        5.27        |       0.02586      |
|             LGL237347             |     2    |  148.81 ( 4.42%)   |          3       |        9.81        |       0.00256      |
|             LGL237303             |     1    |   0.88 (100.00%)   |       N/A        |        0.00        |       1.00000      |
|             LGL237335             |     2    |    4.61 (28.55%)   |         15       |        3.99        |       0.04996      |
|             LGL237286             |     1    |   0.76 (100.00%)   |       N/A        |        0.00        |       1.00000      |
|             LGL237373             |     2    |  120.92 ( 6.45%)   |          2       |       10.39        |       0.00191      |
|             LGL237326             |     2    |   69.21 ( 3.26%)   |          1       |        6.20        |       0.01604      |
|             LGL237308             |     2    |   >1000 ( 4.03%)   |          1       |        4.92        |       0.03096      |
|             LGL237358             |     2    |   >1000 ( 6.21%)   |          2       |        6.12        |       0.01675      |
|             LGL237352             |     2    |   51.17 ( 6.18%)   |          3       |       15.86        |       0.00012      |
|             LGL237375             |     2    |    3.54 (17.98%)   |          5       |        2.39        |       0.11513      |
|             LGL237280             |     2    |   18.32 (19.81%)   |         14       |       16.51        |       0.00009      |
|             LGL237371             |     2    |   54.39 ( 6.51%)   |          3       |        3.26        |       0.07295      |
|             LGL237299             |     1    |   0.73 (100.00%)   |       N/A        |        0.00        |       1.00000      |
|             LGL237278             |     2    |    3.95 (28.47%)   |          6       |        2.92        |       0.08731      |
|             LGL238047             |     2    |    8.90 (15.54%)   |          9       |       11.14        |       0.00131      |
|             LGL237329             |     2    |   18.99 (12.37%)   |          3       |        6.73        |       0.01225      |
|             LGL237389             |     1    |   1.49 (100.00%)   |       N/A        |        0.61        |       0.30809      |
|             LGL237370             |     1    |   0.69 (100.00%)   |       N/A        |        0.00        |       1.00000      |
|             LGL237381             |     1    |   0.83 (100.00%)   |       N/A        |        0.00        |       1.00000      |
|             LGL237285             |     2    |   24.30 ( 5.43%)   |          3       |        5.24        |       0.02619      |
|             LGL237319             |     1    |   0.38 (100.00%)   |       N/A        |        0.00        |       1.00000      |
|             LGL237302             |     1    |   0.74 (100.00%)   |       N/A        |        0.00        |       1.00000      |
|             LGL237324             |     1    |   0.77 (100.00%)   |       N/A        |        0.00        |       1.00000      |
|             LGL237368             |     2    |    4.24 (16.38%)   |         10       |        2.85        |       0.09030      |
|             LGL237350             |     2    |   30.85 ( 5.42%)   |          3       |        7.52        |       0.00820      |
|             LGL237306             |     1    |   0.93 (100.00%)   |       N/A        |        0.00        |       1.00000      |
|             LGL237323             |     1    |   0.52 (100.00%)   |       N/A        |        0.00        |       1.00000      |
|             LGL237332             |     2    |    4.77 (25.47%)   |         11       |        3.38        |       0.06868      |
|             LGL237383             |     2    |    9.70 (15.95%)   |         11       |        9.32        |       0.00330      |
|             LGL237282             |     2    |   21.53 (14.01%)   |          9       |       15.61        |       0.00014      |
|             LGL237377             |     1    |   3.45 (100.00%)   |       N/A        |        2.59        |       0.10341      |
|             LGL238045             |     1    |   0.74 (100.00%)   |       N/A        |        0.00        |       1.00000      |
|             LGL238054             |     2    |   12.64 (16.85%)   |         10       |       12.21        |       0.00076      |
|             LGL237349             |     1    |   1.04 (100.00%)   |       N/A        |       -0.02        |       0.50000      |
|             LGL237344             |     1    |   1.43 (100.00%)   |       N/A        |        0.37        |       0.35819      |
|             LGL237384             |     1    |   0.51 (100.00%)   |       N/A        |        0.00        |       1.00000      |
|             LGL237287             |     1    |   1.55 (100.00%)   |       N/A        |        0.59        |       0.31272      |
|             LGL237378             |     1    |   0.69 (100.00%)   |       N/A        |        0.00        |       1.00000      |
|             LGL237297             |     2    |    7.47 (16.14%)   |          8       |        6.48        |       0.01395      |
|             LGL237356             |     2    |   12.97 ( 6.12%)   |          2       |        3.09        |       0.07969      |
|             LGL237340             |     1    |   0.85 (100.00%)   |       N/A        |        0.00        |       1.00000      |
|             LGL237345             |     1    |   1.11 (100.00%)   |       N/A        |        0.01        |       0.48183      |
|             LGL238056             |     1    |   0.86 (100.00%)   |       N/A        |        0.00        |       1.00000      |
|             LGL238058             |     2    |   13.80 (17.37%)   |          9       |       10.00        |       0.00233      |
|             LGL132362             |     2    |  193.15 ( 7.12%)   |          4       |        8.20        |       0.00582      |
|             LGL237300             |     1    |   1.16 (100.00%)   |       N/A        |        0.04        |       0.46179      |
|             LGL237359             |     2    |  304.93 ( 4.30%)   |          3       |       12.47        |       0.00067      |
|             LGL237342             |     2    |   35.85 ( 6.72%)   |          4       |       13.35        |       0.00043      |
|             LGL237392             |     1    |   0.77 (100.00%)   |       N/A        |        0.00        |       1.00000      |
|             LGL238053             |     2    |    6.90 (18.29%)   |         10       |        3.69        |       0.05841      |
|             LGL237322             |     1    |   1.21 (100.00%)   |       N/A        |        0.08        |       0.44439      |
|             LGL237331             |     1    |   2.40 (100.00%)   |       N/A        |        1.54        |       0.18211      |
|             LGL237281             |     2    |   79.08 ( 4.42%)   |          2       |       11.33        |       0.00119      |
|             LGL238051             |     1    |   0.33 (100.00%)   |       N/A        |        0.00        |       1.00000      |
|             LGL237325             |     1    |   0.46 (100.00%)   |       N/A        |        0.00        |       1.00000      |
|             LGL237307             |     1    |   0.39 (100.00%)   |       N/A        |        0.00        |       1.00000      |
|             LGL237338             |     1    |   0.36 (100.00%)   |       N/A        |        0.00        |       1.00000      |
|             LGL237277             |     2    |  128.91 ( 3.18%)   |          2       |        7.69        |       0.00752      |
|             LGL237388             |     2    |   10.43 ( 8.85%)   |          2       |        5.79        |       0.01980      |
|             LGL237379             |     1    |   1.48 (100.00%)   |       N/A        |        0.36        |       0.36124      |
|             LGL237336             |     1    |   1.50 (100.00%)   |       N/A        |        0.31        |       0.37208      |
|             LGL237292             |     1    |   1.09 (100.00%)   |       N/A        |       -0.01        |       0.50000      |
|             LGL237284             |     1    |   1.02 (100.00%)   |       N/A        |       -0.03        |       0.50000      |
|             LGL237353             |     1    |   1.00 (100.00%)   |       N/A        |        0.00        |       1.00000      |
|             LGL237360             |     2    |    6.06 (15.51%)   |          8       |        3.39        |       0.06829      |
|             LGL237391             |     2    |   23.15 ( 8.03%)   |          2       |        5.60        |       0.02182      |
|             LGL238057             |     1    |   0.99 (100.00%)   |       N/A        |        0.00        |       1.00000      |
|             LGL237283             |     2    |    4.36 (11.38%)   |          6       |        2.36        |       0.11708      |
|             LGL237357             |     1    |   2.32 (100.00%)   |       N/A        |        1.34        |       0.20265      |
|             LGL238049             |     2    |   >1000 ( 2.70%)   |          2       |       12.66        |       0.00061      |
|             LGL237276             |     2    |   >1000 ( 3.50%)   |          2       |        8.00        |       0.00642      |
|             LGL237311             |     2    |  237.05 ( 4.58%)   |          3       |        5.64        |       0.02143      |
|             LGL237309             |     2    |   >1000 ( 3.43%)   |          3       |        5.95        |       0.01826      |
|             LGL237288             |     2    |   44.80 ( 5.21%)   |          2       |        5.67        |       0.02111      |
|               Node9               |     1    |  >1000 (100.00%)   |       N/A        |        4.68        |       0.03507      |
|            CVHHP33VCOD            |     1    |   0.81 (100.00%)   |       N/A        |        0.00        |       1.00000      |
|              Node14               |     2    |   13.68 (10.08%)   |          7       |        3.86        |       0.05351      |
|             LGL237321             |     1    |   0.56 (100.00%)   |       N/A        |        0.00        |       1.00000      |
|             LGL237341             |     1    |   4.18 (100.00%)   |       N/A        |        2.63        |       0.10177      |
|             LGL237365             |     2    |   >1000 ( 3.69%)   |          3       |        4.96        |       0.03031      |
|             LGL237313             |     2    |   >1000 ( 2.68%)   |          2       |       10.46        |       0.00185      |
|             LGL237337             |     2    |   13.86 (10.86%)   |          5       |        4.84        |       0.03231      |
|              Node315              |     1    |  >1000 (100.00%)   |       N/A        |        2.12        |       0.13307      |
|             LGL237320             |     1    |   1.65 (100.00%)   |       N/A        |        0.40        |       0.35116      |
|             LGL238046             |     1    |   0.69 (100.00%)   |       N/A        |        0.00        |       1.00000      |
|             LGL237310             |     1    |   1.64 (100.00%)   |       N/A        |        0.42        |       0.34732      |
|              Node405              |     1    |   7.39 (100.00%)   |       N/A        |        0.94        |       0.25369      |
|             LGL237339             |     1    |   1.57 (100.00%)   |       N/A        |        0.22        |       0.39558      |
|              Node288              |     2    |  517.03 ( 2.29%)   |          1       |        6.69        |       0.01253      |
|             LGL237328             |     2    |   >1000 (11.56%)   |          7       |        7.87        |       0.00686      |
|             LGL237279             |     2    |   15.13 ( 9.87%)   |          6       |        7.24        |       0.00948      |
|              Node408              |     1    |   2.31 (100.00%)   |       N/A        |        0.25        |       0.38858      |
|            CVHHP30VCOD            |     1    |   1.45 (100.00%)   |       N/A        |        0.21        |       0.40060      |
|             LGL237393             |     1    |   0.86 (100.00%)   |       N/A        |        0.00        |       1.00000      |
|              Node250              |     1    |  >1000 (100.00%)   |       N/A        |        3.00        |       0.08372      |
|             LGL237351             |     1    |   0.84 (100.00%)   |       N/A        |        0.00        |       1.00000      |
|              Node134              |     1    |   2.93 (100.00%)   |       N/A        |        1.29        |       0.20846      |
|            CVHHP31VCOD            |     1    |  >1000 (100.00%)   |       N/A        |        9.82        |       0.00256      |
|              Node395              |     1    |   1.49 (100.00%)   |       N/A        |        0.11        |       0.43134      |
|            CVHHP09VCOD            |     2    |   13.52 ( 7.97%)   |          5       |        4.51        |       0.03822      |
|            CVHHP05VCOD            |     1    |   0.70 (100.00%)   |       N/A        |        0.00        |       1.00000      |
|              Node325              |     1    |   0.76 (100.00%)   |       N/A        |        0.00        |       1.00000      |
|              Node17               |     1    |   2.95 (100.00%)   |       N/A        |        1.22        |       0.21655      |
|             LGL238059             |     1    |   1.09 (100.00%)   |       N/A        |       -0.02        |       0.50000      |
|              Node374              |     1    |   0.38 (100.00%)   |       N/A        |        0.00        |       1.00000      |
|              Node240              |     2    |   28.70 ( 5.08%)   |          4       |        7.08        |       0.01025      |
|             LGL237387             |     1    |   1.09 (100.00%)   |       N/A        |       -0.02        |       0.50000      |
|            CVHHP12VCOD            |     1    |   1.94 (100.00%)   |       N/A        |        0.44        |       0.34201      |
|              Node365              |     1    |   3.20 (100.00%)   |       N/A        |        0.45        |       0.33967      |
|              Node66               |     1    |   0.93 (100.00%)   |       N/A        |        0.00        |       1.00000      |
|            CVHHP42VCOD            |     1    |   1.06 (100.00%)   |       N/A        |       -0.02        |       0.50000      |
|               Node6               |     1    |  >1000 (100.00%)   |       N/A        |        0.93        |       0.25507      |
|             LGL237386             |     2    |   70.84 ( 4.34%)   |          2       |        7.38        |       0.00882      |
|              Node287              |     1    |   0.74 (100.00%)   |       N/A        |        0.00        |       1.00000      |
|              Node341              |     1    |   1.49 (100.00%)   |       N/A        |        0.05        |       0.45812      |
|              Node348              |     1    |  >1000 (100.00%)   |       N/A        |        2.33        |       0.11911      |
|              Node277              |     1    |   0.52 (100.00%)   |       N/A        |        0.00        |       1.00000      |
|              Node19               |     1    |   0.57 (100.00%)   |       N/A        |        0.00        |       1.00000      |
|            CVHP28VCOD             |     1    |   2.12 (100.00%)   |       N/A        |        0.54        |       0.32125      |
|              Node234              |     2    |   37.11 ( 6.67%)   |          1       |        5.47        |       0.02331      |
|            CVHP49VCOD             |     1    |   0.59 (100.00%)   |       N/A        |        0.00        |       1.00000      |
|              Node121              |     1    |   2.06 (100.00%)   |       N/A        |        0.47        |       0.33524      |
|              Node119              |     1    |   1.85 (100.00%)   |       N/A        |        0.31        |       0.37142      |
|             LGL237355             |     2    |   41.83 ( 7.07%)   |          4       |        5.10        |       0.02821      |
|              Node387              |     1    |   1.21 (100.00%)   |       N/A        |        0.00        |       0.49264      |
|              Node120              |     1    |  >1000 (100.00%)   |       N/A        |        3.62        |       0.06056      |
|              Node173              |     1    |   0.49 (100.00%)   |       N/A        |        0.00        |       1.00000      |
|              Node69               |     1    |  >1000 (100.00%)   |       N/A        |        4.15        |       0.04594      |
|            CVHHP27VCOD            |     2    |   >1000 ( 4.38%)   |          4       |       10.58        |       0.00175      |
|            CVHP12VCOD             |     1    |   1.77 (100.00%)   |       N/A        |        0.27        |       0.38232      |
|            CVHP11VCOD             |     2    |   71.01 ( 1.69%)   |          1       |        4.16        |       0.04578      |
|              Node414              |     1    |   0.68 (100.00%)   |       N/A        |        0.00        |       1.00000      |
|              Node199              |     1    |   0.65 (100.00%)   |       N/A        |        0.00        |       1.00000      |
|            CVHHP35VCOD            |     1    |   0.69 (100.00%)   |       N/A        |        0.00        |       1.00000      |
|            CVHP48VCOD             |     1    |   1.10 (100.00%)   |       N/A        |       -0.02        |       0.50000      |
|              Node400              |     1    |   1.26 (100.00%)   |       N/A        |        0.00        |       0.48892      |
|            CVHHP10VCOD            |     1    |   1.77 (100.00%)   |       N/A        |       -0.08        |       0.50000      |
|            CVHP25VCOD             |     1    |   1.78 (100.00%)   |       N/A        |        0.26        |       0.38418      |
|              Node223              |     1    |   0.93 (100.00%)   |       N/A        |        0.00        |       1.00000      |
|              Node138              |     1    |   1.71 (100.00%)   |       N/A        |        0.23        |       0.39377      |
|              Node274              |     1    |  >1000 (100.00%)   |       N/A        |        1.73        |       0.16420      |
|            CVHP51VCOD             |     1    |   0.40 (100.00%)   |       N/A        |        0.00        |       1.00000      |
|              Node268              |     1    |   0.84 (100.00%)   |       N/A        |        0.00        |       1.00000      |
|              Node339              |     1    |   0.08 (100.00%)   |       N/A        |        0.00        |       1.00000      |
|              Node242              |     1    |   0.27 (100.00%)   |       N/A        |        0.00        |       1.00000      |
|              Node257              |     1    |  >1000 (100.00%)   |       N/A        |        2.52        |       0.10732      |
|              Node130              |     1    |   0.26 (100.00%)   |       N/A        |        0.00        |       1.00000      |
|              Node204              |     1    |   0.80 (100.00%)   |       N/A        |        0.00        |       1.00000      |
|              Node26               |     2    |  125.99 ( 2.42%)   |          2       |       12.17        |       0.00078      |
|              Node10               |     2    |   >1000 ( 3.08%)   |          2       |       13.94        |       0.00032      |
|              Node93               |     1    |  >1000 (100.00%)   |       N/A        |        2.47        |       0.11065      |
|            CVHP50VCOD             |     1    |  >1000 (100.00%)   |       N/A        |        4.47        |       0.03904      |
|            CVHP34VCOD             |     1    |   1.43 (100.00%)   |       N/A        |        0.08        |       0.44430      |
|              Node308              |     2    |   20.44 ( 3.58%)   |          2       |        3.62        |       0.06038      |
|              Node122              |     1    |   1.32 (100.00%)   |       N/A        |       -1.20        |       0.50000      |
|              Node391              |     1    |  12.79 (100.00%)   |       N/A        |        0.15        |       0.41912      |
|              Node417              |     1    |   1.19 (100.00%)   |       N/A        |       -0.01        |       0.50000      |
|              Node174              |     1    |   1.51 (100.00%)   |       N/A        |        0.08        |       0.44296      |
|              Node311              |     1    |  >1000 (100.00%)   |       N/A        |        0.55        |       0.31986      |
|              Node418              |     1    |   1.38 (100.00%)   |       N/A        |       -0.01        |       0.50000      |
|            CVHHP28VCOD            |     1    |  >1000 (100.00%)   |       N/A        |        2.52        |       0.10739      |
|              Node110              |     1    |  >1000 (100.00%)   |       N/A        |       -0.68        |       0.50000      |
|             AF000603              |     1    |   0.71 (100.00%)   |       N/A        |        0.00        |       1.00000      |
|              Node359              |     1    |   0.69 (100.00%)   |       N/A        |        0.00        |       1.00000      |
|              Node111              |     1    |  >1000 (100.00%)   |       N/A        |        2.45        |       0.11139      |
|            CVHP24VCOD             |     1    |   0.11 (100.00%)   |       N/A        |        0.00        |       1.00000      |
|              Node383              |     1    |   1.16 (100.00%)   |       N/A        |       -0.01        |       0.50000      |
|            CVHP08VCOD             |     2    |   >1000 ( 3.75%)   |          3       |        8.58        |       0.00478      |
|              Node259              |     1    |   1.07 (100.00%)   |       N/A        |       -0.03        |       0.50000      |
|            CVHP52VCOD             |     1    |  >1000 (100.00%)   |       N/A        |        6.60        |       0.01310      |
|             LGL237385             |     1    |  >1000 (100.00%)   |       N/A        |        0.22        |       0.39688      |
|            CVHP05VCOD             |     1    |   0.11 (100.00%)   |       N/A        |        0.00        |       1.00000      |
|            CVHP29VCOD             |     1    |  >1000 (100.00%)   |       N/A        |        2.95        |       0.08574      |
|            CVHHP29VCOD            |     1    |  >1000 (100.00%)   |       N/A        |        9.03        |       0.00382      |
|              Node16               |     1    |  >1000 (100.00%)   |       N/A        |        0.60        |       0.30971      |
|            CVHP47VCOD             |     1    |   0.37 (100.00%)   |       N/A        |        0.00        |       1.00000      |
|              Node330              |     1    |  >1000 (100.00%)   |       N/A        |        2.22        |       0.12592      |
|             LGL131931             |     1    |   0.19 (100.00%)   |       N/A        |        0.00        |       1.00000      |
|              Node211              |     1    |   0.48 (100.00%)   |       N/A        |        0.00        |       1.00000      |
|              Node351              |     1    |  >1000 (100.00%)   |       N/A        |        1.86        |       0.15306      |
|              Node193              |     1    |  >1000 (100.00%)   |       N/A        |        2.34        |       0.11834      |
|              Node371              |     1    |  >1000 (100.00%)   |       N/A        |        1.89        |       0.15062      |
|              Node390              |     1    |   0.38 (100.00%)   |       N/A        |        0.00        |       1.00000      |
|              Node18               |     1    |   0.26 (100.00%)   |       N/A        |        0.00        |       1.00000      |
|              Node377              |     1    |  >1000 (100.00%)   |       N/A        |        2.72        |       0.09698      |
|            CVHHP34VCOD            |     1    |   0.79 (100.00%)   |       N/A        |        0.00        |       1.00000      |
|              Node352              |     1    |  >1000 (100.00%)   |       N/A        |        1.53        |       0.18247      |
|              Node186              |     1    |  >1000 (100.00%)   |       N/A        |        1.61        |       0.17502      |
|              Node207              |     1    |   0.35 (100.00%)   |       N/A        |        0.00        |       1.00000      |
|              Node227              |     1    |   0.22 (100.00%)   |       N/A        |        0.00        |       1.00000      |
|              Node297              |     1    |   0.71 (100.00%)   |       N/A        |        0.00        |       1.00000      |
|              Node141              |     1    |  >1000 (100.00%)   |       N/A        |        1.90        |       0.14964      |
|              Node166              |     1    |   0.76 (100.00%)   |       N/A        |        0.00        |       1.00000      |
|              Node241              |     1    |   0.00 (100.00%)   |       N/A        |        0.00        |       1.00000      |
|             LGL237296             |     1    |   0.73 (100.00%)   |       N/A        |        0.00        |       1.00000      |
|              Node103              |     1    |  >1000 (100.00%)   |       N/A        |        0.46        |       0.33738      |
|            CVHP09VCOD             |     1    |   0.17 (100.00%)   |       N/A        |        0.00        |       1.00000      |
|            CVHHP06VCOD            |     1    |   0.69 (100.00%)   |       N/A        |        0.00        |       1.00000      |
|              Node31               |     1    |   0.70 (100.00%)   |       N/A        |        0.00        |       1.00000      |
|            CVHHP24VCOD            |     1    |  >1000 (100.00%)   |       N/A        |        1.78        |       0.15977      |
|            CVHHP23VCOD            |     1    |   0.70 (100.00%)   |       N/A        |        0.00        |       1.00000      |
|              Node318              |     1    |   0.00 (100.00%)   |       N/A        |        0.00        |       1.00000      |
|            CVHHP17VCOD            |     1    |   0.70 (100.00%)   |       N/A        |        0.00        |       1.00000      |
|            CVHP38VCOD             |     1    |   0.17 (100.00%)   |       N/A        |        0.00        |       1.00000      |
|              Node214              |     1    |  >1000 (100.00%)   |       N/A        |        1.14        |       0.22711      |
|              Node65               |     1    |   0.71 (100.00%)   |       N/A        |        0.00        |       1.00000      |
|              Node363              |     1    |   0.70 (100.00%)   |       N/A        |        0.00        |       1.00000      |
|              Node114              |     1    |   0.17 (100.00%)   |       N/A        |        0.00        |       1.00000      |
|              Node335              |     1    |   0.22 (100.00%)   |       N/A        |        0.00        |       1.00000      |
|              Node79               |     1    |  >1000 (100.00%)   |       N/A        |        1.62        |       0.17404      |
|              Node265              |     1    |   0.74 (100.00%)   |       N/A        |        0.00        |       1.00000      |
|              Node258              |     1    |  >1000 (100.00%)   |       N/A        |        2.15        |       0.13120      |
|              Node266              |     1    |   0.43 (100.00%)   |       N/A        |        0.00        |       1.00000      |
|             LGL131929             |     1    |   0.25 (100.00%)   |       N/A        |        0.00        |       1.00000      |
|              Node220              |     1    |  >1000 (100.00%)   |       N/A        |        1.42        |       0.19398      |
|              Node292              |     1    |  >1000 (100.00%)   |       N/A        |        1.86        |       0.15280      |
|              Node281              |     1    |  >1000 (100.00%)   |       N/A        |        0.97        |       0.25002      |
|              Node412              |     1    |  >1000 (100.00%)   |       N/A        |        0.58        |       0.31325      |
|              Node331              |     1    |   0.00 (100.00%)   |       N/A        |        0.00        |       1.00000      |
|              Node254              |     1    |   1.00 (100.00%)   |       N/A        |        0.00        |       1.00000      |
|              Node226              |     1    |  >1000 (100.00%)   |       N/A        |        0.66        |       0.29831      |
|              Node176              |     1    |  >1000 (100.00%)   |       N/A        |        0.27        |       0.38370      |
|              Node245              |     1    |   0.69 (100.00%)   |       N/A        |        0.00        |       1.00000      |
|              Node300              |     1    |   0.00 (100.00%)   |       N/A        |        0.00        |       1.00000      |
|              Node264              |     1    |   0.00 (100.00%)   |       N/A        |        0.00        |       1.00000      |
|              Node78               |     1    |   0.43 (100.00%)   |       N/A        |        0.00        |       1.00000      |
|              Node83               |     1    |   0.43 (100.00%)   |       N/A        |        0.00        |       1.00000      |
|              Node180              |     1    |  >1000 (100.00%)   |       N/A        |        0.59        |       0.31097      |
|             AF000604              |     1    |  >1000 (100.00%)   |       N/A        |        1.22        |       0.21691      |
|              Node189              |     2    |   >1000 ( 1.15%)   |          1       |       10.67        |       0.00166      |
|              Node15               |     1    |   0.51 (100.00%)   |       N/A        |        0.00        |       1.00000      |
|              Node273              |     1    |  >1000 (100.00%)   |       N/A        |        0.68        |       0.29585      |
|              Node147              |     1    |  >1000 (100.00%)   |       N/A        |        1.18        |       0.22159      |
|            CVHP07VCOD             |     1    |  >1000 (100.00%)   |       N/A        |       14.81        |       0.00021      |
|            CVHP06VCOD             |     1    |  >1000 (100.00%)   |       N/A        |       15.31        |       0.00016      |
|              Node25               |     1    |   0.34 (100.00%)   |       N/A        |        0.00        |       1.00000      |
|              Node95               |     1    |  >1000 (100.00%)   |       N/A        |        1.19        |       0.22015      |
|            CVHP10VCOD             |     1    |  >1000 (100.00%)   |       N/A        |        1.16        |       0.22439      |
|            CVHHP26VCOD            |     1    |  >1000 (100.00%)   |       N/A        |       16.44        |       0.00009      |
|              Node146              |     2    |   >1000 ( 1.14%)   |          1       |        9.47        |       0.00305      |
|            CVHHP25VCOD            |     1    |   0.35 (100.00%)   |       N/A        |        0.00        |       1.00000      |
|            CVHHP36VCOD            |     1    |  >1000 (100.00%)   |       N/A        |        6.75        |       0.01211      |
|            CVHP22VCOD             |     2    |   >1000 ( 1.07%)   |          1       |        8.12        |       0.00606      |
|              Node283              |     1    |   0.37 (100.00%)   |       N/A        |        0.00        |       1.00000      |
|            CVHHP04VCOD            |     1    |   0.35 (100.00%)   |       N/A        |        0.00        |       1.00000      |
|              Node89               |     1    |   0.00 (100.00%)   |       N/A        |        0.00        |       1.00000      |
|              Node94               |     1    |   0.34 (100.00%)   |       N/A        |        0.00        |       1.00000      |
|              Node404              |     1    |  >1000 (100.00%)   |       N/A        |        0.29        |       0.37821      |
|              Node399              |     1    |   0.23 (100.00%)   |       N/A        |        0.00        |       1.00000      |
|              Node344              |     1    |  >1000 (100.00%)   |       N/A        |        0.36        |       0.35963      |
|              Node356              |     1    |  >1000 (100.00%)   |       N/A        |        1.09        |       0.23369      |
|              Node115              |     1    |  >1000 (100.00%)   |       N/A        |        0.60        |       0.30978      |
|               Node2               |     1    |  >1000 (100.00%)   |       N/A        |        0.88        |       0.26295      |
|               Node7               |     1    |   1.00 (100.00%)   |       N/A        |        0.00        |       1.00000      |
|              Node378              |     1    |   1.00 (100.00%)   |       N/A        |        0.00        |       1.00000      |
|               Node8               |     1    |   1.00 (100.00%)   |       N/A        |        0.00        |       1.00000      |
|              Node319              |     1    |  >1000 (100.00%)   |       N/A        |        1.12        |       0.22902      |
|              Node182              |     1    |  >1000 (100.00%)   |       N/A        |        0.38        |       0.35573      |
|              Node370              |     1    |  >1000 (100.00%)   |       N/A        |        0.51        |       0.32828      |
|               Node3               |     1    |  >1000 (100.00%)   |       N/A        |        0.91        |       0.25905      |
|              Node294              |     1    |  >1000 (100.00%)   |       N/A        |        0.47        |       0.33636      |
|              Node221              |     1    |   0.00 (100.00%)   |       N/A        |        0.00        |       1.00000      |
|               Node4               |     1    |  >1000 (100.00%)   |       N/A        |        0.62        |       0.30710      |
|              Node293              |     1    |  >1000 (100.00%)   |       N/A        |        0.68        |       0.29530      |
|              Node398              |     1    |  >1000 (100.00%)   |       N/A        |        0.57        |       0.31554      |
|             LGL237312             |     1    |  >1000 (100.00%)   |       N/A        |        0.60        |       0.30953      |
|              Node218              |     1    |   0.00 (100.00%)   |       N/A        |        0.00        |       1.00000      |
|              Node175              |     1    |  >1000 (100.00%)   |       N/A        |        0.61        |       0.30835      |
|              Node107              |     1    |   0.00 (100.00%)   |       N/A        |        0.00        |       1.00000      |
|              Node142              |     1    |  >1000 (100.00%)   |       N/A        |        0.58        |       0.31349      |
|            CVHP17VCOD             |     1    |   0.00 (100.00%)   |       N/A        |        0.00        |       1.00000      |
|              Node42               |     1    |   0.00 (100.00%)   |       N/A        |        0.00        |       1.00000      |
|            CVHP19VCOD             |     1    |  >1000 (100.00%)   |       N/A        |        0.58        |       0.31403      |
|            CVHP15VCOD             |     1    |   0.00 (100.00%)   |       N/A        |        0.00        |       1.00000      |
|            CVHP13VCOD             |     1    |   0.00 (100.00%)   |       N/A        |        0.00        |       1.00000      |
|            CVHP21VCOD             |     1    |  >1000 (100.00%)   |       N/A        |        0.58        |       0.31466      |
|            CVHP02VCOD             |     1    |   0.00 (100.00%)   |       N/A        |        0.00        |       1.00000      |
|            CVHP16VCOD             |     1    |  >1000 (100.00%)   |       N/A        |       13.78        |       0.00035      |
|              Node158              |     1    |  >1000 (100.00%)   |       N/A        |       15.83        |       0.00012      |
|            CVHHP22VCOD            |     1    |  >1000 (100.00%)   |       N/A        |        6.14        |       0.01656      |
|            CVHHP20VCOD            |     1    |  >1000 (100.00%)   |       N/A        |        6.04        |       0.01746      |
|              Node88               |     1    |   0.00 (100.00%)   |       N/A        |        0.00        |       1.00000      |
|            CVHP03VCOD             |     1    |  >1000 (100.00%)   |       N/A        |        1.02        |       0.24282      |
|            CVHP04VCOD             |     1    |  >1000 (100.00%)   |       N/A        |        6.10        |       0.01689      |
|              Node23               |     1    |  >1000 (100.00%)   |       N/A        |        0.58        |       0.31392      |
|            CVHP31VCOD             |     1    |  >1000 (100.00%)   |       N/A        |        5.65        |       0.02126      |
|            CVHP33VCOD             |     1    |  >1000 (100.00%)   |       N/A        |        8.77        |       0.00436      |
|              Node98               |     1    |  >1000 (100.00%)   |       N/A        |        0.58        |       0.31416      |
|              Node357              |     1    |   0.00 (100.00%)   |       N/A        |        0.00        |       1.00000      |
|            CVHHP37VCOD            |     1    |  >1000 (100.00%)   |       N/A        |       -0.33        |       0.50000      |
|            CVHP37VCOD             |     1    |  >1000 (100.00%)   |       N/A        |        8.84        |       0.00421      |
|              Node181              |     1    |  >1000 (100.00%)   |       N/A        |        0.59        |       0.31218      |
|            CVHP40VCOD             |     1    |  >1000 (100.00%)   |       N/A        |        6.17        |       0.01634      |
|            CVHHP07VCOD            |     1    |  >1000 (100.00%)   |       N/A        |        0.55        |       0.32009      |
|              Node124              |     1    |   0.00 (100.00%)   |       N/A        |        0.00        |       1.00000      |
|            CVHP44VCOD             |     1    |  >1000 (100.00%)   |       N/A        |        8.83        |       0.00422      |
|            CVHP46VCOD             |     1    |  >1000 (100.00%)   |       N/A        |        0.57        |       0.31551      |
|            CVHHP15VCOD            |     1    |   0.00 (100.00%)   |       N/A        |        0.00        |       1.00000      |
|              Node24               |     1    |   1.00 (100.00%)   |       N/A        |        0.00        |       1.00000      |
|              Node169              |     1    |  >1000 (100.00%)   |       N/A        |        0.56        |       0.31703      |
|            CVHP45VCOD             |     1    |   0.00 (100.00%)   |       N/A        |        0.00        |       1.00000      |
|              Node301              |     1    |   0.00 (100.00%)   |       N/A        |        0.00        |       1.00000      |
|              Node309              |     1    |   0.21 (100.00%)   |       N/A        |        0.00        |       1.00000      |
|              Node338              |     1    |   1.00 (100.00%)   |       N/A        |        0.00        |       1.00000      |
|              Node143              |     1    |  >1000 (100.00%)   |       N/A        |        0.43        |       0.34531      |
|            CVHHP08VCOD            |     1    |   1.00 (100.00%)   |       N/A        |        0.00        |       1.00000      |
|              Node200              |     1    |   0.00 (100.00%)   |       N/A        |        0.00        |       1.00000      |
|              Node369              |     1    |   1.00 (100.00%)   |       N/A        |        0.00        |       1.00000      |
|              Node347              |     1    |   1.00 (100.00%)   |       N/A        |        0.00        |       1.00000      |
|              Node280              |     1    |  >1000 (100.00%)   |       N/A        |       -0.03        |       0.50000      |
|              Node267              |     1    |   1.00 (100.00%)   |       N/A        |        0.00        |       1.00000      |
|            CVHHP03VCOD            |     1    |   1.00 (100.00%)   |       N/A        |        0.00        |       1.00000      |
|            CVHP30VCOD             |     1    |   1.00 (100.00%)   |       N/A        |        0.00        |       1.00000      |
|            CVHP14VCOD             |     1    |   1.00 (100.00%)   |       N/A        |        0.00        |       1.00000      |
|            CVHP18VCOD             |     1    |   1.00 (100.00%)   |       N/A        |        0.00        |       1.00000      |
|            CVHHP32VCOD            |     1    |   1.00 (100.00%)   |       N/A        |        0.00        |       1.00000      |
|            CVHP36VCOD             |     1    |   1.00 (100.00%)   |       N/A        |        0.00        |       1.00000      |
|            CVHP43VCOD             |     1    |   1.00 (100.00%)   |       N/A        |        0.00        |       1.00000      |
|              Node196              |     1    |  >1000 (100.00%)   |       N/A        |        0.61        |       0.30831      |
|            CVHHP41VCOD            |     1    |   1.00 (100.00%)   |       N/A        |        0.00        |       1.00000      |
|            CVHP32VCOD             |     1    |   1.00 (100.00%)   |       N/A        |        0.00        |       1.00000      |
|            CVHHP19VCOD            |     1    |   1.00 (100.00%)   |       N/A        |        0.00        |       1.00000      |
|            CVHP41VCOD             |     1    |   1.00 (100.00%)   |       N/A        |        0.00        |       1.00000      |
|            CVHHP21VCOD            |     1    |   1.00 (100.00%)   |       N/A        |        0.00        |       1.00000      |
|            CVHHP11VCOD            |     1    |   1.00 (100.00%)   |       N/A        |        0.00        |       1.00000      |
|            CVHP42VCOD             |     1    |   1.00 (100.00%)   |       N/A        |        0.00        |       1.00000      |
----
### Adaptive branch site random effects likelihood test 
Likelihood ratio test for episodic diversifying positive selection at Holm-Bonferroni corrected _p =   0.0500_ found **8** branches under selection among **362** tested.

* LGL237354, p-value =  0.00003
* LGL237289, p-value =  0.00052
* LGL237304, p-value =  0.00754
* LGL237280, p-value =  0.03146
* CVHHP26VCOD, p-value =  0.03257
* LGL237352, p-value =  0.04348
* Node158, p-value =  0.04390
* LGL237282, p-value =  0.04897

### Annotated Tree
((((LGL237390,LGL237336)Node400,LGL237340)Node399,((LGL237294,LGL237358)Node405,(LGL238060,LGL237317)Node408)Node404)Node398,(((((LGL237339,(LGL237278,LGL237327)Node341)Node339,(LGL237324,LGL237368)Node344)Node338,(((((LGL132362,LGL237315)Node10,LGL131930)Node9,((((((AF000603,((CVHP30VCOD,CVHP52VCOD)Node66,(CVHP33VCOD,CVHP32VCOD,CVHP31VCOD,CVHP34VCOD)Node69)Node65,((((CVHP24VCOD,CVHP22VCOD)Node26,CVHP09VCOD,(CVHP21VCOD,CVHP19VCOD)Node31,CVHP17VCOD,CVHP18VCOD,CVHP16VCOD,CVHP10VCOD)Node25,(CVHP11VCOD,CVHP05VCOD,CVHP06VCOD,CVHP03VCOD,CVHP04VCOD,CVHP14VCOD,CVHP15VCOD,CVHP02VCOD,CVHP13VCOD,CVHP07VCOD,CVHP12VCOD)Node42)Node24,CVHP08VCOD)Node23,CVHP29VCOD)Node19,CVHP28VCOD,((CVHP45VCOD,CVHP47VCOD)Node79,(CVHP46VCOD,CVHP48VCOD)Node83,CVHP51VCOD)Node78,((CVHP43VCOD,CVHP44VCOD)Node89,CVHP49VCOD)Node88,(((CVHP40VCOD,CVHP41VCOD)Node95,(CVHP37VCOD,CVHP36VCOD,CVHP38VCOD)Node98)Node94,(CVHP42VCOD,CVHP50VCOD)Node103)Node93)Node18,(CVHP25VCOD,CVHHP42VCOD)Node107)Node17,((CVHHP08VCOD,CVHHP09VCOD)Node111,((CVHHP10VCOD,CVHHP11VCOD)Node115,CVHHP12VCOD)Node114)Node110)Node16,((((CVHHP35VCOD,(CVHHP41VCOD,CVHHP36VCOD)Node124,CVHHP37VCOD)Node122,CVHHP34VCOD)Node121,(CVHHP32VCOD,CVHHP33VCOD)Node130)Node120,(CVHHP06VCOD,CVHHP07VCOD)Node134,(CVHHP15VCOD,CVHHP31VCOD)Node138,(((CVHHP17VCOD,CVHHP29VCOD,((CVHHP24VCOD,CVHHP25VCOD)Node147,CVHHP23VCOD)Node146,CVHHP20VCOD,(CVHHP21VCOD,CVHHP26VCOD{0.03257270520241862})Node158{0.04389689515218254},CVHHP27VCOD,CVHHP19VCOD,CVHHP22VCOD)Node143,CVHHP28VCOD)Node142,CVHHP30VCOD)Node141)Node119)Node15,(AF000604,(CVHHP03VCOD,CVHHP04VCOD)Node169,CVHHP05VCOD)Node166)Node14)Node8,(((((LGL237356,LGL237367)Node234,(LGL237391,(LGL237383,((LGL238050,(LGL237319,LGL237377)Node223)Node221,((LGL237306,LGL237320)Node227,LGL237386)Node226)Node220,LGL238048)Node218,LGL237341,(LGL131929,LGL237300)Node211,(LGL237355,LGL237361)Node214)Node207,((LGL237325,LGL237332)Node204,LGL237360,((LGL238046,LGL237370)Node200,LGL237353)Node199)Node196,(((LGL238057,LGL238051)Node182,(LGL237297,LGL237381)Node186,(LGL237296,LGL237365)Node189)Node181,LGL238052)Node180,(LGL237302,LGL238049)Node193)Node176,LGL238055)Node175,LGL237380)Node174,LGL237350)Node173)Node7,(((LGL237366,LGL237304{0.007535563385965283})Node242,((LGL238047,LGL237289{0.0005218338877948092})Node325,((LGL237369,LGL237328,LGL237378)Node319,LGL237373)Node318,(((((LGL237301,LGL237314)Node268,LGL237310)Node267,LGL237371)Node266,((LGL237376,LGL237392)Node274,(LGL237298,LGL237299)Node277)Node273)Node265,((((LGL131931,LGL237385)Node288,LGL237382)Node287,(LGL237387,LGL237393)Node283,LGL237388)Node281,(((LGL238056,LGL238054)Node294,(LGL237384,LGL238045)Node297)Node293,((LGL237326,LGL237359)Node301,LGL237389)Node300)Node292)Node280)Node264,(LGL237295,LGL237375)Node250,(LGL238059,LGL237318)Node254,(((LGL237322,LGL237357)Node259,LGL237293)Node258,LGL237354{2.907143277097735e-05})Node257,(LGL238058,LGL237329)Node315,LGL237286,((LGL237308,(LGL237333,LGL237303)Node311)Node309,LGL238053)Node308)Node245)Node241,LGL237331)Node240)Node6,((LGL237346,LGL237287)Node331,LGL237288)Node330,(LGL237338,LGL237349)Node335)Node4,((LGL237280{0.03145766745827178},LGL237309)Node348,((LGL237345,LGL237311)Node352,LGL237321)Node351)Node347)Node3,(((((LGL237337,LGL237292)Node371,(LGL237285,LGL237347)Node374)Node370,((LGL237284,LGL237379)Node378,LGL237330)Node377)Node369,(LGL237342,LGL237351)Node359,(LGL237312,(LGL237316,LGL237323)Node365)Node363,LGL237283)Node357,(LGL237313,LGL237281)Node383,(LGL237344,LGL237282{0.04897029128225289})Node387,((LGL237291,LGL237305)Node391,LGL237276)Node390)Node356)Node2,(LGL237307,LGL237335)Node395,(LGL237279,(LGL237277,LGL237352{0.04347512505946816})Node414)Node412,((LGL237362,LGL237363)Node418,LGL237374)Node417)

----

```
   |LGL237390 (N.S)
  |+Node400 (N.S)
  ||LGL237336 (N.S)
 |+Node399 (N.S)
 ||LGL237340 (N.S)
|+Node398 (N.S)
|| |LGL237294 (N.S)
|||+Node405 (N.S)
||||LGL237358 (N.S)
||+Node404 (N.S)
| ||LGL238060 (N.S)
| |+Node408 (N.S)
|  |LGL237317 (N.S)
|    |LGL237339 (N.S)
|   |+Node339 (N.S)
|   |||LGL237278 (N.S)
|   ||+Node341 (N.S)
|   | |LGL237327 (N.S)
|  |+Node338 (N.S)
|  |||LGL237324 (N.S)
|  ||+Node344 (N.S)
|  | |LGL237368 (N.S)
|  |    |LGL132362 (N.S)
|  |   |+Node10 (N.S)
|  |   ||LGL237315 (N.S)
|  |  |+Node9 (N.S)
|  |  ||LGL131930 (N.S)
|  | |+Node8 (N.S)
|  | ||     |AF000603 (N.S)
|  | ||     | |CVHP30VCOD (N.S)
|  | ||     ||+Node66 (N.S)
|  | ||     |||CVHP52VCOD (N.S)
|  | ||     |+Node65 (N.S)
|  | ||     |||CVHP33VCOD (N.S)
|  | ||     |||CVHP32VCOD (N.S)
|  | ||     ||+Node69 (N.S)
|  | ||     | |CVHP31VCOD (N.S)
|  | ||     | |CVHP34VCOD (N.S)
|  | ||    |+Node19 (N.S)
|  | ||    ||   |CVHP24VCOD (N.S)
|  | ||    ||  |+Node26 (N.S)
|  | ||    ||  ||CVHP22VCOD (N.S)
|  | ||    ||  |CVHP09VCOD (N.S)
|  | ||    ||  ||CVHP21VCOD (N.S)
|  | ||    ||  |+Node31 (N.S)
|  | ||    ||  ||CVHP19VCOD (N.S)
|  | ||    || |+Node25 (N.S)
|  | ||    || ||CVHP17VCOD (N.S)
|  | ||    || ||CVHP18VCOD (N.S)
|  | ||    || ||CVHP16VCOD (N.S)
|  | ||    || ||CVHP10VCOD (N.S)
|  | ||    |||+Node24 (N.S)
|  | ||    |||||CVHP11VCOD (N.S)
|  | ||    |||||CVHP05VCOD (N.S)
|  | ||    |||||CVHP06VCOD (N.S)
|  | ||    |||||CVHP03VCOD (N.S)
|  | ||    |||||CVHP04VCOD (N.S)
|  | ||    ||||+Node42 (N.S)
|  | ||    ||| |CVHP14VCOD (N.S)
|  | ||    ||| |CVHP15VCOD (N.S)
|  | ||    ||| |CVHP02VCOD (N.S)
|  | ||    ||| |CVHP13VCOD (N.S)
|  | ||    ||| |CVHP07VCOD (N.S)
|  | ||    ||| |CVHP12VCOD (N.S)
|  | ||    ||+Node23 (N.S)
|  | ||    |||CVHP08VCOD (N.S)
|  | ||    ||CVHP29VCOD (N.S)
|  | ||    |CVHP28VCOD (N.S)
|  | ||   |+Node18 (N.S)
|  | ||   || |CVHP45VCOD (N.S)
|  | ||   |||+Node79 (N.S)
|  | ||   ||||CVHP47VCOD (N.S)
|  | ||   ||+Node78 (N.S)
|  | ||   ||||CVHP46VCOD (N.S)
|  | ||   |||+Node83 (N.S)
|  | ||   ||||CVHP48VCOD (N.S)
|  | ||   |||CVHP51VCOD (N.S)
|  | ||   || |CVHP43VCOD (N.S)
|  | ||   |||+Node89 (N.S)
|  | ||   ||||CVHP44VCOD (N.S)
|  | ||   ||+Node88 (N.S)
|  | ||   |||CVHP49VCOD (N.S)
|  | ||   ||  |CVHP40VCOD (N.S)
|  | ||   || |+Node95 (N.S)
|  | ||   || ||CVHP41VCOD (N.S)
|  | ||   |||+Node94 (N.S)
|  | ||   |||||CVHP37VCOD (N.S)
|  | ||   ||||+Node98 (N.S)
|  | ||   ||| |CVHP36VCOD (N.S)
|  | ||   ||| |CVHP38VCOD (N.S)
|  | ||   ||+Node93 (N.S)
|  | ||   | ||CVHP42VCOD (N.S)
|  | ||   | |+Node103 (N.S)
|  | ||   |  |CVHP50VCOD (N.S)
|  | ||  |+Node17 (N.S)
|  | ||  |||CVHP25VCOD (N.S)
|  | ||  ||+Node107 (N.S)
|  | ||  | |CVHHP42VCOD (N.S)
|  | || |+Node16 (N.S)
|  | || || |CVHHP08VCOD (N.S)
|  | || |||+Node111 (N.S)
|  | || ||||CVHHP09VCOD (N.S)
|  | || ||+Node110 (N.S)
|  | || | | |CVHHP10VCOD (N.S)
|  | || | ||+Node115 (N.S)
|  | || | |||CVHHP11VCOD (N.S)
|  | || | |+Node114 (N.S)
|  | || |  |CVHHP12VCOD (N.S)
|  | |||+Node15 (N.S)
|  | ||||   |CVHHP35VCOD (N.S)
|  | ||||  |+Node122 (N.S)
|  | ||||  |||CVHHP41VCOD (N.S)
|  | ||||  ||+Node124 (N.S)
|  | ||||  |||CVHHP36VCOD (N.S)
|  | ||||  ||CVHHP37VCOD (N.S)
|  | |||| |+Node121 (N.S)
|  | |||| ||CVHHP34VCOD (N.S)
|  | |||||+Node120 (N.S)
|  | |||||||CVHHP32VCOD (N.S)
|  | ||||||+Node130 (N.S)
|  | ||||| |CVHHP33VCOD (N.S)
|  | ||||||CVHHP06VCOD (N.S)
|  | |||||+Node134 (N.S)
|  | ||||||CVHHP07VCOD (N.S)
|  | ||||+Node119 (N.S)
|  | ||| ||CVHHP15VCOD (N.S)
|  | ||| |+Node138 (N.S)
|  | ||| ||CVHHP31VCOD (N.S)
|  | ||| |  |CVHHP17VCOD (N.S)
|  | ||| |  |CVHHP29VCOD (N.S)
|  | ||| |  | |CVHHP24VCOD (N.S)
|  | ||| |  ||+Node147 (N.S)
|  | ||| |  |||CVHHP25VCOD (N.S)
|  | ||| |  |+Node146 (N.S)
|  | ||| |  ||CVHHP23VCOD (N.S)
|  | ||| |  |CVHHP20VCOD (N.S)
|  | ||| | |+Node143 (N.S)
|  | ||| | |||CVHHP21VCOD (N.S)
|  | ||| | ||+Node158 (0.04389689515218254)
|  | ||| | |||CVHHP26VCOD (0.03257270520241862)
|  | ||| | ||CVHHP27VCOD (N.S)
|  | ||| | ||CVHHP19VCOD (N.S)
|  | ||| | ||CVHHP22VCOD (N.S)
|  | ||| ||+Node142 (N.S)
|  | ||| |||CVHHP28VCOD (N.S)
|  | ||| |+Node141 (N.S)
|  | |||  |CVHHP30VCOD (N.S)
|  | ||+Node14 (N.S)
|  | | ||AF000604 (N.S)
|  | | |+Node166 (N.S)
|  | |  ||CVHHP03VCOD (N.S)
|  | |  |+Node169 (N.S)
|  | |  ||CVHHP04VCOD (N.S)
|  | |  |CVHHP05VCOD (N.S)
|  ||+Node7 (N.S)
|  |||    |LGL237356 (N.S)
|  |||   |+Node234 (N.S)
|  |||   ||LGL237367 (N.S)
|  |||   ||LGL237391 (N.S)
|  |||   |||LGL237383 (N.S)
|  |||   ||+Node218 (N.S)
|  |||   ||| |LGL238050 (N.S)
|  |||   ||||+Node221 (N.S)
|  |||   ||||||LGL237319 (N.S)
|  |||   |||||+Node223 (N.S)
|  |||   |||| |LGL237377 (N.S)
|  |||   |||+Node220 (N.S)
|  |||   |||| |LGL237306 (N.S)
|  |||   |||||+Node227 (N.S)
|  |||   ||||||LGL237320 (N.S)
|  |||   ||||+Node226 (N.S)
|  |||   ||| |LGL237386 (N.S)
|  |||   |||LGL238048 (N.S)
|  |||   |+Node207 (N.S)
|  |||   ||LGL237341 (N.S)
|  |||   |||LGL131929 (N.S)
|  |||   ||+Node211 (N.S)
|  |||   |||LGL237300 (N.S)
|  |||   |||LGL237355 (N.S)
|  |||   ||+Node214 (N.S)
|  |||   | |LGL237361 (N.S)
|  |||  |+Node176 (N.S)
|  |||  || |LGL237325 (N.S)
|  |||  |||+Node204 (N.S)
|  |||  ||||LGL237332 (N.S)
|  |||  ||+Node196 (N.S)
|  |||  |||LGL237360 (N.S)
|  |||  ||| |LGL238046 (N.S)
|  |||  ||||+Node200 (N.S)
|  |||  |||||LGL237370 (N.S)
|  |||  |||+Node199 (N.S)
|  |||  || |LGL237353 (N.S)
|  |||  ||  |LGL238057 (N.S)
|  |||  || |+Node182 (N.S)
|  |||  || ||LGL238051 (N.S)
|  |||  |||+Node181 (N.S)
|  |||  |||||LGL237297 (N.S)
|  |||  ||||+Node186 (N.S)
|  |||  |||||LGL237381 (N.S)
|  |||  |||||LGL237296 (N.S)
|  |||  ||||+Node189 (N.S)
|  |||  ||| |LGL237365 (N.S)
|  |||  ||+Node180 (N.S)
|  |||  |||LGL238052 (N.S)
|  |||  |||LGL237302 (N.S)
|  |||  ||+Node193 (N.S)
|  |||  | |LGL238049 (N.S)
|  ||| |+Node175 (N.S)
|  ||| ||LGL238055 (N.S)
|  ||||+Node174 (N.S)
|  |||||LGL237380 (N.S)
|  |||+Node173 (N.S)
|  || |LGL237350 (N.S)
|  |+Node6 (N.S)
|  ||  |LGL237366 (N.S)
|  || |+Node242 (N.S)
|  || ||LGL237304 (0.007535563385965283)
|  |||+Node241 (N.S)
|  |||| |LGL238047 (N.S)
|  |||||+Node325 (N.S)
|  ||||||LGL237289 (0.0005218338877948092)
|  ||||| |LGL237369 (N.S)
|  ||||||+Node319 (N.S)
|  |||||||LGL237328 (N.S)
|  |||||||LGL237378 (N.S)
|  |||||+Node318 (N.S)
|  ||||||LGL237373 (N.S)
|  |||||    |LGL237301 (N.S)
|  |||||   |+Node268 (N.S)
|  |||||   ||LGL237314 (N.S)
|  |||||  |+Node267 (N.S)
|  |||||  ||LGL237310 (N.S)
|  ||||| |+Node266 (N.S)
|  ||||| ||LGL237371 (N.S)
|  ||||||+Node265 (N.S)
|  ||||||| |LGL237376 (N.S)
|  ||||||||+Node274 (N.S)
|  |||||||||LGL237392 (N.S)
|  |||||||+Node273 (N.S)
|  |||||| ||LGL237298 (N.S)
|  |||||| |+Node277 (N.S)
|  ||||||  |LGL237299 (N.S)
|  |||||+Node264 (N.S)
|  ||||||   |LGL131931 (N.S)
|  ||||||  |+Node288 (N.S)
|  ||||||  ||LGL237385 (N.S)
|  |||||| |+Node287 (N.S)
|  |||||| ||LGL237382 (N.S)
|  |||||||+Node281 (N.S)
|  |||||||||LGL237387 (N.S)
|  ||||||||+Node283 (N.S)
|  |||||||||LGL237393 (N.S)
|  ||||||||LGL237388 (N.S)
|  ||||||+Node280 (N.S)
|  ||||| |  |LGL238056 (N.S)
|  ||||| | |+Node294 (N.S)
|  ||||| | ||LGL238054 (N.S)
|  ||||| ||+Node293 (N.S)
|  ||||| ||||LGL237384 (N.S)
|  ||||| |||+Node297 (N.S)
|  ||||| || |LGL238045 (N.S)
|  ||||| |+Node292 (N.S)
|  |||||  | |LGL237326 (N.S)
|  |||||  ||+Node301 (N.S)
|  |||||  |||LGL237359 (N.S)
|  |||||  |+Node300 (N.S)
|  |||||   |LGL237389 (N.S)
|  ||||||LGL237295 (N.S)
|  |||||+Node250 (N.S)
|  ||||||LGL237375 (N.S)
|  ||||+Node245 (N.S)
|  ||| ||LGL238059 (N.S)
|  ||| |+Node254 (N.S)
|  ||| ||LGL237318 (N.S)
|  ||| |  |LGL237322 (N.S)
|  ||| | |+Node259 (N.S)
|  ||| | ||LGL237357 (N.S)
|  ||| ||+Node258 (N.S)
|  ||| |||LGL237293 (N.S)
|  ||| |+Node257 (N.S)
|  ||| ||LGL237354 (2.907143277097735e-05)
|  ||| ||LGL238058 (N.S)
|  ||| |+Node315 (N.S)
|  ||| ||LGL237329 (N.S)
|  ||| |LGL237286 (N.S)
|  ||| | |LGL237308 (N.S)
|  ||| ||+Node309 (N.S)
|  ||| ||||LGL237333 (N.S)
|  ||| |||+Node311 (N.S)
|  ||| || |LGL237303 (N.S)
|  ||| |+Node308 (N.S)
|  |||  |LGL238053 (N.S)
|  ||+Node240 (N.S)
|  | |LGL237331 (N.S)
| |+Node4 (N.S)
| || |LGL237346 (N.S)
| |||+Node331 (N.S)
| ||||LGL237287 (N.S)
| ||+Node330 (N.S)
| |||LGL237288 (N.S)
| |||LGL237338 (N.S)
| ||+Node335 (N.S)
| | |LGL237349 (N.S)
||+Node3 (N.S)
||| |LGL237280 (0.03145766745827178)
||||+Node348 (N.S)
|||||LGL237309 (N.S)
|||+Node347 (N.S)
|| | |LGL237345 (N.S)
|| ||+Node352 (N.S)
|| |||LGL237311 (N.S)
|| |+Node351 (N.S)
||  |LGL237321 (N.S)
|+Node2 (N.S)
||    |LGL237337 (N.S)
||   |+Node371 (N.S)
||   ||LGL237292 (N.S)
||  |+Node370 (N.S)
||  |||LGL237285 (N.S)
||  ||+Node374 (N.S)
||  | |LGL237347 (N.S)
|| |+Node369 (N.S)
|| || |LGL237284 (N.S)
|| |||+Node378 (N.S)
|| ||||LGL237379 (N.S)
|| ||+Node377 (N.S)
|| | |LGL237330 (N.S)
|| ||LGL237342 (N.S)
|| |+Node359 (N.S)
|| ||LGL237351 (N.S)
|||+Node357 (N.S)
|||||LGL237312 (N.S)
||||+Node363 (N.S)
||||||LGL237316 (N.S)
|||||+Node365 (N.S)
|||| |LGL237323 (N.S)
||||LGL237283 (N.S)
||||LGL237313 (N.S)
|||+Node383 (N.S)
||||LGL237281 (N.S)
||+Node356 (N.S)
| ||LGL237344 (N.S)
| |+Node387 (N.S)
| ||LGL237282 (0.04897029128225289)
| | |LGL237291 (N.S)
| ||+Node391 (N.S)
| |||LGL237305 (N.S)
| |+Node390 (N.S)
|  |LGL237276 (N.S)
||LGL237307 (N.S)
|+Node395 (N.S)
||LGL237335 (N.S)
||LGL237279 (N.S)
|+Node412 (N.S)
|||LGL237277 (N.S)
||+Node414 (N.S)
| |LGL237352 (0.04347512505946816)
| |LGL237362 (N.S)
||+Node418 (N.S)
|||LGL237363 (N.S)
|+Node417 (N.S)
 |LGL237374 (N.S)
```

