
Analysis Description
--------------------
SLAC (Single Likelihood Ancestor Counting) uses a maximum likelihood
ancestral state reconstruction and minimum path substitution counting to
estimate site - level dS and dN, and applies a simple binomial - based
test to test if dS differs drom dN. The estimates aggregate information
over all branches, so the signal is derived from pervasive
diversification or conservation. A subset of branches can be selected
for testing as well. Multiple partitions within a NEXUS file are also
supported for recombination - aware analysis. 

- __Requirements__: in-frame codon alignment and a phylogenetic tree

- __Citation__: Not So Different After All: A Comparison of Methods for Detecting Amino
Acid Sites Under Selection (2005). _Mol Biol Evol_ 22 (5): 1208-1222

- __Written by__: Sergei L Kosakovsky Pond and Simon DW Frost

- __Contact Information__: spond@temple.edu

- __Analysis Version__: 2.00


>code => Invertebrate-mtDNA
>Loaded a multiple sequence alignment with **21** sequences, **510** codons, and **1** partitions from `/Users/alex/Documents/selection-tutorial/data/21-empirical/COXI.mtnex`

>branches => All

>Select the number of samples used to assess ancestral reconstruction uncertainty [select 0 to skip] (permissible range = [0,100000], default value = 100, integer): 
>samples => 100

>Select the p-value threshold to use when testing for selection (permissible range = [0,1], default value = 0.1): 
>pvalue => 0.1


### Branches to include in the SLAC analysis
Selected 39 branches to include in SLAC calculations: `P_TROGLODYTES, P_PANISCUS, Node8, H_SAPIENS, Node7, G_GORILLA, Node6, P_PYGMAEUS_ABELII, P_PYGMAEUS, Node13, Node5, H_LAR, Node4, M_SYLVANUS, T_GELADA, P_HAMADRYAS, Node20, Node18, C_AETHIOPS, Node17, Node3, C_ALBIFRONS, S_USTUS, S_SCIUREUS, Node26, Node24, Node2, T_BANCANUS, Node1, L_CATTA, P_VERREAUXI, Node31, N_COUCANG, P_POTTO, Node34, Node30, M_MUSCULUS, R_NORVEGICUS, Node37`


### Obtaining branch lengths and nucleotide substitution biases under the nucleotide GTR model

>kill-zero-lengths => Yes
* Log(L) = -15439.47, AIC-c = 30973.09 (47 estimated parameters)
* 1 partition. Total tree length by partition (subs/site)  2.338

### Obtaining the global omega estimate based on relative GTR branch lengths and nucleotide substitution biases
* Log(L) = -12525.55, AIC-c = 25159.65 (54 estimated parameters)
* 1 partition. Total tree length by partition (subs/site)  3.796
* non-synonymous/synonymous rate ratio for *test* =   0.0297

### Performing joint maximum likelihood ancestral state reconstruction

### For partition 1 these sites are significant at p <=0.1

|     Codon      |   Partition    |       S        |       N        |       dS       |       dN       |Selection detected?|
|:--------------:|:--------------:|:--------------:|:--------------:|:--------------:|:--------------:|:-----------------:|
|       4        |       1        |     5.000      |     3.000      |     6.169      |     1.373      |  Neg. p = 0.038   |
|       5        |       1        |     5.000      |     0.000      |     5.000      |     0.000      |  Neg. p = 0.004   |
|       6        |       1        |     5.000      |     0.000      |     7.896      |     0.000      |  Neg. p = 0.003   |
|       7        |       1        |     11.000     |     1.000      |     6.840      |     0.733      |  Neg. p = 0.007   |
|       8        |       1        |     6.000      |     1.000      |     7.261      |     0.468      |  Neg. p = 0.003   |
|       9        |       1        |     4.000      |     0.000      |     4.000      |     0.000      |  Neg. p = 0.015   |
|       10       |       1        |     7.000      |     0.000      |     7.000      |     0.000      |  Neg. p = 0.000   |
|       11       |       1        |     4.000      |     0.000      |     5.019      |     0.000      |  Neg. p = 0.005   |
|       12       |       1        |     8.000      |     0.000      |     9.971      |     0.000      |  Neg. p = 0.000   |
|       14       |       1        |     8.000      |     0.000      |     9.657      |     0.000      |  Neg. p = 0.000   |
|       15       |       1        |     5.000      |     0.000      |     5.988      |     0.000      |  Neg. p = 0.002   |
|       16       |       1        |     3.000      |     0.000      |     3.000      |     0.000      |  Neg. p = 0.037   |
|       17       |       1        |     7.000      |     0.000      |     7.000      |     0.000      |  Neg. p = 0.000   |
|       18       |       1        |     9.000      |     0.000      |     5.773      |     0.000      |  Neg. p = 0.003   |
|       19       |       1        |     5.000      |     0.000      |     6.245      |     0.000      |  Neg. p = 0.002   |
|       20       |       1        |     7.000      |     0.000      |     4.254      |     0.000      |  Neg. p = 0.017   |
|       21       |       1        |     8.000      |     2.000      |     5.580      |     1.337      |  Neg. p = 0.048   |
|       22       |       1        |     7.000      |     0.000      |     8.453      |     0.000      |  Neg. p = 0.000   |
|       23       |       1        |     8.000      |     1.000      |     8.000      |     0.500      |  Neg. p = 0.001   |
|       25       |       1        |     2.000      |     0.000      |     4.416      |     0.000      |  Neg. p = 0.047   |
|       26       |       1        |     6.000      |     0.000      |     6.000      |     0.000      |  Neg. p = 0.001   |
|       27       |       1        |     5.000      |     0.000      |     5.000      |     0.000      |  Neg. p = 0.004   |
|       30       |       1        |     5.000      |     0.000      |     5.000      |     0.000      |  Neg. p = 0.004   |
|       31       |       1        |     6.000      |     2.000      |     6.031      |     0.997      |  Neg. p = 0.019   |
|       32       |       1        |     6.000      |     0.000      |     6.000      |     0.000      |  Neg. p = 0.001   |
|       33       |       1        |     7.000      |     0.000      |     4.258      |     0.000      |  Neg. p = 0.016   |
|       34       |       1        |     7.000      |     0.000      |     7.000      |     0.000      |  Neg. p = 0.000   |
|       35       |       1        |     5.000      |     2.000      |     4.966      |     1.005      |  Neg. p = 0.047   |
|       36       |       1        |     7.000      |     0.000      |     5.026      |     0.000      |  Neg. p = 0.005   |
|       37       |       1        |     3.000      |     0.000      |     3.570      |     0.000      |  Neg. p = 0.022   |
|       38       |       1        |     4.000      |     0.000      |     4.000      |     0.000      |  Neg. p = 0.012   |
|       39       |       1        |     8.000      |     0.000      |     8.000      |     0.000      |  Neg. p = 0.000   |
|       40       |       1        |     4.000      |     0.000      |     7.677      |     0.000      |  Neg. p = 0.001   |
|       41       |       1        |     12.000     |     0.000      |     7.047      |     0.000      |  Neg. p = 0.001   |
|       42       |       1        |     8.000      |     0.000      |     8.000      |     0.000      |  Neg. p = 0.000   |
|       43       |       1        |     3.000      |     0.000      |     5.913      |     0.000      |  Neg. p = 0.012   |
|       44       |       1        |     5.000      |     0.000      |     5.000      |     0.000      |  Neg. p = 0.004   |
|       45       |       1        |     8.000      |     0.000      |     8.000      |     0.000      |  Neg. p = 0.000   |
|       47       |       1        |     11.000     |     0.000      |     8.230      |     0.000      |  Neg. p = 0.000   |
|       48       |       1        |     6.000      |     1.000      |     4.077      |     0.677      |  Neg. p = 0.062   |
|       49       |       1        |     6.000      |     1.000      |     6.392      |     0.486      |  Neg. p = 0.005   |
|       50       |       1        |     7.000      |     2.000      |     8.392      |     0.923      |  Neg. p = 0.003   |
|       51       |       1        |     4.000      |     0.000      |     5.025      |     0.000      |  Neg. p = 0.005   |
|       52       |       1        |     6.000      |     1.000      |     8.787      |     0.504      |  Neg. p = 0.002   |
|       53       |       1        |     5.000      |     1.000      |     6.215      |     0.455      |  Neg. p = 0.006   |
|       54       |       1        |     9.000      |     1.000      |     11.244     |     0.498      |  Neg. p = 0.000   |
|       55       |       1        |     7.000      |     0.000      |     8.373      |     0.000      |  Neg. p = 0.000   |
|       56       |       1        |     7.000      |     0.000      |     7.000      |     0.000      |  Neg. p = 0.000   |
|       57       |       1        |     7.000      |     2.000      |     8.407      |     0.923      |  Neg. p = 0.003   |
|       58       |       1        |     9.000      |     0.000      |     9.000      |     0.000      |  Neg. p = 0.000   |
|       59       |       1        |     7.000      |     0.000      |     7.000      |     0.000      |  Neg. p = 0.000   |
|       60       |       1        |     5.000      |     1.000      |     5.000      |     0.500      |  Neg. p = 0.018   |
|       61       |       1        |     2.000      |     0.000      |     2.374      |     0.000      |  Neg. p = 0.079   |
|       62       |       1        |     6.000      |     0.000      |     6.000      |     0.000      |  Neg. p = 0.001   |
|       63       |       1        |     6.000      |     0.000      |     7.459      |     0.000      |  Neg. p = 0.000   |
|       64       |       1        |     8.000      |     2.000      |     8.171      |     0.990      |  Neg. p = 0.003   |
|       66       |       1        |     7.000      |     1.000      |     8.519      |     0.459      |  Neg. p = 0.001   |
|       67       |       1        |     6.000      |     0.000      |     7.536      |     0.000      |  Neg. p = 0.000   |
|       68       |       1        |     7.000      |     0.000      |     8.762      |     0.000      |  Neg. p = 0.000   |
|       69       |       1        |     4.000      |     1.000      |     8.258      |     0.398      |  Neg. p = 0.003   |
|       70       |       1        |     6.000      |     0.000      |     6.000      |     0.000      |  Neg. p = 0.001   |
|       71       |       1        |     4.000      |     0.000      |     8.689      |     0.000      |  Neg. p = 0.001   |
|       72       |       1        |     10.000     |     0.000      |     10.000     |     0.000      |  Neg. p = 0.000   |
|       73       |       1        |     6.000      |     2.000      |     7.601      |     0.905      |  Neg. p = 0.006   |
|       75       |       1        |     5.000      |     0.000      |     5.993      |     0.000      |  Neg. p = 0.002   |
|       76       |       1        |     9.000      |     0.000      |     9.000      |     0.000      |  Neg. p = 0.000   |
|       77       |       1        |     5.000      |     0.000      |     5.000      |     0.000      |  Neg. p = 0.004   |
|       78       |       1        |     5.000      |     0.000      |     6.206      |     0.000      |  Neg. p = 0.001   |
|       79       |       1        |     8.000      |     0.000      |     8.000      |     0.000      |  Neg. p = 0.000   |
|       80       |       1        |     4.000      |     0.000      |     5.028      |     0.000      |  Neg. p = 0.005   |
|       81       |       1        |     3.000      |     0.000      |     5.855      |     0.000      |  Neg. p = 0.015   |
|       82       |       1        |     8.000      |     0.000      |     5.281      |     0.000      |  Neg. p = 0.005   |
|       83       |       1        |     9.500      |     1.500      |     9.560      |     0.748      |  Neg. p = 0.001   |
|       84       |       1        |     9.000      |     1.000      |     9.000      |     0.500      |  Neg. p = 0.000   |
|       85       |       1        |     11.000     |     0.000      |     6.326      |     0.000      |  Neg. p = 0.003   |
|       87       |       1        |     6.000      |     0.000      |     7.152      |     0.000      |  Neg. p = 0.000   |
|       88       |       1        |     6.000      |     0.000      |     6.000      |     0.000      |  Neg. p = 0.001   |
|       89       |       1        |     6.000      |     0.000      |     6.000      |     0.000      |  Neg. p = 0.001   |
|       90       |       1        |     6.000      |     0.000      |     6.000      |     0.000      |  Neg. p = 0.001   |
|       91       |       1        |     8.000      |     1.000      |     9.607      |     0.461      |  Neg. p = 0.000   |
|       92       |       1        |     2.000      |     0.000      |     3.753      |     0.000      |  Neg. p = 0.032   |
|       93       |       1        |     3.000      |     0.000      |     3.000      |     0.000      |  Neg. p = 0.037   |
|       94       |       1        |     4.000      |     0.000      |     5.003      |     0.000      |  Neg. p = 0.005   |
|       95       |       1        |     8.000      |     0.000      |     8.000      |     0.000      |  Neg. p = 0.000   |
|       96       |       1        |     7.000      |     1.000      |     7.035      |     0.499      |  Neg. p = 0.003   |
|       98       |       1        |     4.000      |     0.000      |     4.805      |     0.000      |  Neg. p = 0.006   |
|       99       |       1        |     7.000      |     1.000      |     8.581      |     0.458      |  Neg. p = 0.001   |
|      101       |       1        |     5.000      |     0.000      |     5.000      |     0.000      |  Neg. p = 0.004   |
|      104       |       1        |     8.000      |     2.000      |     7.709      |     1.021      |  Neg. p = 0.004   |
|      105       |       1        |     10.000     |     0.000      |     7.108      |     0.000      |  Neg. p = 0.001   |
|      106       |       1        |     6.000      |     2.000      |     6.000      |     1.000      |  Neg. p = 0.020   |
|      107       |       1        |     7.000      |     0.000      |     7.000      |     0.000      |  Neg. p = 0.000   |
|      108       |       1        |     8.000      |     0.000      |     8.000      |     0.000      |  Neg. p = 0.000   |
|      109       |       1        |     5.000      |     2.000      |     5.972      |     0.925      |  Neg. p = 0.021   |
|      110       |       1        |     7.000      |     0.000      |     5.217      |     0.000      |  Neg. p = 0.004   |
|      111       |       1        |     10.000     |     2.000      |     7.825      |     1.163      |  Neg. p = 0.005   |
|      112       |       1        |     11.000     |     0.000      |     7.716      |     0.000      |  Neg. p = 0.000   |
|      113       |       1        |     8.000      |     4.000      |     6.211      |     2.340      |  Neg. p = 0.087   |
|      114       |       1        |     6.000      |     0.000      |     6.000      |     0.000      |  Neg. p = 0.001   |
|      115       |       1        |     9.000      |     0.000      |     9.000      |     0.000      |  Neg. p = 0.000   |
|      116       |       1        |     6.000      |     3.000      |     6.000      |     1.576      |  Neg. p = 0.050   |
|      119       |       1        |     6.000      |     0.000      |     11.817     |     0.000      |  Neg. p = 0.000   |
|      120       |       1        |     7.000      |     0.000      |     7.000      |     0.000      |  Neg. p = 0.000   |
|      121       |       1        |     9.000      |     0.000      |     9.000      |     0.000      |  Neg. p = 0.000   |
|      122       |       1        |     8.000      |     2.000      |     8.000      |     1.000      |  Neg. p = 0.003   |
|      123       |       1        |     5.000      |     0.000      |     5.000      |     0.000      |  Neg. p = 0.004   |
|      124       |       1        |     6.000      |     0.000      |     6.000      |     0.000      |  Neg. p = 0.001   |
|      125       |       1        |     8.000      |     0.000      |     8.000      |     0.000      |  Neg. p = 0.000   |
|      126       |       1        |     3.000      |     0.000      |     6.548      |     0.000      |  Neg. p = 0.010   |
|      127       |       1        |     5.000      |     0.000      |     5.000      |     0.000      |  Neg. p = 0.004   |
|      128       |       1        |     7.000      |     0.000      |     7.000      |     0.000      |  Neg. p = 0.000   |
|      129       |       1        |     7.000      |     0.000      |     8.666      |     0.000      |  Neg. p = 0.000   |
|      130       |       1        |     8.000      |     0.000      |     8.000      |     0.000      |  Neg. p = 0.000   |
|      131       |       1        |     7.000      |     0.000      |     7.000      |     0.000      |  Neg. p = 0.000   |
|      132       |       1        |     10.000     |     0.000      |     6.963      |     0.000      |  Neg. p = 0.001   |
|      134       |       1        |     4.000      |     0.000      |     4.000      |     0.000      |  Neg. p = 0.012   |
|      135       |       1        |     6.000      |     0.000      |     7.473      |     0.000      |  Neg. p = 0.000   |
|      136       |       1        |     9.000      |     5.000      |     8.485      |     2.698      |  Neg. p = 0.032   |
|      137       |       1        |     6.000      |     2.000      |     6.000      |     1.013      |  Neg. p = 0.021   |
|      138       |       1        |     5.000      |     0.000      |     6.239      |     0.000      |  Neg. p = 0.001   |
|      139       |       1        |     4.000      |     1.000      |     4.000      |     0.500      |  Neg. p = 0.045   |
|      140       |       1        |     9.000      |     0.000      |     9.000      |     0.000      |  Neg. p = 0.000   |
|      141       |       1        |     4.000      |     0.000      |     4.000      |     0.000      |  Neg. p = 0.012   |
|      142       |       1        |     5.000      |     0.000      |     6.145      |     0.000      |  Neg. p = 0.001   |
|      143       |       1        |     11.000     |     1.000      |     7.100      |     0.699      |  Neg. p = 0.005   |
|      144       |       1        |     6.000      |     4.000      |     6.129      |     1.979      |  Neg. p = 0.070   |
|      145       |       1        |     5.000      |     1.000      |     6.177      |     0.457      |  Neg. p = 0.007   |
|      146       |       1        |     5.000      |     0.000      |     6.247      |     0.000      |  Neg. p = 0.001   |
|      147       |       1        |     7.000      |     0.000      |     7.000      |     0.000      |  Neg. p = 0.000   |
|      148       |       1        |     12.000     |     0.000      |     9.974      |     0.000      |  Neg. p = 0.000   |
|      149       |       1        |     5.000      |     0.000      |     6.286      |     0.000      |  Neg. p = 0.001   |
|      150       |       1        |     9.000      |     0.000      |     5.179      |     0.000      |  Neg. p = 0.008   |
|      151       |       1        |     6.000      |     0.000      |     6.000      |     0.000      |  Neg. p = 0.001   |
|      152       |       1        |     9.000      |     0.000      |     9.000      |     0.000      |  Neg. p = 0.000   |
|      153       |       1        |     6.000      |     5.000      |     6.630      |     2.387      |  Neg. p = 0.080   |
|      154       |       1        |     5.000      |     0.000      |     5.000      |     0.000      |  Neg. p = 0.004   |
|      155       |       1        |     3.000      |     0.000      |     3.000      |     0.000      |  Neg. p = 0.037   |
|      156       |       1        |     7.000      |     0.000      |     8.536      |     0.000      |  Neg. p = 0.000   |
|      157       |       1        |     4.000      |     0.000      |     2.541      |     0.000      |  Neg. p = 0.082   |
|      158       |       1        |     7.000      |     0.000      |     7.000      |     0.000      |  Neg. p = 0.000   |
|      159       |       1        |     6.000      |     0.000      |     6.000      |     0.000      |  Neg. p = 0.001   |
|      160       |       1        |     7.000      |     0.000      |     8.703      |     0.000      |  Neg. p = 0.000   |
|      161       |       1        |     6.000      |     1.000      |     7.593      |     0.454      |  Neg. p = 0.002   |
|      162       |       1        |     3.000      |     0.000      |     3.735      |     0.000      |  Neg. p = 0.019   |
|      163       |       1        |     7.000      |     0.000      |     8.378      |     0.000      |  Neg. p = 0.000   |
|      164       |       1        |     6.000      |     0.000      |     6.000      |     0.000      |  Neg. p = 0.001   |
|      165       |       1        |     6.000      |     0.000      |     6.000      |     0.000      |  Neg. p = 0.001   |
|      166       |       1        |     8.500      |     3.500      |     9.918      |     1.633      |  Neg. p = 0.004   |
|      167       |       1        |     7.000      |     1.000      |     8.388      |     0.462      |  Neg. p = 0.001   |
|      168       |       1        |     6.000      |     0.000      |     7.230      |     0.000      |  Neg. p = 0.000   |
|      169       |       1        |     2.000      |     0.000      |     4.340      |     0.000      |  Neg. p = 0.024   |
|      171       |       1        |     5.000      |     0.000      |     5.000      |     0.000      |  Neg. p = 0.004   |
|      172       |       1        |     8.000      |     0.000      |     8.000      |     0.000      |  Neg. p = 0.000   |
|      173       |       1        |     5.000      |     0.000      |     5.000      |     0.000      |  Neg. p = 0.004   |
|      174       |       1        |     3.000      |     1.000      |     5.901      |     0.401      |  Neg. p = 0.017   |
|      176       |       1        |     3.000      |     0.000      |     6.377      |     0.000      |  Neg. p = 0.010   |
|      177       |       1        |     4.000      |     0.000      |     4.877      |     0.000      |  Neg. p = 0.007   |
|      178       |       1        |     2.000      |     0.000      |     4.299      |     0.000      |  Neg. p = 0.044   |
|      179       |       1        |     8.000      |     0.000      |     8.000      |     0.000      |  Neg. p = 0.000   |
|      180       |       1        |     8.000      |     0.000      |     8.000      |     0.000      |  Neg. p = 0.000   |
|      181       |       1        |     9.000      |     0.000      |     6.158      |     0.000      |  Neg. p = 0.002   |
|      182       |       1        |     4.000      |     0.000      |     4.807      |     0.000      |  Neg. p = 0.006   |
|      183       |       1        |     7.000      |     1.000      |     7.032      |     0.499      |  Neg. p = 0.003   |
|      185       |       1        |     6.000      |     0.000      |     6.000      |     0.000      |  Neg. p = 0.001   |
|      186       |       1        |     6.000      |     3.000      |     6.062      |     1.492      |  Neg. p = 0.040   |
|      187       |       1        |     8.000      |     2.000      |     6.308      |     1.173      |  Neg. p = 0.019   |
|      188       |       1        |     6.000      |     0.000      |     7.311      |     0.000      |  Neg. p = 0.000   |
|      189       |       1        |     3.000      |     0.000      |     3.000      |     0.000      |  Neg. p = 0.037   |
|      190       |       1        |     5.000      |     1.000      |     5.000      |     0.500      |  Neg. p = 0.018   |
|      191       |       1        |     5.000      |     3.000      |     5.218      |     1.469      |  Neg. p = 0.074   |
|      192       |       1        |     10.000     |     0.000      |     6.852      |     0.000      |  Neg. p = 0.001   |
|      193       |       1        |     6.000      |     0.000      |     3.840      |     0.000      |  Neg. p = 0.020   |
|      194       |       1        |     9.000      |     1.000      |     8.395      |     0.519      |  Neg. p = 0.001   |
|      195       |       1        |     8.000      |     0.000      |     5.737      |     0.000      |  Neg. p = 0.002   |
|      196       |       1        |     7.000      |     0.000      |     7.000      |     0.000      |  Neg. p = 0.000   |
|      197       |       1        |     10.000     |     1.000      |     7.650      |     0.593      |  Neg. p = 0.002   |
|      199       |       1        |     7.000      |     0.000      |     7.000      |     0.000      |  Neg. p = 0.000   |
|      200       |       1        |     5.000      |     0.000      |     3.059      |     0.000      |  Neg. p = 0.050   |
|      201       |       1        |     6.000      |     0.000      |     6.000      |     0.000      |  Neg. p = 0.001   |
|      202       |       1        |     4.000      |     0.000      |     4.000      |     0.000      |  Neg. p = 0.012   |
|      203       |       1        |     6.000      |     1.000      |     6.000      |     0.500      |  Neg. p = 0.007   |
|      204       |       1        |     6.000      |     0.000      |     7.182      |     0.000      |  Neg. p = 0.000   |
|      205       |       1        |     7.000      |     0.000      |     7.000      |     0.000      |  Neg. p = 0.000   |
|      207       |       1        |     8.000      |     0.000      |     5.720      |     0.000      |  Neg. p = 0.002   |
|      208       |       1        |     9.000      |     0.000      |     5.350      |     0.000      |  Neg. p = 0.006   |
|      209       |       1        |     5.000      |     0.000      |     5.000      |     0.000      |  Neg. p = 0.004   |
|      210       |       1        |     6.000      |     0.000      |     7.522      |     0.000      |  Neg. p = 0.000   |
|      211       |       1        |     9.000      |     0.000      |     9.000      |     0.000      |  Neg. p = 0.000   |
|      212       |       1        |     6.000      |     0.000      |     7.466      |     0.000      |  Neg. p = 0.000   |
|      213       |       1        |     10.000     |     0.000      |     8.527      |     0.000      |  Neg. p = 0.000   |
|      214       |       1        |     5.000      |     0.000      |     6.283      |     0.000      |  Neg. p = 0.001   |
|      215       |       1        |     11.000     |     0.000      |     11.000     |     0.000      |  Neg. p = 0.000   |
|      216       |       1        |     8.000      |     1.000      |     8.000      |     0.500      |  Neg. p = 0.001   |
|      217       |       1        |     3.000      |     0.000      |     3.780      |     0.000      |  Neg. p = 0.019   |
|      218       |       1        |     5.000      |     0.000      |     6.021      |     0.000      |  Neg. p = 0.002   |
|      219       |       1        |     5.000      |     0.000      |     6.214      |     0.000      |  Neg. p = 0.001   |
|      220       |       1        |     10.000     |     0.000      |     10.000     |     0.000      |  Neg. p = 0.000   |
|      221       |       1        |     8.000      |     3.000      |     8.000      |     1.500      |  Neg. p = 0.009   |
|      222       |       1        |     4.000      |     0.000      |     4.000      |     0.000      |  Neg. p = 0.012   |
|      223       |       1        |     7.000      |     0.000      |     7.000      |     0.000      |  Neg. p = 0.000   |
|      224       |       1        |     7.000      |     0.000      |     7.000      |     0.000      |  Neg. p = 0.000   |
|      225       |       1        |     4.000      |     0.000      |     5.001      |     0.000      |  Neg. p = 0.005   |
|      226       |       1        |     5.000      |     0.000      |     5.000      |     0.000      |  Neg. p = 0.004   |
|      227       |       1        |     6.000      |     0.000      |     7.303      |     0.000      |  Neg. p = 0.000   |
|      228       |       1        |     7.000      |     0.000      |     4.317      |     0.000      |  Neg. p = 0.014   |
|      229       |       1        |     9.000      |     0.000      |     10.776     |     0.000      |  Neg. p = 0.000   |
|      230       |       1        |     2.000      |     0.000      |     4.397      |     0.000      |  Neg. p = 0.042   |
|      231       |       1        |     3.000      |     0.000      |     3.774      |     0.000      |  Neg. p = 0.019   |
|      232       |       1        |     9.000      |     0.000      |     5.281      |     0.000      |  Neg. p = 0.007   |
|      233       |       1        |     5.000      |     0.000      |     6.220      |     0.000      |  Neg. p = 0.001   |
|      235       |       1        |     5.000      |     0.000      |     6.152      |     0.000      |  Neg. p = 0.001   |
|      236       |       1        |     10.000     |     0.000      |     11.998     |     0.000      |  Neg. p = 0.000   |
|      237       |       1        |     9.000      |     0.000      |     9.000      |     0.000      |  Neg. p = 0.000   |
|      238       |       1        |     4.000      |     0.000      |     5.029      |     0.000      |  Neg. p = 0.005   |
|      239       |       1        |     9.000      |     1.000      |     9.000      |     0.500      |  Neg. p = 0.000   |
|      241       |       1        |     10.000     |     0.000      |     10.000     |     0.000      |  Neg. p = 0.000   |
|      242       |       1        |     7.000      |     0.000      |     8.774      |     0.000      |  Neg. p = 0.000   |
|      243       |       1        |     5.000      |     0.000      |     6.195      |     0.000      |  Neg. p = 0.001   |
|      244       |       1        |     7.000      |     1.000      |     6.328      |     0.529      |  Neg. p = 0.005   |
|      245       |       1        |     4.000      |     0.000      |     4.827      |     0.000      |  Neg. p = 0.006   |
|      246       |       1        |     9.000      |     1.000      |     6.983      |     0.586      |  Neg. p = 0.003   |
|      247       |       1        |     8.000      |     0.000      |     8.000      |     0.000      |  Neg. p = 0.000   |
|      248       |       1        |     8.000      |     0.000      |     8.000      |     0.000      |  Neg. p = 0.000   |
|      249       |       1        |     6.000      |     0.000      |     7.319      |     0.000      |  Neg. p = 0.000   |
|      250       |       1        |     8.000      |     0.000      |     8.000      |     0.000      |  Neg. p = 0.000   |
|      252       |       1        |     6.000      |     1.000      |     7.328      |     0.458      |  Neg. p = 0.002   |
|      253       |       1        |     7.000      |     0.000      |     7.000      |     0.000      |  Neg. p = 0.000   |
|      254       |       1        |     7.000      |     0.000      |     8.588      |     0.000      |  Neg. p = 0.000   |
|      255       |       1        |     5.500      |     1.500      |     6.489      |     0.697      |  Neg. p = 0.012   |
|      256       |       1        |     4.000      |     0.000      |     4.000      |     0.000      |  Neg. p = 0.012   |
|      257       |       1        |     7.000      |     2.000      |     7.000      |     1.000      |  Neg. p = 0.008   |
|      258       |       1        |     9.000      |     4.000      |     10.802     |     1.979      |  Neg. p = 0.003   |
|      259       |       1        |     3.000      |     0.000      |     3.763      |     0.000      |  Neg. p = 0.023   |
|      260       |       1        |     8.000      |     0.000      |     8.000      |     0.000      |  Neg. p = 0.000   |
|      264       |       1        |     4.000      |     0.000      |     8.472      |     0.000      |  Neg. p = 0.001   |
|      265       |       1        |     4.000      |     0.000      |     4.000      |     0.000      |  Neg. p = 0.012   |
|      266       |       1        |     8.000      |     0.000      |     9.817      |     0.000      |  Neg. p = 0.000   |
|      267       |       1        |     8.000      |     0.000      |     8.000      |     0.000      |  Neg. p = 0.000   |
|      268       |       1        |     6.000      |     0.000      |     7.143      |     0.000      |  Neg. p = 0.001   |
|      269       |       1        |     9.000      |     0.000      |     9.000      |     0.000      |  Neg. p = 0.000   |
|      270       |       1        |     4.000      |     0.000      |     8.021      |     0.000      |  Neg. p = 0.001   |
|      271       |       1        |     8.000      |     2.000      |     8.011      |     0.999      |  Neg. p = 0.003   |
|      272       |       1        |     2.000      |     0.000      |     4.307      |     0.000      |  Neg. p = 0.049   |
|      273       |       1        |     8.000      |     1.000      |     8.000      |     0.500      |  Neg. p = 0.001   |
|      275       |       1        |     4.500      |     2.500      |     8.603      |     1.009      |  Neg. p = 0.012   |
|      276       |       1        |     5.000      |     0.000      |     5.000      |     0.000      |  Neg. p = 0.005   |
|      277       |       1        |     3.000      |     0.000      |     3.600      |     0.000      |  Neg. p = 0.021   |
|      278       |       1        |     10.000     |     0.000      |     10.000     |     0.000      |  Neg. p = 0.000   |
|      279       |       1        |     5.000      |     0.000      |     6.270      |     0.000      |  Neg. p = 0.001   |
|      280       |       1        |     11.000     |     0.000      |     6.957      |     0.000      |  Neg. p = 0.001   |
|      281       |       1        |     11.000     |     0.000      |     11.000     |     0.000      |  Neg. p = 0.000   |
|      282       |       1        |     6.000      |     0.000      |     7.173      |     0.000      |  Neg. p = 0.000   |
|      283       |       1        |     5.000      |     0.000      |     6.018      |     0.000      |  Neg. p = 0.002   |
|      284       |       1        |     6.000      |     0.000      |     6.000      |     0.000      |  Neg. p = 0.001   |
|      285       |       1        |     4.000      |     0.000      |     8.272      |     0.000      |  Neg. p = 0.003   |
|      286       |       1        |     4.000      |     0.000      |     4.000      |     0.000      |  Neg. p = 0.012   |
|      287       |       1        |     4.000      |     0.000      |     4.985      |     0.000      |  Neg. p = 0.005   |
|      288       |       1        |     6.000      |     0.000      |     7.210      |     0.000      |  Neg. p = 0.000   |
|      289       |       1        |     2.000      |     0.000      |     4.105      |     0.000      |  Neg. p = 0.026   |
|      290       |       1        |     4.000      |     0.000      |     4.951      |     0.000      |  Neg. p = 0.005   |
|      292       |       1        |     4.000      |     0.000      |     4.000      |     0.000      |  Neg. p = 0.012   |
|      293       |       1        |     8.000      |     0.000      |     8.000      |     0.000      |  Neg. p = 0.000   |
|      294       |       1        |     4.000      |     1.000      |     6.717      |     0.417      |  Neg. p = 0.007   |
|      295       |       1        |     4.000      |     0.000      |     4.822      |     0.000      |  Neg. p = 0.006   |
|      296       |       1        |     4.000      |     0.000      |     4.000      |     0.000      |  Neg. p = 0.012   |
|      297       |       1        |     5.000      |     0.000      |     6.246      |     0.000      |  Neg. p = 0.001   |
|      298       |       1        |     5.000      |     0.000      |     5.000      |     0.000      |  Neg. p = 0.004   |
|      300       |       1        |     6.000      |     0.000      |     6.000      |     0.000      |  Neg. p = 0.001   |
|      301       |       1        |     5.000      |     1.000      |     6.229      |     0.499      |  Neg. p = 0.009   |
|      302       |       1        |     5.000      |     0.000      |     6.128      |     0.000      |  Neg. p = 0.001   |
|      303       |       1        |     5.000      |     0.000      |     5.000      |     0.000      |  Neg. p = 0.004   |
|      304       |       1        |     8.000      |     0.000      |     8.000      |     0.000      |  Neg. p = 0.000   |
|      305       |       1        |     7.000      |     1.000      |     7.000      |     0.500      |  Neg. p = 0.003   |
|      306       |       1        |     4.000      |     0.000      |     4.000      |     0.000      |  Neg. p = 0.012   |
|      308       |       1        |     6.000      |     0.000      |     7.385      |     0.000      |  Neg. p = 0.000   |
|      309       |       1        |     6.000      |     0.000      |     7.202      |     0.000      |  Neg. p = 0.000   |
|      310       |       1        |     5.000      |     0.000      |     5.000      |     0.000      |  Neg. p = 0.004   |
|      311       |       1        |     7.000      |     0.000      |     8.453      |     0.000      |  Neg. p = 0.000   |
|      312       |       1        |     7.000      |     0.000      |     7.000      |     0.000      |  Neg. p = 0.000   |
|      313       |       1        |     10.000     |     1.000      |     10.046     |     0.499      |  Neg. p = 0.000   |
|      314       |       1        |     5.000      |     0.000      |     5.000      |     0.000      |  Neg. p = 0.004   |
|      315       |       1        |     6.000      |     0.000      |     6.000      |     0.000      |  Neg. p = 0.001   |
|      316       |       1        |     3.000      |     1.000      |     6.333      |     0.436      |  Neg. p = 0.018   |
|      317       |       1        |     3.000      |     0.000      |     3.000      |     0.000      |  Neg. p = 0.037   |
|      318       |       1        |     8.000      |     0.000      |     9.607      |     0.000      |  Neg. p = 0.000   |
|      320       |       1        |     2.000      |     0.000      |     4.418      |     0.000      |  Neg. p = 0.047   |
|      321       |       1        |     8.000      |     0.000      |     6.350      |     0.000      |  Neg. p = 0.001   |
|      322       |       1        |     10.000     |     0.000      |     10.000     |     0.000      |  Neg. p = 0.000   |
|      323       |       1        |     6.000      |     0.000      |     6.000      |     0.000      |  Neg. p = 0.001   |
|      324       |       1        |     7.000      |     0.000      |     5.198      |     0.000      |  Neg. p = 0.004   |
|      325       |       1        |     7.000      |     0.000      |     8.409      |     0.000      |  Neg. p = 0.000   |
|      326       |       1        |     7.000      |     0.000      |     7.000      |     0.000      |  Neg. p = 0.000   |
|      327       |       1        |     7.000      |     1.000      |     7.000      |     0.500      |  Neg. p = 0.003   |
|      328       |       1        |     6.000      |     1.000      |     7.172      |     0.462      |  Neg. p = 0.003   |
|      329       |       1        |     5.500      |     2.500      |     6.596      |     1.154      |  Neg. p = 0.025   |
|      330       |       1        |     2.000      |     0.000      |     4.342      |     0.000      |  Neg. p = 0.028   |
|      332       |       1        |     8.000      |     0.000      |     8.000      |     0.000      |  Neg. p = 0.000   |
|      333       |       1        |     10.000     |     3.000      |     10.000     |     1.500      |  Neg. p = 0.002   |
|      334       |       1        |     5.000      |     0.000      |     5.000      |     0.000      |  Neg. p = 0.004   |
|      336       |       1        |     5.000      |     0.000      |     3.623      |     0.000      |  Neg. p = 0.021   |
|      338       |       1        |     3.000      |     0.000      |     3.000      |     0.000      |  Neg. p = 0.037   |
|      339       |       1        |     9.000      |     0.000      |     5.433      |     0.000      |  Neg. p = 0.005   |
|      340       |       1        |     9.000      |     0.000      |     9.000      |     0.000      |  Neg. p = 0.000   |
|      341       |       1        |     5.000      |     0.000      |     6.079      |     0.000      |  Neg. p = 0.002   |
|      342       |       1        |     7.000      |     0.000      |     8.760      |     0.000      |  Neg. p = 0.000   |
|      343       |       1        |     4.000      |     0.000      |     4.879      |     0.000      |  Neg. p = 0.006   |
|      344       |       1        |     6.000      |     0.000      |     4.230      |     0.000      |  Neg. p = 0.012   |
|      345       |       1        |     6.000      |     0.000      |     7.314      |     0.000      |  Neg. p = 0.000   |
|      346       |       1        |     9.000      |     0.000      |     9.000      |     0.000      |  Neg. p = 0.000   |
|      347       |       1        |     5.000      |     2.000      |     5.218      |     0.980      |  Neg. p = 0.038   |
|      348       |       1        |     8.000      |     0.000      |     8.000      |     0.000      |  Neg. p = 0.000   |
|      349       |       1        |     7.000      |     0.000      |     7.000      |     0.000      |  Neg. p = 0.000   |
|      350       |       1        |     12.000     |     0.000      |     6.812      |     0.000      |  Neg. p = 0.002   |
|      351       |       1        |     8.000      |     0.000      |     8.000      |     0.000      |  Neg. p = 0.000   |
|      352       |       1        |     7.000      |     0.000      |     7.000      |     0.000      |  Neg. p = 0.000   |
|      353       |       1        |     8.000      |     1.000      |     9.550      |     0.462      |  Neg. p = 0.000   |
|      354       |       1        |     5.000      |     3.000      |     5.211      |     1.470      |  Neg. p = 0.075   |
|      355       |       1        |     13.000     |     0.000      |     8.122      |     0.000      |  Neg. p = 0.000   |
|      358       |       1        |     5.000      |     0.000      |     5.000      |     0.000      |  Neg. p = 0.006   |
|      359       |       1        |     6.000      |     0.000      |     6.000      |     0.000      |  Neg. p = 0.002   |
|      360       |       1        |     8.000      |     0.000      |     5.365      |     0.000      |  Neg. p = 0.004   |
|      361       |       1        |     4.000      |     0.000      |     4.803      |     0.000      |  Neg. p = 0.006   |
|      362       |       1        |     4.000      |     1.000      |     4.761      |     0.463      |  Neg. p = 0.024   |
|      363       |       1        |     7.000      |     0.000      |     7.000      |     0.000      |  Neg. p = 0.000   |
|      364       |       1        |     6.500      |     1.500      |     4.590      |     0.951      |  Neg. p = 0.068   |
|      365       |       1        |     4.000      |     0.000      |     4.894      |     0.000      |  Neg. p = 0.006   |
|      366       |       1        |     6.000      |     0.000      |     7.202      |     0.000      |  Neg. p = 0.000   |
|      367       |       1        |     8.000      |     0.000      |     8.000      |     0.000      |  Neg. p = 0.000   |
|      368       |       1        |     6.000      |     0.000      |     7.529      |     0.000      |  Neg. p = 0.001   |
|      369       |       1        |     8.000      |     0.000      |     9.990      |     0.000      |  Neg. p = 0.000   |
|      370       |       1        |     7.000      |     0.000      |     7.000      |     0.000      |  Neg. p = 0.000   |
|      371       |       1        |     4.000      |     0.000      |     4.000      |     0.000      |  Neg. p = 0.012   |
|      372       |       1        |     8.000      |     0.000      |     8.000      |     0.000      |  Neg. p = 0.000   |
|      373       |       1        |     5.000      |     0.000      |     6.248      |     0.000      |  Neg. p = 0.001   |
|      374       |       1        |     4.000      |     0.000      |     5.017      |     0.000      |  Neg. p = 0.005   |
|      375       |       1        |     4.000      |     0.000      |     5.035      |     0.000      |  Neg. p = 0.005   |
|      376       |       1        |     7.000      |     0.000      |     8.431      |     0.000      |  Neg. p = 0.000   |
|      377       |       1        |     8.000      |     0.000      |     8.000      |     0.000      |  Neg. p = 0.000   |
|      378       |       1        |     10.000     |     0.000      |     7.110      |     0.000      |  Neg. p = 0.001   |
|      379       |       1        |     6.000      |     1.000      |     6.000      |     0.543      |  Neg. p = 0.009   |
|      380       |       1        |     2.000      |     0.000      |     4.411      |     0.000      |  Neg. p = 0.023   |
|      382       |       1        |     4.000      |     0.000      |     4.000      |     0.000      |  Neg. p = 0.012   |
|      383       |       1        |     7.000      |     0.000      |     7.000      |     0.000      |  Neg. p = 0.000   |
|      384       |       1        |     7.000      |     0.000      |     8.455      |     0.000      |  Neg. p = 0.000   |
|      385       |       1        |     5.000      |     0.000      |     5.000      |     0.000      |  Neg. p = 0.004   |
|      386       |       1        |     5.000      |     0.000      |     6.071      |     0.000      |  Neg. p = 0.002   |
|      387       |       1        |     3.000      |     0.000      |     6.595      |     0.000      |  Neg. p = 0.003   |
|      388       |       1        |     5.000      |     1.000      |     5.000      |     0.500      |  Neg. p = 0.018   |
|      389       |       1        |     5.000      |     0.000      |     5.000      |     0.000      |  Neg. p = 0.004   |
|      390       |       1        |     7.000      |     0.000      |     8.449      |     0.000      |  Neg. p = 0.000   |
|      391       |       1        |     8.500      |     4.500      |     9.437      |     2.144      |  Neg. p = 0.011   |
|      392       |       1        |     2.000      |     0.000      |     2.520      |     0.000      |  Neg. p = 0.070   |
|      393       |       1        |     3.000      |     0.000      |     6.202      |     0.000      |  Neg. p = 0.012   |
|      394       |       1        |     6.000      |     0.000      |     7.495      |     0.000      |  Neg. p = 0.000   |
|      395       |       1        |     6.000      |     0.000      |     6.000      |     0.000      |  Neg. p = 0.001   |
|      396       |       1        |     5.000      |     0.000      |     2.959      |     0.000      |  Neg. p = 0.060   |
|      397       |       1        |     6.000      |     0.000      |     7.463      |     0.000      |  Neg. p = 0.000   |
|      398       |       1        |     3.000      |     0.000      |     3.000      |     0.000      |  Neg. p = 0.045   |
|      399       |       1        |     4.000      |     0.000      |     4.000      |     0.000      |  Neg. p = 0.012   |
|      400       |       1        |     7.000      |     2.000      |     8.764      |     0.995      |  Neg. p = 0.003   |
|      401       |       1        |     7.000      |     1.000      |     7.038      |     0.499      |  Neg. p = 0.003   |
|      402       |       1        |     9.000      |     0.000      |     5.598      |     0.000      |  Neg. p = 0.004   |
|      403       |       1        |     5.000      |     4.000      |     6.243      |     1.819      |  Neg. p = 0.063   |
|      405       |       1        |     5.000      |     0.000      |     5.000      |     0.000      |  Neg. p = 0.004   |
|      406       |       1        |     5.000      |     4.000      |     7.453      |     2.145      |  Neg. p = 0.061   |
|      407       |       1        |     7.000      |     0.000      |     7.000      |     0.000      |  Neg. p = 0.000   |
|      410       |       1        |     3.000      |     1.000      |     3.815      |     0.456      |  Neg. p = 0.059   |
|      411       |       1        |     6.000      |     0.000      |     7.313      |     0.000      |  Neg. p = 0.000   |
|      413       |       1        |     4.000      |     1.000      |     4.763      |     0.463      |  Neg. p = 0.024   |
|      414       |       1        |     2.000      |     1.000      |     4.309      |     0.394      |  Neg. p = 0.064   |
|      415       |       1        |     5.000      |     0.000      |     6.044      |     0.000      |  Neg. p = 0.002   |
|      417       |       1        |     9.000      |     0.000      |     9.000      |     0.000      |  Neg. p = 0.000   |
|      418       |       1        |     3.000      |     0.000      |     3.000      |     0.000      |  Neg. p = 0.037   |
|      419       |       1        |     7.000      |     0.000      |     8.460      |     0.000      |  Neg. p = 0.000   |
|      421       |       1        |     7.000      |     0.000      |     7.000      |     0.000      |  Neg. p = 0.000   |
|      422       |       1        |     5.000      |     0.000      |     6.249      |     0.000      |  Neg. p = 0.001   |
|      423       |       1        |     4.000      |     0.000      |     5.030      |     0.000      |  Neg. p = 0.005   |
|      424       |       1        |     5.000      |     0.000      |     5.000      |     0.000      |  Neg. p = 0.004   |
|      425       |       1        |     4.000      |     0.000      |     8.481      |     0.000      |  Neg. p = 0.002   |
|      426       |       1        |     6.000      |     0.000      |     7.509      |     0.000      |  Neg. p = 0.000   |
|      427       |       1        |     4.000      |     0.000      |     5.007      |     0.000      |  Neg. p = 0.005   |
|      428       |       1        |     9.000      |     0.000      |     7.175      |     0.000      |  Neg. p = 0.000   |
|      429       |       1        |     6.000      |     0.000      |     6.000      |     0.000      |  Neg. p = 0.001   |
|      430       |       1        |     10.000     |     0.000      |     5.860      |     0.000      |  Neg. p = 0.004   |
|      431       |       1        |     8.000      |     1.000      |     8.000      |     0.523      |  Neg. p = 0.001   |
|      432       |       1        |     7.000      |     0.000      |     7.000      |     0.000      |  Neg. p = 0.000   |
|      433       |       1        |     4.000      |     0.000      |     8.196      |     0.000      |  Neg. p = 0.001   |
|      434       |       1        |     7.000      |     0.000      |     7.000      |     0.000      |  Neg. p = 0.000   |
|      436       |       1        |     6.000      |     1.000      |     6.011      |     0.500      |  Neg. p = 0.007   |
|      437       |       1        |     3.000      |     1.000      |     3.743      |     0.499      |  Neg. p = 0.073   |
|      438       |       1        |     8.000      |     0.000      |     8.000      |     0.000      |  Neg. p = 0.000   |
|      439       |       1        |     4.000      |     0.000      |     5.032      |     0.000      |  Neg. p = 0.005   |
|      440       |       1        |     3.000      |     0.000      |     3.776      |     0.000      |  Neg. p = 0.023   |
|      441       |       1        |     6.000      |     0.000      |     6.000      |     0.000      |  Neg. p = 0.001   |
|      442       |       1        |     4.000      |     1.000      |     4.772      |     0.463      |  Neg. p = 0.024   |
|      443       |       1        |     6.000      |     0.000      |     6.000      |     0.000      |  Neg. p = 0.001   |
|      444       |       1        |     9.000      |     0.000      |     11.163     |     0.000      |  Neg. p = 0.000   |
|      445       |       1        |     8.000      |     0.000      |     8.000      |     0.000      |  Neg. p = 0.000   |
|      448       |       1        |     7.000      |     0.000      |     8.374      |     0.000      |  Neg. p = 0.000   |
|      449       |       1        |     6.000      |     4.000      |     6.595      |     1.914      |  Neg. p = 0.050   |
|      451       |       1        |     5.000      |     0.000      |     5.000      |     0.000      |  Neg. p = 0.005   |
|      452       |       1        |     8.000      |     0.000      |     8.000      |     0.000      |  Neg. p = 0.000   |
|      454       |       1        |     3.000      |     0.000      |     3.000      |     0.000      |  Neg. p = 0.037   |
|      455       |       1        |     3.000      |     0.000      |     3.000      |     0.000      |  Neg. p = 0.042   |
|      456       |       1        |     6.000      |     1.000      |     7.124      |     0.464      |  Neg. p = 0.003   |
|      457       |       1        |     7.000      |     0.000      |     8.568      |     0.000      |  Neg. p = 0.000   |
|      458       |       1        |     7.000      |     0.000      |     7.000      |     0.000      |  Neg. p = 0.001   |
|      459       |       1        |     8.000      |     1.000      |     4.867      |     0.747      |  Neg. p = 0.039   |
|      462       |       1        |     7.000      |     3.000      |     7.112      |     1.488      |  Neg. p = 0.018   |
|      465       |       1        |     2.000      |     0.000      |     4.081      |     0.000      |  Neg. p = 0.027   |
|      466       |       1        |     6.000      |     1.000      |     7.259      |     0.460      |  Neg. p = 0.002   |
|      467       |       1        |     8.000      |     2.000      |     9.980      |     0.926      |  Neg. p = 0.001   |
|      468       |       1        |     6.000      |     0.000      |     11.850     |     0.000      |  Neg. p = 0.000   |
|      469       |       1        |     7.000      |     3.000      |     8.196      |     1.398      |  Neg. p = 0.008   |
|      471       |       1        |     2.000      |     0.000      |     4.340      |     0.000      |  Neg. p = 0.024   |
|      472       |       1        |     5.000      |     0.000      |     5.000      |     0.000      |  Neg. p = 0.004   |
|      473       |       1        |     7.000      |     0.000      |     8.584      |     0.000      |  Neg. p = 0.000   |
|      474       |       1        |     8.000      |     1.000      |     8.000      |     0.500      |  Neg. p = 0.001   |
|      476       |       1        |     3.000      |     0.000      |     6.337      |     0.000      |  Neg. p = 0.005   |
|      477       |       1        |     3.000      |     0.000      |     3.000      |     0.000      |  Neg. p = 0.037   |
|      478       |       1        |     2.000      |     1.000      |     4.335      |     0.418      |  Neg. p = 0.070   |
|      479       |       1        |     7.000      |     1.000      |     7.025      |     0.499      |  Neg. p = 0.003   |
|      482       |       1        |     8.500      |     6.500      |     9.559      |     3.079      |  Neg. p = 0.030   |
|      483       |       1        |     3.000      |     2.000      |     5.815      |     0.818      |  Neg. p = 0.040   |
|      484       |       1        |     6.500      |     5.500      |     8.469      |     2.981      |  Neg. p = 0.071   |
|      487       |       1        |     7.000      |     2.000      |     7.043      |     0.997      |  Neg. p = 0.008   |
|      488       |       1        |     4.000      |     2.000      |     4.950      |     0.912      |  Neg. p = 0.049   |
|      489       |       1        |     6.000      |     0.000      |     3.501      |     0.000      |  Neg. p = 0.035   |
|      490       |       1        |     7.000      |     0.000      |     10.292     |     0.000      |  Neg. p = 0.000   |
|      491       |       1        |     3.000      |     0.000      |     6.479      |     0.000      |  Neg. p = 0.011   |
|      492       |       1        |     15.000     |     0.000      |     8.995      |     0.000      |  Neg. p = 0.000   |
|      493       |       1        |     6.000      |     3.000      |     7.181      |     1.428      |  Neg. p = 0.019   |
|      494       |       1        |     6.000      |     0.000      |     6.000      |     0.000      |  Neg. p = 0.001   |
|      495       |       1        |     3.000      |     1.000      |     3.740      |     0.455      |  Neg. p = 0.061   |
|      496       |       1        |     7.000      |     0.000      |     7.000      |     0.000      |  Neg. p = 0.000   |
|      497       |       1        |     4.000      |     0.000      |     4.000      |     0.000      |  Neg. p = 0.012   |
|      498       |       1        |     7.000      |     0.000      |     7.000      |     0.000      |  Neg. p = 0.000   |
|      499       |       1        |     6.000      |     1.000      |     7.525      |     0.499      |  Neg. p = 0.003   |
|      500       |       1        |     7.000      |     0.000      |     8.789      |     0.000      |  Neg. p = 0.000   |
|      501       |       1        |     3.000      |     0.000      |     3.000      |     0.000      |  Neg. p = 0.037   |
|      502       |       1        |     5.000      |     0.000      |     6.009      |     0.000      |  Neg. p = 0.002   |
|      503       |       1        |     3.000      |     1.000      |     6.257      |     0.401      |  Neg. p = 0.015   |
|      504       |       1        |     4.000      |     0.000      |     7.761      |     0.000      |  Neg. p = 0.001   |
|      505       |       1        |     7.000      |     3.000      |     7.000      |     1.500      |  Neg. p = 0.020   |
|      507       |       1        |     5.000      |     0.000      |     5.979      |     0.000      |  Neg. p = 0.002   |
|      509       |       1        |     3.000      |     0.000      |     6.419      |     0.000      |  Neg. p = 0.005   |

### Ancestor sampling analysis

>Generating 100 ancestral sequence samples to obtain confidence intervals

Resampling results for partition 1

|     Codon      |   Partition    |    S [median, IQR]    |    N [median, IQR]    |    dS [median, IQR]    |    dN [median, IQR]    |  p-value [median, IQR]  |
|:--------------:|:--------------:|:---------------------:|:---------------------:|:----------------------:|:----------------------:|:-----------------------:|
|       4        |       1        |   7.00 [5.00-11.16]   |   3.00 [3.00-3.00]    |   8.59 [6.17-13.64]    |    1.38 [1.37-1.39]    |    0.01 [0.00-0.04]     |
|       5        |       1        |   6.00 [4.00-12.16]   |   0.00 [0.00-0.00]    |   6.00 [4.00-12.16]    |    0.00 [0.00-0.00]    |    0.00 [0.00-0.01]     |
|       6        |       1        |   6.00 [4.00-9.16]    |   0.00 [0.00-0.00]    |   10.01 [7.02-13.05]   |    0.00 [0.00-0.00]    |    0.00 [0.00-0.01]     |
|       7        |       1        |  12.00 [10.00-15.00]  |   1.00 [1.00-3.00]    |   7.58 [6.61-10.17]    |    0.74 [0.69-2.09]    |    0.01 [0.00-0.06]     |
|       8        |       1        |   8.00 [6.00-12.32]   |   1.00 [1.00-1.00]    |   9.78 [7.26-15.06]    |    0.47 [0.46-0.47]    |    0.00 [0.00-0.00]     |
|       9        |       1        |   5.00 [4.00-8.00]    |   0.00 [0.00-0.00]    |    5.00 [4.00-8.00]    |    0.00 [0.00-0.00]    |    0.01 [0.00-0.01]     |
|       10       |       1        |   9.00 [7.00-12.00]   |   0.00 [0.00-0.00]    |   9.00 [7.00-12.00]    |    0.00 [0.00-0.00]    |    0.00 [0.00-0.00]     |
|       11       |       1        |   5.50 [4.00-10.16]   |   0.00 [0.00-0.00]    |   6.81 [5.02-12.67]    |    0.00 [0.00-0.00]    |    0.00 [0.00-0.00]     |
|       12       |       1        |  10.00 [8.00-14.00]   |   0.00 [0.00-0.00]    |   12.22 [9.72-17.21]   |    0.00 [0.00-0.00]    |    0.00 [0.00-0.00]     |
|       14       |       1        |  11.00 [8.84-15.00]   |   0.00 [0.00-0.00]    |  13.30 [10.61-18.12]   |    0.00 [0.00-0.00]    |    0.00 [0.00-0.00]     |
|       15       |       1        |   6.00 [5.00-13.16]   |   0.00 [0.00-0.00]    |   7.26 [5.99-16.01]    |    0.00 [0.00-0.00]    |    0.00 [0.00-0.00]     |
|       16       |       1        |   4.00 [3.00-7.16]    |   0.00 [0.00-0.00]    |    4.00 [3.00-7.16]    |    0.00 [0.00-0.00]    |    0.01 [0.00-0.04]     |
|       17       |       1        |  10.00 [7.00-14.00]   |   0.00 [0.00-0.00]    |   10.00 [7.00-14.00]   |    0.00 [0.00-0.00]    |    0.00 [0.00-0.00]     |
|       18       |       1        |  10.00 [9.00-15.16]   |   0.00 [0.00-2.00]    |   6.55 [5.63-10.03]    |    0.00 [0.00-1.35]    |    0.00 [0.00-0.02]     |
|       19       |       1        |   7.50 [5.00-13.16]   |   0.00 [0.00-0.00]    |   9.29 [6.24-16.17]    |    0.00 [0.00-0.00]    |    0.00 [0.00-0.00]     |
|       20       |       1        |   9.00 [7.00-13.16]   |   0.00 [0.00-0.00]    |    5.89 [4.25-8.70]    |    0.00 [0.00-0.00]    |    0.00 [0.00-0.02]     |
|       21       |       1        |  10.00 [8.00-15.00]   |   2.00 [2.00-2.00]    |   7.09 [5.58-10.47]    |    1.34 [1.27-1.45]    |    0.02 [0.00-0.05]     |
|       22       |       1        |   9.00 [6.00-12.32]   |   0.00 [0.00-0.00]    |   10.91 [7.23-15.07]   |    0.00 [0.00-0.00]    |    0.00 [0.00-0.00]     |
|       23       |       1        |   9.00 [7.00-14.00]   |   1.00 [1.00-1.00]    |   9.00 [7.00-14.00]    |    0.50 [0.50-0.50]    |    0.00 [0.00-0.00]     |
|       25       |       1        |   2.00 [2.00-4.16]    |   0.00 [0.00-0.00]    |    4.42 [4.42-8.36]    |    0.00 [0.00-0.00]    |    0.05 [0.00-0.05]     |
|       26       |       1        |   8.00 [6.00-12.16]   |   0.00 [0.00-0.00]    |   8.00 [6.00-12.16]    |    0.00 [0.00-0.00]    |    0.00 [0.00-0.00]     |
|       27       |       1        |   5.00 [5.00-9.00]    |   0.00 [0.00-0.00]    |    5.00 [5.00-9.00]    |    0.00 [0.00-0.00]    |    0.00 [0.00-0.00]     |
|       30       |       1        |   6.00 [5.00-11.00]   |   0.00 [0.00-0.00]    |   6.00 [5.00-11.00]    |    0.00 [0.00-0.00]    |    0.00 [0.00-0.00]     |
|       31       |       1        |   6.00 [6.00-10.00]   |   2.00 [2.00-2.00]    |   6.03 [6.03-10.03]    |    1.00 [1.00-1.00]    |    0.02 [0.00-0.02]     |
|       32       |       1        |   9.00 [6.00-13.00]   |   0.00 [0.00-0.00]    |   9.00 [6.00-13.00]    |    0.00 [0.00-0.00]    |    0.00 [0.00-0.00]     |
|       33       |       1        |   9.00 [7.00-14.00]   |   0.00 [0.00-1.00]    |    5.45 [4.26-8.91]    |    0.00 [0.00-0.71]    |    0.01 [0.00-0.02]     |
|       34       |       1        |   9.00 [7.00-13.16]   |   0.00 [0.00-0.00]    |   9.00 [7.00-13.16]    |    0.00 [0.00-0.00]    |    0.00 [0.00-0.00]     |
|       35       |       1        |   7.00 [5.00-12.00]   |   2.00 [1.00-2.00]    |   6.96 [4.97-11.49]    |    1.00 [0.51-1.01]    |    0.01 [0.00-0.05]     |
|       36       |       1        |   9.00 [7.00-14.00]   |   0.00 [0.00-2.00]    |   7.02 [5.03-10.61]    |    0.00 [0.00-1.12]    |    0.00 [0.00-0.02]     |
|       37       |       1        |   3.00 [2.00-9.00]    |   0.00 [0.00-0.00]    |   3.57 [2.39-10.81]    |    0.00 [0.00-0.00]    |    0.02 [0.00-0.08]     |
|       38       |       1        |   4.00 [4.00-7.00]    |   0.00 [0.00-0.00]    |    4.00 [4.00-7.00]    |    0.00 [0.00-0.00]    |    0.01 [0.00-0.01]     |
|       39       |       1        |  10.00 [8.00-15.00]   |   0.00 [0.00-0.00]    |   10.00 [8.00-15.00]   |    0.00 [0.00-0.00]    |    0.00 [0.00-0.00]     |
|       40       |       1        |   4.00 [4.00-8.16]    |   0.00 [0.00-0.00]    |   7.68 [7.68-14.06]    |    0.00 [0.00-0.00]    |    0.00 [0.00-0.00]     |
|       41       |       1        |  13.00 [12.00-18.00]  |   0.00 [0.00-1.00]    |   7.79 [7.05-10.83]    |    0.00 [0.00-0.75]    |    0.00 [0.00-0.00]     |
|       42       |       1        |  11.00 [8.00-15.16]   |   0.00 [0.00-0.00]    |   11.00 [8.00-15.16]   |    0.00 [0.00-0.00]    |    0.00 [0.00-0.00]     |
|       43       |       1        |   4.00 [3.00-7.00]    |   0.00 [0.00-0.00]    |   7.48 [5.91-11.87]    |    0.00 [0.00-0.00]    |    0.00 [0.00-0.01]     |
|       44       |       1        |   6.00 [5.00-10.16]   |   0.00 [0.00-0.00]    |   6.00 [5.00-10.16]    |    0.00 [0.00-0.00]    |    0.00 [0.00-0.00]     |
|       45       |       1        |  10.00 [8.00-13.47]   |   0.00 [0.00-0.00]    |   10.00 [8.00-13.47]   |    0.00 [0.00-0.00]    |    0.00 [0.00-0.00]     |
|       47       |       1        |  14.00 [11.00-19.00]  |   0.00 [0.00-1.00]    |   10.44 [8.23-13.77]   |    0.00 [0.00-0.61]    |    0.00 [0.00-0.00]     |
|       48       |       1        |   7.00 [6.00-12.32]   |   1.00 [1.00-1.00]    |    4.66 [3.75-8.09]    |    0.69 [0.66-0.72]    |    0.04 [0.00-0.09]     |
|       49       |       1        |   7.00 [5.00-9.58]    |   1.00 [1.00-1.50]    |   7.46 [5.33-10.15]    |    0.49 [0.49-0.73]    |    0.00 [0.00-0.01]     |
|       50       |       1        |  10.00 [7.00-14.16]   |   2.00 [2.00-2.00]    |   12.03 [8.39-17.26]   |    0.92 [0.91-0.93]    |    0.00 [0.00-0.00]     |
|       51       |       1        |   5.00 [4.00-11.00]   |   0.00 [0.00-0.00]    |   6.26 [5.03-13.69]    |    0.00 [0.00-0.00]    |    0.00 [0.00-0.00]     |
|       52       |       1        |   8.00 [6.00-12.00]   |   1.00 [1.00-1.00]    |   11.52 [8.79-15.82]   |    0.50 [0.50-0.53]    |    0.00 [0.00-0.00]     |
|       53       |       1        |   7.00 [5.00-12.00]   |   1.00 [1.00-1.00]    |   8.63 [6.22-14.58]    |    0.46 [0.45-0.46]    |    0.00 [0.00-0.01]     |
|       54       |       1        |  11.00 [9.00-15.00]   |   1.00 [1.00-1.00]    |  13.41 [10.84-18.43]   |    0.50 [0.50-0.50]    |    0.00 [0.00-0.00]     |
|       55       |       1        |   9.00 [7.00-14.16]   |   0.00 [0.00-0.00]    |   10.82 [8.37-17.31]   |    0.00 [0.00-0.00]    |    0.00 [0.00-0.00]     |
|       56       |       1        |  10.00 [7.00-14.00]   |   0.00 [0.00-0.00]    |   10.00 [7.00-14.00]   |    0.00 [0.00-0.00]    |    0.00 [0.00-0.00]     |
|       57       |       1        |   8.50 [6.00-13.16]   |   2.00 [2.00-2.00]    |   10.25 [7.19-16.05]   |    0.92 [0.91-0.93]    |    0.00 [0.00-0.01]     |
|       58       |       1        |  11.00 [9.00-16.32]   |   0.00 [0.00-0.00]    |   11.00 [9.00-16.32]   |    0.00 [0.00-0.00]    |    0.00 [0.00-0.00]     |
|       59       |       1        |   9.00 [7.00-12.00]   |   0.00 [0.00-0.00]    |   9.00 [7.00-12.00]    |    0.00 [0.00-0.00]    |    0.00 [0.00-0.00]     |
|       60       |       1        |   7.00 [5.00-11.16]   |   1.00 [1.00-1.00]    |   7.00 [5.00-11.16]    |    0.50 [0.50-0.50]    |    0.00 [0.00-0.02]     |
|       61       |       1        |   2.00 [2.00-9.16]    |   0.00 [0.00-0.00]    |   2.37 [2.37-11.04]    |    0.00 [0.00-0.00]    |    0.08 [0.00-0.08]     |
|       62       |       1        |   8.00 [6.00-13.16]   |   0.00 [0.00-0.00]    |   8.00 [6.00-13.16]    |    0.00 [0.00-0.00]    |    0.00 [0.00-0.00]     |
|       63       |       1        |   9.00 [6.00-13.00]   |   0.00 [0.00-0.00]    |   11.08 [7.46-15.78]   |    0.00 [0.00-0.00]    |    0.00 [0.00-0.00]     |
|       64       |       1        |  10.00 [8.00-14.16]   |   2.00 [2.00-2.08]    |   10.21 [8.17-14.51]   |    0.99 [0.99-1.03]    |    0.00 [0.00-0.00]     |
|       66       |       1        |   9.00 [6.84-13.00]   |   1.00 [1.00-1.00]    |   10.95 [8.26-15.81]   |    0.46 [0.46-0.46]    |    0.00 [0.00-0.00]     |
|       67       |       1        |   7.50 [5.00-15.16]   |   0.00 [0.00-0.00]    |   9.33 [6.22-18.76]    |    0.00 [0.00-0.00]    |    0.00 [0.00-0.00]     |
|       68       |       1        |   9.00 [7.00-13.00]   |   0.00 [0.00-0.00]    |   11.19 [8.61-16.03]   |    0.00 [0.00-0.00]    |    0.00 [0.00-0.00]     |
|       69       |       1        |   4.00 [4.00-10.00]   |   1.00 [1.00-1.00]    |   8.26 [8.26-15.52]    |    0.40 [0.40-0.43]    |    0.00 [0.00-0.00]     |
|       70       |       1        |   9.00 [6.00-14.00]   |   0.00 [0.00-0.00]    |   9.00 [6.00-14.00]    |    0.00 [0.00-0.00]    |    0.00 [0.00-0.00]     |
|       71       |       1        |   5.00 [4.00-8.00]    |   0.00 [0.00-0.00]    |   10.25 [8.69-14.47]   |    0.00 [0.00-0.00]    |    0.00 [0.00-0.00]     |
|       72       |       1        |  12.00 [10.00-16.32]  |   0.00 [0.00-0.00]    |  12.00 [10.00-16.32]   |    0.00 [0.00-0.00]    |    0.00 [0.00-0.00]     |
|       73       |       1        |   8.00 [6.00-12.00]   |   2.00 [2.00-2.00]    |   10.25 [7.60-15.46]   |    0.90 [0.90-0.91]    |    0.00 [0.00-0.01]     |
|       75       |       1        |   7.00 [5.00-12.16]   |   0.00 [0.00-0.00]    |   8.45 [5.99-14.89]    |    0.00 [0.00-0.00]    |    0.00 [0.00-0.00]     |
|       76       |       1        |   9.50 [7.00-12.00]   |   0.00 [0.00-0.00]    |   9.50 [7.00-12.00]    |    0.00 [0.00-0.00]    |    0.00 [0.00-0.00]     |
|       77       |       1        |   7.00 [5.00-12.00]   |   0.00 [0.00-0.00]    |   7.00 [5.00-12.00]    |    0.00 [0.00-0.00]    |    0.00 [0.00-0.00]     |
|       78       |       1        |   8.00 [5.00-11.00]   |   0.00 [0.00-0.00]    |   9.68 [6.21-13.52]    |    0.00 [0.00-0.00]    |    0.00 [0.00-0.00]     |
|       79       |       1        |   8.00 [7.00-12.16]   |   0.00 [0.00-0.00]    |   8.00 [7.00-12.16]    |    0.00 [0.00-0.00]    |    0.00 [0.00-0.00]     |
|       80       |       1        |   5.00 [3.00-11.16]   |   0.00 [0.00-0.00]    |   6.26 [3.76-13.80]    |    0.00 [0.00-0.00]    |    0.00 [0.00-0.02]     |
|       81       |       1        |   3.00 [3.00-9.00]    |   0.00 [0.00-0.00]    |   5.85 [5.85-14.93]    |    0.00 [0.00-0.00]    |    0.01 [0.00-0.01]     |
|       82       |       1        |  10.00 [7.00-15.16]   |   0.00 [0.00-2.16]    |   6.72 [4.70-10.10]    |    0.00 [0.00-1.46]    |    0.00 [0.00-0.04]     |
|       83       |       1        |  11.50 [9.50-14.50]   |   1.50 [1.00-1.50]    |   11.57 [9.56-14.64]   |    0.75 [0.50-0.75]    |    0.00 [0.00-0.00]     |
|       84       |       1        |  11.00 [8.00-14.16]   |   1.00 [1.00-1.00]    |   11.00 [8.00-14.16]   |    0.50 [0.50-0.50]    |    0.00 [0.00-0.00]     |
|       85       |       1        |  14.00 [10.84-19.00]  |   0.00 [0.00-1.00]    |   8.21 [6.22-11.53]    |    0.00 [0.00-0.78]    |    0.00 [0.00-0.00]     |
|       87       |       1        |   8.00 [6.00-13.16]   |   0.00 [0.00-0.00]    |   9.60 [7.15-16.00]    |    0.00 [0.00-0.00]    |    0.00 [0.00-0.00]     |
|       88       |       1        |   7.00 [6.00-9.16]    |   0.00 [0.00-0.00]    |    7.00 [6.00-9.16]    |    0.00 [0.00-0.00]    |    0.00 [0.00-0.00]     |
|       89       |       1        |   8.00 [6.00-12.16]   |   0.00 [0.00-0.00]    |   8.00 [6.00-12.16]    |    0.00 [0.00-0.00]    |    0.00 [0.00-0.00]     |
|       90       |       1        |   9.00 [6.00-13.16]   |   0.00 [0.00-0.00]    |   9.00 [6.00-13.16]    |    0.00 [0.00-0.00]    |    0.00 [0.00-0.00]     |
|       91       |       1        |   9.00 [6.00-13.16]   |   1.00 [1.00-1.00]    |   10.87 [7.29-16.07]   |    0.46 [0.46-0.46]    |    0.00 [0.00-0.00]     |
|       92       |       1        |   2.00 [2.00-6.16]    |   0.00 [0.00-0.00]    |   3.75 [3.75-10.66]    |    0.00 [0.00-0.00]    |    0.03 [0.00-0.03]     |
|       93       |       1        |   3.00 [3.00-7.16]    |   0.00 [0.00-0.00]    |    3.00 [3.00-7.16]    |    0.00 [0.00-0.00]    |    0.04 [0.00-0.04]     |
|       94       |       1        |   5.50 [4.00-12.16]   |   0.00 [0.00-0.00]    |   6.86 [5.00-15.01]    |    0.00 [0.00-0.00]    |    0.00 [0.00-0.01]     |
|       95       |       1        |  10.00 [8.00-13.16]   |   0.00 [0.00-0.00]    |   10.00 [8.00-13.16]   |    0.00 [0.00-0.00]    |    0.00 [0.00-0.00]     |
|       96       |       1        |   8.00 [6.00-12.00]   |   1.00 [1.00-1.00]    |   8.04 [6.03-12.06]    |    0.50 [0.50-0.50]    |    0.00 [0.00-0.01]     |
|       98       |       1        |   6.00 [4.00-12.00]   |   0.00 [0.00-0.00]    |   7.26 [4.80-14.59]    |    0.00 [0.00-0.00]    |    0.00 [0.00-0.01]     |
|       99       |       1        |   9.00 [7.00-14.00]   |   1.00 [1.00-2.00]    |   11.04 [8.45-17.11]   |    0.46 [0.45-0.92]    |    0.00 [0.00-0.00]     |
|      101       |       1        |   6.50 [4.00-10.16]   |   0.00 [0.00-0.00]    |   6.50 [4.00-10.16]    |    0.00 [0.00-0.00]    |    0.00 [0.00-0.01]     |
|      104       |       1        |  11.00 [8.00-17.00]   |   2.00 [1.00-2.00]    |   10.03 [7.71-15.79]   |    1.02 [0.54-1.07]    |    0.00 [0.00-0.00]     |
|      105       |       1        |  12.00 [10.00-16.16]  |   1.00 [0.00-3.00]    |   9.06 [7.11-12.43]    |    0.60 [0.00-1.79]    |    0.00 [0.00-0.00]     |
|      106       |       1        |   9.00 [6.00-13.00]   |   2.00 [2.00-2.00]    |   9.00 [6.00-13.00]    |    1.00 [1.00-1.00]    |    0.00 [0.00-0.02]     |
|      107       |       1        |   8.50 [7.00-13.00]   |   0.00 [0.00-0.00]    |   8.50 [7.00-13.00]    |    0.00 [0.00-0.00]    |    0.00 [0.00-0.00]     |
|      108       |       1        |  10.00 [8.00-13.16]   |   0.00 [0.00-0.00]    |   10.00 [8.00-13.16]   |    0.00 [0.00-0.00]    |    0.00 [0.00-0.00]     |
|      109       |       1        |   7.00 [5.00-12.16]   |   2.00 [2.00-3.00]    |   8.41 [5.97-14.47]    |    0.93 [0.92-1.39]    |    0.00 [0.00-0.02]     |
|      110       |       1        |   9.00 [7.00-14.00]   |   0.00 [0.00-0.00]    |   6.71 [5.19-10.62]    |    0.00 [0.00-0.00]    |    0.00 [0.00-0.00]     |
|      111       |       1        |  12.00 [9.84-16.00]   |   2.00 [1.00-3.00]    |   9.11 [7.04-13.25]    |    1.16 [0.57-1.70]    |    0.00 [0.00-0.01]     |
|      112       |       1        |  14.00 [11.84-18.00]  |   0.00 [0.00-1.00]    |   9.80 [8.25-12.81]    |    0.00 [0.00-0.63]    |    0.00 [0.00-0.00]     |
|      113       |       1        |  10.00 [7.50-14.32]   |   4.00 [4.00-5.50]    |   7.76 [6.04-12.22]    |    2.35 [2.26-2.98]    |    0.03 [0.00-0.13]     |
|      114       |       1        |   8.00 [6.00-11.00]   |   0.00 [0.00-0.00]    |   8.00 [6.00-11.00]    |    0.00 [0.00-0.00]    |    0.00 [0.00-0.00]     |
|      115       |       1        |  11.00 [8.00-15.00]   |   0.00 [0.00-0.00]    |   11.00 [8.00-15.00]   |    0.00 [0.00-0.00]    |    0.00 [0.00-0.00]     |
|      116       |       1        |   8.00 [6.00-12.00]   |   3.00 [3.00-4.00]    |   8.00 [6.00-12.00]    |    1.58 [1.54-2.08]    |    0.01 [0.00-0.05]     |
|      119       |       1        |   9.00 [6.00-12.00]   |   0.00 [0.00-0.00]    |  13.92 [11.82-16.58]   |    0.00 [0.00-0.00]    |    0.00 [0.00-0.00]     |
|      120       |       1        |   9.00 [7.00-13.16]   |   0.00 [0.00-0.00]    |   9.00 [7.00-13.16]    |    0.00 [0.00-0.00]    |    0.00 [0.00-0.00]     |
|      121       |       1        |  10.00 [8.00-15.16]   |   0.00 [0.00-0.00]    |   10.00 [8.00-15.16]   |    0.00 [0.00-0.00]    |    0.00 [0.00-0.00]     |
|      122       |       1        |  10.00 [8.00-14.16]   |   2.00 [2.00-2.00]    |   10.00 [8.00-14.16]   |    1.00 [1.00-1.00]    |    0.00 [0.00-0.00]     |
|      123       |       1        |   6.00 [5.00-12.16]   |   0.00 [0.00-0.00]    |   6.00 [5.00-12.16]    |    0.00 [0.00-0.00]    |    0.00 [0.00-0.00]     |
|      124       |       1        |   7.00 [6.00-11.00]   |   0.00 [0.00-0.00]    |   7.00 [6.00-11.00]    |    0.00 [0.00-0.00]    |    0.00 [0.00-0.00]     |
|      125       |       1        |   9.00 [7.00-12.16]   |   0.00 [0.00-0.00]    |   9.00 [7.00-12.16]    |    0.00 [0.00-0.00]    |    0.00 [0.00-0.00]     |
|      126       |       1        |   3.00 [3.00-6.16]    |   0.00 [0.00-0.00]    |   6.55 [6.55-12.48]    |    0.00 [0.00-0.00]    |    0.01 [0.00-0.01]     |
|      127       |       1        |   7.00 [5.00-11.00]   |   0.00 [0.00-0.00]    |   7.00 [5.00-11.00]    |    0.00 [0.00-0.00]    |    0.00 [0.00-0.00]     |
|      128       |       1        |   8.00 [6.00-12.16]   |   0.00 [0.00-0.00]    |   8.00 [6.00-12.16]    |    0.00 [0.00-0.00]    |    0.00 [0.00-0.00]     |
|      129       |       1        |   9.00 [7.00-13.00]   |   0.00 [0.00-0.00]    |   10.91 [8.56-15.91]   |    0.00 [0.00-0.00]    |    0.00 [0.00-0.00]     |
|      130       |       1        |  10.00 [8.00-15.16]   |   0.00 [0.00-0.00]    |   10.00 [8.00-15.16]   |    0.00 [0.00-0.00]    |    0.00 [0.00-0.00]     |
|      131       |       1        |   9.50 [7.00-13.00]   |   0.00 [0.00-0.00]    |   9.50 [7.00-13.00]    |    0.00 [0.00-0.00]    |    0.00 [0.00-0.00]     |
|      132       |       1        |  11.00 [8.00-16.00]   |   0.00 [0.00-0.00]    |   7.50 [4.92-10.22]    |    0.00 [0.00-0.00]    |    0.00 [0.00-0.01]     |
|      134       |       1        |   4.00 [4.00-7.00]    |   0.00 [0.00-0.00]    |    4.00 [4.00-7.00]    |    0.00 [0.00-0.00]    |    0.01 [0.00-0.01]     |
|      135       |       1        |   8.00 [6.00-12.00]   |   0.00 [0.00-0.00]    |   9.89 [7.47-14.69]    |    0.00 [0.00-0.00]    |    0.00 [0.00-0.00]     |
|      136       |       1        |  11.00 [9.00-15.32]   |   5.00 [5.00-6.00]    |   10.18 [8.45-13.50]   |    2.78 [2.70-3.39]    |    0.01 [0.00-0.03]     |
|      137       |       1        |   8.00 [6.00-14.00]   |   2.00 [2.00-2.00]    |   8.00 [6.00-14.00]    |    1.01 [1.01-1.02]    |    0.00 [0.00-0.02]     |
|      138       |       1        |   7.00 [5.00-12.32]   |   0.00 [0.00-0.00]    |   8.68 [6.24-15.33]    |    0.00 [0.00-0.00]    |    0.00 [0.00-0.00]     |
|      139       |       1        |   4.00 [4.00-8.00]    |   1.00 [1.00-1.00]    |    4.00 [4.00-8.00]    |    0.50 [0.50-0.50]    |    0.05 [0.00-0.05]     |
|      140       |       1        |  11.00 [8.84-15.00]   |   0.00 [0.00-0.00]    |   11.00 [8.84-15.00]   |    0.00 [0.00-0.00]    |    0.00 [0.00-0.00]     |
|      141       |       1        |   4.00 [4.00-9.00]    |   0.00 [0.00-0.00]    |    4.00 [4.00-9.00]    |    0.00 [0.00-0.00]    |    0.01 [0.00-0.01]     |
|      142       |       1        |   7.00 [5.00-11.00]   |   0.00 [0.00-0.00]    |   8.61 [6.15-13.58]    |    0.00 [0.00-0.00]    |    0.00 [0.00-0.00]     |
|      143       |       1        |  12.00 [10.84-16.00]  |   1.00 [1.00-4.00]    |   8.13 [6.88-10.97]    |    0.70 [0.66-2.53]    |    0.00 [0.00-0.03]     |
|      144       |       1        |   9.00 [6.00-12.16]   |   4.00 [4.00-5.00]    |   9.20 [6.13-12.48]    |    1.98 [1.97-2.49]    |    0.01 [0.00-0.07]     |
|      145       |       1        |   8.00 [5.00-12.16]   |   1.00 [1.00-1.00]    |   9.68 [6.16-14.90]    |    0.46 [0.46-0.46]    |    0.00 [0.00-0.01]     |
|      146       |       1        |   7.00 [5.00-12.00]   |   0.00 [0.00-0.00]    |   8.74 [6.25-14.62]    |    0.00 [0.00-0.00]    |    0.00 [0.00-0.00]     |
|      147       |       1        |   9.00 [7.00-14.16]   |   0.00 [0.00-0.00]    |   9.00 [7.00-14.16]    |    0.00 [0.00-0.00]    |    0.00 [0.00-0.00]     |
|      148       |       1        |  14.00 [10.00-17.16]  |   0.00 [0.00-2.00]    |   11.16 [8.49-14.28]   |    0.00 [0.00-1.10]    |    0.00 [0.00-0.00]     |
|      149       |       1        |   7.00 [5.00-12.00]   |   0.00 [0.00-0.00]    |   8.76 [6.29-14.69]    |    0.00 [0.00-0.00]    |    0.00 [0.00-0.00]     |
|      150       |       1        |  13.00 [9.00-17.00]   |   0.00 [0.00-0.00]    |   8.06 [5.18-10.51]    |    0.00 [0.00-0.00]    |    0.00 [0.00-0.01]     |
|      151       |       1        |   6.00 [6.00-9.00]    |   0.00 [0.00-0.00]    |    6.00 [6.00-9.00]    |    0.00 [0.00-0.00]    |    0.00 [0.00-0.00]     |
|      152       |       1        |  10.00 [9.00-14.16]   |   0.00 [0.00-0.00]    |   10.00 [9.00-14.16]   |    0.00 [0.00-0.00]    |    0.00 [0.00-0.00]     |
|      153       |       1        |   8.00 [6.00-12.40]   |   5.00 [4.50-5.00]    |   8.97 [6.62-13.81]    |    2.38 [2.14-2.40]    |    0.02 [0.00-0.08]     |
|      154       |       1        |   7.00 [5.00-13.16]   |   0.00 [0.00-0.00]    |   7.00 [5.00-13.16]    |    0.00 [0.00-0.00]    |    0.00 [0.00-0.00]     |
|      155       |       1        |   3.00 [2.00-10.32]   |   0.00 [0.00-0.00]    |   3.00 [2.00-10.32]    |    0.00 [0.00-0.00]    |    0.04 [0.00-0.11]     |
|      156       |       1        |   9.00 [7.00-13.16]   |   0.00 [0.00-0.00]    |   11.04 [8.54-16.16]   |    0.00 [0.00-0.00]    |    0.00 [0.00-0.00]     |
|      157       |       1        |   5.00 [3.00-10.00]   |   0.00 [0.00-0.00]    |    3.15 [1.88-6.49]    |    0.00 [0.00-0.00]    |    0.05 [0.00-0.16]     |
|      158       |       1        |   8.00 [7.00-13.00]   |   0.00 [0.00-0.00]    |   8.00 [7.00-13.00]    |    0.00 [0.00-0.00]    |    0.00 [0.00-0.00]     |
|      159       |       1        |   8.00 [6.00-13.16]   |   0.00 [0.00-0.00]    |   8.00 [6.00-13.16]    |    0.00 [0.00-0.00]    |    0.00 [0.00-0.00]     |
|      160       |       1        |  10.00 [7.00-13.16]   |   0.00 [0.00-0.00]    |   12.18 [8.70-16.30]   |    0.00 [0.00-0.00]    |    0.00 [0.00-0.00]     |
|      161       |       1        |   8.00 [6.00-14.00]   |   1.00 [1.00-1.00]    |   10.05 [7.59-17.39]   |    0.46 [0.45-0.46]    |    0.00 [0.00-0.00]     |
|      162       |       1        |   5.00 [3.00-11.32]   |   0.00 [0.00-0.00]    |   6.19 [3.73-13.86]    |    0.00 [0.00-0.00]    |    0.00 [0.00-0.02]     |
|      163       |       1        |  10.00 [7.00-14.00]   |   0.00 [0.00-0.00]    |   12.00 [8.38-17.09]   |    0.00 [0.00-0.00]    |    0.00 [0.00-0.00]     |
|      164       |       1        |   8.00 [6.00-15.00]   |   0.00 [0.00-0.00]    |   8.00 [6.00-15.00]    |    0.00 [0.00-0.00]    |    0.00 [0.00-0.00]     |
|      165       |       1        |   8.00 [5.00-12.00]   |   0.00 [0.00-0.00]    |   8.00 [5.00-12.00]    |    0.00 [0.00-0.00]    |    0.00 [0.00-0.00]     |
|      166       |       1        |   9.75 [6.50-14.00]   |   3.00 [3.00-4.08]    |   11.47 [7.62-16.28]   |    1.41 [1.39-1.90]    |    0.00 [0.00-0.02]     |
|      167       |       1        |   9.00 [6.00-14.00]   |   1.00 [1.00-1.00]    |   10.73 [7.25-17.04]   |    0.46 [0.46-0.46]    |    0.00 [0.00-0.00]     |
|      168       |       1        |   8.00 [6.00-12.00]   |   0.00 [0.00-0.00]    |   9.61 [7.23-14.45]    |    0.00 [0.00-0.00]    |    0.00 [0.00-0.00]     |
|      169       |       1        |   2.00 [2.00-5.00]    |   0.00 [0.00-0.00]    |    4.34 [4.34-9.76]    |    0.00 [0.00-0.00]    |    0.02 [0.00-0.02]     |
|      171       |       1        |   7.00 [5.00-13.16]   |   0.00 [0.00-0.00]    |   7.00 [5.00-13.16]    |    0.00 [0.00-0.00]    |    0.00 [0.00-0.00]     |
|      172       |       1        |  10.00 [8.00-14.16]   |   0.00 [0.00-0.00]    |   10.00 [8.00-14.16]   |    0.00 [0.00-0.00]    |    0.00 [0.00-0.00]     |
|      173       |       1        |   8.00 [5.00-11.00]   |   0.00 [0.00-0.00]    |   8.00 [5.00-11.00]    |    0.00 [0.00-0.00]    |    0.00 [0.00-0.00]     |
|      174       |       1        |   4.00 [3.00-7.16]    |   1.00 [1.00-1.00]    |   7.68 [5.90-13.13]    |    0.40 [0.40-0.41]    |    0.00 [0.00-0.02]     |
|      176       |       1        |   4.00 [3.00-8.32]    |   0.00 [0.00-0.00]    |   7.66 [6.38-14.18]    |    0.00 [0.00-0.00]    |    0.00 [0.00-0.01]     |
|      177       |       1        |   8.00 [4.00-12.00]   |   0.00 [0.00-0.00]    |   9.65 [4.88-14.77]    |    0.00 [0.00-0.00]    |    0.00 [0.00-0.01]     |
|      178       |       1        |   2.00 [2.00-6.00]    |   0.00 [0.00-0.00]    |   4.30 [4.30-10.45]    |    0.00 [0.00-0.00]    |    0.04 [0.00-0.04]     |
|      179       |       1        |  10.00 [8.00-14.00]   |   0.00 [0.00-0.00]    |   10.00 [8.00-14.00]   |    0.00 [0.00-0.00]    |    0.00 [0.00-0.00]     |
|      180       |       1        |  10.00 [8.00-16.16]   |   0.00 [0.00-0.00]    |   10.00 [8.00-16.16]   |    0.00 [0.00-0.00]    |    0.00 [0.00-0.00]     |
|      181       |       1        |  12.00 [9.00-17.00]   |   0.00 [0.00-2.00]    |   8.64 [6.16-11.83]    |    0.00 [0.00-1.32]    |    0.00 [0.00-0.01]     |
|      182       |       1        |   6.00 [3.00-12.00]   |   0.00 [0.00-0.00]    |   7.25 [3.60-14.67]    |    0.00 [0.00-0.00]    |    0.00 [0.00-0.02]     |
|      183       |       1        |   8.00 [7.00-14.16]   |   1.00 [1.00-1.00]    |   8.04 [7.03-14.22]    |    0.50 [0.50-0.50]    |    0.00 [0.00-0.00]     |
|      185       |       1        |   8.00 [6.00-13.00]   |   0.00 [0.00-0.00]    |   8.00 [6.00-13.00]    |    0.00 [0.00-0.00]    |    0.00 [0.00-0.00]     |
|      186       |       1        |   7.00 [5.50-13.16]   |   3.00 [3.00-3.50]    |   7.07 [5.67-13.29]    |    1.49 [1.49-1.72]    |    0.02 [0.00-0.08]     |
|      187       |       1        |   9.00 [7.00-13.16]   |   2.00 [2.00-3.08]    |   7.26 [5.45-10.79]    |    1.18 [1.13-1.82]    |    0.01 [0.00-0.04]     |
|      188       |       1        |   8.00 [6.00-13.16]   |   0.00 [0.00-0.00]    |   9.80 [7.28-15.99]    |    0.00 [0.00-0.00]    |    0.00 [0.00-0.00]     |
|      189       |       1        |   3.00 [3.00-7.16]    |   0.00 [0.00-0.00]    |    3.00 [3.00-7.16]    |    0.00 [0.00-0.00]    |    0.04 [0.00-0.04]     |
|      190       |       1        |   7.00 [5.00-11.00]   |   1.00 [1.00-1.00]    |   7.00 [5.00-11.00]    |    0.50 [0.50-0.50]    |    0.00 [0.00-0.02]     |
|      191       |       1        |   6.50 [4.00-12.00]   |   3.00 [3.00-3.08]    |   6.78 [4.17-12.50]    |    1.47 [1.47-1.51]    |    0.02 [0.00-0.15]     |
|      192       |       1        |  12.00 [10.00-17.00]  |   0.00 [0.00-1.00]    |   8.48 [6.75-12.40]    |    0.00 [0.00-0.62]    |    0.00 [0.00-0.00]     |
|      193       |       1        |   7.00 [6.00-13.16]   |   0.00 [0.00-1.00]    |    4.93 [3.78-9.51]    |    0.00 [0.00-0.68]    |    0.01 [0.00-0.02]     |
|      194       |       1        |  10.00 [8.00-16.00]   |   1.00 [0.00-1.00]    |   9.32 [6.27-14.14]    |    0.52 [0.00-0.57]    |    0.00 [0.00-0.00]     |
|      195       |       1        |  11.00 [8.00-16.16]   |   0.00 [0.00-1.00]    |   7.80 [5.74-11.83]    |    0.00 [0.00-0.63]    |    0.00 [0.00-0.01]     |
|      196       |       1        |   9.00 [7.00-15.00]   |   0.00 [0.00-0.00]    |   9.00 [7.00-15.00]    |    0.00 [0.00-0.00]    |    0.00 [0.00-0.00]     |
|      197       |       1        |  10.00 [8.00-16.00]   |   1.00 [1.00-3.00]    |   7.73 [5.61-11.46]    |    0.62 [0.58-1.74]    |    0.00 [0.00-0.02]     |
|      199       |       1        |   8.00 [7.00-15.00]   |   0.00 [0.00-0.00]    |   8.00 [7.00-15.00]    |    0.00 [0.00-0.00]    |    0.00 [0.00-0.00]     |
|      200       |       1        |   7.00 [5.00-12.16]   |   0.00 [0.00-1.00]    |    4.28 [3.06-7.85]    |    0.00 [0.00-0.74]    |    0.02 [0.00-0.15]     |
|      201       |       1        |   7.00 [6.00-11.16]   |   0.00 [0.00-0.00]    |   7.00 [6.00-11.16]    |    0.00 [0.00-0.00]    |    0.00 [0.00-0.00]     |
|      202       |       1        |   5.00 [3.00-9.00]    |   0.00 [0.00-0.00]    |    5.00 [3.00-9.00]    |    0.00 [0.00-0.00]    |    0.00 [0.00-0.04]     |
|      203       |       1        |   7.00 [5.00-12.16]   |   1.00 [1.00-1.00]    |   7.00 [5.00-12.16]    |    0.50 [0.50-0.50]    |    0.00 [0.00-0.02]     |
|      204       |       1        |   9.00 [6.00-13.00]   |   0.00 [0.00-0.00]    |   10.88 [7.18-16.06]   |    0.00 [0.00-0.00]    |    0.00 [0.00-0.00]     |
|      205       |       1        |  10.00 [6.00-14.16]   |   0.00 [0.00-0.00]    |   10.00 [6.00-14.16]   |    0.00 [0.00-0.00]    |    0.00 [0.00-0.00]     |
|      207       |       1        |   9.00 [8.00-14.00]   |   0.00 [0.00-0.00]    |    6.43 [5.39-9.93]    |    0.00 [0.00-0.00]    |    0.00 [0.00-0.00]     |
|      208       |       1        |  11.50 [9.00-14.47]   |   0.00 [0.00-1.00]    |    7.31 [5.34-9.98]    |    0.00 [0.00-0.74]    |    0.00 [0.00-0.01]     |
|      209       |       1        |   6.00 [5.00-10.16]   |   0.00 [0.00-0.00]    |   6.00 [5.00-10.16]    |    0.00 [0.00-0.00]    |    0.00 [0.00-0.00]     |
|      210       |       1        |   9.00 [6.00-15.00]   |   0.00 [0.00-0.00]    |   11.15 [7.52-18.45]   |    0.00 [0.00-0.00]    |    0.00 [0.00-0.00]     |
|      211       |       1        |  11.00 [9.00-15.16]   |   0.00 [0.00-0.00]    |   11.00 [9.00-15.16]   |    0.00 [0.00-0.00]    |    0.00 [0.00-0.00]     |
|      212       |       1        |   9.00 [6.00-13.00]   |   0.00 [0.00-0.00]    |   10.99 [7.45-15.93]   |    0.00 [0.00-0.00]    |    0.00 [0.00-0.00]     |
|      213       |       1        |  11.00 [9.00-15.16]   |   0.00 [0.00-1.00]    |   9.66 [7.61-13.37]    |    0.00 [0.00-0.59]    |    0.00 [0.00-0.00]     |
|      214       |       1        |   7.00 [5.00-11.16]   |   0.00 [0.00-0.00]    |   8.66 [6.28-13.60]    |    0.00 [0.00-0.00]    |    0.00 [0.00-0.00]     |
|      215       |       1        |  13.00 [11.00-17.00]  |   0.00 [0.00-0.00]    |  13.00 [11.00-17.00]   |    0.00 [0.00-0.00]    |    0.00 [0.00-0.00]     |
|      216       |       1        |  10.00 [8.00-14.00]   |   1.00 [1.00-1.00]    |   10.00 [8.00-14.00]   |    0.50 [0.50-0.50]    |    0.00 [0.00-0.00]     |
|      217       |       1        |   4.00 [3.00-11.00]   |   0.00 [0.00-0.00]    |   5.03 [3.78-13.54]    |    0.00 [0.00-0.00]    |    0.00 [0.00-0.02]     |
|      218       |       1        |   8.00 [5.00-14.00]   |   0.00 [0.00-0.00]    |   9.83 [6.02-17.06]    |    0.00 [0.00-0.00]    |    0.00 [0.00-0.00]     |
|      219       |       1        |   7.00 [5.00-11.00]   |   0.00 [0.00-0.00]    |   8.65 [6.21-13.51]    |    0.00 [0.00-0.00]    |    0.00 [0.00-0.00]     |
|      220       |       1        |  12.00 [10.00-16.00]  |   0.00 [0.00-0.00]    |  12.00 [10.00-16.00]   |    0.00 [0.00-0.00]    |    0.00 [0.00-0.00]     |
|      221       |       1        |  10.00 [8.00-15.16]   |   3.00 [3.00-3.00]    |   10.00 [8.00-15.16]   |    1.50 [1.50-1.50]    |    0.00 [0.00-0.01]     |
|      222       |       1        |   5.00 [4.00-7.16]    |   0.00 [0.00-0.00]    |    5.00 [4.00-7.16]    |    0.00 [0.00-0.00]    |    0.00 [0.00-0.01]     |
|      223       |       1        |   8.00 [7.00-12.00]   |   0.00 [0.00-0.00]    |   8.00 [7.00-12.00]    |    0.00 [0.00-0.00]    |    0.00 [0.00-0.00]     |
|      224       |       1        |   9.00 [7.00-13.00]   |   0.00 [0.00-0.00]    |   9.00 [7.00-13.00]    |    0.00 [0.00-0.00]    |    0.00 [0.00-0.00]     |
|      225       |       1        |   7.00 [4.00-12.00]   |   0.00 [0.00-0.00]    |   8.70 [5.00-14.79]    |    0.00 [0.00-0.00]    |    0.00 [0.00-0.01]     |
|      226       |       1        |   7.00 [5.00-12.00]   |   0.00 [0.00-0.00]    |   7.00 [5.00-12.00]    |    0.00 [0.00-0.00]    |    0.00 [0.00-0.00]     |
|      227       |       1        |   9.00 [6.00-12.16]   |   0.00 [0.00-0.00]    |   10.84 [7.42-14.98]   |    0.00 [0.00-0.00]    |    0.00 [0.00-0.00]     |
|      228       |       1        |   8.00 [7.00-11.32]   |   0.00 [0.00-1.00]    |    5.32 [4.20-7.76]    |    0.00 [0.00-0.70]    |    0.00 [0.00-0.02]     |
|      229       |       1        |  11.00 [9.00-14.00]   |   0.00 [0.00-0.00]    |  13.41 [10.78-17.30]   |    0.00 [0.00-0.00]    |    0.00 [0.00-0.00]     |
|      230       |       1        |   2.00 [2.00-5.16]    |   0.00 [0.00-0.00]    |   4.40 [4.40-10.64]    |    0.00 [0.00-0.00]    |    0.04 [0.00-0.04]     |
|      231       |       1        |   4.00 [3.00-10.16]   |   0.00 [0.00-0.00]    |   5.01 [3.77-12.45]    |    0.00 [0.00-0.00]    |    0.01 [0.00-0.02]     |
|      232       |       1        |  12.00 [9.00-19.32]   |   0.00 [0.00-0.00]    |   7.56 [5.27-12.22]    |    0.00 [0.00-0.00]    |    0.00 [0.00-0.01]     |
|      233       |       1        |   6.00 [4.00-11.16]   |   0.00 [0.00-0.00]    |   7.52 [4.96-13.81]    |    0.00 [0.00-0.00]    |    0.00 [0.00-0.01]     |
|      235       |       1        |   6.00 [4.00-12.00]   |   0.00 [0.00-0.00]    |   7.47 [4.95-14.73]    |    0.00 [0.00-0.00]    |    0.00 [0.00-0.01]     |
|      236       |       1        |  10.00 [8.00-13.16]   |   0.00 [0.00-0.00]    |   12.42 [9.89-16.23]   |    0.00 [0.00-0.00]    |    0.00 [0.00-0.00]     |
|      237       |       1        |  12.00 [9.00-14.16]   |   0.00 [0.00-0.00]    |   12.00 [9.00-14.16]   |    0.00 [0.00-0.00]    |    0.00 [0.00-0.00]     |
|      238       |       1        |   5.00 [4.00-11.32]   |   0.00 [0.00-0.00]    |   6.28 [5.03-14.07]    |    0.00 [0.00-0.00]    |    0.00 [0.00-0.00]     |
|      239       |       1        |  11.00 [8.00-15.16]   |   1.00 [1.00-1.00]    |   11.00 [8.00-15.16]   |    0.50 [0.50-0.50]    |    0.00 [0.00-0.00]     |
|      241       |       1        |  11.00 [10.00-15.00]  |   0.00 [0.00-0.00]    |  11.00 [10.00-15.00]   |    0.00 [0.00-0.00]    |    0.00 [0.00-0.00]     |
|      242       |       1        |  10.00 [7.00-15.16]   |   0.00 [0.00-0.00]    |   12.27 [8.75-18.78]   |    0.00 [0.00-0.00]    |    0.00 [0.00-0.00]     |
|      243       |       1        |   8.00 [5.00-11.16]   |   0.00 [0.00-0.00]    |   9.68 [6.19-13.76]    |    0.00 [0.00-0.00]    |    0.00 [0.00-0.00]     |
|      244       |       1        |  10.00 [7.00-16.00]   |   1.00 [0.00-2.00]    |   9.04 [5.96-13.97]    |    0.53 [0.00-1.07]    |    0.00 [0.00-0.01]     |
|      245       |       1        |   6.00 [4.00-11.16]   |   0.00 [0.00-0.00]    |   7.29 [4.83-13.49]    |    0.00 [0.00-0.00]    |    0.00 [0.00-0.01]     |
|      246       |       1        |  11.00 [9.00-16.16]   |   1.00 [0.00-2.16]    |   8.34 [6.67-12.42]    |    0.60 [0.00-1.32]    |    0.00 [0.00-0.01]     |
|      247       |       1        |  11.00 [8.00-14.16]   |   0.00 [0.00-0.00]    |   11.00 [8.00-14.16]   |    0.00 [0.00-0.00]    |    0.00 [0.00-0.00]     |
|      248       |       1        |   9.00 [8.00-14.32]   |   0.00 [0.00-0.00]    |   9.00 [8.00-14.32]    |    0.00 [0.00-0.00]    |    0.00 [0.00-0.00]     |
|      249       |       1        |   7.00 [5.00-11.00]   |   0.00 [0.00-0.00]    |   8.63 [6.07-13.53]    |    0.00 [0.00-0.00]    |    0.00 [0.00-0.00]     |
|      250       |       1        |   9.00 [8.00-12.00]   |   0.00 [0.00-0.00]    |   9.00 [8.00-12.00]    |    0.00 [0.00-0.00]    |    0.00 [0.00-0.00]     |
|      252       |       1        |   8.00 [4.84-12.00]   |   1.00 [1.00-1.00]    |   9.64 [5.90-14.53]    |    0.46 [0.46-0.46]    |    0.00 [0.00-0.01]     |
|      253       |       1        |   8.00 [7.00-13.16]   |   0.00 [0.00-0.00]    |   8.00 [7.00-13.16]    |    0.00 [0.00-0.00]    |    0.00 [0.00-0.00]     |
|      254       |       1        |   9.00 [7.00-14.00]   |   0.00 [0.00-0.00]    |   10.92 [8.50-16.95]   |    0.00 [0.00-0.00]    |    0.00 [0.00-0.00]     |
|      255       |       1        |   7.50 [5.50-13.58]   |   1.50 [1.00-1.50]    |   8.83 [6.49-16.15]    |    0.69 [0.46-0.70]    |    0.00 [0.00-0.01]     |
|      256       |       1        |   6.00 [4.00-9.00]    |   0.00 [0.00-0.00]    |    6.00 [4.00-9.00]    |    0.00 [0.00-0.00]    |    0.00 [0.00-0.01]     |
|      257       |       1        |  10.00 [7.00-13.00]   |   2.00 [2.00-2.00]    |   10.00 [7.00-13.00]   |    1.00 [1.00-1.01]    |    0.00 [0.00-0.01]     |
|      258       |       1        |  11.00 [9.00-14.32]   |   4.00 [4.00-4.00]    |  13.31 [10.83-17.62]   |    1.98 [1.97-1.98]    |    0.00 [0.00-0.00]     |
|      259       |       1        |   5.00 [3.00-10.00]   |   0.00 [0.00-0.00]    |   6.21 [3.76-12.45]    |    0.00 [0.00-0.00]    |    0.00 [0.00-0.02]     |
|      260       |       1        |  10.00 [8.00-13.16]   |   0.00 [0.00-0.00]    |   10.00 [8.00-13.16]   |    0.00 [0.00-0.00]    |    0.00 [0.00-0.00]     |
|      264       |       1        |   4.00 [4.00-8.16]    |   0.00 [0.00-0.00]    |   8.47 [8.47-14.64]    |    0.00 [0.00-0.00]    |    0.00 [0.00-0.00]     |
|      265       |       1        |   4.00 [4.00-8.00]    |   0.00 [0.00-0.00]    |    4.00 [4.00-8.00]    |    0.00 [0.00-0.00]    |    0.01 [0.00-0.01]     |
|      266       |       1        |   9.00 [7.00-14.00]   |   0.00 [0.00-0.00]    |   11.16 [8.51-17.06]   |    0.00 [0.00-0.00]    |    0.00 [0.00-0.00]     |
|      267       |       1        |   8.00 [8.00-11.00]   |   0.00 [0.00-0.00]    |   8.00 [8.00-11.00]    |    0.00 [0.00-0.00]    |    0.00 [0.00-0.00]     |
|      268       |       1        |   8.00 [6.00-14.00]   |   0.00 [0.00-0.00]    |   9.60 [7.14-16.83]    |    0.00 [0.00-0.00]    |    0.00 [0.00-0.00]     |
|      269       |       1        |  12.00 [9.00-15.16]   |   0.00 [0.00-0.00]    |   12.00 [9.00-15.16]   |    0.00 [0.00-0.00]    |    0.00 [0.00-0.00]     |
|      270       |       1        |   5.00 [4.00-11.00]   |   0.00 [0.00-0.00]    |   9.51 [8.02-16.06]    |    0.00 [0.00-0.00]    |    0.00 [0.00-0.00]     |
|      271       |       1        |  10.00 [8.00-15.00]   |   2.00 [2.00-2.03]    |   10.01 [8.01-15.02]   |    1.00 [1.00-1.01]    |    0.00 [0.00-0.00]     |
|      272       |       1        |   2.00 [2.00-5.00]    |   0.00 [0.00-0.00]    |    4.31 [4.31-9.69]    |    0.00 [0.00-0.00]    |    0.05 [0.00-0.05]     |
|      273       |       1        |   9.00 [7.00-13.16]   |   1.00 [1.00-1.16]    |   9.00 [7.00-13.16]    |    0.50 [0.50-0.58]    |    0.00 [0.00-0.00]     |
|      275       |       1        |   5.50 [4.50-10.08]   |   2.50 [2.00-2.50]    |   9.50 [8.60-14.41]    |    1.02 [0.81-1.10]    |    0.00 [0.00-0.01]     |
|      276       |       1        |   6.00 [4.00-9.16]    |   0.00 [0.00-0.00]    |    6.00 [4.00-9.16]    |    0.00 [0.00-0.00]    |    0.00 [0.00-0.01]     |
|      277       |       1        |   4.00 [3.00-9.16]    |   0.00 [0.00-0.00]    |   4.81 [3.60-11.18]    |    0.00 [0.00-0.00]    |    0.01 [0.00-0.02]     |
|      278       |       1        |  11.00 [9.00-17.16]   |   0.00 [0.00-0.00]    |   11.00 [9.00-17.16]   |    0.00 [0.00-0.00]    |    0.00 [0.00-0.00]     |
|      279       |       1        |   7.00 [5.00-13.00]   |   0.00 [0.00-0.00]    |   8.72 [6.27-15.84]    |    0.00 [0.00-0.00]    |    0.00 [0.00-0.00]     |
|      280       |       1        |  14.00 [11.00-19.00]  |   0.00 [0.00-0.00]    |   8.94 [6.64-11.39]    |    0.00 [0.00-0.00]    |    0.00 [0.00-0.00]     |
|      281       |       1        |  13.00 [11.00-16.16]  |   0.00 [0.00-0.00]    |  13.00 [11.00-16.16]   |    0.00 [0.00-0.00]    |    0.00 [0.00-0.00]     |
|      282       |       1        |   6.00 [5.00-10.16]   |   0.00 [0.00-0.00]    |   7.30 [6.00-12.32]    |    0.00 [0.00-0.00]    |    0.00 [0.00-0.00]     |
|      283       |       1        |   8.00 [5.00-13.16]   |   0.00 [0.00-0.00]    |   9.65 [6.02-16.16]    |    0.00 [0.00-0.00]    |    0.00 [0.00-0.00]     |
|      284       |       1        |   8.00 [6.00-11.16]   |   0.00 [0.00-0.00]    |   8.00 [6.00-11.16]    |    0.00 [0.00-0.00]    |    0.00 [0.00-0.00]     |
|      285       |       1        |   4.00 [4.00-8.16]    |   0.00 [0.00-0.00]    |   8.27 [8.27-14.14]    |    0.00 [0.00-0.00]    |    0.00 [0.00-0.00]     |
|      286       |       1        |   6.50 [4.00-12.00]   |   0.00 [0.00-0.00]    |   6.50 [4.00-12.00]    |    0.00 [0.00-0.00]    |    0.00 [0.00-0.01]     |
|      287       |       1        |   5.00 [3.00-10.32]   |   0.00 [0.00-0.00]    |   6.28 [3.75-12.78]    |    0.00 [0.00-0.00]    |    0.00 [0.00-0.02]     |
|      288       |       1        |   9.00 [6.00-14.00]   |   0.00 [0.00-0.00]    |   10.84 [7.21-17.07]   |    0.00 [0.00-0.00]    |    0.00 [0.00-0.00]     |
|      289       |       1        |   3.00 [2.00-6.16]    |   0.00 [0.00-0.00]    |   6.00 [4.11-11.82]    |    0.00 [0.00-0.00]    |    0.00 [0.00-0.03]     |
|      290       |       1        |   7.00 [4.00-12.16]   |   0.00 [0.00-0.00]    |   8.58 [4.95-14.80]    |    0.00 [0.00-0.00]    |    0.00 [0.00-0.01]     |
|      292       |       1        |   4.00 [4.00-7.47]    |   0.00 [0.00-0.00]    |    4.00 [4.00-7.47]    |    0.00 [0.00-0.00]    |    0.01 [0.00-0.01]     |
|      293       |       1        |   9.00 [8.00-13.16]   |   0.00 [0.00-0.00]    |   9.00 [8.00-13.16]    |    0.00 [0.00-0.00]    |    0.00 [0.00-0.00]     |
|      294       |       1        |   4.00 [4.00-7.16]    |   1.00 [1.00-1.00]    |   7.07 [6.72-11.27]    |    0.42 [0.41-0.43]    |    0.01 [0.00-0.01]     |
|      295       |       1        |   5.50 [3.84-11.00]   |   0.00 [0.00-0.00]    |   6.67 [4.63-13.39]    |    0.00 [0.00-0.00]    |    0.00 [0.00-0.01]     |
|      296       |       1        |   6.00 [4.00-10.16]   |   0.00 [0.00-0.00]    |   6.00 [4.00-10.16]    |    0.00 [0.00-0.00]    |    0.00 [0.00-0.01]     |
|      297       |       1        |   6.00 [5.00-11.00]   |   0.00 [0.00-0.00]    |   7.52 [6.15-13.65]    |    0.00 [0.00-0.00]    |    0.00 [0.00-0.00]     |
|      298       |       1        |   6.00 [5.00-10.00]   |   0.00 [0.00-0.00]    |   6.00 [5.00-10.00]    |    0.00 [0.00-0.00]    |    0.00 [0.00-0.00]     |
|      300       |       1        |   7.00 [6.00-11.00]   |   0.00 [0.00-0.00]    |   7.00 [6.00-11.00]    |    0.00 [0.00-0.00]    |    0.00 [0.00-0.00]     |
|      301       |       1        |   8.00 [5.00-13.00]   |   1.00 [1.00-1.00]    |   9.94 [6.23-15.86]    |    0.50 [0.50-0.50]    |    0.00 [0.00-0.01]     |
|      302       |       1        |   7.00 [4.84-12.00]   |   0.00 [0.00-0.00]    |   8.49 [5.85-14.73]    |    0.00 [0.00-0.00]    |    0.00 [0.00-0.00]     |
|      303       |       1        |   5.00 [4.00-10.47]   |   0.00 [0.00-0.00]    |   5.00 [4.00-10.47]    |    0.00 [0.00-0.00]    |    0.00 [0.00-0.01]     |
|      304       |       1        |  10.00 [8.00-14.00]   |   0.00 [0.00-0.00]    |   10.00 [8.00-14.00]   |    0.00 [0.00-0.00]    |    0.00 [0.00-0.00]     |
|      305       |       1        |   8.00 [4.00-12.16]   |   1.00 [1.00-1.00]    |   8.00 [4.00-12.16]    |    0.50 [0.50-0.50]    |    0.00 [0.00-0.05]     |
|      306       |       1        |   6.00 [4.00-12.00]   |   0.00 [0.00-0.00]    |   6.00 [4.00-12.00]    |    0.00 [0.00-0.00]    |    0.00 [0.00-0.01]     |
|      308       |       1        |   9.00 [5.84-14.16]   |   0.00 [0.00-0.00]    |   11.04 [7.08-17.23]   |    0.00 [0.00-0.00]    |    0.00 [0.00-0.00]     |
|      309       |       1        |   8.00 [6.00-13.16]   |   0.00 [0.00-0.00]    |   9.63 [7.20-16.08]    |    0.00 [0.00-0.00]    |    0.00 [0.00-0.00]     |
|      310       |       1        |   7.50 [5.00-11.16]   |   0.00 [0.00-0.00]    |   7.50 [5.00-11.16]    |    0.00 [0.00-0.00]    |    0.00 [0.00-0.00]     |
|      311       |       1        |   9.00 [7.00-13.16]   |   0.00 [0.00-0.00]    |   10.95 [8.45-16.25]   |    0.00 [0.00-0.00]    |    0.00 [0.00-0.00]     |
|      312       |       1        |  10.00 [7.00-15.00]   |   0.00 [0.00-0.00]    |   10.00 [7.00-15.00]   |    0.00 [0.00-0.00]    |    0.00 [0.00-0.00]     |
|      313       |       1        |  10.00 [8.00-14.16]   |   1.00 [1.00-1.50]    |   10.05 [8.03-14.22]   |    0.50 [0.50-0.75]    |    0.00 [0.00-0.00]     |
|      314       |       1        |   6.00 [5.00-12.00]   |   0.00 [0.00-0.00]    |   6.00 [5.00-12.00]    |    0.00 [0.00-0.00]    |    0.00 [0.00-0.00]     |
|      315       |       1        |   8.00 [6.00-11.00]   |   0.00 [0.00-0.00]    |   8.00 [6.00-11.00]    |    0.00 [0.00-0.00]    |    0.00 [0.00-0.00]     |
|      316       |       1        |   3.00 [3.00-7.00]    |   1.00 [1.00-1.00]    |   6.33 [5.89-12.12]    |    0.44 [0.44-0.46]    |    0.02 [0.00-0.02]     |
|      317       |       1        |   3.00 [3.00-7.16]    |   0.00 [0.00-0.00]    |    3.00 [3.00-7.16]    |    0.00 [0.00-0.00]    |    0.04 [0.00-0.04]     |
|      318       |       1        |  10.00 [8.00-14.00]   |   0.00 [0.00-0.00]    |   12.22 [9.60-17.00]   |    0.00 [0.00-0.00]    |    0.00 [0.00-0.00]     |
|      320       |       1        |   2.00 [2.00-5.16]    |   0.00 [0.00-0.00]    |   4.42 [4.42-11.06]    |    0.00 [0.00-0.00]    |    0.05 [0.00-0.05]     |
|      321       |       1        |  10.00 [8.00-16.00]   |   0.00 [0.00-2.16]    |   8.02 [6.12-12.16]    |    0.00 [0.00-1.23]    |    0.00 [0.00-0.00]     |
|      322       |       1        |  12.00 [10.00-16.00]  |   0.00 [0.00-0.00]    |  12.00 [10.00-16.00]   |    0.00 [0.00-0.00]    |    0.00 [0.00-0.00]     |
|      323       |       1        |   8.00 [6.00-12.00]   |   0.00 [0.00-0.00]    |   8.00 [6.00-12.00]    |    0.00 [0.00-0.00]    |    0.00 [0.00-0.00]     |
|      324       |       1        |  10.00 [7.00-14.00]   |   0.00 [0.00-1.00]    |   7.19 [5.17-10.60]    |    0.00 [0.00-0.61]    |    0.00 [0.00-0.00]     |
|      325       |       1        |   9.00 [7.00-13.00]   |   0.00 [0.00-0.00]    |   10.84 [8.41-15.84]   |    0.00 [0.00-0.00]    |    0.00 [0.00-0.00]     |
|      326       |       1        |   7.00 [6.00-10.16]   |   0.00 [0.00-0.00]    |   7.00 [6.00-10.16]    |    0.00 [0.00-0.00]    |    0.00 [0.00-0.00]     |
|      327       |       1        |   9.00 [7.00-14.16]   |   1.00 [1.00-1.16]    |   9.00 [7.00-14.16]    |    0.50 [0.50-0.58]    |    0.00 [0.00-0.00]     |
|      328       |       1        |   8.00 [6.00-13.16]   |   1.00 [1.00-1.00]    |   9.63 [7.17-16.08]    |    0.46 [0.46-0.46]    |    0.00 [0.00-0.00]     |
|      329       |       1        |   8.50 [5.50-13.66]   |   2.50 [2.00-3.50]    |   10.15 [6.60-16.21]   |    1.16 [0.92-1.62]    |    0.00 [0.00-0.02]     |
|      330       |       1        |   2.00 [2.00-4.16]    |   0.00 [0.00-0.00]    |    4.34 [4.34-8.42]    |    0.00 [0.00-0.00]    |    0.03 [0.00-0.03]     |
|      332       |       1        |   9.00 [6.84-13.00]   |   0.00 [0.00-0.00]    |   9.00 [6.84-13.00]    |    0.00 [0.00-0.00]    |    0.00 [0.00-0.00]     |
|      333       |       1        |  11.00 [9.00-16.00]   |   3.00 [3.00-3.00]    |   11.00 [9.00-16.00]   |    1.50 [1.50-1.50]    |    0.00 [0.00-0.00]     |
|      334       |       1        |   7.00 [5.00-10.00]   |   0.00 [0.00-0.00]    |   7.00 [5.00-10.00]    |    0.00 [0.00-0.00]    |    0.00 [0.00-0.00]     |
|      336       |       1        |   7.00 [5.00-12.00]   |   0.00 [0.00-1.00]    |    5.39 [3.56-8.81]    |    0.00 [0.00-0.61]    |    0.00 [0.00-0.02]     |
|      338       |       1        |   5.00 [3.00-13.00]   |   0.00 [0.00-0.00]    |   5.00 [3.00-13.00]    |    0.00 [0.00-0.00]    |    0.00 [0.00-0.04]     |
|      339       |       1        |  11.00 [9.00-16.16]   |   0.00 [0.00-1.00]    |    6.83 [5.42-9.83]    |    0.00 [0.00-0.74]    |    0.00 [0.00-0.01]     |
|      340       |       1        |  10.00 [9.00-15.00]   |   0.00 [0.00-0.00]    |   10.00 [9.00-15.00]   |    0.00 [0.00-0.00]    |    0.00 [0.00-0.00]     |
|      341       |       1        |   7.00 [4.84-11.32]   |   0.00 [0.00-0.00]    |   8.47 [5.84-13.97]    |    0.00 [0.00-0.00]    |    0.00 [0.00-0.00]     |
|      342       |       1        |  10.00 [7.00-14.16]   |   0.00 [0.00-0.00]    |   12.33 [8.76-17.27]   |    0.00 [0.00-0.00]    |    0.00 [0.00-0.00]     |
|      343       |       1        |   7.00 [3.00-11.16]   |   0.00 [0.00-0.00]    |   8.42 [3.65-13.65]    |    0.00 [0.00-0.00]    |    0.00 [0.00-0.02]     |
|      344       |       1        |   8.50 [6.00-15.00]   |   0.00 [0.00-1.00]    |   6.01 [4.09-10.83]    |    0.00 [0.00-0.63]    |    0.00 [0.00-0.01]     |
|      345       |       1        |   8.00 [6.00-12.00]   |   0.00 [0.00-0.00]    |   9.71 [7.30-14.70]    |    0.00 [0.00-0.00]    |    0.00 [0.00-0.00]     |
|      346       |       1        |  10.00 [8.00-14.00]   |   0.00 [0.00-0.00]    |   10.00 [8.00-14.00]   |    0.00 [0.00-0.00]    |    0.00 [0.00-0.00]     |
|      347       |       1        |   7.00 [5.00-10.16]   |   2.00 [2.00-2.16]    |   7.19 [5.10-10.45]    |    0.99 [0.98-1.07]    |    0.01 [0.00-0.04]     |
|      348       |       1        |  10.00 [8.00-13.00]   |   0.00 [0.00-0.00]    |   10.00 [8.00-13.00]   |    0.00 [0.00-0.00]    |    0.00 [0.00-0.00]     |
|      349       |       1        |   9.00 [7.00-14.00]   |   0.00 [0.00-0.00]    |   9.00 [7.00-14.00]    |    0.00 [0.00-0.00]    |    0.00 [0.00-0.00]     |
|      350       |       1        |  14.00 [11.00-19.16]  |   0.00 [0.00-1.00]    |   8.02 [6.24-11.41]    |    0.00 [0.00-0.82]    |    0.00 [0.00-0.01]     |
|      351       |       1        |   9.00 [8.00-15.00]   |   0.00 [0.00-0.00]    |   9.00 [8.00-15.00]    |    0.00 [0.00-0.00]    |    0.00 [0.00-0.00]     |
|      352       |       1        |   9.00 [7.00-13.00]   |   0.00 [0.00-0.00]    |   9.00 [7.00-13.00]    |    0.00 [0.00-0.00]    |    0.00 [0.00-0.00]     |
|      353       |       1        |   9.00 [6.84-14.00]   |   1.00 [1.00-1.00]    |   10.90 [8.22-16.85]   |    0.46 [0.46-0.46]    |    0.00 [0.00-0.00]     |
|      354       |       1        |   7.00 [5.00-10.66]   |   2.50 [2.50-3.00]    |   7.30 [5.21-11.08]    |    1.23 [1.23-1.47]    |    0.02 [0.00-0.07]     |
|      355       |       1        |  16.00 [13.00-20.00]  |   0.00 [0.00-2.00]    |   9.96 [8.11-12.65]    |    0.00 [0.00-1.32]    |    0.00 [0.00-0.00]     |
|      358       |       1        |   5.00 [5.00-9.00]    |   0.00 [0.00-0.00]    |    5.00 [5.00-9.00]    |    0.00 [0.00-0.00]    |    0.01 [0.00-0.01]     |
|      359       |       1        |   7.00 [6.00-10.16]   |   0.00 [0.00-0.00]    |   7.00 [6.00-10.16]    |    0.00 [0.00-0.00]    |    0.00 [0.00-0.00]     |
|      360       |       1        |  10.00 [7.00-15.16]   |   0.00 [0.00-2.00]    |    6.71 [4.84-9.97]    |    0.00 [0.00-1.37]    |    0.00 [0.00-0.04]     |
|      361       |       1        |   6.00 [4.00-11.00]   |   0.00 [0.00-0.00]    |   7.20 [4.80-13.30]    |    0.00 [0.00-0.00]    |    0.00 [0.00-0.01]     |
|      362       |       1        |   6.00 [4.00-12.00]   |   1.00 [1.00-1.00]    |   7.17 [4.76-14.57]    |    0.46 [0.46-0.46]    |    0.00 [0.00-0.02]     |
|      363       |       1        |   9.00 [7.00-13.00]   |   0.00 [0.00-0.00]    |   9.00 [7.00-13.00]    |    0.00 [0.00-0.00]    |    0.00 [0.00-0.00]     |
|      364       |       1        |   9.00 [6.50-14.50]   |   1.50 [1.00-2.50]    |   6.30 [4.59-10.47]    |    0.95 [0.65-1.54]    |    0.01 [0.00-0.07]     |
|      365       |       1        |   6.00 [4.00-12.16]   |   0.00 [0.00-0.00]    |   7.35 [4.89-14.84]    |    0.00 [0.00-0.00]    |    0.00 [0.00-0.01]     |
|      366       |       1        |   7.00 [5.00-12.00]   |   0.00 [0.00-0.00]    |   8.44 [6.02-14.72]    |    0.00 [0.00-0.00]    |    0.00 [0.00-0.00]     |
|      367       |       1        |   8.00 [7.00-13.16]   |   0.00 [0.00-0.00]    |   8.00 [7.00-13.16]    |    0.00 [0.00-0.00]    |    0.00 [0.00-0.00]     |
|      368       |       1        |   9.00 [6.00-14.32]   |   0.00 [0.00-0.00]    |   11.21 [7.53-17.55]   |    0.00 [0.00-0.00]    |    0.00 [0.00-0.00]     |
|      369       |       1        |  10.00 [8.00-13.00]   |   0.00 [0.00-0.00]    |   12.13 [9.67-16.06]   |    0.00 [0.00-0.00]    |    0.00 [0.00-0.00]     |
|      370       |       1        |   8.00 [7.00-13.00]   |   0.00 [0.00-0.00]    |   8.00 [7.00-13.00]    |    0.00 [0.00-0.00]    |    0.00 [0.00-0.00]     |
|      371       |       1        |   4.00 [4.00-8.16]    |   0.00 [0.00-0.00]    |    4.00 [4.00-8.16]    |    0.00 [0.00-0.00]    |    0.01 [0.00-0.01]     |
|      372       |       1        |  10.00 [8.00-14.00]   |   0.00 [0.00-0.00]    |   10.00 [8.00-14.00]   |    0.00 [0.00-0.00]    |    0.00 [0.00-0.00]     |
|      373       |       1        |   8.00 [5.00-11.00]   |   0.00 [0.00-0.00]    |   9.82 [6.24-13.52]    |    0.00 [0.00-0.00]    |    0.00 [0.00-0.00]     |
|      374       |       1        |   5.00 [4.00-12.00]   |   0.00 [0.00-0.00]    |   6.25 [5.02-14.53]    |    0.00 [0.00-0.00]    |    0.00 [0.00-0.00]     |
|      375       |       1        |   5.00 [4.00-11.16]   |   0.00 [0.00-0.00]    |   6.28 [5.03-13.82]    |    0.00 [0.00-0.00]    |    0.00 [0.00-0.00]     |
|      376       |       1        |   8.50 [7.00-12.00]   |   0.00 [0.00-0.00]    |   10.36 [8.43-14.71]   |    0.00 [0.00-0.00]    |    0.00 [0.00-0.00]     |
|      377       |       1        |   9.00 [7.00-15.16]   |   0.00 [0.00-0.00]    |   9.00 [7.00-15.16]    |    0.00 [0.00-0.00]    |    0.00 [0.00-0.00]     |
|      378       |       1        |  13.00 [10.00-19.16]  |   0.00 [0.00-0.00]    |   8.40 [6.92-12.09]    |    0.00 [0.00-0.00]    |    0.00 [0.00-0.00]     |
|      379       |       1        |   6.00 [6.00-9.32]    |   1.00 [1.00-1.00]    |    6.00 [6.00-9.32]    |    0.54 [0.53-0.55]    |    0.01 [0.00-0.01]     |
|      380       |       1        |   3.00 [2.00-6.00]    |   0.00 [0.00-0.00]    |   6.24 [4.41-11.63]    |    0.00 [0.00-0.00]    |    0.00 [0.00-0.02]     |
|      382       |       1        |   5.00 [4.00-9.00]    |   0.00 [0.00-0.00]    |    5.00 [4.00-9.00]    |    0.00 [0.00-0.00]    |    0.00 [0.00-0.01]     |
|      383       |       1        |   8.00 [7.00-12.16]   |   0.00 [0.00-0.00]    |   8.00 [7.00-12.16]    |    0.00 [0.00-0.00]    |    0.00 [0.00-0.00]     |
|      384       |       1        |   9.00 [7.00-13.00]   |   0.00 [0.00-0.00]    |   10.93 [8.46-15.89]   |    0.00 [0.00-0.00]    |    0.00 [0.00-0.00]     |
|      385       |       1        |   7.00 [5.00-12.00]   |   0.00 [0.00-0.00]    |   7.00 [5.00-12.00]    |    0.00 [0.00-0.00]    |    0.00 [0.00-0.00]     |
|      386       |       1        |   7.00 [5.00-11.00]   |   0.00 [0.00-0.00]    |   8.65 [6.07-13.44]    |    0.00 [0.00-0.00]    |    0.00 [0.00-0.00]     |
|      387       |       1        |   3.00 [3.00-7.00]    |   0.00 [0.00-0.00]    |   6.59 [6.59-13.61]    |    0.00 [0.00-0.00]    |    0.00 [0.00-0.00]     |
|      388       |       1        |   6.00 [5.00-11.00]   |   1.00 [1.00-1.00]    |   6.00 [5.00-11.00]    |    0.50 [0.50-0.50]    |    0.01 [0.00-0.02]     |
|      389       |       1        |   6.00 [5.00-13.00]   |   0.00 [0.00-0.00]    |   6.00 [5.00-13.00]    |    0.00 [0.00-0.00]    |    0.00 [0.00-0.00]     |
|      390       |       1        |   8.00 [7.00-13.16]   |   0.00 [0.00-0.00]    |   9.94 [8.45-16.13]    |    0.00 [0.00-0.00]    |    0.00 [0.00-0.00]     |
|      391       |       1        |   9.50 [7.50-13.50]   |   4.50 [4.50-4.58]    |   10.54 [8.31-14.90]   |    2.15 [2.14-2.19]    |    0.01 [0.00-0.02]     |
|      392       |       1        |   2.00 [2.00-9.16]    |   0.00 [0.00-0.00]    |   2.52 [2.52-11.44]    |    0.00 [0.00-0.00]    |    0.07 [0.00-0.07]     |
|      393       |       1        |   3.00 [3.00-9.00]    |   0.00 [0.00-0.00]    |   6.20 [6.20-13.93]    |    0.00 [0.00-0.00]    |    0.01 [0.00-0.01]     |
|      394       |       1        |   9.00 [6.00-12.16]   |   0.00 [0.00-0.00]    |   11.06 [7.47-15.01]   |    0.00 [0.00-0.00]    |    0.00 [0.00-0.00]     |
|      395       |       1        |   8.00 [6.00-11.16]   |   0.00 [0.00-0.00]    |   8.00 [6.00-11.16]    |    0.00 [0.00-0.00]    |    0.00 [0.00-0.00]     |
|      396       |       1        |   6.00 [5.00-12.16]   |   0.00 [0.00-0.16]    |    3.94 [2.96-8.03]    |    0.00 [0.00-0.11]    |    0.02 [0.00-0.06]     |
|      397       |       1        |   9.00 [6.00-14.16]   |   0.00 [0.00-0.00]    |   11.11 [7.46-17.58]   |    0.00 [0.00-0.00]    |    0.00 [0.00-0.00]     |
|      398       |       1        |   3.00 [3.00-7.16]    |   0.00 [0.00-0.00]    |    3.00 [3.00-7.16]    |    0.00 [0.00-0.00]    |    0.04 [0.00-0.04]     |
|      399       |       1        |   6.00 [4.00-13.16]   |   0.00 [0.00-0.00]    |   6.00 [4.00-13.16]    |    0.00 [0.00-0.00]    |    0.00 [0.00-0.01]     |
|      400       |       1        |   9.00 [7.00-13.00]   |   2.00 [2.00-2.00]    |   11.22 [8.76-15.87]   |    1.00 [1.00-1.00]    |    0.00 [0.00-0.00]     |
|      401       |       1        |   8.00 [7.00-15.00]   |   1.00 [1.00-1.50]    |   8.04 [7.04-15.07]    |    0.50 [0.50-0.75]    |    0.00 [0.00-0.00]     |
|      402       |       1        |  10.00 [9.00-14.16]   |   0.00 [0.00-2.00]    |    7.03 [5.60-9.83]    |    0.00 [0.00-1.31]    |    0.00 [0.00-0.01]     |
|      403       |       1        |   7.00 [5.00-12.16]   |   4.00 [4.00-4.00]    |   8.65 [6.23-14.97]    |    1.82 [1.82-1.83]    |    0.01 [0.00-0.06]     |
|      405       |       1        |   7.00 [5.00-12.00]   |   0.00 [0.00-0.00]    |   7.00 [5.00-12.00]    |    0.00 [0.00-0.00]    |    0.00 [0.00-0.00]     |
|      406       |       1        |   6.00 [5.00-9.32]    |   4.00 [4.00-4.00]    |   9.01 [7.45-14.11]    |    2.14 [2.13-2.16]    |    0.03 [0.00-0.06]     |
|      407       |       1        |   9.00 [7.00-13.16]   |   0.00 [0.00-0.00]    |   9.00 [7.00-13.16]    |    0.00 [0.00-0.00]    |    0.00 [0.00-0.00]     |
|      410       |       1        |   4.00 [3.00-10.16]   |   1.00 [1.00-1.00]    |   5.07 [3.81-12.81]    |    0.46 [0.46-0.46]    |    0.02 [0.00-0.06]     |
|      411       |       1        |   8.00 [6.00-13.16]   |   0.00 [0.00-0.00]    |   9.78 [7.31-16.15]    |    0.00 [0.00-0.00]    |    0.00 [0.00-0.00]     |
|      413       |       1        |   5.00 [3.00-11.00]   |   1.00 [1.00-1.00]    |   5.93 [3.57-13.19]    |    0.46 [0.46-0.46]    |    0.01 [0.00-0.07]     |
|      414       |       1        |   2.00 [2.00-5.00]    |   1.00 [1.00-1.00]    |   4.31 [4.31-10.17]    |    0.39 [0.39-0.40]    |    0.06 [0.00-0.06]     |
|      415       |       1        |   7.00 [5.00-11.00]   |   0.00 [0.00-0.00]    |   8.52 [6.04-13.43]    |    0.00 [0.00-0.00]    |    0.00 [0.00-0.00]     |
|      417       |       1        |  10.50 [8.84-15.00]   |   0.00 [0.00-0.00]    |   10.50 [8.84-15.00]   |    0.00 [0.00-0.00]    |    0.00 [0.00-0.00]     |
|      418       |       1        |   3.00 [3.00-6.16]    |   0.00 [0.00-0.00]    |    3.00 [3.00-6.16]    |    0.00 [0.00-0.00]    |    0.04 [0.00-0.04]     |
|      419       |       1        |   9.00 [7.00-12.16]   |   0.00 [0.00-0.00]    |   11.04 [8.46-14.92]   |    0.00 [0.00-0.00]    |    0.00 [0.00-0.00]     |
|      421       |       1        |   9.00 [7.00-14.00]   |   0.00 [0.00-0.00]    |   9.00 [7.00-14.00]    |    0.00 [0.00-0.00]    |    0.00 [0.00-0.00]     |
|      422       |       1        |   7.00 [5.00-12.00]   |   0.00 [0.00-0.00]    |   8.61 [6.19-14.69]    |    0.00 [0.00-0.00]    |    0.00 [0.00-0.00]     |
|      423       |       1        |   5.00 [4.00-10.16]   |   0.00 [0.00-0.00]    |   6.26 [5.03-12.67]    |    0.00 [0.00-0.00]    |    0.00 [0.00-0.00]     |
|      424       |       1        |   6.00 [5.00-10.00]   |   0.00 [0.00-0.00]    |   6.00 [5.00-10.00]    |    0.00 [0.00-0.00]    |    0.00 [0.00-0.00]     |
|      425       |       1        |   5.00 [4.00-8.00]    |   0.00 [0.00-0.00]    |   9.33 [8.48-14.44]    |    0.00 [0.00-0.00]    |    0.00 [0.00-0.00]     |
|      426       |       1        |   8.00 [5.84-12.00]   |   0.00 [0.00-0.00]    |   9.95 [7.27-14.77]    |    0.00 [0.00-0.00]    |    0.00 [0.00-0.00]     |
|      427       |       1        |   6.00 [4.00-11.16]   |   0.00 [0.00-0.00]    |   7.48 [4.99-13.83]    |    0.00 [0.00-0.00]    |    0.00 [0.00-0.01]     |
|      428       |       1        |  11.00 [9.00-17.00]   |   0.00 [0.00-2.00]    |   8.99 [7.18-13.56]    |    0.00 [0.00-1.10]    |    0.00 [0.00-0.00]     |
|      429       |       1        |   7.00 [5.00-12.16]   |   0.00 [0.00-0.00]    |   7.00 [5.00-12.16]    |    0.00 [0.00-0.00]    |    0.00 [0.00-0.00]     |
|      430       |       1        |  11.00 [10.00-17.16]  |   0.00 [0.00-1.00]    |   6.68 [5.86-10.98]    |    0.00 [0.00-0.77]    |    0.00 [0.00-0.02]     |
|      431       |       1        |  10.00 [8.00-14.16]   |   1.00 [1.00-1.00]    |   10.00 [8.00-14.16]   |    0.52 [0.51-0.53]    |    0.00 [0.00-0.00]     |
|      432       |       1        |   7.00 [7.00-11.00]   |   0.00 [0.00-0.00]    |   7.00 [7.00-11.00]    |    0.00 [0.00-0.00]    |    0.00 [0.00-0.00]     |
|      433       |       1        |   5.00 [4.00-9.16]    |   0.00 [0.00-0.00]    |   10.02 [8.20-14.82]   |    0.00 [0.00-0.00]    |    0.00 [0.00-0.00]     |
|      434       |       1        |   8.00 [7.00-14.00]   |   0.00 [0.00-0.00]    |   8.00 [7.00-14.00]    |    0.00 [0.00-0.00]    |    0.00 [0.00-0.00]     |
|      436       |       1        |   8.00 [6.00-14.32]   |   1.00 [1.00-1.00]    |   8.01 [6.01-14.35]    |    0.50 [0.50-0.50]    |    0.00 [0.00-0.01]     |
|      437       |       1        |   4.00 [3.00-11.00]   |   1.00 [1.00-1.00]    |   5.03 [3.74-13.60]    |    0.50 [0.50-0.50]    |    0.03 [0.00-0.07]     |
|      438       |       1        |  11.00 [8.00-16.00]   |   0.00 [0.00-0.00]    |   11.00 [8.00-16.00]   |    0.00 [0.00-0.00]    |    0.00 [0.00-0.00]     |
|      439       |       1        |   5.00 [3.00-12.00]   |   0.00 [0.00-0.00]    |   6.27 [3.76-14.80]    |    0.00 [0.00-0.00]    |    0.00 [0.00-0.02]     |
|      440       |       1        |   4.00 [3.00-10.16]   |   0.00 [0.00-0.00]    |   5.02 [3.78-12.53]    |    0.00 [0.00-0.00]    |    0.01 [0.00-0.02]     |
|      441       |       1        |   8.00 [6.00-15.00]   |   0.00 [0.00-0.00]    |   8.00 [6.00-15.00]    |    0.00 [0.00-0.00]    |    0.00 [0.00-0.00]     |
|      442       |       1        |   4.00 [3.00-10.16]   |   1.00 [1.00-1.00]    |   4.80 [3.59-12.39]    |    0.46 [0.46-0.46]    |    0.02 [0.00-0.07]     |
|      443       |       1        |   9.00 [7.00-13.00]   |   0.00 [0.00-0.00]    |   9.00 [7.00-13.00]    |    0.00 [0.00-0.00]    |    0.00 [0.00-0.00]     |
|      444       |       1        |  11.00 [8.84-15.00]   |   0.00 [0.00-0.00]    |  13.35 [10.62-18.29]   |    0.00 [0.00-0.00]    |    0.00 [0.00-0.00]     |
|      445       |       1        |  10.00 [8.00-14.16]   |   0.00 [0.00-0.00]    |   10.00 [8.00-14.16]   |    0.00 [0.00-0.00]    |    0.00 [0.00-0.00]     |
|      448       |       1        |   8.00 [6.00-13.16]   |   0.00 [0.00-0.00]    |   9.63 [7.21-16.08]    |    0.00 [0.00-0.00]    |    0.00 [0.00-0.00]     |
|      449       |       1        |   9.00 [6.00-12.16]   |   4.00 [4.00-5.00]    |   9.93 [6.61-13.57]    |    1.91 [1.90-2.38]    |    0.00 [0.00-0.05]     |
|      451       |       1        |   5.00 [5.00-8.00]    |   0.00 [0.00-0.00]    |    5.00 [5.00-8.00]    |    0.00 [0.00-0.00]    |    0.01 [0.00-0.01]     |
|      452       |       1        |  10.00 [7.84-15.00]   |   0.00 [0.00-0.00]    |   10.00 [7.84-15.00]   |    0.00 [0.00-0.00]    |    0.00 [0.00-0.00]     |
|      454       |       1        |   5.00 [3.00-11.00]   |   0.00 [0.00-0.00]    |   5.00 [3.00-11.00]    |    0.00 [0.00-0.00]    |    0.00 [0.00-0.04]     |
|      455       |       1        |   4.00 [3.00-8.00]    |   0.00 [0.00-0.00]    |    4.00 [3.00-8.00]    |    0.00 [0.00-0.00]    |    0.01 [0.00-0.04]     |
|      456       |       1        |   9.00 [6.00-12.16]   |   1.00 [1.00-1.00]    |   10.64 [7.12-14.65]   |    0.46 [0.46-0.47]    |    0.00 [0.00-0.00]     |
|      457       |       1        |   9.00 [7.00-14.16]   |   0.00 [0.00-0.00]    |   11.25 [8.57-17.57]   |    0.00 [0.00-0.00]    |    0.00 [0.00-0.00]     |
|      458       |       1        |   9.00 [7.00-13.16]   |   0.00 [0.00-0.00]    |   9.00 [7.00-13.16]    |    0.00 [0.00-0.00]    |    0.00 [0.00-0.00]     |
|      459       |       1        |  10.00 [8.00-15.16]   |   1.00 [1.00-3.00]    |    6.31 [4.87-9.66]    |    0.74 [0.70-2.13]    |    0.01 [0.00-0.05]     |
|      462       |       1        |   7.00 [7.00-11.16]   |   3.00 [3.00-3.00]    |   7.11 [7.11-11.72]    |    1.49 [1.46-1.49]    |    0.02 [0.00-0.02]     |
|      465       |       1        |   2.00 [2.00-6.00]    |   0.00 [0.00-0.00]    |   4.08 [4.08-10.87]    |    0.00 [0.00-0.00]    |    0.03 [0.00-0.03]     |
|      466       |       1        |   8.00 [6.00-12.00]   |   1.00 [1.00-1.00]    |   9.59 [7.29-14.49]    |    0.46 [0.46-0.46]    |    0.00 [0.00-0.00]     |
|      467       |       1        |  10.00 [8.00-14.00]   |   2.00 [2.00-2.00]    |   12.38 [9.97-17.10]   |    0.93 [0.93-0.94]    |    0.00 [0.00-0.00]     |
|      468       |       1        |   7.50 [6.00-12.00]   |   0.00 [0.00-0.00]    |  13.67 [11.22-17.51]   |    0.00 [0.00-0.00]    |    0.00 [0.00-0.00]     |
|      469       |       1        |   9.00 [7.00-13.16]   |   3.00 [3.00-3.50]    |   10.42 [8.06-15.52]   |    1.40 [1.39-1.63]    |    0.00 [0.00-0.01]     |
|      471       |       1        |   2.00 [2.00-5.16]    |   0.00 [0.00-0.00]    |   4.34 [4.34-10.66]    |    0.00 [0.00-0.00]    |    0.02 [0.00-0.02]     |
|      472       |       1        |   7.00 [5.00-12.16]   |   0.00 [0.00-0.00]    |   7.00 [5.00-12.16]    |    0.00 [0.00-0.00]    |    0.00 [0.00-0.00]     |
|      473       |       1        |  10.00 [7.00-14.16]   |   0.00 [0.00-0.00]    |   12.29 [8.59-17.31]   |    0.00 [0.00-0.00]    |    0.00 [0.00-0.00]     |
|      474       |       1        |  10.00 [8.00-16.16]   |   1.00 [1.00-1.00]    |   10.00 [8.00-16.16]   |    0.50 [0.50-0.50]    |    0.00 [0.00-0.00]     |
|      476       |       1        |   3.00 [3.00-7.16]    |   0.00 [0.00-0.00]    |   6.34 [6.34-13.75]    |    0.00 [0.00-0.00]    |    0.01 [0.00-0.01]     |
|      477       |       1        |   3.00 [3.00-6.00]    |   0.00 [0.00-0.00]    |    3.00 [3.00-6.00]    |    0.00 [0.00-0.00]    |    0.04 [0.00-0.04]     |
|      478       |       1        |   2.00 [2.00-5.16]    |   1.00 [1.00-1.00]    |   4.34 [4.34-10.00]    |    0.42 [0.42-0.43]    |    0.07 [0.00-0.07]     |
|      479       |       1        |   9.00 [7.00-14.16]   |   1.00 [1.00-1.08]    |   9.03 [7.02-14.21]    |    0.50 [0.50-0.54]    |    0.00 [0.00-0.00]     |
|      482       |       1        |   9.50 [6.92-15.00]   |   7.00 [6.00-8.08]    |   10.70 [7.60-16.70]   |    3.29 [2.85-3.81]    |    0.02 [0.00-0.14]     |
|      483       |       1        |   3.00 [2.50-6.00]    |   2.00 [2.00-2.50]    |   5.81 [4.84-11.09]    |    0.82 [0.82-1.02]    |    0.04 [0.00-0.12]     |
|      484       |       1        |   6.88 [5.00-9.54]    |   5.50 [5.00-6.50]    |   9.04 [6.60-12.27]    |    2.98 [2.75-3.50]    |    0.05 [0.01-0.19]     |
|      487       |       1        |   8.00 [6.00-12.16]   |   2.00 [2.00-2.00]    |   8.05 [6.04-12.23]    |    1.00 [1.00-1.00]    |    0.00 [0.00-0.02]     |
|      488       |       1        |   5.00 [4.00-12.00]   |   2.00 [2.00-2.00]    |   6.17 [4.95-14.64]    |    0.91 [0.91-0.92]    |    0.02 [0.00-0.05]     |
|      489       |       1        |   7.00 [6.00-13.00]   |   0.00 [0.00-1.00]    |    4.20 [3.50-7.99]    |    0.00 [0.00-0.76]    |    0.02 [0.00-0.04]     |
|      490       |       1        |   7.00 [5.00-12.00]   |   0.00 [0.00-0.00]    |   10.95 [9.13-15.50]   |    0.00 [0.00-0.00]    |    0.00 [0.00-0.00]     |
|      491       |       1        |   3.00 [3.00-6.16]    |   0.00 [0.00-0.00]    |   6.48 [6.48-11.75]    |    0.00 [0.00-0.00]    |    0.01 [0.00-0.01]     |
|      492       |       1        |  17.00 [15.00-22.16]  |   0.00 [0.00-2.00]    |   10.71 [8.99-14.68]   |    0.00 [0.00-1.38]    |    0.00 [0.00-0.00]     |
|      493       |       1        |   8.00 [6.00-12.16]   |   3.00 [3.00-4.00]    |   9.64 [7.18-14.87]    |    1.43 [1.42-1.90]    |    0.00 [0.00-0.02]     |
|      494       |       1        |   7.50 [6.00-14.00]   |   0.00 [0.00-0.00]    |   7.50 [6.00-14.00]    |    0.00 [0.00-0.00]    |    0.00 [0.00-0.00]     |
|      495       |       1        |   5.00 [3.00-12.16]   |   1.00 [1.00-1.00]    |   6.21 [3.74-14.84]    |    0.46 [0.45-0.46]    |    0.01 [0.00-0.06]     |
|      496       |       1        |   9.00 [7.00-14.16]   |   0.00 [0.00-0.00]    |   9.00 [7.00-14.16]    |    0.00 [0.00-0.00]    |    0.00 [0.00-0.00]     |
|      497       |       1        |   4.00 [4.00-8.00]    |   0.00 [0.00-0.00]    |    4.00 [4.00-8.00]    |    0.00 [0.00-0.00]    |    0.01 [0.00-0.01]     |
|      498       |       1        |   9.00 [7.00-13.00]   |   0.00 [0.00-0.00]    |   9.00 [7.00-13.00]    |    0.00 [0.00-0.00]    |    0.00 [0.00-0.00]     |
|      499       |       1        |   8.00 [6.00-14.00]   |   1.00 [1.00-1.00]    |   9.98 [7.53-17.01]    |    0.50 [0.50-0.50]    |    0.00 [0.00-0.00]     |
|      500       |       1        |  10.00 [7.00-15.16]   |   0.00 [0.00-0.00]    |   12.34 [8.79-18.71]   |    0.00 [0.00-0.00]    |    0.00 [0.00-0.00]     |
|      501       |       1        |   3.00 [3.00-8.00]    |   0.00 [0.00-0.00]    |    3.00 [3.00-8.00]    |    0.00 [0.00-0.00]    |    0.04 [0.00-0.04]     |
|      502       |       1        |   7.00 [5.00-11.32]   |   0.00 [0.00-0.00]    |   8.42 [6.01-13.92]    |    0.00 [0.00-0.00]    |    0.00 [0.00-0.00]     |
|      503       |       1        |   3.00 [3.00-7.00]    |   1.00 [1.00-1.00]    |   6.26 [6.26-11.99]    |    0.40 [0.40-0.42]    |    0.01 [0.00-0.01]     |
|      504       |       1        |   5.00 [4.00-10.16]   |   0.00 [0.00-0.00]    |   10.05 [7.76-14.59]   |    0.00 [0.00-0.00]    |    0.00 [0.00-0.00]     |
|      505       |       1        |   8.00 [6.00-13.16]   |   3.00 [3.00-3.00]    |   8.00 [6.00-13.16]    |    1.50 [1.50-1.50]    |    0.01 [0.00-0.04]     |
|      507       |       1        |   6.00 [4.00-12.00]   |   0.00 [0.00-0.00]    |   7.23 [4.80-14.51]    |    0.00 [0.00-0.00]    |    0.00 [0.00-0.01]     |
|      509       |       1        |   3.00 [3.00-7.00]    |   0.00 [0.00-0.00]    |   6.42 [6.42-13.18]    |    0.00 [0.00-0.00]    |    0.00 [0.00-0.00]     |
