
Analysis Description
--------------------
aBSREL (Adaptive branch-site random effects likelihood) uses an adaptive
random effects branch-site model framework to test whether each branch
has evolved under positive selection, using a procedure which infers an
optimal number of rate categories per branch. v2.2 adds support for
multiple-hit models. v2.3 adds support for SRV. v2.5 adds support for
ancestral state reconstruction, identification of sites contributing to
selection signal, and some diagnostics. v2.6 adds tree reports and ASCII
art

- __Requirements__: in-frame codon alignment and a phylogenetic tree

- __Citation__:  Less Is More: An Adaptive Branch-Site Random Effects Model for
Efficient Detection of Episodic Diversifying Selection (2015). Mol Biol
Evol 32 (5): 1342-1353. 

- __Written by__: Sergei L Kosakovsky Pond, Ben Murrell, Steven Weaver and Temple iGEM /
UCSD viral evolution group

- __Contact Information__: spond@temple.edu

- __Analysis Version__: 2.6

[Advanced option] Bag of little bootstrap alignment resampling rate (permissible range = [0.01,1], default value = 1): blb: 1

>code => Universal

-------
>[WARNING]
'/Users/alex/Documents/selection-tutorial/data/21-empirical/HIV_RT.nex'
contains 1 duplicate sequence. Identical sequences do not contribute any
information to the analysis and only slow down computation. Please
consider removing duplicate or 'nearly' duplicate sequences, e.g. using
https://github.com/veg/hyphy-analyses/tree/master/remove-duplicates
prior to running selection analyses
-------
>Loaded a multiple sequence alignment with **476** sequences, **335** codons, and **1** partitions from `/Users/alex/Documents/selection-tutorial/data/21-empirical/HIV_RT.nex`

>branches => All

>multiple-hits => None

>srv => No


### * Selected 949 branches for testing: `T27199905, N27199901, Node16, T20720000, N20719991, Node25, T72200011, N72199903, Node28, Node24, T13820000, N13819981, Node32, T90200101, N90199902, Node35, Node31, Node23, T17520011, N17519990, Node39, T14220000, N14219990, Node43, T14019990, N14019990, Node46, Node42, Node38, Node22, T15820000, N15819990, Node50, T17020000, N17019990, Node54, T23020000, N23019990, Node58, T22619990, N22619990, Node61, Node57, Node53, Node49, Node21, T11620001, N11619991, Node66, T21219991, N21219990, Node69, Node65, T12920010, N12919991, Node73, T11520000, N11519991, Node76, Node72, Node64, Node20, T84200002, N84199903, Node85, T15220010, N15219990, Node88, Node84, T19620000, N19619990, Node91, Node83, N28199901, T17319991, N17319990, Node100, T70200202, N70199812, Node104, T69200009, N69199906, Node107, Node103, Node99, T19720020, N19719990, Node111, T11120010, N11119990, Node114, Node110, Node98, Node96, T45200208, N45200201, Node117, Node95, T24020080, N24020071, Node122, T15120020, N15119991, Node125, Node121, T36199905, N36199901, Node128, Node120, Node94, Node82, T22320001, N22319990, Node135, T14120000, N14119990, Node138, Node134, T16019991, N16019991, Node141, Node133, T23620000, N23619991, Node147, T19520010, N19519990, Node150, Node146, T13200309, N13200010, Node153, Node145, T22520011, N22519990, Node157, T14200204, N14200012, Node160, Node156, Node144, Node132, T22220000, N22219991, Node166, T23720060, N23720041, Node171, T16720001, N16719991, Node174, Node170, T21120000, N21119990, Node178, T12519990, N12519981, Node182, T64199905, N64199904, Node185, Node181, Node177, Node169, Node165, T93200203, N93199906, Node192, T31200003, Node191, T18819991, N18819990, Node197, T88200112, N88199901, Node201, T8200310, N8199907, Node204, Node200, Node196, Node190, T21519991, N21519990, Node208, T23120000, N23119990, Node211, Node207, Node189, T22720000, N22719990, Node221, T66200012, N66199812, Node224, Node220, T32200007, N32199901, Node227, Node219, T23320011, N23319990, Node231, T15719991, N15719990, Node234, Node230, Node218, T10920010, N10919990, Node240, T97200204, N97199901, Node243, Node239, T24200309, N24200206, Node246, Node238, T16519991, N16519990, Node249, Node237, Node217, T17920000, N17919990, Node256, T74200204, T7199811, N7199611, Node261, Node259, Node255, T10020000, N10019990, Node265, T94200105, N94199910, Node268, Node264, Node254, T20620010, N20619990, Node272, T25200305, N25200207, Node275, Node271, Node253, N74199812, Node252, Node216, T13019990, N13019981, Node282, T16420011, N16419990, Node286, T17620000, N17619981, Node290, T29200003, N29199901, Node293, Node289, Node285, Node281, T18319990, N18319990, Node297, T24220020, N24220000, Node302, T85199908, N85199811, Node306, T22199809, Node305, Node301, T17199703, Node300, Node296, Node280, T10720000, N10719990, Node314, T1199908, Node313, T20200108, N20200107, Node318, Node312, T62200201, N62200101, Node322, N2199809, Node321, Node311, Node279, Node215, T14920010, N14919990, Node329, T11819990, N11819990, Node332, Node328, T23520000, N23519990, Node338, T10219990, N10219981, Node341, Node337, T14819991, N14819990, Node345, T6200007, N6199906, Node348, Node344, Node336, T13519991, N13519990, Node352, T67199909, N67199906, Node355, Node351, Node335, Node327, T21920000, N21919990, Node360, T18520000, N18519990, Node363, Node359, T14620001, N14619991, Node366, Node358, Node326, Node214, Node188, Node164, T16219990, N16219990, Node370, T16620000, N16619990, Node373, Node369, Node163, Node131, Node81, T82200102, N82199909, Node382, T12719990, N12719990, Node386, T76200005, N76199904, Node389, Node385, Node381, T22020000, N22019990, Node393, T11920000, N11919991, Node397, T11420000, N11419990, Node400, Node396, Node392, Node380, T23420001, N23419990, Node404, T13720000, N13719991, Node407, Node403, Node379, T78199912, N78199911, Node413, T75200101, N75199811, Node416, Node412, T13620010, N13619991, Node421, T16200304, N16200103, Node424, Node420, T18200309, N18200108, Node427, Node419, Node411, T26200211, N26200207, Node431, T21420000, N21419990, Node435, T13219990, N13219990, Node440, N31199901, Node439, T89199904, N89199902, Node445, T44200204, N44200201, Node448, Node444, Node438, Node434, Node430, Node410, Node378, T22820001, N22819990, Node459, T11200103, N11199911, Node462, Node458, T10320000, N10319990, Node465, Node457, T87200011, N87199903, Node469, T22420000, N22419990, Node472, Node468, Node456, T15319991, N15319990, Node475, Node455, T16119990, N16119990, Node479, T15520000, N15519981, Node483, T20520000, N20519990, Node487, T20419990, N20419990, Node491, T15019990, N15019990, Node494, Node490, Node486, Node482, Node478, Node454, T19219990, N19219990, Node498, T12020020, N12019991, Node501, Node497, Node453, T63200201, N63200101, Node506, T15920000, N15919990, Node510, T19120010, N19119990, Node513, Node509, Node505, T17420020, N17419990, Node516, Node504, Node452, T10420000, N10419990, Node522, T14720001, N14719991, Node525, Node521, T81200002, N81199910, Node529, T12200101, N12200008, Node532, Node528, Node520, T21019991, N21019990, Node535, Node519, Node451, Node377, T19020020, N19019990, Node541, T18720000, N18719990, Node545, T14320001, N14319990, Node549, T11319991, N11319990, Node552, Node548, Node544, Node540, T99200101, N99199903, Node556, T71200006, N71199901, Node559, Node555, Node539, T19420000, N19419981, Node564, T30199909, N30199901, Node567, Node563, T15419990, N15419981, Node571, T86200009, N86199901, Node574, Node570, Node562, Node538, Node376, Node80, N22199107, T22920001, N22919990, Node582, T11220000, N11219990, Node585, Node581, N19819990, T12619990, N12619990, Node594, Node592, T10200305, N10199911, Node597, Node591, T19920000, N19919991, Node601, T98199910, N98199901, Node604, Node600, Node590, N17199606, T23220001, N23219990, Node618, T15619991, N15619990, Node621, Node617, T17720000, N17719990, Node624, Node616, T21720000, N21719990, Node629, T21620020, N21619990, Node632, Node628, T33200009, N33199901, Node635, Node627, Node615, T18420000, N18419990, Node640, T83200010, N83199909, Node644, T79200004, N79199912, Node647, Node643, Node639, T12120000, N12119990, Node650, Node638, Node614, T17120000, N17119990, Node654, T12320000, N12319990, Node658, T95200001, N95199908, Node661, Node657, Node653, Node613, T37199910, N37199901, Node665, T20920000, N20919990, Node670, T18220000, N18219990, Node673, Node669, T35200006, N35199901, N34199901, Node679, T34199911, Node678, Node676, Node668, Node664, Node612, T18120000, N18119990, Node683, Node611, T13419991, N13419990, Node687, T13119990, N13119990, Node690, Node686, Node610, T20319990, N20319990, Node694, T21199809, N21199201, Node697, Node693, Node609, Node607, Node589, T20120010, N20119991, Node702, N1199101, Node701, T21319991, N21319990, Node707, T28200101, Node706, Node700, Node588, Node580, Node578, T16920011, N16919990, Node715, T20219990, N20219981, Node721, T12219990, N12219990, Node724, Node720, T12419991, N12419991, Node728, T11020000, N11019990, Node731, Node727, Node719, T13920000, N13919981, Node735, T43200209, N43200201, Node738, Node734, Node718, Node714, T17820020, N17819990, Node742, T12819991, N12819990, Node745, Node741, Node713, T18919990, N18919981, Node752, T10120000, N10119990, Node755, Node751, T20020000, N20019991, Node758, Node750, T22120000, N22119990, Node761, Node749, T10620010, N10619990, Node766, T96199911, N96199908, Node769, Node765, T68199912, N68199905, Node773, T15200201, N15200101, Node776, Node772, Node764, Node748, Node712, T16820010, N16819990, Node782, T11720000, N11719991, Node785, Node781, T92200003, N92199904, Node788, Node780, T19320000, N19319990, Node791, Node779, Node711, Node577, Node79, Node19, Node15, T9200006, N9199909, Node795, T23200207, N23200204, Node798, Node794, Node14, T13320000, N13319990, Node804, T5200107, N5199906, Node807, Node803, T16320000, N16319990, Node812, T14520001, N14519991, Node815, Node811, T91199912, N91199903, Node819, T4200608, N4199904, Node822, Node818, Node810, Node802, T18620020, N18619991, Node826, T10819990, N10819981, Node829, Node825, Node801, Node13, T80200007, N80199904, Node832, Node12, T73200108, N73199904, Node836, T65200101, N65199902, Node841, T19820000, T18020000, N18019990, Node847, Node845, T17220001, N17219990, Node850, Node844, Node840, T3200011, N3199901, Node853, Node839, Node835, Node11, T14420000, N14419990, Node856, Node10, T10520000, N10519990, Node859, Node9, T40199905, N40199903, Node864, T39199907, N39199905, Node867, Node863, T38199907, N38199905, Node870, Node862, Node8, T20820000, N20819990, Node873, Node7, T23820090, N23820050, Node877, T77200005, N77199906, Node880, Node876, Node6, T24120081, Node5, T41200107, N41200002, Node885, T56200502, Node884, Node4, T49200502, N49200412, Node889, Node3, T51200502, N51200412, Node892, Node2, T47200502, N47200412, Node900, T59200502, N59200412, Node904, T60200502, N60200412, Node907, Node903, Node899, T54200502, N54200412, Node911, T48200502, N48200412, Node914, Node910, Node898, T23920070, N23920060, Node919, T50200502, N50200412, Node922, Node918, T52200502, N52200412, Node925, Node917, Node897, T55200502, N55200412, Node931, T46200502, N46200412, Node934, Node930, T61200502, N61200412, Node937, Node929, T58200502, N58200412, Node940, Node928, Node896, T57200502, N57200412, Node944, N56200412, Node943, Node895, Node1, T53200502, N53200412`


### Obtaining branch lengths and nucleotide substitution biases under the nucleotide GTR model

>kill-zero-lengths => Yes

### Deleted 39 zero-length internal branches: `Node13, Node14, Node164, Node19, Node190, Node214, Node216, Node285, Node335, Node392, Node4, Node411, Node451, Node453, Node455, Node482, Node490, Node504, Node538, Node539, Node544, Node577, Node580, Node588, Node609, Node610, Node611, Node612, Node615, Node639, Node679, Node765, Node81, Node825, Node844, Node895, Node899, Node98, Node99`
* Log(L) = -27758.89, AIC-c = 57435.62 (957 estimated parameters)
* 1 partition. Total tree length by partition (subs/site)  5.976

### Fitting the baseline model with a single dN/dS class per branch, and no site-to-site variation. 
* Log(L) = -25603.20, AIC-c = 54917.10 (1834 estimated parameters)
* Branch-level non-synonymous/synonymous rate ratio distribution has median  0.20, and 95% of the weight in  0.04 -  1.55

### Determining the optimal number of rate classes per branch using a step up procedure

|              Branch               |  Length  |  Rates   |     Max. dN/dS     |    Log(L)     |     AIC-c     |Best AIC-c so far|
|-----------------------------------|----------|----------|--------------------|---------------|---------------|-----------------|
|              Node873              |   0.07   |    2     |  131.66 ( 0.68%)   |   -25597.61   |   54910.02    |    54910.02     |
|              Node873              |   0.07   |    3     |  157.08 ( 0.62%)   |   -25597.66   |   54914.20    |    54910.02     |
|             T24120081             |   0.05   |    2     |    0.43 (18.12%)   |   -25597.58   |   54914.04    |    54910.02     |
|              Node306              |   0.05   |    2     |    0.29 ( 0.00%)   |   -25597.61   |   54914.11    |    54910.02     |
|             T22199809             |   0.04   |    2     |   32.07 ( 4.30%)   |   -25587.71   |   54894.31    |    54894.31     |
|             T22199809             |   0.04   |    3     |   57.90 ( 2.47%)   |   -25587.19   |   54897.37    |    54894.31     |
|             T56200502             |   0.04   |    2     |    4.66 ( 3.24%)   |   -25584.82   |   54892.62    |    54892.62     |
|             T56200502             |   0.04   |    3     |    8.95 ( 2.06%)   |   -25584.78   |   54896.63    |    54892.62     |
|              Node585              |   0.04   |    2     |   0.11 (100.00%)   |   -25584.82   |   54896.72    |    54892.62     |
|               Node5               |   0.03   |    2     |    9.61 ( 3.69%)   |   -25580.21   |   54887.51    |    54887.51     |
|               Node5               |   0.03   |    3     |   11.91 ( 2.88%)   |   -25580.22   |   54891.61    |    54887.51     |
|              Node880              |   0.03   |    2     |    6.22 ( 6.81%)   |   -25578.35   |   54887.88    |    54887.51     |
|              Node735              |   0.03   |    2     |    0.05 (25.38%)   |   -25580.21   |   54891.60    |    54887.51     |
|              Node791              |   0.03   |    2     |    6.93 ( 2.22%)   |   -25576.80   |   54884.77    |    54884.77     |
|              Node791              |   0.03   |    3     |   10.23 ( 1.64%)   |   -25576.87   |   54889.00    |    54884.77     |
|              Node522              |   0.03   |    2     |    0.10 (53.24%)   |   -25576.80   |   54888.86    |    54884.77     |
|              Node25               |   0.03   |    2     |    0.33 ( 0.00%)   |   -25576.80   |   54888.86    |    54884.77     |
|               Node8               |   0.03   |    2     |    5.09 ( 4.15%)   |   -25574.12   |   54883.51    |    54883.51     |
|               Node8               |   0.03   |    3     |    6.07 ( 3.08%)   |   -25574.12   |   54887.61    |    54883.51     |
|              Node297              |   0.03   |    2     |    4.81 ( 3.57%)   |   -25571.74   |   54882.83    |    54882.83     |
|              Node297              |   0.03   |    3     |    6.32 ( 2.51%)   |   -25571.71   |   54886.87    |    54882.83     |
|              Node185              |   0.03   |    2     |    6.53 ( 4.91%)   |   -25569.28   |   54882.01    |    54882.01     |
|              Node185              |   0.03   |    3     |    7.84 ( 3.80%)   |   -25569.25   |   54886.04    |    54882.01     |
|               Node6               |   0.03   |    2     |    6.00 ( 2.50%)   |   -25567.61   |   54882.77    |    54882.01     |
|              Node876              |   0.03   |    2     |    0.26 ( 0.00%)   |   -25569.28   |   54886.11    |    54882.01     |
|              Node465              |   0.03   |    2     |    0.27 (29.27%)   |   -25569.28   |   54886.11    |    54882.01     |
|              Node227              |   0.03   |    2     |   24.21 ( 5.64%)   |   -25563.67   |   54874.88    |    54874.88     |
|              Node227              |   0.03   |    3     |   28.19 ( 5.03%)   |   -25563.70   |   54879.03    |    54874.88     |
|              Node122              |   0.03   |    2     |    9.61 ( 3.02%)   |   -25557.49   |   54866.61    |    54866.61     |
|              Node122              |   0.03   |    3     |   12.54 ( 2.31%)   |   -25557.33   |   54870.40    |    54866.61     |
|             T1199908              |   0.03   |    2     |   82.25 ( 0.62%)   |   -25556.38   |   54868.49    |    54866.61     |
|              Node742              |   0.03   |    2     |    0.08 (26.83%)   |   -25557.49   |   54870.72    |    54866.61     |
|              Node506              |   0.03   |    2     |    3.49 ( 2.00%)   |   -25556.92   |   54869.58    |    54866.61     |
|             T39199907             |   0.03   |    2     |   0.14 (100.00%)   |   -25557.49   |   54870.71    |    54866.61     |
|               Node1               |   0.03   |    2     |   0.40 (100.00%)   |   -25557.49   |   54870.71    |    54866.61     |
|              Node448              |   0.03   |    2     |    0.28 (71.39%)   |   -25557.49   |   54870.71    |    54866.61     |
|              Node160              |   0.03   |    2     |    6.04 ( 6.14%)   |   -25553.29   |   54862.31    |    54862.31     |
|              Node160              |   0.03   |    3     |    7.34 ( 4.64%)   |   -25553.28   |   54866.39    |    54862.31     |
|              Node445              |   0.03   |    2     |    0.26 ( 0.00%)   |   -25553.29   |   54866.41    |    54862.31     |
|              Node728              |   0.03   |    2     |    0.11 (73.63%)   |   -25553.29   |   54866.41    |    54862.31     |
|              Node39               |   0.03   |    2     |    7.04 ( 3.15%)   |   -25550.78   |   54861.40    |    54861.40     |
|              Node39               |   0.03   |    3     |    8.66 ( 2.40%)   |   -25550.79   |   54865.50    |    54861.40     |
|             T29200003             |   0.03   |    2     |    8.58 ( 6.14%)   |   -25549.56   |   54863.04    |    54861.40     |
|              Node66               |   0.03   |    2     |    0.27 (51.94%)   |   -25550.79   |   54865.51    |    54861.40     |
|              Node302              |   0.03   |    2     |  287.69 ( 0.41%)   |   -25544.10   |   54852.13    |    54852.13     |
|              Node302              |   0.03   |    3     |   >1000 ( 0.40%)   |   -25544.06   |   54856.14    |    54852.13     |
|              Node275              |   0.03   |    2     |    0.10 (75.26%)   |   -25544.10   |   54856.23    |    54852.13     |
|              Node338              |   0.03   |    2     |    0.05 (29.27%)   |   -25544.10   |   54856.23    |    54852.13     |
|              Node738              |   0.03   |    2     |   0.12 (100.00%)   |   -25544.10   |   54856.23    |    54852.13     |
|              Node755              |   0.03   |    2     |    0.25 (24.11%)   |   -25544.13   |   54856.28    |    54852.13     |
|              Node532              |   0.03   |    2     |    0.35 (48.65%)   |   -25544.10   |   54856.23    |    54852.13     |
|              Node721              |   0.03   |    2     |    0.11 (70.64%)   |   -25544.11   |   54856.24    |    54852.13     |
|              Node363              |   0.03   |    2     |   0.08 (100.00%)   |   -25544.10   |   54856.23    |    54852.13     |
|              Node32               |   0.03   |    2     |    0.11 (71.75%)   |   -25544.10   |   54856.23    |    54852.13     |
|              Node788              |   0.03   |    2     |    0.26 (10.45%)   |   -25544.11   |   54856.25    |    54852.13     |
|              Node322              |   0.03   |    2     |    0.10 (34.69%)   |   -25544.10   |   54856.23    |    54852.13     |
|              Node782              |   0.03   |    2     |    0.66 (49.17%)   |   -25544.10   |   54856.23    |    54852.13     |
|              Node773              |   0.03   |    2     |   0.14 (100.00%)   |   -25544.10   |   54856.23    |    54852.13     |
|              Node43               |   0.03   |    2     |  257.14 ( 3.99%)   |   -25535.88   |   54839.79    |    54839.79     |
|              Node43               |   0.03   |    3     |  275.24 ( 3.78%)   |   -25535.84   |   54843.80    |    54839.79     |
|              Node386              |   0.03   |    2     |   26.33 ( 1.10%)   |   -25530.56   |   54833.24    |    54833.24     |
|              Node386              |   0.03   |    3     |   29.91 ( 0.96%)   |   -25530.68   |   54837.58    |    54833.24     |
|             T87200011             |   0.03   |    2     |  630.82 ( 1.25%)   |   -25526.92   |   54830.06    |    54830.06     |
|             T87200011             |   0.03   |    3     |   >1000 ( 1.23%)   |   -25526.89   |   54834.10    |    54830.06     |
|              Node601              |   0.03   |    2     |    0.28 ( 0.00%)   |   -25526.92   |   54834.16    |    54830.06     |
|              Node332              |   0.02   |    2     |   47.23 ( 0.53%)   |   -25519.67   |   54819.65    |    54819.65     |
|              Node332              |   0.02   |    3     |   50.72 ( 0.47%)   |   -25519.79   |   54823.98    |    54819.65     |
|              Node724              |   0.02   |    2     |    0.26 ( 0.00%)   |   -25519.67   |   54823.74    |    54819.65     |
|              Node761              |   0.02   |    2     |    0.08 (99.47%)   |   -25519.67   |   54823.74    |    54819.65     |
|              Node807              |   0.02   |    2     |   0.12 (100.00%)   |   -25519.67   |   54823.74    |    54819.65     |
|              Node574              |   0.02   |    2     |   0.08 (100.00%)   |   -25519.67   |   54823.74    |    54819.65     |
|              Node785              |   0.02   |    2     |    0.21 (49.32%)   |   -25519.68   |   54823.76    |    54819.65     |
|              Node314              |   0.02   |    2     |    4.13 ( 6.61%)   |   -25517.72   |   54819.83    |    54819.65     |
|              Node776              |   0.02   |    2     |    0.15 (99.59%)   |   -25519.67   |   54823.74    |    54819.65     |
|              Node822              |   0.02   |    2     |    0.13 (99.95%)   |   -25519.67   |   54823.75    |    54819.65     |
|              Node459              |   0.02   |    2     |    0.10 (79.14%)   |   -25519.67   |   54823.74    |    54819.65     |
|             N31199901             |   0.02   |    2     |    0.30 (50.35%)   |   -25519.71   |   54823.82    |    54819.65     |
|             T21199809             |   0.02   |    2     |  809.70 ( 1.44%)   |   -25513.71   |   54811.82    |    54811.82     |
|             T21199809             |   0.02   |    3     |  744.05 ( 1.44%)   |   -25513.71   |   54815.92    |    54811.82     |
|              Node731              |   0.02   |    2     |    0.13 (22.39%)   |   -25513.72   |   54815.93    |    54811.82     |
|              Node885              |   0.02   |    2     |    8.17 ( 2.39%)   |   -25513.26   |   54815.01    |    54811.82     |
|              Node407              |   0.02   |    2     |    0.24 (23.65%)   |   -25513.71   |   54815.92    |    54811.82     |
|              Node54               |   0.02   |    2     |    0.28 (50.62%)   |   -25513.71   |   54815.91    |    54811.82     |
|              Node525              |   0.02   |    2     |    0.31 (50.60%)   |   -25513.71   |   54815.92    |    54811.82     |
|              Node208              |   0.02   |    2     |    0.28 (51.35%)   |   -25513.73   |   54815.95    |    54811.82     |
|             T28200101             |   0.02   |    2     |   89.63 ( 3.90%)   |   -25507.10   |   54802.70    |    54802.70     |
|             T28200101             |   0.02   |    3     |   >1000 ( 1.39%)   |   -25504.94   |   54802.47    |    54802.47     |
|             T28200101             |   0.02   |    4     |   >1000 ( 1.38%)   |   -25504.94   |   54806.57    |    54802.47     |
|              Node859              |   0.02   |    2     |    0.27 ( 0.00%)   |   -25504.93   |   54806.56    |    54802.47     |
|              Node341              |   0.02   |    2     |    0.17 (75.02%)   |   -25504.94   |   54806.58    |    54802.47     |
|              Node604              |   0.02   |    2     |   0.08 (100.00%)   |   -25504.94   |   54806.57    |    54802.47     |
|              Node421              |   0.02   |    2     |   46.78 ( 2.15%)   |   -25496.12   |   54788.94    |    54788.94     |
|              Node421              |   0.02   |    3     |   61.07 ( 1.60%)   |   -25495.96   |   54792.71    |    54788.94     |
|              Node256              |   0.02   |    2     |    0.25 (50.00%)   |   -25496.12   |   54793.03    |    54788.94     |
|              Node812              |   0.02   |    2     |    4.93 (12.08%)   |   -25494.95   |   54790.69    |    54788.94     |
|              Node618              |   0.02   |    2     |    0.26 (26.59%)   |   -25496.13   |   54793.04    |    54788.94     |
|              Node766              |   0.02   |    2     |    0.26 ( 0.00%)   |   -25496.12   |   54793.03    |    54788.94     |
|              Node862              |   0.02   |    2     |    0.09 (70.75%)   |   -25496.13   |   54793.04    |    54788.94     |
|              Node552              |   0.02   |    2     |    0.07 (99.32%)   |   -25496.12   |   54793.03    |    54788.94     |
|              Node715              |   0.02   |    2     |    0.13 (50.96%)   |   -25496.13   |   54793.04    |    54788.94     |
|              Node479              |   0.02   |    2     |    0.55 ( 4.49%)   |   -25496.12   |   54793.03    |    54788.94     |
|              Node483              |   0.02   |    2     |    0.12 (24.90%)   |   -25496.13   |   54793.04    |    54788.94     |
|              Node329              |   0.02   |    2     |    0.31 (49.76%)   |   -25496.14   |   54793.07    |    54788.94     |
|             T13320000             |   0.02   |    2     |    0.80 (75.00%)   |   -25496.12   |   54793.03    |    54788.94     |
|              Node697              |   0.02   |    2     |    0.25 (23.94%)   |   -25496.14   |   54793.06    |    54788.94     |
|              Node28               |   0.02   |    2     |    0.24 (49.12%)   |   -25496.13   |   54793.05    |    54788.94     |
|              Node382              |   0.02   |    2     |    0.26 (50.37%)   |   -25496.13   |   54793.05    |    54788.94     |
|              Node174              |   0.02   |    2     |    0.11 (65.65%)   |   -25496.12   |   54793.03    |    54788.94     |
|              Node88               |   0.02   |    2     |   58.79 ( 1.12%)   |   -25489.71   |   54780.20    |    54780.20     |
|              Node88               |   0.02   |    3     |   61.35 ( 1.03%)   |   -25489.77   |   54784.42    |    54780.20     |
|              Node345              |   0.02   |    2     |  145.06 ( 0.64%)   |   -25483.59   |   54772.05    |    54772.05     |
|              Node345              |   0.02   |    3     |  152.11 ( 0.64%)   |   -25483.58   |   54776.14    |    54772.05     |
|              Node919              |   0.02   |    2     |    0.77 (10.15%)   |   -25483.59   |   54776.16    |    54772.05     |
|             T17199703             |   0.02   |    2     |   >1000 ( 2.00%)   |   -25471.57   |   54752.12    |    54752.12     |
|             T17199703             |   0.02   |    3     |   >1000 ( 1.94%)   |   -25471.58   |   54756.24    |    54752.12     |
|              Node73               |   0.02   |    2     |    0.13 (62.80%)   |   -25471.57   |   54756.22    |    54752.12     |
|              Node171              |   0.02   |    2     |   12.47 ( 4.01%)   |   -25467.95   |   54748.98    |    54748.98     |
|              Node171              |   0.02   |    3     |   14.09 ( 3.36%)   |   -25467.99   |   54753.15    |    54748.98     |
|              Node877              |   0.02   |    2     |   12.29 ( 2.42%)   |   -25465.52   |   54748.21    |    54748.21     |
|              Node877              |   0.02   |    3     |   13.68 ( 2.05%)   |   -25465.59   |   54752.44    |    54748.21     |
|              Node224              |   0.02   |    2     |    0.79 (10.33%)   |   -25465.51   |   54752.30    |    54748.21     |
|              Node529              |   0.02   |    2     |    0.23 (46.06%)   |   -25465.54   |   54752.35    |    54748.21     |
|              Node836              |   0.02   |    2     |    0.78 (10.53%)   |   -25465.54   |   54752.35    |    54748.21     |
|              Node201              |   0.02   |    2     |   16.65 ( 2.05%)   |   -25463.79   |   54748.84    |    54748.21     |
|              Node114              |   0.02   |    2     |   21.38 ( 2.64%)   |   -25461.93   |   54745.12    |    54745.12     |
|              Node114              |   0.02   |    3     |   24.49 ( 2.38%)   |   -25461.94   |   54749.24    |    54745.12     |
|              Node850              |   0.02   |    2     |   0.08 (100.00%)   |   -25461.93   |   54749.22    |    54745.12     |
|              Node150              |   0.02   |    2     |    0.06 (24.09%)   |   -25461.93   |   54749.22    |    54745.12     |
|              Node246              |   0.02   |    2     |    0.24 (50.36%)   |   -25461.95   |   54749.26    |    54745.12     |
|              Node795              |   0.02   |    2     |   14.10 ( 1.46%)   |   -25460.21   |   54745.79    |    54745.12     |
|             T35200006             |   0.02   |    2     |   69.87 ( 1.23%)   |   -25458.70   |   54742.76    |    54742.76     |
|             T35200006             |   0.02   |    3     |   70.55 ( 1.22%)   |   -25458.70   |   54746.86    |    54742.76     |
|              Node819              |   0.02   |    2     |    0.25 (50.35%)   |   -25458.70   |   54746.85    |    54742.76     |
|              Node934              |   0.02   |    2     |    0.23 (48.30%)   |   -25458.71   |   54746.89    |    54742.76     |
|              Node178              |   0.02   |    2     |  303.71 ( 1.96%)   |   -25454.95   |   54739.37    |    54739.37     |
|              Node178              |   0.02   |    3     |   >1000 ( 0.72%)   |   -25451.56   |   54736.67    |    54736.67     |
|              Node178              |   0.02   |    4     |   >1000 ( 0.72%)   |   -25451.55   |   54740.76    |    54736.67     |
|              Node829              |   0.02   |    2     |    0.24 ( 9.48%)   |   -25451.56   |   54740.77    |    54736.67     |
|              Node944              |   0.02   |    2     |   22.45 ( 1.03%)   |   -25447.30   |   54732.25    |    54732.25     |
|              Node944              |   0.02   |    3     |   24.61 ( 0.91%)   |   -25447.34   |   54736.42    |    54732.25     |
|              Node940              |   0.02   |    2     |    0.25 (50.00%)   |   -25447.30   |   54736.34    |    54732.25     |
|              Node318              |   0.02   |    2     |    0.14 (38.00%)   |   -25447.30   |   54736.35    |    54732.25     |
|             N19819990             |   0.02   |    2     |   23.11 ( 1.22%)   |   -25442.97   |   54727.69    |    54727.69     |
|             N19819990             |   0.02   |    3     |   29.77 ( 1.03%)   |   -25443.02   |   54731.88    |    54727.69     |
|              Node513              |   0.02   |    2     |   0.14 (100.00%)   |   -25442.97   |   54731.79    |    54727.69     |
|              Node841              |   0.02   |    2     |    0.24 (50.28%)   |   -25442.98   |   54731.82    |    54727.69     |
|              Node571              |   0.02   |    2     |   10.51 ( 1.55%)   |   -25442.90   |   54731.65    |    54727.69     |
|              Node582              |   0.02   |    2     |    0.50 (49.42%)   |   -25442.97   |   54731.79    |    54727.69     |
|              Node658              |   0.02   |    2     |    0.48 ( 9.47%)   |   -25443.00   |   54731.84    |    54727.69     |
|              Node355              |   0.02   |    2     |    0.30 (26.66%)   |   -25442.98   |   54731.80    |    54727.69     |
|              Node91               |   0.02   |    2     |    0.28 ( 0.00%)   |   -25442.97   |   54731.79    |    54727.69     |
|             T45200208             |   0.02   |    2     |   >1000 ( 0.54%)   |   -25439.41   |   54724.66    |    54724.66     |
|             T45200208             |   0.02   |    3     |   >1000 ( 0.54%)   |   -25439.41   |   54728.76    |    54724.66     |
|              Node192              |   0.02   |    2     |    0.26 ( 0.00%)   |   -25439.41   |   54728.76    |    54724.66     |
|              Node261              |   0.02   |    2     |   51.66 ( 1.08%)   |   -25433.63   |   54717.20    |    54717.20     |
|              Node261              |   0.02   |    3     |   53.53 ( 1.00%)   |   -25433.73   |   54721.50    |    54717.20     |
|              Node707              |   0.02   |    2     |    0.25 ( 0.00%)   |   -25433.62   |   54721.29    |    54717.20     |
|              Node702              |   0.02   |    2     |   42.94 ( 1.09%)   |   -25433.49   |   54721.02    |    54717.20     |
|              Node268              |   0.02   |    2     |    0.38 (51.22%)   |   -25433.63   |   54721.29    |    54717.20     |
|             T3200011              |   0.02   |    2     |  182.85 ( 0.71%)   |   -25432.04   |   54718.12    |    54717.20     |
|              Node931              |   0.02   |    2     |    0.28 ( 0.00%)   |   -25433.63   |   54721.29    |    54717.20     |
|              Node431              |   0.02   |    2     |    0.24 (49.18%)   |   -25433.63   |   54721.29    |    54717.20     |
|             N2199809              |   0.02   |    2     |   41.50 ( 0.85%)   |   -25433.15   |   54720.33    |    54717.20     |
|              Node632              |   0.02   |    2     |   10.04 ( 4.32%)   |   -25431.13   |   54716.30    |    54716.30     |
|              Node632              |   0.02   |    3     |   11.37 ( 3.59%)   |   -25431.15   |   54720.44    |    54716.30     |
|              Node166              |   0.02   |    2     |    0.24 (86.09%)   |   -25431.13   |   54720.40    |    54716.30     |
|              Node487              |   0.02   |    2     |    0.26 (50.67%)   |   -25431.13   |   54720.40    |    54716.30     |
|              Node427              |   0.02   |    2     |    0.10 (54.18%)   |   -25431.13   |   54720.40    |    54716.30     |
|              Node243              |   0.02   |    2     |    0.53 (72.29%)   |   -25431.13   |   54720.40    |    54716.30     |
|              Node847              |   0.02   |    2     |    0.35 (10.48%)   |   -25431.13   |   54720.40    |    54716.30     |
|              Node661              |   0.02   |    2     |   62.25 ( 0.59%)   |   -25428.78   |   54715.70    |    54715.70     |
|              Node661              |   0.02   |    3     |   73.18 ( 0.53%)   |   -25428.84   |   54719.93    |    54715.70     |
|              Node498              |   0.02   |    2     |    0.09 (39.73%)   |   -25428.78   |   54719.80    |    54715.70     |
|              Node472              |   0.02   |    2     |    0.23 (47.90%)   |   -25428.78   |   54719.80    |    54715.70     |
|             T15220010             |   0.02   |    2     |    0.34 (46.61%)   |   -25428.77   |   54719.78    |    54715.70     |
|              Node925              |   0.02   |    2     |    0.15 (45.53%)   |   -25428.78   |   54719.80    |    54715.70     |
|              Node624              |   0.02   |    2     |    0.16 (99.80%)   |   -25428.78   |   54719.79    |    54715.70     |
|              Node826              |   0.02   |    2     |    0.26 ( 0.00%)   |   -25428.78   |   54719.79    |    54715.70     |
|              Node815              |   0.02   |    2     |   0.10 (100.00%)   |   -25428.78   |   54719.79    |    54715.70     |
|              Node510              |   0.02   |    2     |    0.27 ( 0.00%)   |   -25428.78   |   54719.79    |    54715.70     |
|              Node416              |   0.02   |    2     |    8.49 ( 4.87%)   |   -25426.52   |   54715.28    |    54715.28     |
|              Node416              |   0.02   |    3     |    9.36 ( 4.11%)   |   -25426.53   |   54719.39    |    54715.28     |
|              Node621              |   0.02   |    2     |    0.26 ( 0.00%)   |   -25426.52   |   54719.38    |    54715.28     |
|              Node107              |   0.02   |    2     |    0.09 (44.08%)   |   -25426.52   |   54719.38    |    54715.28     |
|              Node50               |   0.02   |    2     |    0.14 (29.96%)   |   -25426.52   |   54719.38    |    54715.28     |
|             N39199905             |   0.02   |    2     |    0.17 (96.71%)   |   -25426.52   |   54719.38    |    54715.28     |
|              Node911              |   0.02   |    2     |    0.11 (72.28%)   |   -25426.52   |   54719.38    |    54715.28     |
|             T95200001             |   0.02   |    2     |  370.09 ( 2.57%)   |   -25416.35   |   54699.03    |    54699.03     |
|             T95200001             |   0.02   |    3     |  383.24 ( 2.50%)   |   -25416.37   |   54703.17    |    54699.03     |
|              Node360              |   0.02   |    2     |    5.37 ( 4.54%)   |   -25415.86   |   54702.16    |    54699.03     |
|             N22199107             |   0.02   |    2     |    7.51 ( 2.69%)   |   -25416.29   |   54703.01    |    54699.03     |
|              Node549              |   0.02   |    2     |    0.73 (24.31%)   |   -25416.37   |   54703.18    |    54699.03     |
|              Node564              |   0.02   |    2     |    0.07 (42.57%)   |   -25416.35   |   54703.13    |    54699.03     |
|              Node752              |   0.02   |    2     |    2.00 ( 9.57%)   |   -25416.34   |   54703.11    |    54699.03     |
|              Node104              |   0.02   |    2     |    0.23 (36.91%)   |   -25416.36   |   54703.14    |    54699.03     |
|              Node211              |   0.02   |    2     |    0.24 (23.77%)   |   -25416.35   |   54703.14    |    54699.03     |
|              Node348              |   0.02   |    2     |    0.44 (29.06%)   |   -25416.35   |   54703.13    |    54699.03     |
|             T40199905             |   0.02   |    2     |   25.31 ( 2.08%)   |   -25412.72   |   54695.88    |    54695.88     |
|             T40199905             |   0.02   |    3     |   27.83 ( 1.87%)   |   -25412.73   |   54699.99    |    54695.88     |
|              Node286              |   0.02   |    2     |    0.34 ( 0.00%)   |   -25412.72   |   54699.98    |    54695.88     |
|              Node856              |   0.02   |    2     |   50.49 ( 1.77%)   |   -25404.48   |   54683.50    |    54683.50     |
|              Node856              |   0.02   |    3     |   51.46 ( 1.69%)   |   -25404.60   |   54687.83    |    54683.50     |
|              Node501              |   0.02   |    2     |    0.08 (97.31%)   |   -25404.48   |   54687.59    |    54683.50     |
|              Node135              |   0.02   |    2     |    0.49 ( 9.89%)   |   -25404.50   |   54687.62    |    54683.50     |
|              Node404              |   0.02   |    2     |   20.28 ( 1.10%)   |   -25401.33   |   54681.28    |    54681.28     |
|              Node404              |   0.02   |    3     |   21.91 ( 0.98%)   |   -25401.38   |   54685.48    |    54681.28     |
|              Node650              |   0.02   |    2     |    0.11 (99.44%)   |   -25401.33   |   54685.38    |    54681.28     |
|              Node440              |   0.02   |    2     |    0.30 ( 0.00%)   |   -25401.33   |   54685.38    |    54681.28     |
|             N23319990             |   0.02   |    2     |    0.49 (48.52%)   |   -25401.33   |   54685.38    |    54681.28     |
|              Node138              |   0.02   |    2     |    0.28 (50.95%)   |   -25401.33   |   54685.38    |    54681.28     |
|              Node798              |   0.02   |    2     |    0.25 ( 0.00%)   |   -25401.33   |   54685.38    |    54681.28     |
|              Node221              |   0.02   |    2     |    0.26 (51.31%)   |   -25401.34   |   54685.41    |    54681.28     |
|             T14220000             |   0.02   |    2     |    0.21 (24.89%)   |   -25401.30   |   54685.32    |    54681.28     |
|              Node397              |   0.02   |    2     |    1.02 ( 5.04%)   |   -25401.31   |   54685.35    |    54681.28     |
|             T22220000             |   0.02   |    2     |    0.32 (44.16%)   |   -25401.33   |   54685.38    |    54681.28     |
|              Node265              |   0.01   |    2     |    0.25 (49.43%)   |   -25401.34   |   54685.40    |    54681.28     |
|              Node516              |   0.01   |    2     |    0.25 ( 0.00%)   |   -25401.33   |   54685.38    |    54681.28     |
|              Node435              |   0.01   |    2     |    0.09 (93.32%)   |   -25401.33   |   54685.38    |    54681.28     |
|             N38199905             |   0.01   |    2     |    0.49 (10.36%)   |   -25401.34   |   54685.42    |    54681.28     |
|              Node491              |   0.01   |    2     |    0.29 ( 0.00%)   |   -25401.33   |   54685.38    |    54681.28     |
|              Node290              |   0.01   |    2     |    0.58 (70.73%)   |   -25401.33   |   54685.38    |    54681.28     |
|              Node100              |   0.01   |    2     |   43.65 ( 2.56%)   |   -25397.55   |   54677.83    |    54677.83     |
|              Node100              |   0.01   |    3     |   45.79 ( 2.39%)   |   -25397.55   |   54681.93    |    54677.83     |
|              Node249              |   0.01   |    2     |    0.11 (31.96%)   |   -25397.55   |   54681.93    |    54677.83     |
|              Node424              |   0.01   |    2     |   34.92 ( 0.58%)   |   -25397.31   |   54681.45    |    54677.83     |
|              Node643              |   0.01   |    2     |    0.28 ( 0.00%)   |   -25397.55   |   54681.93    |    54677.83     |
|              Node769              |   0.01   |    2     |    0.24 (48.37%)   |   -25397.56   |   54681.94    |    54677.83     |
|             T23920070             |   0.01   |    2     |  316.50 ( 0.56%)   |   -25394.55   |   54675.93    |    54675.93     |
|             T23920070             |   0.01   |    3     |  311.86 ( 0.56%)   |   -25394.55   |   54680.03    |    54675.93     |
|             T41200107             |   0.01   |    2     |    1.47 (70.40%)   |   -25394.56   |   54680.03    |    54675.93     |
|              Node157              |   0.01   |    2     |    0.24 (23.71%)   |   -25394.55   |   54680.03    |    54675.93     |
|              Node393              |   0.01   |    2     |    0.40 (18.14%)   |   -25394.56   |   54680.05    |    54675.93     |
|             T62200201             |   0.01   |    2     |  156.07 ( 4.05%)   |   -25388.36   |   54667.65    |    54667.65     |
|             T62200201             |   0.01   |    3     |  158.17 ( 3.90%)   |   -25388.33   |   54671.68    |    54667.65     |
|              Node745              |   0.01   |    2     |    0.25 ( 0.00%)   |   -25388.36   |   54671.75    |    54667.65     |
|             N45200201             |   0.01   |    2     |    0.11 (30.72%)   |   -25388.37   |   54671.75    |    54667.65     |
|              Node594              |   0.01   |    2     |    0.25 (50.48%)   |   -25388.37   |   54671.76    |    54667.65     |
|             T31200003             |   0.01   |    2     |   32.98 ( 4.54%)   |   -25385.79   |   54666.59    |    54666.59     |
|             T31200003             |   0.01   |    3     |   37.76 ( 4.10%)   |   -25385.76   |   54670.65    |    54666.59     |
|              Node694              |   0.01   |    2     |    0.25 ( 0.00%)   |   -25385.79   |   54670.69    |    54666.59     |
|              Node141              |   0.01   |    2     |    0.24 (48.04%)   |   -25385.79   |   54670.70    |    54666.59     |
|             T12320000             |   0.01   |    2     |    0.24 (47.83%)   |   -25385.79   |   54670.69    |    54666.59     |
|             T12120000             |   0.01   |    2     |   35.87 ( 3.58%)   |   -25380.26   |   54659.64    |    54659.64     |
|             T12120000             |   0.01   |    3     |   37.32 ( 3.36%)   |   -25380.26   |   54663.73    |    54659.64     |
|             T17920000             |   0.01   |    2     |    0.25 (23.71%)   |   -25380.26   |   54663.73    |    54659.64     |
|              Node117              |   0.01   |    2     |    0.26 ( 0.00%)   |   -25380.26   |   54663.73    |    54659.64     |
|              Node373              |   0.01   |    2     |   13.85 ( 3.16%)   |   -25378.40   |   54660.02    |    54659.64     |
|              Node282              |   0.01   |    2     |   76.53 ( 0.53%)   |   -25379.72   |   54662.66    |    54659.64     |
|              Node85               |   0.01   |    2     |    0.53 (10.11%)   |   -25380.26   |   54663.74    |    54659.64     |
|              Node231              |   0.01   |    2     |  303.19 ( 0.51%)   |   -25373.33   |   54649.87    |    54649.87     |
|              Node231              |   0.01   |    3     |  198.52 ( 0.50%)   |   -25373.40   |   54654.12    |    54649.87     |
|             T71200006             |   0.01   |    2     |    0.14 (99.39%)   |   -25373.33   |   54653.97    |    54649.87     |
|             T12219990             |   0.01   |    2     |    0.40 (50.91%)   |   -25373.33   |   54653.97    |    54649.87     |
|              Node272              |   0.01   |    2     |   27.83 ( 0.67%)   |   -25371.21   |   54649.74    |    54649.74     |
|              Node272              |   0.01   |    3     |   32.19 ( 0.57%)   |   -25371.27   |   54653.96    |    54649.74     |
|              Node370              |   0.01   |    2     |    0.15 (53.84%)   |   -25371.22   |   54653.85    |    54649.74     |
|             T74200204             |   0.01   |    2     |    0.72 ( 9.63%)   |   -25371.21   |   54653.84    |    54649.74     |
|             T15520000             |   0.01   |    2     |   25.29 ( 3.90%)   |   -25369.53   |   54650.47    |    54649.74     |
|              Node61               |   0.01   |    2     |    0.24 (24.10%)   |   -25371.22   |   54653.86    |    54649.74     |
|              Node629              |   0.01   |    2     |    0.23 (48.04%)   |   -25371.22   |   54653.85    |    54649.74     |
|              Node937              |   0.01   |    2     |    0.08 (98.52%)   |   -25371.21   |   54653.84    |    54649.74     |
|              Node758              |   0.01   |    2     |    0.15 (93.47%)   |   -25371.21   |   54653.84    |    54649.74     |
|             T17120000             |   0.01   |    2     |   73.03 ( 1.70%)   |   -25367.36   |   54646.14    |    54646.14     |
|             T17120000             |   0.01   |    3     |   76.16 ( 1.62%)   |   -25367.37   |   54650.25    |    54646.14     |
|             N28199901             |   0.01   |    2     |    0.25 (24.54%)   |   -25367.36   |   54650.24    |    54646.14     |
|              Node16               |   0.01   |    2     |    0.27 (52.57%)   |   -25367.37   |   54650.25    |    54646.14     |
|              Node804              |   0.01   |    2     |   26.95 ( 1.39%)   |   -25367.17   |   54649.85    |    54646.14     |
|              Node389              |   0.01   |    2     |    0.16 (73.51%)   |   -25367.37   |   54650.25    |    54646.14     |
|             T66200012             |   0.01   |    2     |   29.73 ( 2.32%)   |   -25365.39   |   54646.29    |    54646.14     |
|              Node147              |   0.01   |    2     |    0.76 (25.47%)   |   -25367.36   |   54650.24    |    54646.14     |
|             N20819990             |   0.01   |    2     |    0.99 (49.42%)   |   -25367.36   |   54650.24    |    54646.14     |
|             T33200009             |   0.01   |    2     |    0.98 (49.29%)   |   -25367.36   |   54650.24    |    54646.14     |
|             T79200004             |   0.01   |    2     |    0.23 (48.39%)   |   -25367.37   |   54650.25    |    54646.14     |
|             T10020000             |   0.01   |    2     |   1.00 (100.00%)   |   -25369.77   |   54655.06    |    54646.14     |
|              Node644              |   0.01   |    2     |    0.24 (44.54%)   |   -25367.37   |   54650.25    |    54646.14     |
|              Node412              |   0.01   |    2     |    0.25 (49.30%)   |   -25367.36   |   54650.24    |    54646.14     |
|              Node462              |   0.01   |    2     |    0.30 ( 0.00%)   |   -25367.36   |   54650.24    |    54646.14     |
|              Node853              |   0.01   |    2     |    0.24 (24.02%)   |   -25367.37   |   54650.25    |    54646.14     |
|             T10200305             |   0.01   |    2     |    0.21 (49.52%)   |   -25367.37   |   54650.25    |    54646.14     |
|             T13200309             |   0.01   |    2     |   29.62 ( 0.59%)   |   -25365.11   |   54645.73    |    54645.73     |
|             T13200309             |   0.01   |    3     |   35.66 ( 0.52%)   |   -25365.17   |   54649.96    |    54645.73     |
|              Node366              |   0.01   |    2     |    0.75 ( 9.51%)   |   -25365.11   |   54649.83    |    54645.73     |
|              Node197              |   0.01   |    2     |    0.27 (26.20%)   |   -25365.11   |   54649.84    |    54645.73     |
|              Node832              |   0.01   |    2     |    0.08 (89.34%)   |   -25365.11   |   54649.83    |    54645.73     |
|              Node69               |   0.01   |    2     |    0.14 (97.69%)   |   -25365.11   |   54649.83    |    54645.73     |
|              Node673              |   0.01   |    2     |    0.24 (28.54%)   |   -25365.12   |   54649.84    |    54645.73     |
|             T18520000             |   0.01   |    2     |    1.56 (97.58%)   |   -25365.11   |   54649.83    |    54645.73     |
|              Node870              |   0.01   |    2     |    0.41 (50.67%)   |   -25365.11   |   54649.83    |    54645.73     |
|             N43200201             |   0.01   |    2     |    0.25 ( 0.00%)   |   -25365.11   |   54649.83    |    54645.73     |
|             T23520000             |   0.01   |    2     |   1.00 (100.00%)   |   -25367.23   |   54654.07    |    54645.73     |
|              Node234              |   0.01   |    2     |    0.73 (24.31%)   |   -25365.12   |   54649.86    |    54645.73     |
|              Node535              |   0.01   |    2     |    0.30 (34.38%)   |   -25365.11   |   54649.83    |    54645.73     |
|             T17820020             |   0.01   |    2     |  100.12 ( 1.74%)   |   -25361.15   |   54641.91    |    54641.91     |
|             T17820020             |   0.01   |    3     |  255.60 ( 0.84%)   |   -25360.78   |   54645.26    |    54641.91     |
|              Node352              |   0.01   |    2     |    0.27 (25.68%)   |   -25361.15   |   54646.01    |    54641.91     |
|              Node690              |   0.01   |    2     |    0.24 ( 0.00%)   |   -25361.15   |   54646.01    |    54641.91     |
|              Node541              |   0.01   |    2     |    0.29 (51.57%)   |   -25361.15   |   54646.01    |    54641.91     |
|              Node528              |   0.01   |    2     |    0.49 (23.29%)   |   -25361.15   |   54646.01    |    54641.91     |
|             T38199907             |   0.01   |    2     |    0.24 ( 0.00%)   |   -25361.15   |   54646.01    |    54641.91     |
|             T10320000             |   0.01   |    2     |    0.29 (10.92%)   |   -25361.15   |   54646.01    |    54641.91     |
|             T4200608              |   0.01   |    2     |    0.34 (43.74%)   |   -25361.15   |   54646.01    |    54641.91     |
|             T90200101             |   0.01   |    2     |   21.93 ( 6.64%)   |   -25359.79   |   54643.28    |    54641.91     |
|             T12020020             |   0.01   |    2     |    0.25 (50.27%)   |   -25361.15   |   54646.01    |    54641.91     |
|              Node24               |   0.01   |    2     |   17.86 ( 1.76%)   |   -25361.08   |   54645.88    |    54641.91     |
|              Node914              |   0.01   |    2     |    0.51 (24.54%)   |   -25361.15   |   54646.01    |    54641.91     |
|              Node556              |   0.01   |    2     |    0.77 (10.19%)   |   -25361.16   |   54646.02    |    54641.91     |
|               Node9               |   0.01   |    2     |    0.26 ( 0.00%)   |   -25361.15   |   54646.01    |    54641.91     |
|              Node469              |   0.01   |    2     |    0.25 (50.78%)   |   -25361.13   |   54645.97    |    54641.91     |
|               Node7               |   0.01   |    2     |   21.24 ( 1.54%)   |   -25359.31   |   54642.34    |    54641.91     |
|              Node845              |   0.01   |    2     |    0.27 ( 0.00%)   |   -25361.15   |   54646.01    |    54641.91     |
|             T11120010             |   0.01   |    2     |    0.27 ( 0.00%)   |   -25361.15   |   54646.01    |    54641.91     |
|              Node900              |   0.01   |    2     |   33.00 ( 3.46%)   |   -25359.26   |   54642.23    |    54641.91     |
|              Node597              |   0.01   |    2     |    0.50 (25.00%)   |   -25361.15   |   54646.01    |    54641.91     |
|              Node182              |   0.01   |    2     |    0.27 (88.34%)   |   -25361.14   |   54646.00    |    54641.91     |
|              Node413              |   0.01   |    2     |    0.49 ( 3.08%)   |   -25361.15   |   54646.01    |    54641.91     |
|              Node125              |   0.01   |    2     |    0.24 (23.71%)   |   -25361.15   |   54646.01    |    54641.91     |
|             N56200412             |   0.01   |    2     |    2.03 (24.36%)   |   -25361.13   |   54645.96    |    54641.91     |
|              Node153              |   0.01   |    2     |    0.72 (22.04%)   |   -25361.15   |   54646.01    |    54641.91     |
|              Node867              |   0.01   |    2     |    0.60 (75.00%)   |   -25361.15   |   54646.01    |    54641.91     |
|             T12819991             |   0.01   |    2     |    0.74 ( 8.85%)   |   -25361.15   |   54646.01    |    54641.91     |
|              Node922              |   0.01   |    2     |    0.58 (89.63%)   |   -25361.15   |   54646.00    |    54641.91     |
|             T16820010             |   0.01   |    2     |    0.42 (25.71%)   |   -25361.15   |   54646.01    |    54641.91     |
|             T19920000             |   0.01   |    2     |    0.52 (25.49%)   |   -25361.15   |   54646.01    |    54641.91     |
|             T16920011             |   0.01   |    2     |    0.25 (49.13%)   |   -25361.15   |   54646.01    |    54641.91     |
|              Node10               |   0.01   |    2     |   29.62 ( 1.15%)   |   -25357.36   |   54638.43    |    54638.43     |
|              Node10               |   0.01   |    3     |   34.51 ( 1.04%)   |   -25357.38   |   54642.57    |    54638.43     |
|             T18819991             |   0.01   |    2     |    0.59 (15.40%)   |   -25357.36   |   54642.54    |    54638.43     |
|             T15920000             |   0.01   |    2     |    0.60 (10.54%)   |   -25357.36   |   54642.53    |    54638.43     |
|              Node640              |   0.01   |    2     |    0.26 (34.62%)   |   -25357.36   |   54642.53    |    54638.43     |
|             T93200203             |   0.01   |    2     |    0.26 (50.65%)   |   -25357.36   |   54642.53    |    54638.43     |
|              Node111              |   0.01   |    2     |   32.02 ( 2.20%)   |   -25354.23   |   54636.27    |    54636.27     |
|              Node111              |   0.01   |    3     |   32.38 ( 2.08%)   |   -25354.24   |   54640.39    |    54636.27     |
|             T20120010             |   0.01   |    2     |    0.24 (88.11%)   |   -25354.23   |   54640.37    |    54636.27     |
|              Node76               |   0.01   |    2     |  116.71 ( 0.52%)   |   -25353.72   |   54639.35    |    54636.27     |
|             T23120000             |   0.01   |    2     |    0.25 (10.00%)   |   -25354.23   |   54640.37    |    54636.27     |
|             T16620000             |   0.01   |    2     |   30.06 ( 1.96%)   |   -25352.42   |   54636.75    |    54636.27     |
|              Node635              |   0.01   |    2     |    0.92 (11.03%)   |   -25354.25   |   54640.40    |    54636.27     |
|              Node240              |   0.01   |    2     |    0.24 ( 0.00%)   |   -25354.23   |   54640.37    |    54636.27     |
|             N79199912             |   0.01   |    2     |    0.30 (50.06%)   |   -25354.24   |   54640.38    |    54636.27     |
|              Node567              |   0.01   |    2     |    0.18 (45.45%)   |   -25354.23   |   54640.37    |    54636.27     |
|              Node687              |   0.01   |    2     |    2.08 ( 5.15%)   |   -25354.23   |   54640.36    |    54636.27     |
|             T23820090             |   0.01   |    2     |    0.39 ( 5.59%)   |   -25354.23   |   54640.37    |    54636.27     |
|             T25200305             |   0.01   |    2     |    4.62 (28.05%)   |   -25354.25   |   54640.41    |    54636.27     |
|              Node734              |   0.01   |    2     |    0.14 (54.83%)   |   -25354.23   |   54640.37    |    54636.27     |
|              Node892              |   0.01   |    2     |    0.26 ( 9.69%)   |   -25354.23   |   54640.37    |    54636.27     |
|             T26200211             |   0.01   |    2     |  174.80 ( 1.91%)   |   -25350.47   |   54632.84    |    54632.84     |
|             T26200211             |   0.01   |    3     |  181.99 ( 1.86%)   |   -25350.44   |   54636.90    |    54632.84     |
|             T23620000             |   0.01   |    2     |    0.39 (74.70%)   |   -25350.47   |   54636.94    |    54632.84     |
|              Node42               |   0.01   |    2     |    2.15 ( 7.06%)   |   -25350.47   |   54636.94    |    54632.84     |
|              Node647              |   0.01   |    2     |    0.59 (51.12%)   |   -25350.47   |   54636.94    |    54632.84     |
|              Node670              |   0.01   |    2     |   98.41 ( 0.39%)   |   -25350.22   |   54636.46    |    54632.84     |
|             T16519991             |   0.01   |    2     |    0.98 (23.79%)   |   -25350.47   |   54636.94    |    54632.84     |
|              Node420              |   0.01   |    2     |  207.60 ( 0.86%)   |   -25344.99   |   54625.99    |    54625.99     |
|              Node420              |   0.01   |    3     |  303.58 ( 0.55%)   |   -25344.76   |   54629.62    |    54625.99     |
|              Node271              |   0.01   |    2     |    0.71 (10.02%)   |   -25344.99   |   54630.09    |    54625.99     |
|              Node751              |   0.01   |    2     |    0.50 (25.00%)   |   -25344.99   |   54630.09    |    54625.99     |
|              Node305              |   0.01   |    2     |    1.80 (73.85%)   |   -25344.98   |   54630.08    |    54625.99     |
|             T14200204             |   0.01   |    2     |    0.36 (22.79%)   |   -25345.00   |   54630.11    |    54625.99     |
|             N1199101              |   0.01   |    2     |    0.76 (23.83%)   |   -25344.99   |   54630.09    |    54625.99     |
|              Node686              |   0.01   |    2     |  406.12 ( 0.50%)   |   -25338.38   |   54616.88    |    54616.88     |
|              Node686              |   0.01   |    3     |  406.27 ( 0.49%)   |   -25338.41   |   54621.03    |    54616.88     |
|             T63200201             |   0.01   |    2     |    0.40 (95.46%)   |   -25338.38   |   54620.98    |    54616.88     |
|              Node907              |   0.01   |    2     |    0.97 ( 9.66%)   |   -25338.39   |   54620.99    |    54616.88     |
|             T18720000             |   0.01   |    2     |    0.24 ( 0.00%)   |   -25338.38   |   54620.98    |    54616.88     |
|             T23020000             |   0.01   |    2     |    0.24 (48.46%)   |   -25338.38   |   54620.98    |    54616.88     |
|              Node616              |   0.01   |    2     |    0.38 (50.99%)   |   -25338.38   |   54620.98    |    54616.88     |
|              Node121              |   0.01   |    2     |    0.25 ( 0.00%)   |   -25338.38   |   54620.98    |    54616.88     |
|              Node35               |   0.01   |    2     |    0.24 ( 0.00%)   |   -25338.38   |   54620.98    |    54616.88     |
|              Node665              |   0.01   |    2     |    0.25 (49.30%)   |   -25338.39   |   54620.98    |    54616.88     |
|             T43200209             |   0.01   |    2     |    0.39 (89.10%)   |   -25338.38   |   54620.98    |    54616.88     |
|             N74199812             |   0.01   |    2     |  323.40 ( 0.52%)   |   -25332.53   |   54609.26    |    54609.26     |
|             N74199812             |   0.01   |    3     |  316.79 ( 0.52%)   |   -25332.55   |   54613.40    |    54609.26     |
|              Node403              |   0.01   |    2     |    0.24 ( 0.00%)   |   -25332.53   |   54613.36    |    54609.26     |
|             T98199910             |   0.01   |    2     |    0.71 (49.19%)   |   -25332.53   |   54613.36    |    54609.26     |
|             T76200005             |   0.01   |    2     |    2.22 (51.12%)   |   -25332.53   |   54613.37    |    54609.26     |
|             T21620020             |   0.01   |    2     |    1.51 (64.86%)   |   -25332.53   |   54613.36    |    54609.26     |
|              Node864              |   0.01   |    2     |    0.25 (50.00%)   |   -25332.53   |   54613.36    |    54609.26     |
|             T17620000             |   0.01   |    2     |    6.50 ( 0.00%)   |   -25334.19   |   54616.68    |    54609.26     |
|              Node918              |   0.01   |    2     |    0.41 (50.38%)   |   -25332.52   |   54613.35    |    54609.26     |
|              Node31               |   0.01   |    2     |  28.16 (100.00%)   |   -25332.55   |   54613.41    |    54609.26     |
|             T23320011             |   0.01   |    2     |    0.39 (89.90%)   |   -25332.53   |   54613.36    |    54609.26     |
|             T17319991             |   0.01   |    2     |    0.40 (75.00%)   |   -25332.53   |   54613.36    |    54609.26     |
|             T22320001             |   0.01   |    2     |  448.56 ( 1.05%)   |   -25327.60   |   54603.50    |    54603.50     |
|             T22320001             |   0.01   |    3     |  463.38 ( 1.06%)   |   -25327.58   |   54607.57    |    54603.50     |
|             T85199908             |   0.01   |    2     |    0.27 (31.40%)   |   -25344.21   |   54640.83    |    54603.50     |
|             T22520011             |   0.01   |    2     |    1.71 (26.30%)   |   -25327.60   |   54607.60    |    54603.50     |
|              Node321              |   0.01   |    2     |    0.72 ( 9.63%)   |   -25327.60   |   54607.60    |    54603.50     |
|             T20419990             |   0.01   |    2     |    0.26 (50.70%)   |   -25327.60   |   54607.60    |    54603.50     |
|              Node204              |   0.01   |    2     |    0.25 ( 0.00%)   |   -25327.60   |   54607.60    |    54603.50     |
|             N13319990             |   0.01   |    2     |    0.26 ( 0.00%)   |   -25327.60   |   54607.60    |    54603.50     |
|             N23820050             |   0.01   |    2     |    0.24 ( 0.00%)   |   -25327.60   |   54607.60    |    54603.50     |
|              Node570              |   0.01   |    2     |    0.53 (25.72%)   |   -25327.60   |   54607.60    |    54603.50     |
|             T44200204             |   0.01   |    2     |    0.58 (75.71%)   |   -25327.60   |   54607.60    |    54603.50     |
|              Node46               |   0.01   |    2     |    0.18 (31.40%)   |   -25341.03   |   54634.47    |    54603.50     |
|              Node780              |   0.01   |    2     |    0.54 (25.60%)   |   -25327.60   |   54607.60    |    54603.50     |
|             N25200207             |   0.01   |    2     |    0.33 (27.74%)   |   -25327.60   |   54607.60    |    54603.50     |
|              Node170              |   0.01   |    2     |    0.25 (49.82%)   |   -25327.57   |   54607.56    |    54603.50     |
|             T21019991             |   0.01   |    2     |    1.00 ( 5.00%)   |   -25327.60   |   54607.60    |    54603.50     |
|              Node400              |   0.01   |    2     |    0.26 ( 0.00%)   |   -25327.60   |   54607.60    |    54603.50     |
|              Node200              |   0.01   |    2     |    1.24 (83.86%)   |   -25327.60   |   54607.60    |    54603.50     |
|              Node654              |   0.01   |    2     |    0.30 (50.06%)   |   -25327.60   |   54607.60    |    54603.50     |
|              Node444              |   0.01   |    2     |    0.25 (21.25%)   |   -25327.60   |   54607.60    |    54603.50     |
|              Node863              |   0.01   |    2     |    0.26 ( 0.00%)   |   -25327.60   |   54607.60    |    54603.50     |
|              Node627              |   0.01   |    2     |    0.25 ( 0.00%)   |   -25327.60   |   54607.60    |    54603.50     |
|              Node128              |   0.01   |    2     |    0.73 (25.77%)   |   -25327.60   |   54607.60    |    54603.50     |
|              Node720              |   0.01   |    2     |    0.75 (10.00%)   |   -25327.60   |   54607.60    |    54603.50     |
|             T12920010             |   0.01   |    2     |   1.00 (100.00%)   |   -25328.61   |   54609.63    |    54603.50     |
|              Node904              |   0.01   |    2     |    0.40 (75.00%)   |   -25327.60   |   54607.60    |    54603.50     |
|              Node38               |   0.01   |    2     |    0.60 (91.21%)   |   -25327.40   |   54607.21    |    54603.50     |
|             T22420000             |   0.01   |    2     |    0.23 (47.96%)   |   -25327.60   |   54607.60    |    54603.50     |
|             N11519991             |   0.01   |    2     |    0.60 (50.99%)   |   -25327.60   |   54607.60    |    54603.50     |
|             T7199811              |   0.01   |    2     |    0.31 ( 0.00%)   |   -25327.60   |   54607.60    |    54603.50     |
|             T13920000             |   0.01   |    2     |    0.60 (95.00%)   |   -25327.60   |   54607.60    |    54603.50     |
|              Node133              |   0.01   |    2     |  208.02 ( 0.44%)   |   -25321.97   |   54596.34    |    54596.34     |
|              Node133              |   0.01   |    3     |  198.31 ( 0.45%)   |   -25321.98   |   54600.47    |    54596.34     |
|              Node475              |   0.01   |    2     |    0.25 ( 0.00%)   |   -25321.97   |   54600.44    |    54596.34     |
|              Node521              |   0.01   |    2     |    0.49 (24.93%)   |   -25321.97   |   54600.45    |    54596.34     |
|             N19019990             |   0.01   |    2     |    0.24 ( 0.00%)   |   -25321.97   |   54600.45    |    54596.34     |
|              Node889              |   0.01   |    2     |    0.26 ( 0.00%)   |   -25321.97   |   54600.44    |    54596.34     |
|             T11520000             |   0.01   |    2     |    0.74 (24.30%)   |   -25321.97   |   54600.45    |    54596.34     |
|              Node83               |   0.01   |    2     |    0.59 (76.21%)   |   -25321.97   |   54600.44    |    54596.34     |
|             T82200102             |   0.01   |    2     |    1.40 (34.94%)   |   -25321.97   |   54600.45    |    54596.34     |
|              Node818              |   0.01   |    2     |    0.25 (48.59%)   |   -25321.97   |   54600.45    |    54596.34     |
|              Node58               |   0.01   |    2     |   42.09 ( 0.84%)   |   -25321.92   |   54600.36    |    54596.34     |
|              Node693              |   0.01   |    2     |    0.26 ( 0.00%)   |   -25321.97   |   54600.44    |    54596.34     |
|             T23420001             |   0.01   |    2     |    1.00 (10.00%)   |   -25321.77   |   54600.04    |    54596.34     |
|              Node559              |   0.01   |    2     |    0.26 ( 0.00%)   |   -25321.97   |   54600.44    |    54596.34     |
|              Node678              |   0.00   |    2     |    0.79 (76.38%)   |   -25321.97   |   54600.44    |    54596.34     |
|             T17520011             |   0.00   |    2     |    0.79 (76.41%)   |   -25321.97   |   54600.45    |    54596.34     |
|             T30199909             |   0.00   |    2     |    0.79 (89.29%)   |   -25321.97   |   54600.44    |    54596.34     |
|             T72200011             |   0.00   |    2     |    0.26 ( 0.00%)   |   -25321.97   |   54600.45    |    54596.34     |
|              Node134              |   0.00   |    2     |    0.29 ( 0.00%)   |   -25321.97   |   54600.44    |    54596.34     |
|              Node255              |   0.00   |    2     |    0.51 (33.23%)   |   -25321.97   |   54600.45    |    54596.34     |
|             T15120020             |   0.00   |    2     |    0.79 (89.88%)   |   -25321.97   |   54600.44    |    54596.34     |
|              Node706              |   0.00   |    2     |    0.26 ( 0.00%)   |   -25321.97   |   54600.44    |    54596.34     |
|             T11620001             |   0.00   |    2     |    0.27 (31.40%)   |   -25338.22   |   54632.94    |    54596.34     |
|             T32200007             |   0.00   |    2     |   1.00 (100.00%)   |   -25322.92   |   54602.34    |    54596.34     |
|              Node555              |   0.00   |    2     |  >1000 (100.00%)   |   -25321.97   |   54600.44    |    54596.34     |
|              Node313              |   0.00   |    2     |    0.25 ( 0.00%)   |   -25321.97   |   54600.44    |    54596.34     |
|             T99200101             |   0.00   |    2     |   11.93 ( 0.00%)   |   -25322.93   |   54602.37    |    54596.34     |
|              Node749              |   0.00   |    2     |    0.35 (54.54%)   |   -25321.97   |   54600.45    |    54596.34     |
|              Node781              |   0.00   |    2     |    0.49 (49.36%)   |   -25321.97   |   54600.44    |    54596.34     |
|              Node683              |   0.00   |    2     |   11.05 ( 0.00%)   |   -25322.88   |   54602.27    |    54596.34     |
|              Node545              |   0.00   |    2     |  71.80 (100.00%)   |   -25321.98   |   54600.46    |    54596.34     |
|             T14620001             |   0.00   |    2     |   1.00 (100.00%)   |   -25322.58   |   54601.67    |    54596.34     |
|              Node638              |   0.00   |    2     |    8.70 ( 1.74%)   |   -25321.95   |   54600.40    |    54596.34     |
|             T24020080             |   0.00   |    2     |    1.42 (16.51%)   |   -25321.95   |   54600.42    |    54596.34     |
|             N12319990             |   0.00   |    2     |    0.47 (34.17%)   |   -25321.97   |   54600.45    |    54596.34     |
|              Node181              |   0.00   |    2     |    0.26 ( 0.00%)   |   -25321.97   |   54600.44    |    54596.34     |
|              Node144              |   0.00   |    2     |    0.25 ( 0.00%)   |   -25321.97   |   54600.44    |    54596.34     |
|              Node505              |   0.00   |    2     |  134.42 ( 0.94%)   |   -25320.61   |   54597.72    |    54596.34     |
|              Node581              |   0.00   |    2     |    0.26 ( 0.00%)   |   -25321.97   |   54600.44    |    54596.34     |
|             N51200412             |   0.00   |    2     |   71.52 ( 0.59%)   |   -25321.86   |   54600.23    |    54596.34     |
|             T65200101             |   0.00   |    2     |    0.39 (89.86%)   |   -25321.97   |   54600.44    |    54596.34     |
|              Node359              |   0.00   |    2     |   43.26 ( 1.13%)   |   -25321.69   |   54599.88    |    54596.34     |
|              Node497              |   0.00   |    2     |    1.79 (25.27%)   |   -25321.97   |   54600.45    |    54596.34     |
|             T78199912             |   0.00   |    2     |    0.24 ( 0.00%)   |   -25321.97   |   54600.44    |    54596.34     |
|              Node779              |   0.00   |    2     |    0.52 ( 1.54%)   |   -25321.97   |   54600.44    |    54596.34     |
|              Node669              |   0.00   |    2     |    1.01 (24.20%)   |   -25321.97   |   54600.44    |    54596.34     |
|             T12519990             |   0.00   |    2     |   1.00 (100.00%)   |   -25322.36   |   54601.22    |    54596.34     |
|              Node592              |   0.00   |    2     |    0.26 ( 0.00%)   |   -25321.97   |   54600.44    |    54596.34     |
|              Node719              |   0.00   |    2     |  434.26 ( 0.74%)   |   -25321.47   |   54599.44    |    54596.34     |
|             N11619991             |   0.00   |    2     |    0.74 (24.83%)   |   -25321.97   |   54600.45    |    54596.34     |
|              Node328              |   0.00   |    2     |    0.98 ( 4.58%)   |   -25321.97   |   54600.45    |    54596.34     |
|             N63200101             |   0.00   |    2     |    0.26 ( 0.00%)   |   -25321.97   |   54600.44    |    54596.34     |
|             N17319990             |   0.00   |    2     |    0.49 (24.08%)   |   -25321.97   |   54600.44    |    54596.34     |
|             N40199903             |   0.00   |    2     |    0.26 ( 0.00%)   |   -25321.97   |   54600.44    |    54596.34     |
|             T14120000             |   0.00   |    2     |  >1000 (100.00%)   |   -25321.97   |   54600.45    |    54596.34     |
|              Node772              |   0.00   |    2     |    0.30 ( 0.00%)   |   -25321.97   |   54600.44    |    54596.34     |
|             T20720000             |   0.00   |    2     |    0.50 (25.00%)   |   -25321.97   |   54600.45    |    54596.34     |
|             T91199912             |   0.00   |    2     |    0.24 ( 0.00%)   |   -25321.97   |   54600.44    |    54596.34     |
|              Node11               |   0.00   |    2     |    0.25 ( 0.00%)   |   -25321.97   |   54600.44    |    54596.34     |
|              Node145              |   0.00   |    2     |    0.27 ( 0.00%)   |   -25321.97   |   54600.44    |    54596.34     |
|              Node156              |   0.00   |    2     |    0.25 ( 0.00%)   |   -25321.97   |   54600.44    |    54596.34     |
|              Node301              |   0.00   |    2     |   >1000 ( 1.06%)   |   -25318.07   |   54592.65    |    54592.65     |
|              Node301              |   0.00   |    3     |   >1000 ( 1.08%)   |   -25318.07   |   54596.75    |    54592.65     |
|              Node494              |   0.00   |    2     |    0.26 ( 0.00%)   |   -25318.07   |   54596.75    |    54592.65     |
|             T11220000             |   0.00   |    2     |    0.50 (10.00%)   |   -25318.07   |   54596.75    |    54592.65     |
|              Node293              |   0.00   |    2     |    0.26 ( 0.00%)   |   -25318.07   |   54596.75    |    54592.65     |
|             N17119990             |   0.00   |    2     |    0.40 (75.00%)   |   -25318.05   |   54596.71    |    54592.65     |
|             N44200201             |   0.00   |    2     |    0.24 ( 0.00%)   |   -25318.07   |   54596.75    |    54592.65     |
|              Node884              |   0.00   |    2     |    2.00 (50.00%)   |   -25318.07   |   54596.75    |    54592.65     |
|             N10919990             |   0.00   |    2     |    0.38 (52.48%)   |   -25318.07   |   54596.75    |    54592.65     |
|              Node676              |   0.00   |    2     |    0.25 ( 0.00%)   |   -25318.07   |   54596.75    |    54592.65     |
|              Node300              |   0.00   |    2     |    0.27 (31.40%)   |   -25326.49   |   54613.58    |    54592.65     |
|              Node120              |   0.00   |    2     |    0.26 ( 0.00%)   |   -25318.07   |   54596.75    |    54592.65     |
|              Node72               |   0.00   |    2     |    0.26 ( 0.00%)   |   -25318.07   |   54596.75    |    54592.65     |
|             T77200005             |   0.00   |    2     |    0.25 ( 0.00%)   |   -25318.07   |   54596.75    |    54592.65     |
|              Node727              |   0.00   |    2     |  714.94 ( 0.52%)   |   -25317.10   |   54594.80    |    54592.65     |
|              Node438              |   0.00   |    2     |   >1000 (89.16%)   |   -25318.06   |   54596.72    |    54592.65     |
|              Node617              |   0.00   |    2     |    0.26 ( 0.00%)   |   -25318.07   |   54596.75    |    54592.65     |
|              Node458              |   0.00   |    2     |    0.26 ( 0.00%)   |   -25318.07   |   54596.75    |    54592.65     |
|             T13219990             |   0.00   |    2     |    0.25 ( 0.00%)   |   -25318.07   |   54596.75    |    54592.65     |
|             N41200002             |   0.00   |    2     |    0.24 ( 0.00%)   |   -25318.07   |   54596.75    |    54592.65     |
|             T34199911             |   0.00   |    2     |    9.23 ( 2.00%)   |   -25318.07   |   54596.75    |    54592.65     |
|             N23019990             |   0.00   |    2     |    0.39 (76.12%)   |   -25318.07   |   54596.75    |    54592.65     |
|             N16319990             |   0.00   |    2     |   86.84 ( 1.54%)   |   -25317.40   |   54595.41    |    54592.65     |
|              Node230              |   0.00   |    2     |    0.26 ( 0.00%)   |   -25318.07   |   54596.75    |    54592.65     |
|              Node103              |   0.00   |    2     |    0.26 ( 0.00%)   |   -25318.07   |   54596.75    |    54592.65     |
|              Node281              |   0.00   |    2     |    0.60 (95.00%)   |   -25318.07   |   54596.75    |    54592.65     |
|             T11200103             |   0.00   |    2     |    0.80 (52.50%)   |   -25318.07   |   54596.75    |    54592.65     |
|             N14819990             |   0.00   |    2     |    0.39 (76.32%)   |   -25318.07   |   54596.75    |    54592.65     |
|             N34199901             |   0.00   |    2     |    0.40 (75.00%)   |   -25318.07   |   54596.75    |    54592.65     |
|              Node264              |   0.00   |    2     |    0.50 (47.50%)   |   -25318.07   |   54596.75    |    54592.65     |
|             T20620010             |   0.00   |    2     |    0.40 (78.75%)   |   -25318.07   |   54596.75    |    54592.65     |
|             N19919991             |   0.00   |    2     |    0.40 (75.00%)   |   -25318.07   |   54596.75    |    54592.65     |
|             T13419991             |   0.00   |    2     |    0.40 (78.75%)   |   -25318.07   |   54596.75    |    54592.65     |
|             N18919981             |   0.00   |    2     |    0.40 (75.00%)   |   -25318.07   |   54596.75    |    54592.65     |
|              Node289              |   0.00   |    2     |    0.27 ( 0.00%)   |   -25318.07   |   54596.75    |    54592.65     |
|             T9200006              |   0.00   |    2     |   1.00 (100.00%)   |   -25319.00   |   54598.61    |    54592.65     |
|             N29199901             |   0.00   |    2     |   0.39 (100.00%)   |   -25318.07   |   54596.75    |    54592.65     |
|             N11019990             |   0.00   |    2     |    0.26 ( 0.00%)   |   -25318.07   |   54596.75    |    54592.65     |
|              Node750              |   0.00   |    2     |    0.75 (23.84%)   |   -25318.07   |   54596.75    |    54592.65     |
|             T10720000             |   0.00   |    2     |   >1000 ( 0.49%)   |   -25312.64   |   54585.88    |    54585.88     |
|             T10720000             |   0.00   |    3     |   >1000 ( 0.48%)   |   -25312.64   |   54589.98    |    54585.88     |
|              Node351              |   0.00   |    2     |  >1000 (100.00%)   |   -25312.64   |   54589.98    |    54585.88     |
|              Node454              |   0.00   |    2     |    0.98 (23.77%)   |   -25312.64   |   54589.98    |    54585.88     |
|              Node110              |   0.00   |    2     |    0.23 (48.18%)   |   -25312.49   |   54589.70    |    54585.88     |
|             T13720000             |   0.00   |    2     |   1.00 (100.00%)   |   -25313.27   |   54591.24    |    54585.88     |
|              Node96               |   0.00   |    2     |    0.50 ( 5.00%)   |   -25312.64   |   54589.98    |    54585.88     |
|             T11819990             |   0.00   |    2     |   1.00 (100.00%)   |   -25313.28   |   54591.26    |    54585.88     |
|             T11319991             |   0.00   |    2     |   38.00 ( 0.00%)   |   -25313.17   |   54591.04    |    54585.88     |
|              Node57               |   0.00   |    2     |  74.17 (100.00%)   |   -25312.65   |   54590.00    |    54585.88     |
|             T19320000             |   0.00   |    2     |   1.00 (100.00%)   |   -25313.27   |   54591.26    |    54585.88     |
|             T21120000             |   0.00   |    2     |  >1000 (100.00%)   |   -25312.64   |   54589.98    |    54585.88     |
|             T13519991             |   0.00   |    2     |   1.00 (100.00%)   |   -25313.26   |   54591.23    |    54585.88     |
|              Node600              |   0.00   |    2     |    0.75 (25.00%)   |   -25312.64   |   54589.98    |    54585.88     |
|             N17199606             |   0.00   |    2     |    0.40 (75.00%)   |   -25312.64   |   54589.98    |    54585.88     |
|              Node196              |   0.00   |    2     |    0.24 ( 0.00%)   |   -25312.64   |   54589.98    |    54585.88     |
|             N53200412             |   0.00   |    2     |    0.40 (50.00%)   |   -25312.64   |   54589.98    |    54585.88     |
|              Node540              |   0.00   |    2     |    0.24 ( 0.00%)   |   -25312.64   |   54589.98    |    54585.88     |
|              Node207              |   0.00   |    2     |    3.74 (53.42%)   |   -25312.64   |   54589.98    |    54585.88     |
|              Node165              |   0.00   |    2     |  >1000 (100.00%)   |   -25312.64   |   54589.98    |    54585.88     |
|             T53200502             |   0.00   |    2     |    0.49 (49.13%)   |   -25312.64   |   54589.98    |    54585.88     |
|             T20820000             |   0.00   |    2     |    2.12 ( 2.00%)   |   -25312.64   |   54589.98    |    54585.88     |
|              Node519              |   0.00   |    2     |    0.18 (31.40%)   |   -25321.86   |   54608.42    |    54585.88     |
|             T60200502             |   0.00   |    2     |    0.40 (78.75%)   |   -25312.64   |   54589.98    |    54585.88     |
|             N21319990             |   0.00   |    2     |    0.26 ( 0.00%)   |   -25312.64   |   54589.98    |    54585.88     |
|              Node94               |   0.00   |    2     |    0.18 (31.40%)   |   -25323.50   |   54611.71    |    54585.88     |
|              Node336              |   0.00   |    2     |    0.24 ( 0.00%)   |   -25312.64   |   54589.98    |    54585.88     |
|              Node664              |   0.00   |    2     |    0.50 (25.00%)   |   -25312.64   |   54589.98    |    54585.88     |
|              Node344              |   0.00   |    2     |    0.60 (78.75%)   |   -25312.64   |   54589.98    |    54585.88     |
|              Node520              |   0.00   |    2     |    0.27 (31.40%)   |   -25316.74   |   54598.19    |    54585.88     |
|             N84199903             |   0.00   |    2     |    0.40 (78.75%)   |   -25312.64   |   54589.98    |    54585.88     |
|             N85199811             |   0.00   |    2     |    0.27 (31.40%)   |   -25316.87   |   54598.44    |    54585.88     |
|              Node259              |   0.00   |    2     |    0.75 (21.25%)   |   -25312.64   |   54589.98    |    54585.88     |
|             N48200412             |   0.00   |    2     |    0.25 ( 2.00%)   |   -25326.19   |   54617.09    |    54585.88     |
|              Node897              |   0.00   |    2     |    0.27 ( 0.00%)   |   -25312.64   |   54589.98    |    54585.88     |
|             N21619990             |   0.00   |    2     |    0.71 (49.19%)   |   -25312.62   |   54589.94    |    54585.88     |
|             T19620000             |   0.00   |    2     |   1.00 (100.00%)   |   -25313.02   |   54590.76    |    54585.88     |
|              Node563              |   0.00   |    2     |    0.25 ( 0.00%)   |   -25312.64   |   54589.98    |    54585.88     |
|              Node657              |   0.00   |    2     |    0.60 (50.38%)   |   -25312.63   |   54589.96    |    54585.88     |
|             T14819991             |   0.00   |    2     |  >1000 (100.00%)   |   -25312.30   |   54589.30    |    54585.88     |
|              Node82               |   0.00   |    2     |    0.18 (31.40%)   |   -25323.61   |   54611.93    |    54585.88     |
|             T84200002             |   0.00   |    2     |  628.06 (100.00%)  |   -25312.64   |   54589.98    |    54585.88     |
|              Node839              |   0.00   |    2     |    0.25 ( 0.00%)   |   -25312.64   |   54589.98    |    54585.88     |
|             T21720000             |   0.00   |    2     |    0.60 (75.00%)   |   -25312.64   |   54589.98    |    54585.88     |
|              Node943              |   0.00   |    2     |   >1000 ( 0.41%)   |   -25307.40   |   54579.50    |    54579.50     |
|              Node943              |   0.00   |    3     |   >1000 ( 0.42%)   |   -25307.40   |   54583.60    |    54579.50     |
|              Node296              |   0.00   |    2     |    0.27 (31.40%)   |   -25313.58   |   54595.97    |    54579.50     |
|              Node23               |   0.00   |    2     |    0.25 ( 0.00%)   |   -25307.40   |   54583.60    |    54579.50     |
|              Node509              |   0.00   |    2     |    0.79 (90.31%)   |   -25307.40   |   54583.60    |    54579.50     |
|             N86199901             |   0.00   |    2     |    0.25 ( 0.00%)   |   -25307.40   |   54583.60    |    54579.50     |
|              Node237              |   0.00   |    2     |    0.39 (76.63%)   |   -25307.40   |   54583.60    |    54579.50     |
|              Node801              |   0.00   |    2     |    0.40 (91.45%)   |   -25307.40   |   54583.60    |    54579.50     |
|              Node628              |   0.00   |    2     |    0.25 ( 2.00%)   |   -25316.02   |   54600.85    |    54579.50     |
|              Node439              |   0.00   |    2     |    0.26 ( 0.00%)   |   -25307.40   |   54583.60    |    54579.50     |
|              Node177              |   0.00   |    2     |    0.26 ( 0.00%)   |   -25307.39   |   54583.60    |    54579.50     |
|             N10199911             |   0.00   |    2     |    0.26 ( 0.00%)   |   -25307.40   |   54583.60    |    54579.50     |
|              Node220              |   0.00   |    2     |    0.26 ( 0.00%)   |   -25307.40   |   54583.60    |    54579.50     |
|              Node312              |   0.00   |    2     |    0.78 ( 8.73%)   |   -25307.40   |   54583.60    |    54579.50     |
|             N16200103             |   0.00   |    2     |    0.18 (31.40%)   |   -25317.42   |   54603.64    |    54579.50     |
|              Node65               |   0.00   |    2     |    0.25 ( 0.00%)   |   -25307.40   |   54583.60    |    54579.50     |
|              Node714              |   0.00   |    2     |    0.25 ( 2.00%)   |   -25319.55   |   54607.90    |    54579.50     |
|              Node591              |   0.00   |    2     |  >1000 (100.00%)   |   -25307.40   |   54583.60    |    54579.50     |
|             T15200201             |   0.00   |    2     |   1.00 (100.00%)   |   -25307.99   |   54584.79    |    54579.50     |
|              Node12               |   0.00   |    2     |   >1000 (70.62%)   |   -25307.39   |   54583.60    |    54579.50     |
|             T16200304             |   0.00   |    2     |    0.27 (31.40%)   |   -25317.82   |   54604.46    |    54579.50     |
|              Node653              |   0.00   |    2     |    0.18 (31.40%)   |   -25312.59   |   54593.98    |    54579.50     |
|              Node811              |   0.00   |    2     |    0.25 ( 0.00%)   |   -25307.40   |   54583.60    |    54579.50     |
|              Node589              |   0.00   |    2     |    0.40 (75.00%)   |   -25307.40   |   54583.60    |    54579.50     |
|             N16619990             |   0.00   |    2     |    0.27 (31.40%)   |   -25312.06   |   54592.93    |    54579.50     |
|              Node614              |   0.00   |    2     |    0.39 (90.32%)   |   -25307.40   |   54583.60    |    54579.50     |
|             T24220020             |   0.00   |    2     |    0.25 ( 0.00%)   |   -25307.40   |   54583.60    |    54579.50     |
|             T22120000             |   0.00   |    2     |   1.00 (100.00%)   |   -25308.04   |   54584.88    |    54579.50     |
|             T21920000             |   0.00   |    2     |    0.39 (96.55%)   |   -25307.40   |   54583.60    |    54579.50     |
|             T20520000             |   0.00   |    2     |    0.18 (31.40%)   |   -25313.41   |   54595.63    |    54579.50     |
|             T21319991             |   0.00   |    2     |   1.00 (100.00%)   |   -25308.03   |   54584.86    |    54579.50     |
|              Node326              |   0.00   |    2     |  >1000 (100.00%)   |   -25307.40   |   54583.60    |    54579.50     |
|              Node380              |   0.00   |    2     |  54.97 (100.00%)   |   -25307.41   |   54583.63    |    54579.50     |
|              Node169              |   0.00   |    2     |    0.26 ( 0.00%)   |   -25307.40   |   54583.60    |    54579.50     |
|             N61200412             |   0.00   |    2     |   1.00 (100.00%)   |   -25307.86   |   54584.53    |    54579.50     |
|             N23720041             |   0.00   |    2     |    0.27 (31.40%)   |   -25317.96   |   54604.72    |    54579.50     |
|               Node2               |   0.00   |    2     |    0.26 ( 0.00%)   |   -25307.40   |   54583.60    |    54579.50     |
|              Node701              |   0.00   |    2     |    0.27 (31.40%)   |   -25313.37   |   54595.54    |    54579.50     |
|              Node456              |   0.00   |    2     |  51.17 (100.00%)   |   -25307.41   |   54583.63    |    54579.50     |
|             T14920010             |   0.00   |    2     |   1.00 (100.00%)   |   -25307.66   |   54584.13    |    54579.50     |
|             T17020000             |   0.00   |    2     |   1.00 (100.00%)   |   -25307.51   |   54583.82    |    54579.50     |
|             N16919990             |   0.00   |    2     |    0.25 ( 0.00%)   |   -25307.40   |   54583.60    |    54579.50     |
|              Node191              |   0.00   |    2     |    0.26 ( 0.00%)   |   -25307.40   |   54583.60    |    54579.50     |
|             N12519981             |   0.00   |    2     |    0.26 ( 0.00%)   |   -25307.40   |   54583.60    |    54579.50     |
|              Node803              |   0.00   |    2     |    0.18 (31.40%)   |   -25311.09   |   54590.98    |    54579.50     |
|              Node218              |   0.00   |    2     |  96.10 (100.00%)   |   -25307.40   |   54583.61    |    54579.50     |
|             N7199611              |   0.00   |    2     |    0.26 ( 0.00%)   |   -25307.40   |   54583.60    |    54579.50     |
|             N15319990             |   0.00   |    2     |    0.26 ( 0.00%)   |   -25307.40   |   54583.60    |    54579.50     |
|             N97199901             |   0.00   |    2     |    0.25 ( 0.00%)   |   -25307.40   |   54583.60    |    54579.50     |
|             N33199901             |   0.00   |    2     |    0.25 ( 0.00%)   |   -25307.40   |   54583.60    |    54579.50     |
|             T64199905             |   0.00   |    2     |  153.33 ( 0.00%)   |   -25307.75   |   54584.30    |    54579.50     |
|              Node53               |   0.00   |    2     |    0.26 ( 0.00%)   |   -25307.40   |   54583.60    |    54579.50     |
|              Node49               |   0.00   |    2     |    0.25 ( 0.00%)   |   -25307.40   |   54583.60    |    54579.50     |
|             T37199910             |   0.00   |    2     |    0.26 ( 0.00%)   |   -25307.40   |   54583.60    |    54579.50     |
|             N23920060             |   0.00   |    2     |    0.26 ( 0.00%)   |   -25307.39   |   54583.59    |    54579.50     |
|             T14019990             |   0.00   |    2     |   1.00 (100.00%)   |   -25307.59   |   54583.99    |    54579.50     |
|             N22519990             |   0.00   |    2     |    0.26 ( 0.00%)   |   -25307.40   |   54583.60    |    54579.50     |
|              Node700              |   0.00   |    2     |    0.25 ( 0.00%)   |   -25307.40   |   54583.60    |    54579.50     |
|             N15519981             |   0.00   |    2     |    0.25 ( 0.00%)   |   -25307.40   |   54583.60    |    54579.50     |
|              Node238              |   0.00   |    2     |    0.26 ( 0.00%)   |   -25307.40   |   54583.60    |    54579.50     |
|              Node21               |   0.00   |    2     |  964.22 (100.00%)  |   -25307.40   |   54583.60    |    54579.50     |
|              Node22               |   0.00   |    2     |   >1000 (84.41%)   |   -25307.40   |   54583.60    |    54579.50     |
|              Node452              |   0.00   |    2     |    0.29 (50.00%)   |   -25307.40   |   54583.60    |    54579.50     |
|              Node146              |   0.00   |    2     |    0.26 ( 0.00%)   |   -25307.40   |   54583.60    |    54579.50     |
|             N30199901             |   0.00   |    2     |    0.27 (31.40%)   |   -25312.50   |   54593.81    |    54579.50     |
|             T14720001             |   0.00   |    2     |   1.00 (100.00%)   |   -25307.71   |   54584.23    |    54579.50     |
|             N23219990             |   0.00   |    2     |   1.00 (100.00%)   |   -25307.71   |   54584.24    |    54579.50     |
|             N46200412             |   0.00   |    2     |    0.26 ( 0.00%)   |   -25307.40   |   54583.60    |    54579.50     |
|             N15119991             |   0.00   |    2     |    0.27 (31.40%)   |   -25313.09   |   54594.99    |    54579.50     |
|             N37199901             |   0.00   |    2     |   1.00 (100.00%)   |   -25307.71   |   54584.23    |    54579.50     |
|             T22820001             |   0.00   |    2     |   1.00 (100.00%)   |   -25307.68   |   54584.17    |    54579.50     |
|             T12719990             |   0.00   |    2     |   1.00 (100.00%)   |   -25307.69   |   54584.19    |    54579.50     |
|             T92200003             |   0.00   |    2     |  659.20 (100.00%)  |   -25307.40   |   54583.60    |    54579.50     |
|             T17420020             |   0.00   |    2     |   1.00 (100.00%)   |   -25307.60   |   54584.01    |    54579.50     |
|             T22720000             |   0.00   |    2     |   1.00 (100.00%)   |   -25307.71   |   54584.23    |    54579.50     |
|             T14320001             |   0.00   |    2     |   82.76 (99.14%)   |   -25307.40   |   54583.61    |    54579.50     |
|             T10819990             |   0.00   |    2     |   1.00 (100.00%)   |   -25307.51   |   54583.83    |    54579.50     |
|             N18819990             |   0.00   |    2     |    0.25 ( 2.00%)   |   -25312.21   |   54593.23    |    54579.50     |
|             T13119990             |   0.00   |    2     |   1.00 (100.00%)   |   -25307.63   |   54584.08    |    54579.50     |
|             T68199912             |   0.00   |    2     |   1.00 (100.00%)   |   -25307.64   |   54584.08    |    54579.50     |
|              Node840              |   0.00   |    2     |   >1000 (77.70%)   |   -25307.40   |   54583.60    |    54579.50     |
|             T18919990             |   0.00   |    2     |    0.27 (31.40%)   |   -25312.37   |   54593.56    |    54579.50     |
|              Node239              |   0.00   |    2     |  >1000 (100.00%)   |   -25307.40   |   54583.60    |    54579.50     |
|             T18020000             |   0.00   |    2     |   1.00 (100.00%)   |   -25307.61   |   54584.02    |    54579.50     |
|             N20119991             |   0.00   |    2     |    0.27 (31.40%)   |   -25311.09   |   54590.98    |    54579.50     |
|             T20319990             |   0.00   |    2     |   1.00 (100.00%)   |   -25307.67   |   54584.15    |    54579.50     |
|              Node486              |   0.00   |    2     |   1.00 (100.00%)   |   -25307.70   |   54584.21    |    54579.50     |
|             T19219990             |   0.00   |    2     |   1.00 (100.00%)   |   -25307.67   |   54584.15    |    54579.50     |
|              Node764              |   0.00   |    2     |    0.26 ( 0.00%)   |   -25307.40   |   54583.60    |    54579.50     |
|             N13919981             |   0.00   |    2     |    0.27 (31.40%)   |   -25310.81   |   54590.43    |    54579.50     |
|             N20519990             |   0.00   |    2     |    0.18 (31.40%)   |   -25310.95   |   54590.70    |    54579.50     |
|              Node741              |   0.00   |    2     |    0.25 ( 2.00%)   |   -25311.90   |   54592.61    |    54579.50     |
|              Node254              |   0.00   |    2     |    0.27 ( 0.00%)   |   -25307.40   |   54583.60    |    54579.50     |
|              Node358              |   0.00   |    2     |    0.25 ( 0.00%)   |   -25307.40   |   54583.60    |    54579.50     |
|              Node84               |   0.00   |    2     |   9.79 (100.00%)   |   -25307.42   |   54583.65    |    54579.50     |
|             N57200412             |   0.00   |    2     |    0.26 ( 0.00%)   |   -25307.40   |   54583.60    |    54579.50     |
|             N21199201             |   0.00   |    2     |    0.25 ( 0.00%)   |   -25307.40   |   54583.60    |    54579.50     |
|             N3199901              |   0.00   |    2     |    0.27 (31.40%)   |   -25310.33   |   54589.47    |    54579.50     |
|              Node219              |   0.00   |    2     |    0.25 ( 0.00%)   |   -25307.40   |   54583.60    |    54579.50     |
|              Node548              |   0.00   |    2     |    0.25 ( 0.00%)   |   -25307.40   |   54583.60    |    54579.50     |
|             T5200107              |   0.00   |    2     |   1.00 (100.00%)   |   -25307.74   |   54584.29    |    54579.50     |
|              Node896              |   0.00   |    2     |  16.31 (100.00%)   |   -25307.42   |   54583.65    |    54579.50     |
|               Node3               |   0.00   |    2     |  381.52 (100.00%)  |   -25307.40   |   54583.60    |    54579.50     |
|              Node396              |   0.00   |    2     |    0.25 ( 0.00%)   |   -25307.40   |   54583.60    |    54579.50     |
|              Node903              |   0.00   |    2     |    0.26 ( 0.00%)   |   -25307.40   |   54583.60    |    54579.50     |
|              Node668              |   0.00   |    2     |    0.27 (31.40%)   |   -25312.24   |   54593.30    |    54579.50     |
|             T21420000             |   0.00   |    2     |    0.25 ( 0.00%)   |   -25307.40   |   54583.60    |    54579.50     |
|             T47200502             |   0.00   |    2     |   1.00 (100.00%)   |   -25307.71   |   54584.23    |    54579.50     |
|             T57200502             |   0.00   |    2     |   1.00 (100.00%)   |   -25307.70   |   54584.21    |    54579.50     |
|             T48200502             |   0.00   |    2     |    0.27 (31.40%)   |   -25310.89   |   54590.59    |    54579.50     |
|             T21519991             |   0.00   |    2     |   1.00 (100.00%)   |   -25307.78   |   54584.37    |    54579.50     |
|              Node478              |   0.00   |    2     |    0.25 ( 0.00%)   |   -25307.40   |   54583.60    |    54579.50     |
|              Node381              |   0.00   |    2     |    0.25 ( 0.00%)   |   -25307.40   |   54583.60    |    54579.50     |
|              Node64               |   0.00   |    2     |   0.05 (100.00%)   |   -25315.90   |   54600.61    |    54579.50     |
|             T19020020             |   0.00   |    2     |  >1000 (100.00%)   |   -25307.40   |   54583.60    |    54579.50     |
|             N87199903             |   0.00   |    2     |    0.25 ( 0.00%)   |   -25307.40   |   54583.60    |    54579.50     |
|              Node835              |   0.00   |    2     |   36.51 (99.23%)   |   -25307.40   |   54583.61    |    54579.50     |
|              Node327              |   0.00   |    2     |  >1000 (100.00%)   |   -25307.40   |   54583.60    |    54579.50     |
|              Node910              |   0.00   |    2     |    0.25 ( 2.00%)   |   -25313.56   |   54595.93    |    54579.50     |
|              Node928              |   0.00   |    2     |    0.25 ( 2.00%)   |   -25311.43   |   54591.67    |    54579.50     |
|              Node930              |   0.00   |    2     |    0.27 (31.40%)   |   -25311.21   |   54591.23    |    54579.50     |
|              Node430              |   0.00   |    2     |  36.55 (100.00%)   |   -25307.41   |   54583.62    |    54579.50     |
|              Node929              |   0.00   |    2     |    0.26 (14.25%)   |   -25310.83   |   54590.46    |    54579.50     |
|              Node898              |   0.00   |    2     |  322.98 (100.00%)  |   -25307.40   |   54583.60    |    54579.50     |
|              Node337              |   0.00   |    2     |    0.18 (31.40%)   |   -25311.02   |   54590.85    |    54579.50     |
|             N62200101             |   0.00   |    2     |    0.26 ( 0.00%)   |   -25307.40   |   54583.60    |    54579.50     |
|              Node713              |   0.00   |    2     |    0.25 ( 0.00%)   |   -25307.40   |   54583.60    |    54579.50     |
|              Node562              |   0.00   |    2     |   8.89 (100.00%)   |   -25307.42   |   54583.65    |    54579.50     |
|             T10420000             |   0.00   |    2     |   1.00 (100.00%)   |   -25307.71   |   54584.23    |    54579.50     |
|              Node410              |   0.00   |    2     |  706.32 (100.00%)  |   -25307.40   |   54583.60    |    54579.50     |
|              Node712              |   0.00   |    2     |    0.26 ( 0.00%)   |   -25307.40   |   54583.60    |    54579.50     |
|              Node95               |   0.00   |    2     |    0.27 (31.40%)   |   -25312.43   |   54593.66    |    54579.50     |
|              Node189              |   0.00   |    2     |    0.26 ( 0.00%)   |   -25307.40   |   54583.60    |    54579.50     |
|              Node434              |   0.00   |    2     |    0.25 ( 0.00%)   |   -25307.40   |   54583.60    |    54579.50     |
|              Node590              |   0.00   |    2     |    0.26 ( 0.00%)   |   -25307.40   |   54583.60    |    54579.50     |
|              Node810              |   0.00   |    2     |    0.26 ( 0.00%)   |   -25307.40   |   54583.60    |    54579.50     |
|              Node279              |   0.00   |    2     |    0.23 ( 0.00%)   |   -25307.40   |   54583.60    |    54579.50     |
|             N77199906             |   0.00   |    2     |    0.25 ( 2.00%)   |   -25312.62   |   54594.05    |    54579.50     |
|             N11199911             |   0.00   |    2     |    0.26 ( 0.00%)   |   -25307.40   |   54583.60    |    54579.50     |
|             N16519990             |   0.00   |    2     |    0.18 (31.40%)   |   -25312.70   |   54594.21    |    54579.50     |
|              Node369              |   0.00   |    2     |    0.26 ( 0.00%)   |   -25307.40   |   54583.60    |    54579.50     |
|             T16219990             |   0.00   |    2     |   1.00 (100.00%)   |   -25307.71   |   54584.23    |    54579.50     |
|              Node419              |   0.00   |    2     |    0.18 (31.40%)   |   -25312.79   |   54594.39    |    54579.50     |
|             N98199901             |   0.00   |    2     |    0.27 (31.40%)   |   -25310.52   |   54589.84    |    54579.50     |
|             T81200002             |   0.00   |    2     |  962.75 (100.00%)  |   -25307.40   |   54583.60    |    54579.50     |
|              Node468              |   0.00   |    2     |    0.27 (31.40%)   |   -25310.11   |   54589.02    |    54579.50     |
|              Node917              |   0.00   |    2     |    0.25 ( 0.00%)   |   -25307.40   |   54583.60    |    54579.50     |
|              Node802              |   0.00   |    2     |    0.26 ( 0.00%)   |   -25307.40   |   54583.60    |    54579.50     |
|             T16119990             |   0.00   |    2     |   1.00 (100.00%)   |   -25307.69   |   54584.19    |    54579.50     |
|              Node378              |   0.00   |    2     |    0.26 ( 0.00%)   |   -25307.40   |   54583.60    |    54579.50     |
|             T86200009             |   0.00   |    2     |  >1000 (100.00%)   |   -25307.40   |   54583.60    |    54579.50     |
|             N18200108             |   0.00   |    2     |   1.00 (100.00%)   |   -25307.72   |   54584.24    |    54579.50     |
|              Node132              |   0.00   |    2     |  26.09 (100.00%)   |   -25307.40   |   54583.60    |    54579.50     |
|             N17819990             |   0.00   |    2     |    0.25 ( 0.00%)   |   -25307.40   |   54583.60    |    54579.50     |
|              Node457              |   0.00   |    2     |  >1000 (100.00%)   |   -25307.40   |   54583.60    |    54579.50     |
|             T23720060             |   0.00   |    2     |    0.18 (31.40%)   |   -25311.60   |   54592.01    |    54579.50     |
|              Node718              |   0.00   |    2     |    0.25 ( 2.00%)   |   -25311.05   |   54590.90    |    54579.50     |
|              Node377              |   0.00   |    2     |    0.26 ( 0.00%)   |   -25307.40   |   54583.60    |    54579.50     |
|              Node188              |   0.00   |    2     |    0.25 ( 0.00%)   |   -25307.40   |   54583.60    |    54579.50     |
|              Node20               |   0.00   |    2     |    0.25 ( 0.00%)   |   -25307.40   |   54583.60    |    54579.50     |
|              Node794              |   0.00   |    2     |  782.27 (100.00%)  |   -25307.40   |   54583.60    |    54579.50     |
|             N14219990             |   0.00   |    2     |    0.84 ( 0.00%)   |   -25306.99   |   54582.78    |    54579.50     |
|             N12219990             |   0.00   |    2     |    0.25 ( 0.00%)   |   -25307.40   |   54583.60    |    54579.50     |
|              Node163              |   0.00   |    2     |    0.25 ( 0.00%)   |   -25307.40   |   54583.60    |    54579.50     |
|              Node613              |   0.00   |    2     |    0.18 (31.40%)   |   -25313.03   |   54594.87    |    54579.50     |
|             N24220000             |   0.00   |    2     |  347.93 ( 0.00%)   |   -25307.68   |   54584.18    |    54579.50     |
|              Node379              |   0.00   |    2     |  31.20 (100.00%)   |   -25307.41   |   54583.62    |    54579.50     |
|              Node578              |   0.00   |    2     |    0.25 ( 0.00%)   |   -25307.40   |   54583.60    |    54579.50     |
|              Node311              |   0.00   |    2     |    0.27 (31.40%)   |   -25309.16   |   54587.13    |    54579.50     |
|              Node711              |   0.00   |    2     |  381.39 (100.00%)  |   -25307.40   |   54583.60    |    54579.50     |
|              Node376              |   0.00   |    2     |  >1000 (100.00%)   |   -25307.40   |   54583.60    |    54579.50     |
|              Node217              |   0.00   |    2     |    0.25 ( 0.00%)   |   -25307.40   |   54583.60    |    54579.50     |
|              Node607              |   0.00   |    2     |    0.25 ( 2.00%)   |   -25310.94   |   54590.69    |    54579.50     |
|              Node15               |   0.00   |    2     |    0.25 ( 2.00%)   |   -25313.77   |   54596.34    |    54579.50     |
|              Node215              |   0.00   |    2     |  >1000 (100.00%)   |   -25307.40   |   54583.60    |    54579.50     |
|             N21119990             |   0.00   |    2     |    0.27 (31.40%)   |   -25310.38   |   54589.56    |    54579.50     |
|              Node79               |   0.00   |    2     |  310.04 (100.00%)  |   -25307.40   |   54583.60    |    54579.50     |
|              Node253              |   0.00   |    2     |    0.27 (31.40%)   |   -25308.78   |   54586.36    |    54579.50     |
|              Node80               |   0.00   |    2     |  126.87 (100.00%)  |   -25307.40   |   54583.61    |    54579.50     |
|              Node131              |   0.00   |    2     |  >1000 (100.00%)   |   -25307.40   |   54583.60    |    54579.50     |
|              Node280              |   0.00   |    2     |    0.27 (31.40%)   |   -25310.04   |   54588.90    |    54579.50     |
|              Node385              |   0.00   |    2     |    0.24 ( 0.00%)   |   -25307.40   |   54583.60    |    54579.50     |
|             N14200012             |   0.00   |    2     |    0.25 ( 0.00%)   |   -25307.40   |   54583.60    |    54579.50     |
|             N4199904              |   0.00   |    2     |    0.25 ( 0.00%)   |   -25307.40   |   54583.60    |    54579.50     |
|             N10119990             |   0.00   |    2     |    0.25 ( 2.00%)   |   -25307.40   |   54583.60    |    54579.50     |
|             N13819981             |   0.00   |    2     |    0.25 ( 2.00%)   |   -25307.40   |   54583.60    |    54579.50     |
|             N10219981             |   0.00   |    2     |    0.25 ( 2.00%)   |   -25307.40   |   54583.60    |    54579.50     |
|             N10319990             |   0.00   |    2     |    0.25 ( 2.00%)   |   -25307.40   |   54583.60    |    54579.50     |
|             N10019990             |   0.00   |    2     |    0.25 ( 2.00%)   |   -25307.40   |   54583.60    |    54579.50     |
|             N10419990             |   0.00   |    2     |    0.25 ( 2.00%)   |   -25307.40   |   54583.60    |    54579.50     |
|             N11419990             |   0.00   |    2     |    0.25 ( 2.00%)   |   -25307.40   |   54583.60    |    54579.50     |
|             N10719990             |   0.00   |    2     |    0.25 ( 2.00%)   |   -25307.40   |   54583.60    |    54579.50     |
|             N11319990             |   0.00   |    2     |    0.25 ( 2.00%)   |   -25307.40   |   54583.60    |    54579.50     |
|             N10819981             |   0.00   |    2     |    0.25 ( 2.00%)   |   -25307.40   |   54583.60    |    54579.50     |
|             N10519990             |   0.00   |    2     |    0.25 ( 2.00%)   |   -25307.40   |   54583.60    |    54579.50     |
|             N11219990             |   0.00   |    2     |    0.25 ( 2.00%)   |   -25307.40   |   54583.60    |    54579.50     |
|             N10619990             |   0.00   |    2     |    0.25 ( 2.00%)   |   -25307.40   |   54583.60    |    54579.50     |
|             N11119990             |   0.00   |    2     |    0.25 ( 2.00%)   |   -25307.40   |   54583.60    |    54579.50     |
|             N13719991             |   0.00   |    2     |    0.25 ( 2.00%)   |   -25307.40   |   54583.60    |    54579.50     |
|             N13119990             |   0.00   |    2     |    0.25 ( 2.00%)   |   -25307.40   |   54583.60    |    54579.50     |
|             N13519990             |   0.00   |    2     |    0.25 ( 2.00%)   |   -25307.40   |   54583.60    |    54579.50     |
|             N13619991             |   0.00   |    2     |    0.25 ( 2.00%)   |   -25307.40   |   54583.60    |    54579.50     |
|             N13200010             |   0.00   |    2     |    0.25 ( 2.00%)   |   -25307.40   |   54583.60    |    54579.50     |
|             N12919991             |   0.00   |    2     |    0.25 ( 2.00%)   |   -25307.40   |   54583.60    |    54579.50     |
|             N13219990             |   0.00   |    2     |    0.25 ( 2.00%)   |   -25307.40   |   54583.60    |    54579.50     |
|              Node252              |   0.00   |    2     |    0.25 ( 2.00%)   |   -25307.40   |   54583.60    |    54579.50     |
|             N13019981             |   0.00   |    2     |    0.25 ( 2.00%)   |   -25307.40   |   54583.60    |    54579.50     |
|             N13419990             |   0.00   |    2     |    0.25 ( 2.00%)   |   -25307.40   |   54583.60    |    54579.50     |
|             N11719991             |   0.00   |    2     |    0.25 ( 2.00%)   |   -25307.40   |   54583.60    |    54579.50     |
|             N12200008             |   0.00   |    2     |    0.25 ( 2.00%)   |   -25307.40   |   54583.60    |    54579.50     |
|             N11819990             |   0.00   |    2     |    0.25 ( 2.00%)   |   -25307.40   |   54583.60    |    54579.50     |
|             N12119990             |   0.00   |    2     |    0.25 ( 2.00%)   |   -25307.40   |   54583.60    |    54579.50     |
|             N14519991             |   0.00   |    2     |    0.25 ( 2.00%)   |   -25307.40   |   54583.60    |    54579.50     |
|             N11919991             |   0.00   |    2     |    0.25 ( 2.00%)   |   -25307.40   |   54583.60    |    54579.50     |
|             N12419991             |   0.00   |    2     |    0.25 ( 2.00%)   |   -25307.40   |   54583.60    |    54579.50     |
|             N12019991             |   0.00   |    2     |    0.25 ( 2.00%)   |   -25307.40   |   54583.60    |    54579.50     |
|             N14419990             |   0.00   |    2     |    0.25 ( 2.00%)   |   -25307.40   |   54583.60    |    54579.50     |
|             N12819990             |   0.00   |    2     |    0.25 ( 2.00%)   |   -25307.40   |   54583.60    |    54579.50     |
|             N14319990             |   0.00   |    2     |    0.25 ( 2.00%)   |   -25307.40   |   54583.60    |    54579.50     |
|             N14019990             |   0.00   |    2     |    0.25 ( 2.00%)   |   -25307.40   |   54583.60    |    54579.50     |
|             N15619990             |   0.00   |    2     |    0.25 ( 2.00%)   |   -25307.40   |   54583.60    |    54579.50     |
|             N14119990             |   0.00   |    2     |    0.25 ( 2.00%)   |   -25307.40   |   54583.60    |    54579.50     |
|             N15419981             |   0.00   |    2     |    0.25 ( 2.00%)   |   -25307.40   |   54583.60    |    54579.50     |
|             N14719991             |   0.00   |    2     |    0.25 ( 2.00%)   |   -25307.40   |   54583.60    |    54579.50     |
|             N15200101             |   0.00   |    2     |    0.25 ( 2.00%)   |   -25307.40   |   54583.60    |    54579.50     |
|             N15219990             |   0.00   |    2     |    0.25 ( 2.00%)   |   -25307.40   |   54583.60    |    54579.50     |
|             N14919990             |   0.00   |    2     |    0.25 ( 2.00%)   |   -25307.40   |   54583.60    |    54579.50     |
|             N15719990             |   0.00   |    2     |    0.25 ( 2.00%)   |   -25307.40   |   54583.60    |    54579.50     |
|             N15019990             |   0.00   |    2     |    0.25 ( 2.00%)   |   -25307.40   |   54583.60    |    54579.50     |
|             N15819990             |   0.00   |    2     |    0.25 ( 2.00%)   |   -25307.40   |   54583.60    |    54579.50     |
|             N14619991             |   0.00   |    2     |    0.25 ( 2.00%)   |   -25307.40   |   54583.60    |    54579.50     |
|             N12719990             |   0.00   |    2     |    0.25 ( 2.00%)   |   -25307.40   |   54583.60    |    54579.50     |
|             N22419990             |   0.00   |    2     |    0.25 ( 2.00%)   |   -25307.40   |   54583.60    |    54579.50     |
|             N12619990             |   0.00   |    2     |    0.25 ( 2.00%)   |   -25307.40   |   54583.60    |    54579.50     |
|             N22319990             |   0.00   |    2     |    0.25 ( 2.00%)   |   -25307.40   |   54583.60    |    54579.50     |
|             N21719990             |   0.00   |    2     |    0.25 ( 2.00%)   |   -25307.40   |   54583.60    |    54579.50     |
|             N73199904             |   0.00   |    2     |    0.25 ( 2.00%)   |   -25307.40   |   54583.60    |    54579.50     |
|             N22219991             |   0.00   |    2     |    0.25 ( 2.00%)   |   -25307.40   |   54583.60    |    54579.50     |
|             N21919990             |   0.00   |    2     |    0.25 ( 2.00%)   |   -25307.40   |   54583.60    |    54579.50     |
|             N78199911             |   0.00   |    2     |    0.25 ( 2.00%)   |   -25307.40   |   54583.60    |    54579.50     |
|             N75199811             |   0.00   |    2     |    0.25 ( 2.00%)   |   -25307.40   |   54583.60    |    54579.50     |
|             N82199909             |   0.00   |    2     |    0.25 ( 2.00%)   |   -25307.40   |   54583.60    |    54579.50     |
|             N76199904             |   0.00   |    2     |    0.25 ( 2.00%)   |   -25307.40   |   54583.60    |    54579.50     |
|             N22119990             |   0.00   |    2     |    0.25 ( 2.00%)   |   -25307.40   |   54583.60    |    54579.50     |
|             N21519990             |   0.00   |    2     |    0.25 ( 2.00%)   |   -25307.40   |   54583.60    |    54579.50     |
|             N21419990             |   0.00   |    2     |    0.25 ( 2.00%)   |   -25307.40   |   54583.60    |    54579.50     |
|             N22019990             |   0.00   |    2     |    0.25 ( 2.00%)   |   -25307.40   |   54583.60    |    54579.50     |
|             N20200107             |   0.00   |    2     |    0.25 ( 2.00%)   |   -25307.40   |   54583.60    |    54579.50     |
|             N20619990             |   0.00   |    2     |    0.25 ( 2.00%)   |   -25307.40   |   54583.60    |    54579.50     |
|             N20219981             |   0.00   |    2     |    0.25 ( 2.00%)   |   -25307.40   |   54583.60    |    54579.50     |
|             N8199907              |   0.00   |    2     |    0.25 ( 2.00%)   |   -25307.40   |   54583.60    |    54579.50     |
|             N81199910             |   0.00   |    2     |    0.25 ( 2.00%)   |   -25307.40   |   54583.60    |    54579.50     |
|             N20419990             |   0.00   |    2     |    0.25 ( 2.00%)   |   -25307.40   |   54583.60    |    54579.50     |
|             N18519990             |   0.00   |    2     |    0.25 ( 2.00%)   |   -25307.40   |   54583.60    |    54579.50     |
|             N20719991             |   0.00   |    2     |    0.25 ( 2.00%)   |   -25307.40   |   54583.60    |    54579.50     |
|             N20319990             |   0.00   |    2     |    0.25 ( 2.00%)   |   -25307.40   |   54583.60    |    54579.50     |
|             N18419990             |   0.00   |    2     |    0.25 ( 2.00%)   |   -25307.40   |   54583.60    |    54579.50     |
|              Node748              |   0.00   |    2     |    0.25 ( 2.00%)   |   -25307.40   |   54583.60    |    54579.50     |
|             N18319990             |   0.00   |    2     |    0.25 ( 2.00%)   |   -25307.40   |   54583.60    |    54579.50     |
|             N18119990             |   0.00   |    2     |    0.25 ( 2.00%)   |   -25307.40   |   54583.60    |    54579.50     |
|             N21219990             |   0.00   |    2     |    0.25 ( 2.00%)   |   -25307.40   |   54583.60    |    54579.50     |
|             N19619990             |   0.00   |    2     |    0.25 ( 2.00%)   |   -25307.40   |   54583.60    |    54579.50     |
|             N18219990             |   0.00   |    2     |    0.25 ( 2.00%)   |   -25307.40   |   54583.60    |    54579.50     |
|             N19519990             |   0.00   |    2     |    0.25 ( 2.00%)   |   -25307.40   |   54583.60    |    54579.50     |
|             N19219990             |   0.00   |    2     |    0.25 ( 2.00%)   |   -25307.40   |   54583.60    |    54579.50     |
|             N19319990             |   0.00   |    2     |    0.25 ( 2.00%)   |   -25307.40   |   54583.60    |    54579.50     |
|             N89199902             |   0.00   |    2     |    0.25 ( 2.00%)   |   -25307.40   |   54583.60    |    54579.50     |
|             N19419981             |   0.00   |    2     |    0.25 ( 2.00%)   |   -25307.40   |   54583.60    |    54579.50     |
|             N19119990             |   0.00   |    2     |    0.25 ( 2.00%)   |   -25307.40   |   54583.60    |    54579.50     |
|             N88199901             |   0.00   |    2     |    0.25 ( 2.00%)   |   -25307.40   |   54583.60    |    54579.50     |
|             N80199904             |   0.00   |    2     |    0.25 ( 2.00%)   |   -25307.40   |   54583.60    |    54579.50     |
|             N20019991             |   0.00   |    2     |    0.25 ( 2.00%)   |   -25307.40   |   54583.60    |    54579.50     |
|             N83199909             |   0.00   |    2     |    0.25 ( 2.00%)   |   -25307.40   |   54583.60    |    54579.50     |
|             N91199903             |   0.00   |    2     |    0.25 ( 2.00%)   |   -25307.40   |   54583.60    |    54579.50     |
|             N18619991             |   0.00   |    2     |    0.25 ( 2.00%)   |   -25307.40   |   54583.60    |    54579.50     |
|             N18719990             |   0.00   |    2     |    0.25 ( 2.00%)   |   -25307.40   |   54583.60    |    54579.50     |
|             N19719990             |   0.00   |    2     |    0.25 ( 2.00%)   |   -25307.40   |   54583.60    |    54579.50     |
|             N20919990             |   0.00   |    2     |    0.25 ( 2.00%)   |   -25307.40   |   54583.60    |    54579.50     |
|             N90199902             |   0.00   |    2     |    0.25 ( 2.00%)   |   -25307.40   |   54583.60    |    54579.50     |
|             N21019990             |   0.00   |    2     |    0.25 ( 2.00%)   |   -25307.40   |   54583.60    |    54579.50     |
|             T46200502             |   0.00   |    2     |    0.25 ( 2.00%)   |   -25307.40   |   54583.60    |    54579.50     |
|             T55200502             |   0.00   |    2     |    0.25 ( 2.00%)   |   -25307.40   |   54583.60    |    54579.50     |
|             T50200502             |   0.00   |    2     |    0.25 ( 2.00%)   |   -25307.40   |   54583.60    |    54579.50     |
|             T49200502             |   0.00   |    2     |    0.25 ( 2.00%)   |   -25307.40   |   54583.60    |    54579.50     |
|             T54200502             |   0.00   |    2     |    0.25 ( 2.00%)   |   -25307.40   |   54583.60    |    54579.50     |
|             T59200502             |   0.00   |    2     |    0.25 ( 2.00%)   |   -25307.40   |   54583.60    |    54579.50     |
|             T52200502             |   0.00   |    2     |    0.25 ( 2.00%)   |   -25307.40   |   54583.60    |    54579.50     |
|             T83200010             |   0.00   |    2     |    0.25 ( 2.00%)   |   -25307.40   |   54583.60    |    54579.50     |
|             T58200502             |   0.00   |    2     |    0.25 ( 2.00%)   |   -25307.40   |   54583.60    |    54579.50     |
|             T51200502             |   0.00   |    2     |    0.25 ( 2.00%)   |   -25307.40   |   54583.60    |    54579.50     |
|             T8200310              |   0.00   |    2     |    0.25 ( 2.00%)   |   -25307.40   |   54583.60    |    54579.50     |
|             T70200202             |   0.00   |    2     |    0.25 ( 2.00%)   |   -25307.40   |   54583.60    |    54579.50     |
|             T80200007             |   0.00   |    2     |    0.25 ( 2.00%)   |   -25307.40   |   54583.60    |    54579.50     |
|             T73200108             |   0.00   |    2     |    0.25 ( 2.00%)   |   -25307.40   |   54583.60    |    54579.50     |
|             T69200009             |   0.00   |    2     |    0.25 ( 2.00%)   |   -25307.40   |   54583.60    |    54579.50     |
|             N96199908             |   0.00   |    2     |    0.25 ( 2.00%)   |   -25307.40   |   54583.60    |    54579.50     |
|             T75200101             |   0.00   |    2     |    0.25 ( 2.00%)   |   -25307.40   |   54583.60    |    54579.50     |
|             N95199908             |   0.00   |    2     |    0.25 ( 2.00%)   |   -25307.40   |   54583.60    |    54579.50     |
|             T61200502             |   0.00   |    2     |    0.25 ( 2.00%)   |   -25307.40   |   54583.60    |    54579.50     |
|             N16719991             |   0.00   |    2     |    0.25 ( 2.00%)   |   -25307.40   |   54583.60    |    54579.50     |
|             N27199901             |   0.00   |    2     |    0.25 ( 2.00%)   |   -25307.40   |   54583.60    |    54579.50     |
|             T96199911             |   0.00   |    2     |    0.25 ( 2.00%)   |   -25307.40   |   54583.60    |    54579.50     |
|             N16819990             |   0.00   |    2     |    0.25 ( 2.00%)   |   -25307.40   |   54583.60    |    54579.50     |
|             T97200204             |   0.00   |    2     |    0.25 ( 2.00%)   |   -25307.40   |   54583.60    |    54579.50     |
|             N99199903             |   0.00   |    2     |    0.25 ( 2.00%)   |   -25307.40   |   54583.60    |    54579.50     |
|             N16019991             |   0.00   |    2     |    0.25 ( 2.00%)   |   -25307.40   |   54583.60    |    54579.50     |
|             N15919990             |   0.00   |    2     |    0.25 ( 2.00%)   |   -25307.40   |   54583.60    |    54579.50     |
|             N16119990             |   0.00   |    2     |    0.25 ( 2.00%)   |   -25307.40   |   54583.60    |    54579.50     |
|             T94200105             |   0.00   |    2     |    0.25 ( 2.00%)   |   -25307.40   |   54583.60    |    54579.50     |
|             T88200112             |   0.00   |    2     |    0.25 ( 2.00%)   |   -25307.40   |   54583.60    |    54579.50     |
|             T89199904             |   0.00   |    2     |    0.25 ( 2.00%)   |   -25307.40   |   54583.60    |    54579.50     |
|             N16219990             |   0.00   |    2     |    0.25 ( 2.00%)   |   -25307.40   |   54583.60    |    54579.50     |
|             T6200007              |   0.00   |    2     |    0.25 ( 2.00%)   |   -25307.40   |   54583.60    |    54579.50     |
|             N16419990             |   0.00   |    2     |    0.25 ( 2.00%)   |   -25307.40   |   54583.60    |    54579.50     |
|             T67199909             |   0.00   |    2     |    0.25 ( 2.00%)   |   -25307.40   |   54583.60    |    54579.50     |
|             N64199904             |   0.00   |    2     |    0.25 ( 2.00%)   |   -25307.40   |   54583.60    |    54579.50     |
|             N32199901             |   0.00   |    2     |    0.25 ( 2.00%)   |   -25307.40   |   54583.60    |    54579.50     |
|             N6199906              |   0.00   |    2     |    0.25 ( 2.00%)   |   -25307.40   |   54583.60    |    54579.50     |
|             N58200412             |   0.00   |    2     |    0.25 ( 2.00%)   |   -25307.40   |   54583.60    |    54579.50     |
|             N47200412             |   0.00   |    2     |    0.25 ( 2.00%)   |   -25307.40   |   54583.60    |    54579.50     |
|             N60200412             |   0.00   |    2     |    0.25 ( 2.00%)   |   -25307.40   |   54583.60    |    54579.50     |
|             N55200412             |   0.00   |    2     |    0.25 ( 2.00%)   |   -25307.40   |   54583.60    |    54579.50     |
|             N59200412             |   0.00   |    2     |    0.25 ( 2.00%)   |   -25307.40   |   54583.60    |    54579.50     |
|             N49200412             |   0.00   |    2     |    0.25 ( 2.00%)   |   -25307.40   |   54583.60    |    54579.50     |
|             N36199901             |   0.00   |    2     |    0.25 ( 2.00%)   |   -25307.40   |   54583.60    |    54579.50     |
|             N50200412             |   0.00   |    2     |    0.25 ( 2.00%)   |   -25307.40   |   54583.60    |    54579.50     |
|             N52200412             |   0.00   |    2     |    0.25 ( 2.00%)   |   -25307.40   |   54583.60    |    54579.50     |
|             N18019990             |   0.00   |    2     |    0.25 ( 2.00%)   |   -25307.40   |   54583.60    |    54579.50     |
|             N5199906              |   0.00   |    2     |    0.25 ( 2.00%)   |   -25307.40   |   54583.60    |    54579.50     |
|             N17919990             |   0.00   |    2     |    0.25 ( 2.00%)   |   -25307.40   |   54583.60    |    54579.50     |
|             T27199905             |   0.00   |    2     |    0.25 ( 2.00%)   |   -25307.40   |   54583.60    |    54579.50     |
|             T16720001             |   0.00   |    2     |    0.25 ( 2.00%)   |   -25307.40   |   54583.60    |    54579.50     |
|             N17719990             |   0.00   |    2     |    0.25 ( 2.00%)   |   -25307.40   |   54583.60    |    54579.50     |
|             T24200309             |   0.00   |    2     |    0.25 ( 2.00%)   |   -25307.40   |   54583.60    |    54579.50     |
|             T22619990             |   0.00   |    2     |    0.25 ( 2.00%)   |   -25307.40   |   54583.60    |    54579.50     |
|             T23220001             |   0.00   |    2     |    0.25 ( 2.00%)   |   -25307.40   |   54583.60    |    54579.50     |
|             T22920001             |   0.00   |    2     |    0.25 ( 2.00%)   |   -25307.40   |   54583.60    |    54579.50     |
|             T36199905             |   0.00   |    2     |    0.25 ( 2.00%)   |   -25307.40   |   54583.60    |    54579.50     |
|             N35199901             |   0.00   |    2     |    0.25 ( 2.00%)   |   -25307.40   |   54583.60    |    54579.50     |
|             T23200207             |   0.00   |    2     |    0.25 ( 2.00%)   |   -25307.40   |   54583.60    |    54579.50     |
|             N54200412             |   0.00   |    2     |    0.25 ( 2.00%)   |   -25307.40   |   54583.60    |    54579.50     |
|             T17220001             |   0.00   |    2     |    0.25 ( 2.00%)   |   -25307.40   |   54583.60    |    54579.50     |
|             T18220000             |   0.00   |    2     |    0.25 ( 2.00%)   |   -25307.40   |   54583.60    |    54579.50     |
|             T17720000             |   0.00   |    2     |    0.25 ( 2.00%)   |   -25307.40   |   54583.60    |    54579.50     |
|             T18200309             |   0.00   |    2     |    0.25 ( 2.00%)   |   -25307.40   |   54583.60    |    54579.50     |
|             T19720020             |   0.00   |    2     |    0.25 ( 2.00%)   |   -25307.40   |   54583.60    |    54579.50     |
|             T18120000             |   0.00   |    2     |    0.25 ( 2.00%)   |   -25307.40   |   54583.60    |    54579.50     |
|             T19520010             |   0.00   |    2     |    0.25 ( 2.00%)   |   -25307.40   |   54583.60    |    54579.50     |
|             T18620020             |   0.00   |    2     |    0.25 ( 2.00%)   |   -25307.40   |   54583.60    |    54579.50     |
|             T19120010             |   0.00   |    2     |    0.25 ( 2.00%)   |   -25307.40   |   54583.60    |    54579.50     |
|             N94199910             |   0.00   |    2     |    0.25 ( 2.00%)   |   -25307.40   |   54583.60    |    54579.50     |
|             T19420000             |   0.00   |    2     |    0.25 ( 2.00%)   |   -25307.40   |   54583.60    |    54579.50     |
|             N17019990             |   0.00   |    2     |    0.25 ( 2.00%)   |   -25307.40   |   54583.60    |    54579.50     |
|             T20020000             |   0.00   |    2     |    0.25 ( 2.00%)   |   -25307.40   |   54583.60    |    54579.50     |
|             N72199903             |   0.00   |    2     |    0.25 ( 2.00%)   |   -25307.40   |   54583.60    |    54579.50     |
|             T20200108             |   0.00   |    2     |    0.25 ( 2.00%)   |   -25307.40   |   54583.60    |    54579.50     |
|             T20219990             |   0.00   |    2     |    0.25 ( 2.00%)   |   -25307.40   |   54583.60    |    54579.50     |
|             T18420000             |   0.00   |    2     |    0.25 ( 2.00%)   |   -25307.40   |   54583.60    |    54579.50     |
|             T20920000             |   0.00   |    2     |    0.25 ( 2.00%)   |   -25307.40   |   54583.60    |    54579.50     |
|             T19820000             |   0.00   |    2     |    0.25 ( 2.00%)   |   -25307.40   |   54583.60    |    54579.50     |
|             T18319990             |   0.00   |    2     |    0.25 ( 2.00%)   |   -25307.40   |   54583.60    |    54579.50     |
|             T22020000             |   0.00   |    2     |    0.25 ( 2.00%)   |   -25307.40   |   54583.60    |    54579.50     |
|             T10219990             |   0.00   |    2     |    0.25 ( 2.00%)   |   -25307.40   |   54583.60    |    54579.50     |
|             T10120000             |   0.00   |    2     |    0.25 ( 2.00%)   |   -25307.40   |   54583.60    |    54579.50     |
|             T11420000             |   0.00   |    2     |    0.25 ( 2.00%)   |   -25307.40   |   54583.60    |    54579.50     |
|             T21219991             |   0.00   |    2     |    0.25 ( 2.00%)   |   -25307.40   |   54583.60    |    54579.50     |
|             T11020000             |   0.00   |    2     |    0.25 ( 2.00%)   |   -25307.40   |   54583.60    |    54579.50     |
|             N17619981             |   0.00   |    2     |    0.25 ( 2.00%)   |   -25307.40   |   54583.60    |    54579.50     |
|             T10620010             |   0.00   |    2     |    0.25 ( 2.00%)   |   -25307.40   |   54583.60    |    54579.50     |
|             T10920010             |   0.00   |    2     |    0.25 ( 2.00%)   |   -25307.40   |   54583.60    |    54579.50     |
|             N17519990             |   0.00   |    2     |    0.25 ( 2.00%)   |   -25307.40   |   54583.60    |    54579.50     |
|             T11720000             |   0.00   |    2     |    0.25 ( 2.00%)   |   -25307.40   |   54583.60    |    54579.50     |
|             T13019990             |   0.00   |    2     |    0.25 ( 2.00%)   |   -25307.40   |   54583.60    |    54579.50     |
|             T11920000             |   0.00   |    2     |    0.25 ( 2.00%)   |   -25307.40   |   54583.60    |    54579.50     |
|             T12200101             |   0.00   |    2     |    0.25 ( 2.00%)   |   -25307.40   |   54583.60    |    54579.50     |
|             T10520000             |   0.00   |    2     |    0.25 ( 2.00%)   |   -25307.40   |   54583.60    |    54579.50     |
|             T12619990             |   0.00   |    2     |    0.25 ( 2.00%)   |   -25307.40   |   54583.60    |    54579.50     |
|             N66199812             |   0.00   |    2     |    0.25 ( 2.00%)   |   -25307.40   |   54583.60    |    54579.50     |
|             N26200207             |   0.00   |    2     |    0.25 ( 2.00%)   |   -25307.40   |   54583.60    |    54579.50     |
|             T12419991             |   0.00   |    2     |    0.25 ( 2.00%)   |   -25307.40   |   54583.60    |    54579.50     |
|             N24020071             |   0.00   |    2     |    0.25 ( 2.00%)   |   -25307.40   |   54583.60    |    54579.50     |
|             N93199906             |   0.00   |    2     |    0.25 ( 2.00%)   |   -25307.40   |   54583.60    |    54579.50     |
|             N24200206             |   0.00   |    2     |    0.25 ( 2.00%)   |   -25307.40   |   54583.60    |    54579.50     |
|             N23419990             |   0.00   |    2     |    0.25 ( 2.00%)   |   -25307.40   |   54583.60    |    54579.50     |
|             N68199905             |   0.00   |    2     |    0.25 ( 2.00%)   |   -25307.40   |   54583.60    |    54579.50     |
|             N67199906             |   0.00   |    2     |    0.25 ( 2.00%)   |   -25307.40   |   54583.60    |    54579.50     |
|             N65199902             |   0.00   |    2     |    0.25 ( 2.00%)   |   -25307.40   |   54583.60    |    54579.50     |
|             N23519990             |   0.00   |    2     |    0.25 ( 2.00%)   |   -25307.40   |   54583.60    |    54579.50     |
|             T15820000             |   0.00   |    2     |    0.25 ( 2.00%)   |   -25307.40   |   54583.60    |    54579.50     |
|             N23619991             |   0.00   |    2     |    0.25 ( 2.00%)   |   -25307.40   |   54583.60    |    54579.50     |
|             T16019991             |   0.00   |    2     |    0.25 ( 2.00%)   |   -25307.40   |   54583.60    |    54579.50     |
|             T15319991             |   0.00   |    2     |    0.25 ( 2.00%)   |   -25307.40   |   54583.60    |    54579.50     |
|             T16420011             |   0.00   |    2     |    0.25 ( 2.00%)   |   -25307.40   |   54583.60    |    54579.50     |
|             N17419990             |   0.00   |    2     |    0.25 ( 2.00%)   |   -25307.40   |   54583.60    |    54579.50     |
|             T16320000             |   0.00   |    2     |    0.25 ( 2.00%)   |   -25307.40   |   54583.60    |    54579.50     |
|             T15419990             |   0.00   |    2     |    0.25 ( 2.00%)   |   -25307.40   |   54583.60    |    54579.50     |
|             N22719990             |   0.00   |    2     |    0.25 ( 2.00%)   |   -25307.40   |   54583.60    |    54579.50     |
|             T15619991             |   0.00   |    2     |    0.25 ( 2.00%)   |   -25307.40   |   54583.60    |    54579.50     |
|             N22619990             |   0.00   |    2     |    0.25 ( 2.00%)   |   -25307.40   |   54583.60    |    54579.50     |
|             N71199901             |   0.00   |    2     |    0.25 ( 2.00%)   |   -25307.40   |   54583.60    |    54579.50     |
|             T15719991             |   0.00   |    2     |    0.25 ( 2.00%)   |   -25307.40   |   54583.60    |    54579.50     |
|             N22919990             |   0.00   |    2     |    0.25 ( 2.00%)   |   -25307.40   |   54583.60    |    54579.50     |
|             N9199909              |   0.00   |    2     |    0.25 ( 2.00%)   |   -25307.40   |   54583.60    |    54579.50     |
|             T13620010             |   0.00   |    2     |    0.25 ( 2.00%)   |   -25307.40   |   54583.60    |    54579.50     |
|             T14420000             |   0.00   |    2     |    0.25 ( 2.00%)   |   -25307.40   |   54583.60    |    54579.50     |
|             N22819990             |   0.00   |    2     |    0.25 ( 2.00%)   |   -25307.40   |   54583.60    |    54579.50     |
|             T13820000             |   0.00   |    2     |    0.25 ( 2.00%)   |   -25307.40   |   54583.60    |    54579.50     |
|             N23200204             |   0.00   |    2     |    0.25 ( 2.00%)   |   -25307.40   |   54583.60    |    54579.50     |
|             N69199906             |   0.00   |    2     |    0.25 ( 2.00%)   |   -25307.40   |   54583.60    |    54579.50     |
|             N70199812             |   0.00   |    2     |    0.25 ( 2.00%)   |   -25307.40   |   54583.60    |    54579.50     |
|             T15019990             |   0.00   |    2     |    0.25 ( 2.00%)   |   -25307.40   |   54583.60    |    54579.50     |
|             N17219990             |   0.00   |    2     |    0.25 ( 2.00%)   |   -25307.40   |   54583.60    |    54579.50     |
|             T14520001             |   0.00   |    2     |    0.25 ( 2.00%)   |   -25307.40   |   54583.60    |    54579.50     |
|             N23119990             |   0.00   |    2     |    0.25 ( 2.00%)   |   -25307.40   |   54583.60    |    54579.50     |
|             N92199904             |   0.00   |    2     |    0.25 ( 2.00%)   |   -25307.40   |   54583.60    |    54579.50     |

### Rate class analyses summary
*  58 branches with **2** rate classes
*  850 branches with **1** rate classes
*  2 branches with **3** rate classes

### Annotated Tree
(((((T49200502{1},N49200412{1})Node889{1},(((((((((T80200007{1},N80199904{1})Node832{1},((((T13320000{1},N13319990{1})Node804{1},(T5200107{1},N5199906{1})Node807{1})Node803{1},(((T16320000{1},N16319990{1})Node812{1},(T14520001{1},N14519991{1})Node815{1})Node811{1},((T91199912{1},N91199903{1})Node819{1},(T4200608{1},N4199904{1})Node822{1})Node818{1})Node810{1})Node802{1},(T18620020{1},N18619991{1})Node826{1},(T10819990{1},N10819981{1})Node829{1})Node801{1},((T27199905{1},N27199901{1})Node16{1},((((((T20720000{1},N20719991{1})Node25{1},(T72200011{1},N72199903{1})Node28{1})Node24{1},((T13820000{1},N13819981{1})Node32{1},(T90200101{1},N90199902{1})Node35{1})Node31{1})Node23{1},((T17520011{1},N17519990{1})Node39{2},((T14220000{1},N14219990{1})Node43{2},(T14019990{1},N14019990{1})Node46{1})Node42{1})Node38{1})Node22{1},((T15820000{1},N15819990{1})Node50{1},((T17020000{1},N17019990{1})Node54{1},((T23020000{1},N23019990{1})Node58{1},(T22619990{1},N22619990{1})Node61{1})Node57{1})Node53{1})Node49{1})Node21{1},(((T11620001{1},N11619991{1})Node66{1},(T21219991{1},N21219990{1})Node69{1})Node65{1},((T12920010{1},N12919991{1})Node73{1},(T11520000{1},N11519991{1})Node76{1})Node72{1})Node64{1})Node20{1},(((((((((T82200102{1},N82199909{1})Node382{1},((T12719990{1},N12719990{1})Node386{2},(T76200005{1},N76199904{1})Node389{1})Node385{1})Node381{1},(T22020000{1},N22019990{1})Node393{1},((T11920000{1},N11919991{1})Node397{1},(T11420000{1},N11419990{1})Node400{1})Node396{1})Node380{1},((T23420001{1},N23419990{1})Node404{2},(T13720000{1},N13719991{1})Node407{1})Node403{1})Node379{1},(((T26200211{2},N26200207{1})Node431{1},((T21420000{1},N21419990{1})Node435{1},(((T13219990{1},N13219990{1})Node440{1},N31199901{1})Node439{1},((T89199904{1},N89199902{1})Node445{1},(T44200204{1},N44200201{1})Node448{1})Node444{1})Node438{1})Node434{1})Node430{1},((T78199912{1},N78199911{1})Node413{1},(T75200101{1},N75199811{1})Node416{2})Node412{1},(((T13620010{1},N13619991{1})Node421{2},(T16200304{1},N16200103{1})Node424{1})Node420{2},(T18200309{1},N18200108{1})Node427{1})Node419{1})Node410{1})Node378{1},((((T16119990{1},N16119990{1})Node479{1},(T15520000{1},N15519981{1})Node483{1},((T20520000{1},N20519990{1})Node487{1},(T20419990{1},N20419990{1})Node491{1},(T15019990{1},N15019990{1})Node494{1})Node486{1})Node478{1},((((T22820001{1},N22819990{1})Node459{1},(T11200103{1},N11199911{1})Node462{1})Node458{1},(T10320000{1},N10319990{1})Node465{1})Node457{1},((T87200011{2},N87199903{1})Node469{1},(T22420000{1},N22419990{1})Node472{1})Node468{1})Node456{1},(T15319991{1},N15319990{1})Node475{1})Node454{1},((T19219990{1},N19219990{1})Node498{1},(T12020020{1},N12019991{1})Node501{1})Node497{1},((T63200201{1},N63200101{1})Node506{1},((T15920000{1},N15919990{1})Node510{1},(T19120010{1},N19119990{1})Node513{1})Node509{1})Node505{1},(T17420020{1},N17419990{1})Node516{1})Node452{1},((((T10420000{1},N10419990{1})Node522{1},(T14720001{1},N14719991{1})Node525{1})Node521{1},((T81200002{1},N81199910{1})Node529{1},(T12200101{1},N12200008{1})Node532{1})Node528{1})Node520{1},(T21019991{1},N21019990{1})Node535{1})Node519{1})Node377{1},(((T19420000{1},N19419981{1})Node564{1},(T30199909{1},N30199901{1})Node567{1})Node563{1},((T15419990{1},N15419981{1})Node571{1},(T86200009{1},N86199901{1})Node574{1})Node570{1})Node562{1},((T19020020{1},N19019990{1})Node541{1},(T18720000{1},N18719990{1})Node545{1},((T14320001{1},N14319990{1})Node549{1},(T11319991{1},N11319990{1})Node552{1})Node548{1})Node540{1},((T99200101{1},N99199903{1})Node556{1},(T71200006{1},N71199901{1})Node559{1})Node555{1})Node376{1},((((T84200002{1},N84199903{1})Node85{1},(T15220010{1},N15219990{1})Node88{2})Node84{1},(T19620000{1},N19619990{1})Node91{1})Node83{1},(((N28199901{1},((T19720020{1},N19719990{1})Node111{2},(T11120010{1},N11119990{1})Node114{2})Node110{1},(T17319991{1},N17319990{1})Node100{2},((T70200202{1},N70199812{1})Node104{1},(T69200009{1},N69199906{1})Node107{1})Node103{1})Node96{1},(T45200208{2},N45200201{1})Node117{1})Node95{1},(((T24020080{1},N24020071{1})Node122{2},(T15120020{1},N15119991{1})Node125{1})Node121{1},(T36199905{1},N36199901{1})Node128{1})Node120{1})Node94{1})Node82{1},(((((T22320001{2},N22319990{1})Node135{1},(T14120000{1},N14119990{1})Node138{1})Node134{1},(T16019991{1},N16019991{1})Node141{1})Node133{2},((((T23620000{1},N23619991{1})Node147{1},(T19520010{1},N19519990{1})Node150{1})Node146{1},(T13200309{2},N13200010{1})Node153{1})Node145{1},((T22520011{1},N22519990{1})Node157{1},(T14200204{1},N14200012{1})Node160{2})Node156{1})Node144{1})Node132{1},(((T16219990{1},N16219990{1})Node370{1},(T16620000{1},N16619990{1})Node373{1})Node369{1},((T22220000{1},N22219991{1})Node166{1},(((T23720060{1},N23720041{1})Node171{2},(T16720001{1},N16719991{1})Node174{1})Node170{1},((T21120000{1},N21119990{1})Node178{3},((T12519990{1},N12519981{1})Node182{1},(T64199905{1},N64199904{1})Node185{2})Node181{1})Node177{1})Node169{1})Node165{1},((((T21519991{1},N21519990{1})Node208{1},(T23120000{1},N23119990{1})Node211{1})Node207{1},((T93200203{1},N93199906{1})Node192{1},T31200003{2})Node191{1},((T18819991{1},N18819990{1})Node197{1},((T88200112{1},N88199901{1})Node201{1},(T8200310{1},N8199907{1})Node204{1})Node200{1})Node196{1})Node189{1},(((((T13019990{1},N13019981{1})Node282{1},(T16420011{1},N16419990{1})Node286{1},((T17620000{1},N17619981{1})Node290{1},(T29200003{1},N29199901{1})Node293{1})Node289{1})Node281{1},((T18319990{1},N18319990{1})Node297{2},(((T24220020{1},N24220000{1})Node302{2},((T85199908{1},N85199811{1})Node306{1},T22199809{2})Node305{1})Node301{2},T17199703{2})Node300{1})Node296{1})Node280{1},((((T10720000{2},N10719990{1})Node314{1},T1199908{1})Node313{1},(T20200108{1},N20200107{1})Node318{1})Node312{1},((T62200201{2},N62200101{1})Node322{1},N2199809{1})Node321{1})Node311{1})Node279{1},(((((T22720000{1},N22719990{1})Node221{1},(T66200012{1},N66199812{1})Node224{1})Node220{1},(T32200007{1},N32199901{1})Node227{2})Node219{1},((T23320011{1},N23319990{1})Node231{2},(T15719991{1},N15719990{1})Node234{1})Node230{1})Node218{1},((((T10920010{1},N10919990{1})Node240{1},(T97200204{1},N97199901{1})Node243{1})Node239{1},(T24200309{1},N24200206{1})Node246{1})Node238{1},(T16519991{1},N16519990{1})Node249{1})Node237{1})Node217{1},(((((T17920000{1},N17919990{1})Node256{1},(T74200204{1},(T7199811{1},N7199611{1})Node261{2})Node259{1})Node255{1},((T10020000{1},N10019990{1})Node265{1},(T94200105{1},N94199910{1})Node268{1})Node264{1})Node254{1},((T20620010{1},N20619990{1})Node272{2},(T25200305{1},N25200207{1})Node275{1})Node271{1})Node253{1},N74199812{2})Node252{1})Node215{1},((((T14920010{1},N14919990{1})Node329{1},(T11819990{1},N11819990{1})Node332{2})Node328{1},(((T23520000{1},N23519990{1})Node338{1},(T10219990{1},N10219981{1})Node341{1})Node337{1},((T14819991{1},N14819990{1})Node345{2},(T6200007{1},N6199906{1})Node348{1})Node344{1})Node336{1},((T13519991{1},N13519990{1})Node352{1},(T67199909{1},N67199906{1})Node355{1})Node351{1})Node327{1},(((T21920000{1},N21919990{1})Node360{1},(T18520000{1},N18519990{1})Node363{1})Node359{1},(T14620001{1},N14619991{1})Node366{1})Node358{1})Node326{1})Node188{1})Node163{1})Node131{1})Node80{1},(N22199107{1},((T22920001{1},N22919990{1})Node582{1},(T11220000{1},N11219990{1})Node585{1})Node581{1},((((N19819990{2},(T12619990{1},N12619990{1})Node594{1})Node592{1},(T10200305{1},N10199911{1})Node597{1})Node591{1},((T19920000{1},N19919991{1})Node601{1},(T98199910{1},N98199901{1})Node604{1})Node600{1})Node590{1},(N17199606{1},((T20319990{1},N20319990{1})Node694{1},(T21199809{2},N21199201{1})Node697{1})Node693{1},((T13419991{1},N13419990{1})Node687{1},(T13119990{1},N13119990{1})Node690{1})Node686{2},(T18120000{1},N18119990{1})Node683{1},((((T12120000{2},N12119990{1})Node650{1},(T18420000{1},N18419990{1})Node640{1},((T83200010{1},N83199909{1})Node644{1},(T79200004{1},N79199912{1})Node647{1})Node643{1})Node638{1},(((T23220001{1},N23219990{1})Node618{1},(T15619991{1},N15619990{1})Node621{1})Node617{1},(T17720000{1},N17719990{1})Node624{1})Node616{1},(((T21720000{1},N21719990{1})Node629{1},(T21620020{1},N21619990{1})Node632{2})Node628{1},(T33200009{1},N33199901{1})Node635{1})Node627{1})Node614{1},((T17120000{2},N17119990{1})Node654{1},((T12320000{1},N12319990{1})Node658{1},(T95200001{2},N95199908{1})Node661{2})Node657{1})Node653{1})Node613{1},((T37199910{1},N37199901{1})Node665{1},(((T20920000{1},N20919990{1})Node670{1},(T18220000{1},N18219990{1})Node673{1})Node669{1},(T35200006{2},(T34199911{1},N35199901{1},N34199901{1})Node678{1})Node676{1})Node668{1})Node664{1})Node607{1})Node589{1},(((T20120010{1},N20119991{1})Node702{1},N1199101{1})Node701{1},((T21319991{1},N21319990{1})Node707{1},T28200101{3})Node706{1})Node700{1})Node578{1},(((((T16920011{1},N16919990{1})Node715{1},((((T20219990{1},N20219981{1})Node721{1},(T12219990{1},N12219990{1})Node724{1})Node720{1},((T12419991{1},N12419991{1})Node728{1},(T11020000{1},N11019990{1})Node731{1})Node727{1})Node719{1},((T13920000{1},N13919981{1})Node735{1},(T43200209{1},N43200201{1})Node738{1})Node734{1})Node718{1})Node714{1},((T17820020{2},N17819990{1})Node742{1},(T12819991{1},N12819990{1})Node745{1})Node741{1})Node713{1},(((((T18919990{1},N18919981{1})Node752{1},(T10120000{1},N10119990{1})Node755{1})Node751{1},(T20020000{1},N20019991{1})Node758{1})Node750{1},(T22120000{1},N22119990{1})Node761{1})Node749{1},(((T68199912{1},N68199905{1})Node773{1},(T15200201{1},N15200101{1})Node776{1})Node772{1},(T10620010{1},N10619990{1})Node766{1},(T96199911{1},N96199908{1})Node769{1})Node764{1})Node748{1})Node712{1},((((T16820010{1},N16819990{1})Node782{1},(T11720000{1},N11719991{1})Node785{1})Node781{1},(T92200003{1},N92199904{1})Node788{1})Node780{1},(T19320000{1},N19319990{1})Node791{2})Node779{1})Node711{1})Node79{1})Node15{1},((T9200006{1},N9199909{1})Node795{1},(T23200207{1},N23200204{1})Node798{1})Node794{1})Node12{1},((T73200108{1},N73199904{1})Node836{1},(((T65200101{1},N65199902{1})Node841{1},(T19820000{1},(T18020000{1},N18019990{1})Node847{1})Node845{1},(T17220001{1},N17219990{1})Node850{1})Node840{1},(T3200011{1},N3199901{1})Node853{1})Node839{1})Node835{1})Node11{1},(T14420000{1},N14419990{1})Node856{2})Node10{2},(T10520000{1},N10519990{1})Node859{1})Node9{1},(((T40199905{2},N40199903{1})Node864{1},(T39199907{1},N39199905{1})Node867{1})Node863{1},(T38199907{1},N38199905{1})Node870{1})Node862{1})Node8{2},(T20820000{1},N20819990{1})Node873{2})Node7{1},((T23820090{1},N23820050{1})Node877{2},(T77200005{1},N77199906{1})Node880{1})Node876{1})Node6{1},T24120081{1})Node5{2},((T41200107{1},N41200002{1})Node885{1},T56200502{2})Node884{1})Node3{1},(T51200502{1},N51200412{1})Node892{1})Node2{1},(((((T54200502{1},N54200412{1})Node911{1},(T48200502{1},N48200412{1})Node914{1})Node910{1},(T47200502{1},N47200412{1})Node900{1},((T59200502{1},N59200412{1})Node904{1},(T60200502{1},N60200412{1})Node907{1})Node903{1})Node898{1},(((T23920070{2},N23920060{1})Node919{1},(T50200502{1},N50200412{1})Node922{1})Node918{1},(T52200502{1},N52200412{1})Node925{1})Node917{1})Node897{1},((((T55200502{1},N55200412{1})Node931{1},(T46200502{1},N46200412{1})Node934{1})Node930{1},(T61200502{1},N61200412{1})Node937{1})Node929{1},(T58200502{1},N58200412{1})Node940{1})Node928{1})Node896{1},((T57200502{1},N57200412{1})Node944{2},N56200412{1})Node943{2})Node1{1},T53200502{1},N53200412{1})

----

```
    |T49200502 (1)
   |+Node889 (1)
   ||N49200412 (1)
  |+Node3 (1)
  ||        |T80200007 (1)
  ||       |+Node832 (1)
  ||       ||N80199904 (1)
  ||       |   |T13320000 (1)
  ||       |  |+Node804 (1)
  ||       |  ||N13319990 (1)
  ||       | |+Node803 (1)
  ||       | |||T5200107 (1)
  ||       | ||+Node807 (1)
  ||       | | |N5199906 (1)
  ||       ||+Node802 (1)
  ||       |||  |T16320000 (1)
  ||       ||| |+Node812 (1)
  ||       ||| ||N16319990 (1)
  ||       ||||+Node811 (1)
  ||       ||||||T14520001 (1)
  ||       |||||+Node815 (1)
  ||       |||| |N14519991 (1)
  ||       |||+Node810 (1)
  ||       || | |T91199912 (1)
  ||       || ||+Node819 (1)
  ||       || |||N91199903 (1)
  ||       || |+Node818 (1)
  ||       ||  ||T4200608 (1)
  ||       ||  |+Node822 (1)
  ||       ||   |N4199904 (1)
  ||       |+Node801 (1)
  ||       |||T18620020 (1)
  ||       ||+Node826 (1)
  ||       |||N18619991 (1)
  ||       |||T10819990 (1)
  ||       ||+Node829 (1)
  ||       | |N10819981 (1)
  ||      |+Node12 (1)
  ||      || |T27199905 (1)
  ||      |||+Node16 (1)
  ||      ||||N27199901 (1)
  ||      ||+Node15 (1)
  ||      |||     |T20720000 (1)
  ||      |||    |+Node25 (1)
  ||      |||    ||N20719991 (1)
  ||      |||   |+Node24 (1)
  ||      |||   |||T72200011 (1)
  ||      |||   ||+Node28 (1)
  ||      |||   | |N72199903 (1)
  ||      |||  |+Node23 (1)
  ||      |||  || |T13820000 (1)
  ||      |||  |||+Node32 (1)
  ||      |||  ||||N13819981 (1)
  ||      |||  ||+Node31 (1)
  ||      |||  | ||T90200101 (1)
  ||      |||  | |+Node35 (1)
  ||      |||  |  |N90199902 (1)
  ||      ||| |+Node22 (1)
  ||      ||| || |T17520011 (1)
  ||      ||| |||+Node39 (2)
  ||      ||| ||||N17519990 (1)
  ||      ||| ||+Node38 (1)
  ||      ||| | | |T14220000 (1)
  ||      ||| | ||+Node43 (2)
  ||      ||| | |||N14219990 (1)
  ||      ||| | |+Node42 (1)
  ||      ||| |  ||T14019990 (1)
  ||      ||| |  |+Node46 (1)
  ||      ||| |   |N14019990 (1)
  ||      ||||+Node21 (1)
  ||      ||||| |T15820000 (1)
  ||      ||||||+Node50 (1)
  ||      |||||||N15819990 (1)
  ||      |||||+Node49 (1)
  ||      |||| | |T17020000 (1)
  ||      |||| ||+Node54 (1)
  ||      |||| |||N17019990 (1)
  ||      |||| |+Node53 (1)
  ||      ||||  | |T23020000 (1)
  ||      ||||  ||+Node58 (1)
  ||      ||||  |||N23019990 (1)
  ||      ||||  |+Node57 (1)
  ||      ||||   ||T22619990 (1)
  ||      ||||   |+Node61 (1)
  ||      ||||    |N22619990 (1)
  ||      |||+Node20 (1)
  ||      ||||  |T11620001 (1)
  ||      |||| |+Node66 (1)
  ||      |||| ||N11619991 (1)
  ||      |||||+Node65 (1)
  ||      |||||||T21219991 (1)
  ||      ||||||+Node69 (1)
  ||      ||||| |N21219990 (1)
  ||      ||||+Node64 (1)
  ||      ||| | |T12920010 (1)
  ||      ||| ||+Node73 (1)
  ||      ||| |||N12919991 (1)
  ||      ||| |+Node72 (1)
  ||      |||  ||T11520000 (1)
  ||      |||  |+Node76 (1)
  ||      |||   |N11519991 (1)
  ||      |||        |T82200102 (1)
  ||      |||       |+Node382 (1)
  ||      |||       ||N82199909 (1)
  ||      |||      |+Node381 (1)
  ||      |||      || |T12719990 (1)
  ||      |||      |||+Node386 (2)
  ||      |||      ||||N12719990 (1)
  ||      |||      ||+Node385 (1)
  ||      |||      | ||T76200005 (1)
  ||      |||      | |+Node389 (1)
  ||      |||      |  |N76199904 (1)
  ||      |||     |+Node380 (1)
  ||      |||     |||T22020000 (1)
  ||      |||     ||+Node393 (1)
  ||      |||     |||N22019990 (1)
  ||      |||     || |T11920000 (1)
  ||      |||     |||+Node397 (1)
  ||      |||     ||||N11919991 (1)
  ||      |||     ||+Node396 (1)
  ||      |||     | ||T11420000 (1)
  ||      |||     | |+Node400 (1)
  ||      |||     |  |N11419990 (1)
  ||      |||    |+Node379 (1)
  ||      |||    || |T23420001 (1)
  ||      |||    |||+Node404 (2)
  ||      |||    ||||N23419990 (1)
  ||      |||    ||+Node403 (1)
  ||      |||    | ||T13720000 (1)
  ||      |||    | |+Node407 (1)
  ||      |||    |  |N13719991 (1)
  ||      |||   |+Node378 (1)
  ||      |||   ||  |T26200211 (2)
  ||      |||   || |+Node431 (1)
  ||      |||   || ||N26200207 (1)
  ||      |||   |||+Node430 (1)
  ||      |||   |||| |T21420000 (1)
  ||      |||   |||||+Node435 (1)
  ||      |||   ||||||N21419990 (1)
  ||      |||   ||||+Node434 (1)
  ||      |||   ||| |  |T13219990 (1)
  ||      |||   ||| | |+Node440 (1)
  ||      |||   ||| | ||N13219990 (1)
  ||      |||   ||| ||+Node439 (1)
  ||      |||   ||| |||N31199901 (1)
  ||      |||   ||| |+Node438 (1)
  ||      |||   |||  | |T89199904 (1)
  ||      |||   |||  ||+Node445 (1)
  ||      |||   |||  |||N89199902 (1)
  ||      |||   |||  |+Node444 (1)
  ||      |||   |||   ||T44200204 (1)
  ||      |||   |||   |+Node448 (1)
  ||      |||   |||    |N44200201 (1)
  ||      |||   ||+Node410 (1)
  ||      |||   | | |T78199912 (1)
  ||      |||   | ||+Node413 (1)
  ||      |||   | |||N78199911 (1)
  ||      |||   | |+Node412 (1)
  ||      |||   | |||T75200101 (1)
  ||      |||   | ||+Node416 (2)
  ||      |||   | | |N75199811 (1)
  ||      |||   | |  |T13620010 (1)
  ||      |||   | | |+Node421 (2)
  ||      |||   | | ||N13619991 (1)
  ||      |||   | ||+Node420 (2)
  ||      |||   | ||||T16200304 (1)
  ||      |||   | |||+Node424 (1)
  ||      |||   | || |N16200103 (1)
  ||      |||   | |+Node419 (1)
  ||      |||   |  ||T18200309 (1)
  ||      |||   |  |+Node427 (1)
  ||      |||   |   |N18200108 (1)
  ||      |||  |+Node377 (1)
  ||      |||  ||   |T16119990 (1)
  ||      |||  ||  |+Node479 (1)
  ||      |||  ||  ||N16119990 (1)
  ||      |||  || |+Node478 (1)
  ||      |||  || |||T15520000 (1)
  ||      |||  || ||+Node483 (1)
  ||      |||  || |||N15519981 (1)
  ||      |||  || || |T20520000 (1)
  ||      |||  || |||+Node487 (1)
  ||      |||  || ||||N20519990 (1)
  ||      |||  || ||+Node486 (1)
  ||      |||  || | ||T20419990 (1)
  ||      |||  || | |+Node491 (1)
  ||      |||  || | ||N20419990 (1)
  ||      |||  || | ||T15019990 (1)
  ||      |||  || | |+Node494 (1)
  ||      |||  || |  |N15019990 (1)
  ||      |||  |||+Node454 (1)
  ||      |||  ||||   |T22820001 (1)
  ||      |||  ||||  |+Node459 (1)
  ||      |||  ||||  ||N22819990 (1)
  ||      |||  |||| |+Node458 (1)
  ||      |||  |||| |||T11200103 (1)
  ||      |||  |||| ||+Node462 (1)
  ||      |||  |||| | |N11199911 (1)
  ||      |||  |||||+Node457 (1)
  ||      |||  |||||||T10320000 (1)
  ||      |||  ||||||+Node465 (1)
  ||      |||  ||||| |N10319990 (1)
  ||      |||  ||||+Node456 (1)
  ||      |||  ||||| |T87200011 (2)
  ||      |||  ||||||+Node469 (1)
  ||      |||  |||||||N87199903 (1)
  ||      |||  |||||+Node468 (1)
  ||      |||  |||| ||T22420000 (1)
  ||      |||  |||| |+Node472 (1)
  ||      |||  ||||  |N22419990 (1)
  ||      |||  |||||T15319991 (1)
  ||      |||  ||||+Node475 (1)
  ||      |||  ||| |N15319990 (1)
  ||      |||  ||| |T19219990 (1)
  ||      |||  ||||+Node498 (1)
  ||      |||  |||||N19219990 (1)
  ||      |||  |||+Node497 (1)
  ||      |||  |||||T12020020 (1)
  ||      |||  ||||+Node501 (1)
  ||      |||  ||| |N12019991 (1)
  ||      |||  ||+Node452 (1)
  ||      |||  ||| |T63200201 (1)
  ||      |||  ||||+Node506 (1)
  ||      |||  |||||N63200101 (1)
  ||      |||  |||+Node505 (1)
  ||      |||  |||| |T15920000 (1)
  ||      |||  |||||+Node510 (1)
  ||      |||  ||||||N15919990 (1)
  ||      |||  ||||+Node509 (1)
  ||      |||  ||| ||T19120010 (1)
  ||      |||  ||| |+Node513 (1)
  ||      |||  |||  |N19119990 (1)
  ||      |||  ||||T17420020 (1)
  ||      |||  |||+Node516 (1)
  ||      |||  || |N17419990 (1)
  ||      |||  ||   |T10420000 (1)
  ||      |||  ||  |+Node522 (1)
  ||      |||  ||  ||N10419990 (1)
  ||      |||  || |+Node521 (1)
  ||      |||  || |||T14720001 (1)
  ||      |||  || ||+Node525 (1)
  ||      |||  || | |N14719991 (1)
  ||      |||  |||+Node520 (1)
  ||      |||  |||| |T81200002 (1)
  ||      |||  |||||+Node529 (1)
  ||      |||  ||||||N81199910 (1)
  ||      |||  ||||+Node528 (1)
  ||      |||  ||| ||T12200101 (1)
  ||      |||  ||| |+Node532 (1)
  ||      |||  |||  |N12200008 (1)
  ||      |||  ||+Node519 (1)
  ||      |||  | ||T21019991 (1)
  ||      |||  | |+Node535 (1)
  ||      |||  |  |N21019990 (1)
  ||      |||  |  |T19420000 (1)
  ||      |||  | |+Node564 (1)
  ||      |||  | ||N19419981 (1)
  ||      |||  ||+Node563 (1)
  ||      |||  ||||T30199909 (1)
  ||      |||  |||+Node567 (1)
  ||      |||  || |N30199901 (1)
  ||      |||  |+Node562 (1)
  ||      |||  || |T15419990 (1)
  ||      |||  |||+Node571 (1)
  ||      |||  ||||N15419981 (1)
  ||      |||  ||+Node570 (1)
  ||      |||  | ||T86200009 (1)
  ||      |||  | |+Node574 (1)
  ||      |||  |  |N86199901 (1)
  ||      ||| |+Node376 (1)
  ||      ||| || |T19020020 (1)
  ||      ||| |||+Node541 (1)
  ||      ||| ||||N19019990 (1)
  ||      ||| ||+Node540 (1)
  ||      ||| ||||T18720000 (1)
  ||      ||| |||+Node545 (1)
  ||      ||| ||||N18719990 (1)
  ||      ||| ||| |T14320001 (1)
  ||      ||| ||||+Node549 (1)
  ||      ||| |||||N14319990 (1)
  ||      ||| |||+Node548 (1)
  ||      ||| || ||T11319991 (1)
  ||      ||| || |+Node552 (1)
  ||      ||| ||  |N11319990 (1)
  ||      ||| || |T99200101 (1)
  ||      ||| |||+Node556 (1)
  ||      ||| ||||N99199903 (1)
  ||      ||| ||+Node555 (1)
  ||      ||| | ||T71200006 (1)
  ||      ||| | |+Node559 (1)
  ||      ||| |  |N71199901 (1)
  ||      ||||+Node80 (1)
  ||      |||||   |T84200002 (1)
  ||      |||||  |+Node85 (1)
  ||      |||||  ||N84199903 (1)
  ||      ||||| |+Node84 (1)
  ||      ||||| |||T15220010 (1)
  ||      ||||| ||+Node88 (2)
  ||      ||||| | |N15219990 (1)
  ||      ||||||+Node83 (1)
  ||      ||||||||T19620000 (1)
  ||      |||||||+Node91 (1)
  ||      |||||| |N19619990 (1)
  ||      |||||+Node82 (1)
  ||      ||||||  |N28199901 (1)
  ||      ||||||  | |T19720020 (1)
  ||      ||||||  ||+Node111 (2)
  ||      ||||||  |||N19719990 (1)
  ||      ||||||  |+Node110 (1)
  ||      ||||||  |||T11120010 (1)
  ||      ||||||  ||+Node114 (2)
  ||      ||||||  | |N11119990 (1)
  ||      |||||| |+Node96 (1)
  ||      |||||| |||T17319991 (1)
  ||      |||||| ||+Node100 (2)
  ||      |||||| |||N17319990 (1)
  ||      |||||| || |T70200202 (1)
  ||      |||||| |||+Node104 (1)
  ||      |||||| ||||N70199812 (1)
  ||      |||||| ||+Node103 (1)
  ||      |||||| | ||T69200009 (1)
  ||      |||||| | |+Node107 (1)
  ||      |||||| |  |N69199906 (1)
  ||      |||||||+Node95 (1)
  ||      |||||||||T45200208 (2)
  ||      ||||||||+Node117 (1)
  ||      ||||||| |N45200201 (1)
  ||      ||||||+Node94 (1)
  ||      ||||| |  |T24020080 (1)
  ||      ||||| | |+Node122 (2)
  ||      ||||| | ||N24020071 (1)
  ||      ||||| ||+Node121 (1)
  ||      ||||| ||||T15120020 (1)
  ||      ||||| |||+Node125 (1)
  ||      ||||| || |N15119991 (1)
  ||      ||||| |+Node120 (1)
  ||      |||||  ||T36199905 (1)
  ||      |||||  |+Node128 (1)
  ||      |||||   |N36199901 (1)
  ||      |||||    |T22320001 (2)
  ||      |||||   |+Node135 (1)
  ||      |||||   ||N22319990 (1)
  ||      |||||  |+Node134 (1)
  ||      |||||  |||T14120000 (1)
  ||      |||||  ||+Node138 (1)
  ||      |||||  | |N14119990 (1)
  ||      ||||| |+Node133 (2)
  ||      ||||| |||T16019991 (1)
  ||      ||||| ||+Node141 (1)
  ||      ||||| | |N16019991 (1)
  ||      ||||||+Node132 (1)
  ||      |||||||   |T23620000 (1)
  ||      |||||||  |+Node147 (1)
  ||      |||||||  ||N23619991 (1)
  ||      ||||||| |+Node146 (1)
  ||      ||||||| |||T19520010 (1)
  ||      ||||||| ||+Node150 (1)
  ||      ||||||| | |N19519990 (1)
  ||      ||||||||+Node145 (1)
  ||      ||||||||||T13200309 (2)
  ||      |||||||||+Node153 (1)
  ||      |||||||| |N13200010 (1)
  ||      |||||||+Node144 (1)
  ||      |||||| | |T22520011 (1)
  ||      |||||| ||+Node157 (1)
  ||      |||||| |||N22519990 (1)
  ||      |||||| |+Node156 (1)
  ||      ||||||  ||T14200204 (1)
  ||      ||||||  |+Node160 (2)
  ||      ||||||   |N14200012 (1)
  ||      |||||+Node131 (1)
  ||      |||| |  |T16219990 (1)
  ||      |||| | |+Node370 (1)
  ||      |||| | ||N16219990 (1)
  ||      |||| ||+Node369 (1)
  ||      |||| ||||T16620000 (1)
  ||      |||| |||+Node373 (1)
  ||      |||| || |N16619990 (1)
  ||      |||| |+Node163 (1)
  ||      ||||  | |T22220000 (1)
  ||      ||||  ||+Node166 (1)
  ||      ||||  |||N22219991 (1)
  ||      ||||  |+Node165 (1)
  ||      ||||  ||  |T23720060 (1)
  ||      ||||  || |+Node171 (2)
  ||      ||||  || ||N23720041 (1)
  ||      ||||  |||+Node170 (1)
  ||      ||||  |||||T16720001 (1)
  ||      ||||  ||||+Node174 (1)
  ||      ||||  ||| |N16719991 (1)
  ||      ||||  ||+Node169 (1)
  ||      ||||  | | |T21120000 (1)
  ||      ||||  | ||+Node178 (3)
  ||      ||||  | |||N21119990 (1)
  ||      ||||  | |+Node177 (1)
  ||      ||||  |  | |T12519990 (1)
  ||      ||||  |  ||+Node182 (1)
  ||      ||||  |  |||N12519981 (1)
  ||      ||||  |  |+Node181 (1)
  ||      ||||  |   ||T64199905 (1)
  ||      ||||  |   |+Node185 (2)
  ||      ||||  |    |N64199904 (1)
  ||      ||||  |   |T21519991 (1)
  ||      ||||  |  |+Node208 (1)
  ||      ||||  |  ||N21519990 (1)
  ||      ||||  | |+Node207 (1)
  ||      ||||  | |||T23120000 (1)
  ||      ||||  | ||+Node211 (1)
  ||      ||||  | | |N23119990 (1)
  ||      ||||  ||+Node189 (1)
  ||      ||||  ||| |T93200203 (1)
  ||      ||||  ||||+Node192 (1)
  ||      ||||  |||||N93199906 (1)
  ||      ||||  |||+Node191 (1)
  ||      ||||  ||||T31200003 (2)
  ||      ||||  ||| |T18819991 (1)
  ||      ||||  ||||+Node197 (1)
  ||      ||||  |||||N18819990 (1)
  ||      ||||  |||+Node196 (1)
  ||      ||||  || | |T88200112 (1)
  ||      ||||  || ||+Node201 (1)
  ||      ||||  || |||N88199901 (1)
  ||      ||||  || |+Node200 (1)
  ||      ||||  ||  ||T8200310 (1)
  ||      ||||  ||  |+Node204 (1)
  ||      ||||  ||   |N8199907 (1)
  ||      ||||  |+Node188 (1)
  ||      ||||   |    |T13019990 (1)
  ||      ||||   |   |+Node282 (1)
  ||      ||||   |   ||N13019981 (1)
  ||      ||||   |  |+Node281 (1)
  ||      ||||   |  |||T16420011 (1)
  ||      ||||   |  ||+Node286 (1)
  ||      ||||   |  |||N16419990 (1)
  ||      ||||   |  || |T17620000 (1)
  ||      ||||   |  |||+Node290 (1)
  ||      ||||   |  ||||N17619981 (1)
  ||      ||||   |  ||+Node289 (1)
  ||      ||||   |  | ||T29200003 (1)
  ||      ||||   |  | |+Node293 (1)
  ||      ||||   |  |  |N29199901 (1)
  ||      ||||   | |+Node280 (1)
  ||      ||||   | || |T18319990 (1)
  ||      ||||   | |||+Node297 (2)
  ||      ||||   | ||||N18319990 (1)
  ||      ||||   | ||+Node296 (1)
  ||      ||||   | | |  |T24220020 (1)
  ||      ||||   | | | |+Node302 (2)
  ||      ||||   | | | ||N24220000 (1)
  ||      ||||   | | ||+Node301 (2)
  ||      ||||   | | ||| |T85199908 (1)
  ||      ||||   | | ||||+Node306 (1)
  ||      ||||   | | |||||N85199811 (1)
  ||      ||||   | | |||+Node305 (1)
  ||      ||||   | | || |T22199809 (2)
  ||      ||||   | | |+Node300 (1)
  ||      ||||   | |  |T17199703 (2)
  ||      ||||   ||+Node279 (1)
  ||      ||||   |||   |T10720000 (2)
  ||      ||||   |||  |+Node314 (1)
  ||      ||||   |||  ||N10719990 (1)
  ||      ||||   ||| |+Node313 (1)
  ||      ||||   ||| ||T1199908 (1)
  ||      ||||   ||||+Node312 (1)
  ||      ||||   ||||||T20200108 (1)
  ||      ||||   |||||+Node318 (1)
  ||      ||||   |||| |N20200107 (1)
  ||      ||||   |||+Node311 (1)
  ||      ||||   || | |T62200201 (2)
  ||      ||||   || ||+Node322 (1)
  ||      ||||   || |||N62200101 (1)
  ||      ||||   || |+Node321 (1)
  ||      ||||   ||  |N2199809 (1)
  ||      ||||   |+Node215 (1)
  ||      ||||   ||    |T22720000 (1)
  ||      ||||   ||   |+Node221 (1)
  ||      ||||   ||   ||N22719990 (1)
  ||      ||||   ||  |+Node220 (1)
  ||      ||||   ||  |||T66200012 (1)
  ||      ||||   ||  ||+Node224 (1)
  ||      ||||   ||  | |N66199812 (1)
  ||      ||||   || |+Node219 (1)
  ||      ||||   || |||T32200007 (1)
  ||      ||||   || ||+Node227 (2)
  ||      ||||   || | |N32199901 (1)
  ||      ||||   |||+Node218 (1)
  ||      ||||   |||| |T23320011 (1)
  ||      ||||   |||||+Node231 (2)
  ||      ||||   ||||||N23319990 (1)
  ||      ||||   ||||+Node230 (1)
  ||      ||||   ||| ||T15719991 (1)
  ||      ||||   ||| |+Node234 (1)
  ||      ||||   |||  |N15719990 (1)
  ||      ||||   ||+Node217 (1)
  ||      ||||   |||   |T10920010 (1)
  ||      ||||   |||  |+Node240 (1)
  ||      ||||   |||  ||N10919990 (1)
  ||      ||||   ||| |+Node239 (1)
  ||      ||||   ||| |||T97200204 (1)
  ||      ||||   ||| ||+Node243 (1)
  ||      ||||   ||| | |N97199901 (1)
  ||      ||||   ||||+Node238 (1)
  ||      ||||   ||||||T24200309 (1)
  ||      ||||   |||||+Node246 (1)
  ||      ||||   |||| |N24200206 (1)
  ||      ||||   |||+Node237 (1)
  ||      ||||   || ||T16519991 (1)
  ||      ||||   || |+Node249 (1)
  ||      ||||   ||  |N16519990 (1)
  ||      ||||   ||    |T17920000 (1)
  ||      ||||   ||   |+Node256 (1)
  ||      ||||   ||   ||N17919990 (1)
  ||      ||||   ||  |+Node255 (1)
  ||      ||||   ||  |||T74200204 (1)
  ||      ||||   ||  ||+Node259 (1)
  ||      ||||   ||  | ||T7199811 (1)
  ||      ||||   ||  | |+Node261 (2)
  ||      ||||   ||  |  |N7199611 (1)
  ||      ||||   || |+Node254 (1)
  ||      ||||   || || |T10020000 (1)
  ||      ||||   || |||+Node265 (1)
  ||      ||||   || ||||N10019990 (1)
  ||      ||||   || ||+Node264 (1)
  ||      ||||   || | ||T94200105 (1)
  ||      ||||   || | |+Node268 (1)
  ||      ||||   || |  |N94199910 (1)
  ||      ||||   |||+Node253 (1)
  ||      ||||   |||| |T20620010 (1)
  ||      ||||   |||||+Node272 (2)
  ||      ||||   ||||||N20619990 (1)
  ||      ||||   ||||+Node271 (1)
  ||      ||||   ||| ||T25200305 (1)
  ||      ||||   ||| |+Node275 (1)
  ||      ||||   |||  |N25200207 (1)
  ||      ||||   ||+Node252 (1)
  ||      ||||   | |N74199812 (2)
  ||      ||||   |   |T14920010 (1)
  ||      ||||   |  |+Node329 (1)
  ||      ||||   |  ||N14919990 (1)
  ||      ||||   | |+Node328 (1)
  ||      ||||   | |||T11819990 (1)
  ||      ||||   | ||+Node332 (2)
  ||      ||||   | | |N11819990 (1)
  ||      ||||   ||+Node327 (1)
  ||      ||||   |||  |T23520000 (1)
  ||      ||||   ||| |+Node338 (1)
  ||      ||||   ||| ||N23519990 (1)
  ||      ||||   ||||+Node337 (1)
  ||      ||||   ||||||T10219990 (1)
  ||      ||||   |||||+Node341 (1)
  ||      ||||   |||| |N10219981 (1)
  ||      ||||   |||+Node336 (1)
  ||      ||||   |||| |T14819991 (1)
  ||      ||||   |||||+Node345 (2)
  ||      ||||   ||||||N14819990 (1)
  ||      ||||   ||||+Node344 (1)
  ||      ||||   ||| ||T6200007 (1)
  ||      ||||   ||| |+Node348 (1)
  ||      ||||   |||  |N6199906 (1)
  ||      ||||   ||| |T13519991 (1)
  ||      ||||   ||||+Node352 (1)
  ||      ||||   |||||N13519990 (1)
  ||      ||||   |||+Node351 (1)
  ||      ||||   || ||T67199909 (1)
  ||      ||||   || |+Node355 (1)
  ||      ||||   ||  |N67199906 (1)
  ||      ||||   |+Node326 (1)
  ||      ||||    |  |T21920000 (1)
  ||      ||||    | |+Node360 (1)
  ||      ||||    | ||N21919990 (1)
  ||      ||||    ||+Node359 (1)
  ||      ||||    ||||T18520000 (1)
  ||      ||||    |||+Node363 (1)
  ||      ||||    || |N18519990 (1)
  ||      ||||    |+Node358 (1)
  ||      ||||     ||T14620001 (1)
  ||      ||||     |+Node366 (1)
  ||      ||||      |N14619991 (1)
  ||      |||+Node79 (1)
  ||      || ||N22199107 (1)
  ||      || || |T22920001 (1)
  ||      || |||+Node582 (1)
  ||      || ||||N22919990 (1)
  ||      || ||+Node581 (1)
  ||      || ||||T11220000 (1)
  ||      || |||+Node585 (1)
  ||      || || |N11219990 (1)
  ||      || |+Node578 (1)
  ||      || ||   |N19819990 (2)
  ||      || ||  |+Node592 (1)
  ||      || ||  |||T12619990 (1)
  ||      || ||  ||+Node594 (1)
  ||      || ||  | |N12619990 (1)
  ||      || || |+Node591 (1)
  ||      || || |||T10200305 (1)
  ||      || || ||+Node597 (1)
  ||      || || | |N10199911 (1)
  ||      || |||+Node590 (1)
  ||      || |||| |T19920000 (1)
  ||      || |||||+Node601 (1)
  ||      || ||||||N19919991 (1)
  ||      || ||||+Node600 (1)
  ||      || ||| ||T98199910 (1)
  ||      || ||| |+Node604 (1)
  ||      || |||  |N98199901 (1)
  ||      || ||+Node589 (1)
  ||      || ||||N17199606 (1)
  ||      || |||| |T20319990 (1)
  ||      || |||||+Node694 (1)
  ||      || ||||||N20319990 (1)
  ||      || ||||+Node693 (1)
  ||      || ||||||T21199809 (2)
  ||      || |||||+Node697 (1)
  ||      || |||| |N21199201 (1)
  ||      || |||| |T13419991 (1)
  ||      || |||||+Node687 (1)
  ||      || ||||||N13419990 (1)
  ||      || ||||+Node686 (2)
  ||      || ||||||T13119990 (1)
  ||      || |||||+Node690 (1)
  ||      || |||| |N13119990 (1)
  ||      || |||+Node607 (1)
  ||      || || ||T18120000 (1)
  ||      || || |+Node683 (1)
  ||      || || ||N18119990 (1)
  ||      || || |   |T12120000 (2)
  ||      || || |  |+Node650 (1)
  ||      || || |  ||N12119990 (1)
  ||      || || | |+Node638 (1)
  ||      || || | |||T18420000 (1)
  ||      || || | ||+Node640 (1)
  ||      || || | |||N18419990 (1)
  ||      || || | || |T83200010 (1)
  ||      || || | |||+Node644 (1)
  ||      || || | ||||N83199909 (1)
  ||      || || | ||+Node643 (1)
  ||      || || | | ||T79200004 (1)
  ||      || || | | |+Node647 (1)
  ||      || || | |  |N79199912 (1)
  ||      || || ||+Node614 (1)
  ||      || || |||  |T23220001 (1)
  ||      || || ||| |+Node618 (1)
  ||      || || ||| ||N23219990 (1)
  ||      || || ||||+Node617 (1)
  ||      || || ||||||T15619991 (1)
  ||      || || |||||+Node621 (1)
  ||      || || |||| |N15619990 (1)
  ||      || || |||+Node616 (1)
  ||      || || |||||T17720000 (1)
  ||      || || ||||+Node624 (1)
  ||      || || ||| |N17719990 (1)
  ||      || || |||  |T21720000 (1)
  ||      || || ||| |+Node629 (1)
  ||      || || ||| ||N21719990 (1)
  ||      || || ||||+Node628 (1)
  ||      || || ||||||T21620020 (1)
  ||      || || |||||+Node632 (2)
  ||      || || |||| |N21619990 (1)
  ||      || || |||+Node627 (1)
  ||      || || || ||T33200009 (1)
  ||      || || || |+Node635 (1)
  ||      || || ||  |N33199901 (1)
  ||      || || |+Node613 (1)
  ||      || || || |T17120000 (2)
  ||      || || |||+Node654 (1)
  ||      || || ||||N17119990 (1)
  ||      || || ||+Node653 (1)
  ||      || || | | |T12320000 (1)
  ||      || || | ||+Node658 (1)
  ||      || || | |||N12319990 (1)
  ||      || || | |+Node657 (1)
  ||      || || |  ||T95200001 (2)
  ||      || || |  |+Node661 (2)
  ||      || || |   |N95199908 (1)
  ||      || || | |T37199910 (1)
  ||      || || ||+Node665 (1)
  ||      || || |||N37199901 (1)
  ||      || || |+Node664 (1)
  ||      || ||  |  |T20920000 (1)
  ||      || ||  | |+Node670 (1)
  ||      || ||  | ||N20919990 (1)
  ||      || ||  ||+Node669 (1)
  ||      || ||  ||||T18220000 (1)
  ||      || ||  |||+Node673 (1)
  ||      || ||  || |N18219990 (1)
  ||      || ||  |+Node668 (1)
  ||      || ||   ||T35200006 (2)
  ||      || ||   |+Node676 (1)
  ||      || ||    ||T34199911 (1)
  ||      || ||    |+Node678 (1)
  ||      || ||     |N35199901 (1)
  ||      || ||     |N34199901 (1)
  ||      || ||  |T20120010 (1)
  ||      || || |+Node702 (1)
  ||      || || ||N20119991 (1)
  ||      || |||+Node701 (1)
  ||      || ||||N1199101 (1)
  ||      || ||+Node700 (1)
  ||      || | | |T21319991 (1)
  ||      || | ||+Node707 (1)
  ||      || | |||N21319990 (1)
  ||      || | |+Node706 (1)
  ||      || |  |T28200101 (3)
  ||      || |    |T16920011 (1)
  ||      || |   |+Node715 (1)
  ||      || |   ||N16919990 (1)
  ||      || |  |+Node714 (1)
  ||      || |  ||   |T20219990 (1)
  ||      || |  ||  |+Node721 (1)
  ||      || |  ||  ||N20219981 (1)
  ||      || |  || |+Node720 (1)
  ||      || |  || |||T12219990 (1)
  ||      || |  || ||+Node724 (1)
  ||      || |  || | |N12219990 (1)
  ||      || |  |||+Node719 (1)
  ||      || |  |||| |T12419991 (1)
  ||      || |  |||||+Node728 (1)
  ||      || |  ||||||N12419991 (1)
  ||      || |  ||||+Node727 (1)
  ||      || |  ||| ||T11020000 (1)
  ||      || |  ||| |+Node731 (1)
  ||      || |  |||  |N11019990 (1)
  ||      || |  ||+Node718 (1)
  ||      || |  | | |T13920000 (1)
  ||      || |  | ||+Node735 (1)
  ||      || |  | |||N13919981 (1)
  ||      || |  | |+Node734 (1)
  ||      || |  |  ||T43200209 (1)
  ||      || |  |  |+Node738 (1)
  ||      || |  |   |N43200201 (1)
  ||      || | |+Node713 (1)
  ||      || | || |T17820020 (2)
  ||      || | |||+Node742 (1)
  ||      || | ||||N17819990 (1)
  ||      || | ||+Node741 (1)
  ||      || | | ||T12819991 (1)
  ||      || | | |+Node745 (1)
  ||      || | |  |N12819990 (1)
  ||      || ||+Node712 (1)
  ||      || |||    |T18919990 (1)
  ||      || |||   |+Node752 (1)
  ||      || |||   ||N18919981 (1)
  ||      || |||  |+Node751 (1)
  ||      || |||  |||T10120000 (1)
  ||      || |||  ||+Node755 (1)
  ||      || |||  | |N10119990 (1)
  ||      || ||| |+Node750 (1)
  ||      || ||| |||T20020000 (1)
  ||      || ||| ||+Node758 (1)
  ||      || ||| | |N20019991 (1)
  ||      || ||||+Node749 (1)
  ||      || ||||||T22120000 (1)
  ||      || |||||+Node761 (1)
  ||      || |||| |N22119990 (1)
  ||      || |||+Node748 (1)
  ||      || || |  |T68199912 (1)
  ||      || || | |+Node773 (1)
  ||      || || | ||N68199905 (1)
  ||      || || ||+Node772 (1)
  ||      || || ||||T15200201 (1)
  ||      || || |||+Node776 (1)
  ||      || || || |N15200101 (1)
  ||      || || |+Node764 (1)
  ||      || ||  ||T10620010 (1)
  ||      || ||  |+Node766 (1)
  ||      || ||  ||N10619990 (1)
  ||      || ||  ||T96199911 (1)
  ||      || ||  |+Node769 (1)
  ||      || ||   |N96199908 (1)
  ||      || |+Node711 (1)
  ||      ||  |   |T16820010 (1)
  ||      ||  |  |+Node782 (1)
  ||      ||  |  ||N16819990 (1)
  ||      ||  | |+Node781 (1)
  ||      ||  | |||T11720000 (1)
  ||      ||  | ||+Node785 (1)
  ||      ||  | | |N11719991 (1)
  ||      ||  ||+Node780 (1)
  ||      ||  ||||T92200003 (1)
  ||      ||  |||+Node788 (1)
  ||      ||  || |N92199904 (1)
  ||      ||  |+Node779 (1)
  ||      ||   ||T19320000 (1)
  ||      ||   |+Node791 (2)
  ||      ||    |N19319990 (1)
  ||      || |T9200006 (1)
  ||      |||+Node795 (1)
  ||      ||||N9199909 (1)
  ||      ||+Node794 (1)
  ||      | ||T23200207 (1)
  ||      | |+Node798 (1)
  ||      |  |N23200204 (1)
  ||     |+Node11 (1)
  ||     || |T73200108 (1)
  ||     |||+Node836 (1)
  ||     ||||N73199904 (1)
  ||     ||+Node835 (1)
  ||     | |  |T65200101 (1)
  ||     | | |+Node841 (1)
  ||     | | ||N65199902 (1)
  ||     | ||+Node840 (1)
  ||     | ||||T19820000 (1)
  ||     | |||+Node845 (1)
  ||     | |||||T18020000 (1)
  ||     | ||||+Node847 (1)
  ||     | ||| |N18019990 (1)
  ||     | ||||T17220001 (1)
  ||     | |||+Node850 (1)
  ||     | || |N17219990 (1)
  ||     | |+Node839 (1)
  ||     |  ||T3200011 (1)
  ||     |  |+Node853 (1)
  ||     |   |N3199901 (1)
  ||    |+Node10 (2)
  ||    |||T14420000 (1)
  ||    ||+Node856 (2)
  ||    | |N14419990 (1)
  ||   |+Node9 (1)
  ||   |||T10520000 (1)
  ||   ||+Node859 (1)
  ||   | |N10519990 (1)
  ||  |+Node8 (2)
  ||  ||  |T40199905 (2)
  ||  || |+Node864 (1)
  ||  || ||N40199903 (1)
  ||  |||+Node863 (1)
  ||  |||||T39199907 (1)
  ||  ||||+Node867 (1)
  ||  ||| |N39199905 (1)
  ||  ||+Node862 (1)
  ||  | ||T38199907 (1)
  ||  | |+Node870 (1)
  ||  |  |N38199905 (1)
  || |+Node7 (1)
  || |||T20820000 (1)
  || ||+Node873 (2)
  || | |N20819990 (1)
  |||+Node6 (1)
  |||| |T23820090 (1)
  |||||+Node877 (2)
  ||||||N23820050 (1)
  ||||+Node876 (1)
  ||| ||T77200005 (1)
  ||| |+Node880 (1)
  |||  |N77199906 (1)
  ||+Node5 (2)
  |||T24120081 (1)
  || |T41200107 (1)
  |||+Node885 (1)
  ||||N41200002 (1)
  ||+Node884 (1)
  | |T56200502 (2)
 |+Node2 (1)
 |||T51200502 (1)
 ||+Node892 (1)
 | |N51200412 (1)
|+Node1 (1)
||    |T54200502 (1)
||   |+Node911 (1)
||   ||N54200412 (1)
||  |+Node910 (1)
||  |||T48200502 (1)
||  ||+Node914 (1)
||  | |N48200412 (1)
|| |+Node898 (1)
|| |||T47200502 (1)
|| ||+Node900 (1)
|| |||N47200412 (1)
|| || |T59200502 (1)
|| |||+Node904 (1)
|| ||||N59200412 (1)
|| ||+Node903 (1)
|| | ||T60200502 (1)
|| | |+Node907 (1)
|| |  |N60200412 (1)
|||+Node897 (1)
||||  |T23920070 (2)
|||| |+Node919 (1)
|||| ||N23920060 (1)
|||||+Node918 (1)
|||||||T50200502 (1)
||||||+Node922 (1)
||||| |N50200412 (1)
||||+Node917 (1)
||| ||T52200502 (1)
||| |+Node925 (1)
|||  |N52200412 (1)
||+Node896 (1)
|||   |T55200502 (1)
|||  |+Node931 (1)
|||  ||N55200412 (1)
||| |+Node930 (1)
||| |||T46200502 (1)
||| ||+Node934 (1)
||| | |N46200412 (1)
||||+Node929 (1)
||||||T61200502 (1)
|||||+Node937 (1)
|||| |N61200412 (1)
|||+Node928 (1)
|| ||T58200502 (1)
|| |+Node940 (1)
||  |N58200412 (1)
|| |T57200502 (1)
|||+Node944 (2)
||||N57200412 (1)
||+Node943 (2)
| |N56200412 (1)
|T53200502 (1)
|N53200412 (1)
```


### Improving parameter estimates of the adaptive rate class model
* Log(L) = -25253.77, AIC-c = 54472.25 (1958 estimated parameters)

### Testing selected branches for selection

|              Branch               |  Rates   |     Max. dN/dS     | Sites @ EBF>=100 |      Test LRT      |Uncorrected p-value |
|-----------------------------------|----------|--------------------|------------------|--------------------|--------------------|
|              Node873              |     2    |  129.22 ( 0.63%)   |          1       |        4.92        |       0.03092      |
|             T24120081             |     1    |   0.06 (100.00%)   |       N/A        |        0.00        |       1.00000      |
|              Node306              |     1    |   0.15 (100.00%)   |       N/A        |        0.00        |       1.00000      |
|             T22199809             |     2    |   50.95 ( 2.22%)   |          3       |       12.06        |       0.00082      |
|             T56200502             |     2    |   >1000 ( 0.56%)   |          1       |        3.08        |       0.08016      |
|              Node585              |     1    |   0.10 (100.00%)   |       N/A        |        0.00        |       1.00000      |
|               Node5               |     2    |    7.08 ( 4.01%)   |          7       |        3.13        |       0.07815      |
|              Node880              |     1    |   0.22 (100.00%)   |       N/A        |        0.00        |       1.00000      |
|              Node735              |     1    |   0.04 (100.00%)   |       N/A        |        0.00        |       1.00000      |
|              Node791              |     2    |    9.44 ( 1.30%)   |          2       |        2.62        |       0.10216      |
|              Node522              |     1    |   0.09 (100.00%)   |       N/A        |        0.00        |       1.00000      |
|              Node25               |     1    |   0.17 (100.00%)   |       N/A        |        0.00        |       1.00000      |
|               Node8               |     2    |    3.72 ( 4.56%)   |          6       |        0.85        |       0.26686      |
|              Node297              |     2    |    4.51 ( 3.48%)   |          4       |        1.14        |       0.22638      |
|              Node185              |     2    |    5.81 ( 4.14%)   |          2       |        1.35        |       0.20223      |
|               Node6               |     1    |   0.09 (100.00%)   |       N/A        |        0.00        |       1.00000      |
|              Node876              |     1    |   0.00 (100.00%)   |       N/A        |        0.00        |       1.00000      |
|              Node465              |     1    |   0.25 (100.00%)   |       N/A        |        0.00        |       1.00000      |
|              Node227              |     2    |   19.31 ( 5.84%)   |          9       |        7.39        |       0.00876      |
|              Node122              |     2    |   22.28 ( 1.16%)   |          2       |        5.11        |       0.02801      |
|             T1199908              |     1    |   0.91 (100.00%)   |       N/A        |        0.00        |       1.00000      |
|              Node742              |     1    |   0.02 (100.00%)   |       N/A        |        0.00        |       1.00000      |
|              Node506              |     1    |   0.04 (100.00%)   |       N/A        |        0.00        |       1.00000      |
|             T39199907             |     1    |   0.13 (100.00%)   |       N/A        |        0.00        |       1.00000      |
|               Node1               |     1    |   0.37 (100.00%)   |       N/A        |        0.00        |       1.00000      |
|              Node448              |     1    |   0.27 (100.00%)   |       N/A        |        0.00        |       1.00000      |
|              Node160              |     2    |    5.93 ( 5.83%)   |          8       |        3.30        |       0.07147      |
|              Node445              |     1    |   0.17 (100.00%)   |       N/A        |        0.00        |       1.00000      |
|              Node728              |     1    |   0.08 (100.00%)   |       N/A        |        0.00        |       1.00000      |
|              Node39               |     2    |    6.60 ( 2.46%)   |          3       |        1.81        |       0.15748      |
|             T29200003             |     1    |   0.27 (100.00%)   |       N/A        |        0.00        |       1.00000      |
|              Node66               |     1    |   0.13 (100.00%)   |       N/A        |        0.00        |       1.00000      |
|              Node302              |     2    |  191.93 ( 0.38%)   |          1       |        9.64        |       0.00280      |
|              Node275              |     1    |   0.07 (100.00%)   |       N/A        |        0.00        |       1.00000      |
|              Node338              |     1    |   0.03 (100.00%)   |       N/A        |        0.00        |       1.00000      |
|              Node738              |     1    |   0.12 (100.00%)   |       N/A        |        0.00        |       1.00000      |
|              Node755              |     1    |   0.05 (100.00%)   |       N/A        |        0.00        |       1.00000      |
|              Node532              |     1    |   0.29 (100.00%)   |       N/A        |        0.00        |       1.00000      |
|              Node721              |     1    |   0.08 (100.00%)   |       N/A        |        0.00        |       1.00000      |
|              Node363              |     1    |   0.07 (100.00%)   |       N/A        |        0.00        |       1.00000      |
|              Node32               |     1    |   0.08 (100.00%)   |       N/A        |        0.00        |       1.00000      |
|              Node788              |     1    |   0.00 (100.00%)   |       N/A        |        0.00        |       1.00000      |
|              Node322              |     1    |   0.09 (100.00%)   |       N/A        |        0.00        |       1.00000      |
|              Node782              |     1    |   0.47 (100.00%)   |       N/A        |        0.00        |       1.00000      |
|              Node773              |     1    |   0.13 (100.00%)   |       N/A        |        0.00        |       1.00000      |
|              Node43               |     2    |  500.76 ( 2.96%)   |          4       |       12.91        |       0.00054      |
|              Node386              |     2    |   19.12 ( 1.08%)   |          2       |        4.28        |       0.04308      |
|             T87200011             |     2    |   >1000 ( 1.20%)   |          2       |        4.80        |       0.03292      |
|              Node601              |     1    |   0.16 (100.00%)   |       N/A        |        0.00        |       1.00000      |
|              Node332              |     2    |   37.05 ( 0.52%)   |          1       |        6.90        |       0.01124      |
|              Node724              |     1    |   0.00 (100.00%)   |       N/A        |        0.00        |       1.00000      |
|              Node761              |     1    |   0.08 (100.00%)   |       N/A        |        0.00        |       1.00000      |
|              Node807              |     1    |   0.11 (100.00%)   |       N/A        |        0.00        |       1.00000      |
|              Node574              |     1    |   0.07 (100.00%)   |       N/A        |        0.00        |       1.00000      |
|              Node785              |     1    |   0.10 (100.00%)   |       N/A        |        0.00        |       1.00000      |
|              Node314              |     1    |   0.22 (100.00%)   |       N/A        |        0.00        |       1.00000      |
|              Node776              |     1    |   0.14 (100.00%)   |       N/A        |        0.00        |       1.00000      |
|              Node822              |     1    |   0.12 (100.00%)   |       N/A        |        0.00        |       1.00000      |
|              Node459              |     1    |   0.09 (100.00%)   |       N/A        |        0.00        |       1.00000      |
|             N31199901             |     1    |   0.14 (100.00%)   |       N/A        |        0.00        |       1.00000      |
|             T21199809             |     2    |  321.46 ( 1.38%)   |          3       |        7.84        |       0.00699      |
|              Node731              |     1    |   0.03 (100.00%)   |       N/A        |        0.00        |       1.00000      |
|              Node885              |     1    |   0.26 (100.00%)   |       N/A        |        0.00        |       1.00000      |
|              Node407              |     1    |   0.20 (100.00%)   |       N/A        |        0.00        |       1.00000      |
|              Node54               |     1    |   0.13 (100.00%)   |       N/A        |        0.00        |       1.00000      |
|              Node525              |     1    |   0.28 (100.00%)   |       N/A        |        0.00        |       1.00000      |
|              Node208              |     1    |   0.14 (100.00%)   |       N/A        |        0.00        |       1.00000      |
|             T28200101             |     3    |   >1000 ( 1.36%)   |          7       |       13.20        |       0.00046      |
|              Node859              |     1    |   0.18 (100.00%)   |       N/A        |        0.00        |       1.00000      |
|              Node341              |     1    |   0.12 (100.00%)   |       N/A        |        0.00        |       1.00000      |
|              Node604              |     1    |   0.08 (100.00%)   |       N/A        |        0.00        |       1.00000      |
|              Node421              |     2    |   42.69 ( 1.59%)   |          2       |        9.48        |       0.00304      |
|              Node256              |     1    |   0.21 (100.00%)   |       N/A        |        0.00        |       1.00000      |
|              Node812              |     1    |   0.48 (100.00%)   |       N/A        |        0.00        |       1.00000      |
|              Node618              |     1    |   0.06 (100.00%)   |       N/A        |        0.00        |       1.00000      |
|              Node766              |     1    |   0.00 (100.00%)   |       N/A        |        0.00        |       1.00000      |
|              Node862              |     1    |   0.06 (100.00%)   |       N/A        |        0.00        |       1.00000      |
|              Node552              |     1    |   0.06 (100.00%)   |       N/A        |        0.00        |       1.00000      |
|              Node715              |     1    |   0.06 (100.00%)   |       N/A        |        0.00        |       1.00000      |
|              Node479              |     1    |   0.23 (100.00%)   |       N/A        |        0.00        |       1.00000      |
|              Node483              |     1    |   0.03 (100.00%)   |       N/A        |        0.00        |       1.00000      |
|              Node329              |     1    |   0.15 (100.00%)   |       N/A        |        0.00        |       1.00000      |
|             T13320000             |     1    |   0.74 (100.00%)   |       N/A        |        0.00        |       1.00000      |
|              Node697              |     1    |   0.05 (100.00%)   |       N/A        |        0.00        |       1.00000      |
|              Node28               |     1    |   0.11 (100.00%)   |       N/A        |        0.00        |       1.00000      |
|              Node382              |     1    |   0.12 (100.00%)   |       N/A        |        0.00        |       1.00000      |
|              Node174              |     1    |   0.09 (100.00%)   |       N/A        |        0.00        |       1.00000      |
|              Node88               |     2    |   41.10 ( 1.14%)   |          2       |        6.96        |       0.01091      |
|              Node345              |     2    |  117.51 ( 0.57%)   |          1       |        7.11        |       0.01012      |
|              Node919              |     1    |   0.07 (100.00%)   |       N/A        |        0.00        |       1.00000      |
|             T17199703             |     2    |   >1000 ( 2.02%)   |          3       |       19.93        |       0.00002      |
|              Node73               |     1    |   0.09 (100.00%)   |       N/A        |        0.00        |       1.00000      |
|              Node171              |     2    |   10.91 ( 4.08%)   |          8       |        3.94        |       0.05122      |
|              Node877              |     2    |   11.61 ( 2.39%)   |          5       |        3.99        |       0.04985      |
|              Node224              |     1    |   0.07 (100.00%)   |       N/A        |        0.00        |       1.00000      |
|              Node529              |     1    |   0.10 (100.00%)   |       N/A        |        0.00        |       1.00000      |
|              Node836              |     1    |   0.07 (100.00%)   |       N/A        |        0.00        |       1.00000      |
|              Node201              |     1    |   0.13 (100.00%)   |       N/A        |        0.00        |       1.00000      |
|              Node114              |     2    |   18.69 ( 2.32%)   |          4       |        3.39        |       0.06805      |
|              Node850              |     1    |   0.07 (100.00%)   |       N/A        |        0.00        |       1.00000      |
|              Node150              |     1    |   0.03 (100.00%)   |       N/A        |        0.00        |       1.00000      |
|              Node246              |     1    |   0.12 (100.00%)   |       N/A        |        0.00        |       1.00000      |
|              Node795              |     1    |   0.08 (100.00%)   |       N/A        |        0.00        |       1.00000      |
|             T35200006             |     2    |   52.77 ( 1.04%)   |          1       |        3.66        |       0.05916      |
|              Node819              |     1    |   0.22 (100.00%)   |       N/A        |        0.00        |       1.00000      |
|              Node934              |     1    |   0.10 (100.00%)   |       N/A        |        0.00        |       1.00000      |
|              Node178              |     3    |   >1000 ( 0.70%)   |          2       |        9.87        |       0.00250      |
|              Node829              |     1    |   0.19 (100.00%)   |       N/A        |        0.00        |       1.00000      |
|              Node944              |     2    |   12.75 ( 1.16%)   |          2       |        2.54        |       0.10669      |
|              Node940              |     1    |   0.21 (100.00%)   |       N/A        |        0.00        |       1.00000      |
|              Node318              |     1    |   0.05 (100.00%)   |       N/A        |        0.00        |       1.00000      |
|             N19819990             |     2    |   21.03 ( 1.22%)   |          2       |        3.95        |       0.05099      |
|              Node513              |     1    |   0.13 (100.00%)   |       N/A        |        0.00        |       1.00000      |
|              Node841              |     1    |   0.11 (100.00%)   |       N/A        |        0.00        |       1.00000      |
|              Node571              |     1    |   0.08 (100.00%)   |       N/A        |        0.00        |       1.00000      |
|              Node582              |     1    |   0.42 (100.00%)   |       N/A        |        0.00        |       1.00000      |
|              Node658              |     1    |   0.05 (100.00%)   |       N/A        |        0.00        |       1.00000      |
|              Node355              |     1    |   0.08 (100.00%)   |       N/A        |        0.00        |       1.00000      |
|              Node91               |     1    |   0.16 (100.00%)   |       N/A        |        0.00        |       1.00000      |
|             T45200208             |     2    |   >1000 ( 0.53%)   |          1       |        5.45        |       0.02361      |
|              Node192              |     1    |   0.00 (100.00%)   |       N/A        |        0.00        |       1.00000      |
|              Node261              |     2    |   37.66 ( 1.06%)   |          2       |        5.88        |       0.01895      |
|              Node707              |     1    |   0.18 (100.00%)   |       N/A        |        0.00        |       1.00000      |
|              Node702              |     1    |   0.08 (100.00%)   |       N/A        |        0.00        |       1.00000      |
|              Node268              |     1    |   0.31 (100.00%)   |       N/A        |        0.00        |       1.00000      |
|             T3200011              |     1    |   2.34 (100.00%)   |       N/A        |        0.83        |       0.27078      |
|              Node931              |     1    |   0.17 (100.00%)   |       N/A        |        0.00        |       1.00000      |
|              Node431              |     1    |   0.21 (100.00%)   |       N/A        |        0.00        |       1.00000      |
|             N2199809              |     1    |   0.06 (100.00%)   |       N/A        |        0.00        |       1.00000      |
|              Node632              |     2    |    9.17 ( 4.31%)   |          4       |        2.46        |       0.11105      |
|              Node166              |     1    |   0.22 (100.00%)   |       N/A        |        0.00        |       1.00000      |
|              Node487              |     1    |   0.12 (100.00%)   |       N/A        |        0.00        |       1.00000      |
|              Node427              |     1    |   0.09 (100.00%)   |       N/A        |        0.00        |       1.00000      |
|              Node243              |     1    |   0.48 (100.00%)   |       N/A        |        0.00        |       1.00000      |
|              Node847              |     1    |   0.23 (100.00%)   |       N/A        |        0.00        |       1.00000      |
|              Node661              |     2    |   34.31 ( 0.68%)   |          1       |        2.80        |       0.09269      |
|              Node498              |     1    |   0.04 (100.00%)   |       N/A        |        0.00        |       1.00000      |
|              Node472              |     1    |   0.10 (100.00%)   |       N/A        |        0.00        |       1.00000      |
|             T15220010             |     1    |   0.31 (100.00%)   |       N/A        |        0.00        |       1.00000      |
|              Node925              |     1    |   0.07 (100.00%)   |       N/A        |        0.00        |       1.00000      |
|              Node624              |     1    |   0.15 (100.00%)   |       N/A        |        0.00        |       1.00000      |
|              Node826              |     1    |   0.00 (100.00%)   |       N/A        |        0.00        |       1.00000      |
|              Node815              |     1    |   0.09 (100.00%)   |       N/A        |        0.00        |       1.00000      |
|              Node510              |     1    |   0.00 (100.00%)   |       N/A        |        0.00        |       1.00000      |
|              Node416              |     2    |    7.92 ( 4.91%)   |          5       |        2.11        |       0.13362      |
|              Node621              |     1    |   0.00 (100.00%)   |       N/A        |        0.00        |       1.00000      |
|              Node107              |     1    |   0.04 (100.00%)   |       N/A        |        0.00        |       1.00000      |
|              Node50               |     1    |   0.04 (100.00%)   |       N/A        |        0.00        |       1.00000      |
|             N39199905             |     1    |   0.15 (100.00%)   |       N/A        |        0.00        |       1.00000      |
|              Node911              |     1    |   0.08 (100.00%)   |       N/A        |        0.00        |       1.00000      |
|             T95200001             |     2    |  212.45 ( 2.54%)   |          4       |       15.54        |       0.00014      |
|              Node360              |     1    |   0.17 (100.00%)   |       N/A        |        0.00        |       1.00000      |
|             N22199107             |     1    |   0.13 (100.00%)   |       N/A        |        0.00        |       1.00000      |
|              Node549              |     1    |   0.16 (100.00%)   |       N/A        |        0.00        |       1.00000      |
|              Node564              |     1    |   0.04 (100.00%)   |       N/A        |        0.00        |       1.00000      |
|              Node752              |     1    |   0.16 (100.00%)   |       N/A        |        0.00        |       1.00000      |
|              Node104              |     1    |   0.09 (100.00%)   |       N/A        |        0.00        |       1.00000      |
|              Node211              |     1    |   0.05 (100.00%)   |       N/A        |        0.00        |       1.00000      |
|              Node348              |     1    |   0.40 (100.00%)   |       N/A        |        0.00        |       1.00000      |
|             T40199905             |     2    |   20.54 ( 2.09%)   |          3       |        3.75        |       0.05663      |
|              Node286              |     1    |   0.17 (100.00%)   |       N/A        |        0.00        |       1.00000      |
|              Node856              |     2    |   42.12 ( 1.79%)   |          3       |       10.36        |       0.00195      |
|              Node501              |     1    |   0.07 (100.00%)   |       N/A        |        0.00        |       1.00000      |
|              Node135              |     1    |   0.04 (100.00%)   |       N/A        |        0.00        |       1.00000      |
|              Node404              |     2    |   17.85 ( 1.14%)   |          3       |        3.55        |       0.06279      |
|              Node650              |     1    |   0.11 (100.00%)   |       N/A        |        0.00        |       1.00000      |
|              Node440              |     1    |   0.18 (100.00%)   |       N/A        |        0.00        |       1.00000      |
|             N23319990             |     1    |   0.41 (100.00%)   |       N/A        |        0.00        |       1.00000      |
|              Node138              |     1    |   0.13 (100.00%)   |       N/A        |        0.00        |       1.00000      |
|              Node798              |     1    |   0.00 (100.00%)   |       N/A        |        0.00        |       1.00000      |
|              Node221              |     1    |   0.13 (100.00%)   |       N/A        |        0.00        |       1.00000      |
|             T14220000             |     1    |   0.05 (100.00%)   |       N/A        |        0.00        |       1.00000      |
|              Node397              |     1    |   0.05 (100.00%)   |       N/A        |        0.00        |       1.00000      |
|             T22220000             |     1    |   0.28 (100.00%)   |       N/A        |        0.00        |       1.00000      |
|              Node265              |     1    |   0.11 (100.00%)   |       N/A        |        0.00        |       1.00000      |
|              Node516              |     1    |   0.00 (100.00%)   |       N/A        |        0.00        |       1.00000      |
|              Node435              |     1    |   0.08 (100.00%)   |       N/A        |        0.00        |       1.00000      |
|             N38199905             |     1    |   0.05 (100.00%)   |       N/A        |        0.00        |       1.00000      |
|              Node491              |     1    |   0.18 (100.00%)   |       N/A        |        0.00        |       1.00000      |
|              Node290              |     1    |   0.49 (100.00%)   |       N/A        |        0.00        |       1.00000      |
|              Node100              |     2    |   36.54 ( 2.53%)   |          4       |        5.39        |       0.02427      |
|              Node249              |     1    |   0.04 (100.00%)   |       N/A        |        0.00        |       1.00000      |
|              Node424              |     1    |   0.05 (100.00%)   |       N/A        |        0.00        |       1.00000      |
|              Node643              |     1    |   0.00 (100.00%)   |       N/A        |        0.00        |       1.00000      |
|              Node769              |     1    |   0.11 (100.00%)   |       N/A        |        0.00        |       1.00000      |
|             T23920070             |     2    |  271.99 ( 0.54%)   |          1       |        6.65        |       0.01275      |
|             T41200107             |     1    |   1.20 (100.00%)   |       N/A        |       -0.08        |       0.50000      |
|              Node157              |     1    |   0.20 (100.00%)   |       N/A        |        0.00        |       1.00000      |
|              Node393              |     1    |   0.07 (100.00%)   |       N/A        |        0.00        |       1.00000      |
|             T62200201             |     2    |  412.56 ( 1.11%)   |          2       |       17.11        |       0.00006      |
|              Node745              |     1    |   0.00 (100.00%)   |       N/A        |        0.00        |       1.00000      |
|             N45200201             |     1    |   0.03 (100.00%)   |       N/A        |        0.00        |       1.00000      |
|              Node594              |     1    |   0.12 (100.00%)   |       N/A        |        0.00        |       1.00000      |
|             T31200003             |     2    |  632.19 ( 0.59%)   |          1       |        6.68        |       0.01259      |
|              Node694              |     1    |   0.00 (100.00%)   |       N/A        |        0.00        |       1.00000      |
|              Node141              |     1    |   0.12 (100.00%)   |       N/A        |        0.00        |       1.00000      |
|             T12320000             |     1    |   0.21 (100.00%)   |       N/A        |        0.00        |       1.00000      |
|             T12120000             |     2    |   33.91 ( 3.50%)   |          6       |        8.95        |       0.00398      |
|             T17920000             |     1    |   0.05 (100.00%)   |       N/A        |        0.00        |       1.00000      |
|              Node117              |     1    |   0.17 (100.00%)   |       N/A        |        0.00        |       1.00000      |
|              Node373              |     1    |   0.28 (100.00%)   |       N/A        |        0.00        |       1.00000      |
|              Node282              |     1    |   0.05 (100.00%)   |       N/A        |        0.00        |       1.00000      |
|              Node85               |     1    |   0.05 (100.00%)   |       N/A        |        0.00        |       1.00000      |
|              Node231              |     2    |  194.48 ( 0.51%)   |          1       |        7.51        |       0.00823      |
|             T71200006             |     1    |   0.14 (100.00%)   |       N/A        |        0.00        |       1.00000      |
|             T12219990             |     1    |   0.31 (100.00%)   |       N/A        |        0.00        |       1.00000      |
|              Node272              |     2    |   25.88 ( 0.65%)   |          1       |        2.91        |       0.08771      |
|              Node370              |     1    |   0.08 (100.00%)   |       N/A        |        0.00        |       1.00000      |
|             T74200204             |     1    |   0.24 (100.00%)   |       N/A        |        0.00        |       1.00000      |
|             T15520000             |     1    |   0.46 (100.00%)   |       N/A        |        0.00        |       1.00000      |
|              Node61               |     1    |   0.05 (100.00%)   |       N/A        |        0.00        |       1.00000      |
|              Node629              |     1    |   0.10 (100.00%)   |       N/A        |        0.00        |       1.00000      |
|              Node937              |     1    |   0.07 (100.00%)   |       N/A        |        0.00        |       1.00000      |
|              Node758              |     1    |   0.13 (100.00%)   |       N/A        |        0.00        |       1.00000      |
|             T17120000             |     2    |   55.99 ( 1.66%)   |          3       |        5.37        |       0.02454      |
|             N28199901             |     1    |   0.06 (100.00%)   |       N/A        |        0.00        |       1.00000      |
|              Node16               |     1    |   0.14 (100.00%)   |       N/A        |        0.00        |       1.00000      |
|              Node804              |     1    |   0.16 (100.00%)   |       N/A        |        0.00        |       1.00000      |
|              Node389              |     1    |   0.11 (100.00%)   |       N/A        |        0.00        |       1.00000      |
|             T66200012             |     1    |   0.28 (100.00%)   |       N/A        |        0.00        |       1.00000      |
|              Node147              |     1    |   0.60 (100.00%)   |       N/A        |        0.00        |       1.00000      |
|             N20819990             |     1    |   0.86 (100.00%)   |       N/A        |        0.00        |       1.00000      |
|             T33200009             |     1    |   0.83 (100.00%)   |       N/A        |        0.00        |       1.00000      |
|             T79200004             |     1    |   0.10 (100.00%)   |       N/A        |        0.00        |       1.00000      |
|             T10020000             |     1    |  >1000 (100.00%)   |       N/A        |       13.44        |       0.00041      |
|              Node644              |     1    |   0.10 (100.00%)   |       N/A        |        0.00        |       1.00000      |
|              Node412              |     1    |   0.11 (100.00%)   |       N/A        |        0.00        |       1.00000      |
|              Node462              |     1    |   0.00 (100.00%)   |       N/A        |        0.00        |       1.00000      |
|              Node853              |     1    |   0.05 (100.00%)   |       N/A        |        0.00        |       1.00000      |
|             T10200305             |     1    |   0.10 (100.00%)   |       N/A        |        0.00        |       1.00000      |
|             T13200309             |     2    |   27.23 ( 0.58%)   |          1       |        3.10        |       0.07931      |
|              Node366              |     1    |   0.07 (100.00%)   |       N/A        |        0.00        |       1.00000      |
|              Node197              |     1    |   0.07 (100.00%)   |       N/A        |        0.00        |       1.00000      |
|              Node832              |     1    |   0.07 (100.00%)   |       N/A        |        0.00        |       1.00000      |
|              Node69               |     1    |   0.13 (100.00%)   |       N/A        |        0.00        |       1.00000      |
|              Node673              |     1    |   0.07 (100.00%)   |       N/A        |        0.00        |       1.00000      |
|             T18520000             |     1    |   1.47 (100.00%)   |       N/A        |        0.01        |       0.48605      |
|              Node870              |     1    |   0.32 (100.00%)   |       N/A        |        0.00        |       1.00000      |
|             N43200201             |     1    |   0.00 (100.00%)   |       N/A        |        0.00        |       1.00000      |
|             T23520000             |     1    |  >1000 (100.00%)   |       N/A        |       16.34        |       0.00010      |
|              Node234              |     1    |   0.16 (100.00%)   |       N/A        |        0.00        |       1.00000      |
|              Node535              |     1    |   0.25 (100.00%)   |       N/A        |        0.00        |       1.00000      |
|             T17820020             |     2    |  169.27 ( 0.93%)   |          1       |        6.39        |       0.01455      |
|              Node352              |     1    |   0.07 (100.00%)   |       N/A        |        0.00        |       1.00000      |
|              Node690              |     1    |   0.17 (100.00%)   |       N/A        |        0.00        |       1.00000      |
|              Node541              |     1    |   0.14 (100.00%)   |       N/A        |        0.00        |       1.00000      |
|              Node528              |     1    |   0.25 (100.00%)   |       N/A        |        0.00        |       1.00000      |
|             T38199907             |     1    |   0.00 (100.00%)   |       N/A        |        0.00        |       1.00000      |
|             T10320000             |     1    |   0.24 (100.00%)   |       N/A        |        0.00        |       1.00000      |
|             T4200608              |     1    |   0.28 (100.00%)   |       N/A        |        0.00        |       1.00000      |
|             T90200101             |     1    |   0.93 (100.00%)   |       N/A        |        0.00        |       1.00000      |
|             T12020020             |     1    |   0.12 (100.00%)   |       N/A        |        0.00        |       1.00000      |
|              Node24               |     1    |   0.17 (100.00%)   |       N/A        |        0.00        |       1.00000      |
|              Node914              |     1    |   0.26 (100.00%)   |       N/A        |        0.00        |       1.00000      |
|              Node556              |     1    |   0.07 (100.00%)   |       N/A        |        0.00        |       1.00000      |
|               Node9               |     1    |   0.00 (100.00%)   |       N/A        |        0.00        |       1.00000      |
|              Node469              |     1    |   0.11 (100.00%)   |       N/A        |        0.00        |       1.00000      |
|               Node7               |     1    |   0.12 (100.00%)   |       N/A        |        0.00        |       1.00000      |
|              Node845              |     1    |   0.00 (100.00%)   |       N/A        |        0.00        |       1.00000      |
|             T11120010             |     1    |   0.18 (100.00%)   |       N/A        |        0.00        |       1.00000      |
|              Node900              |     1    |   0.58 (100.00%)   |       N/A        |        0.00        |       1.00000      |
|              Node597              |     1    |   0.11 (100.00%)   |       N/A        |        0.00        |       1.00000      |
|              Node182              |     1    |   0.25 (100.00%)   |       N/A        |        0.00        |       1.00000      |
|              Node413              |     1    |   0.23 (100.00%)   |       N/A        |        0.00        |       1.00000      |
|              Node125              |     1    |   0.20 (100.00%)   |       N/A        |        0.00        |       1.00000      |
|             N56200412             |     1    |   0.36 (100.00%)   |       N/A        |        0.00        |       1.00000      |
|              Node153              |     1    |   0.31 (100.00%)   |       N/A        |        0.00        |       1.00000      |
|              Node867              |     1    |   0.54 (100.00%)   |       N/A        |        0.00        |       1.00000      |
|             T12819991             |     1    |   0.41 (100.00%)   |       N/A        |        0.00        |       1.00000      |
|              Node922              |     1    |   0.53 (100.00%)   |       N/A        |        0.00        |       1.00000      |
|             T16820010             |     1    |   0.26 (100.00%)   |       N/A        |        0.00        |       1.00000      |
|             T19920000             |     1    |   0.27 (100.00%)   |       N/A        |        0.00        |       1.00000      |
|             T16920011             |     1    |   0.20 (100.00%)   |       N/A        |        0.00        |       1.00000      |
|              Node10               |     2    |   27.77 ( 1.12%)   |          2       |        4.21        |       0.04466      |
|             T18819991             |     1    |   0.08 (100.00%)   |       N/A        |        0.00        |       1.00000      |
|             T15920000             |     1    |   0.45 (100.00%)   |       N/A        |        0.00        |       1.00000      |
|              Node640              |     1    |   0.08 (100.00%)   |       N/A        |        0.00        |       1.00000      |
|             T93200203             |     1    |   0.22 (100.00%)   |       N/A        |        0.00        |       1.00000      |
|              Node111              |     2    |   30.52 ( 2.07%)   |          2       |        3.78        |       0.05577      |
|             T20120010             |     1    |   0.23 (100.00%)   |       N/A        |        0.00        |       1.00000      |
|              Node76               |     1    |   0.09 (100.00%)   |       N/A        |        0.00        |       1.00000      |
|             T23120000             |     1    |   0.19 (100.00%)   |       N/A        |        0.00        |       1.00000      |
|             T16620000             |     1    |   0.29 (100.00%)   |       N/A        |        0.00        |       1.00000      |
|              Node635              |     1    |   0.09 (100.00%)   |       N/A        |        0.00        |       1.00000      |
|              Node240              |     1    |   0.00 (100.00%)   |       N/A        |        0.00        |       1.00000      |
|             N79199912             |     1    |   0.14 (100.00%)   |       N/A        |        0.00        |       1.00000      |
|              Node567              |     1    |   0.09 (100.00%)   |       N/A        |        0.00        |       1.00000      |
|              Node687              |     1    |   0.09 (100.00%)   |       N/A        |        0.00        |       1.00000      |
|             T23820090             |     1    |   0.24 (100.00%)   |       N/A        |        0.00        |       1.00000      |
|             T25200305             |     1    |   1.95 (100.00%)   |       N/A        |        0.30        |       0.37518      |
|              Node734              |     1    |   0.08 (100.00%)   |       N/A        |        0.00        |       1.00000      |
|              Node892              |     1    |   0.19 (100.00%)   |       N/A        |        0.00        |       1.00000      |
|             T26200211             |     2    |  605.48 ( 0.63%)   |          1       |        9.84        |       0.00253      |
|             T23620000             |     1    |   0.33 (100.00%)   |       N/A        |        0.00        |       1.00000      |
|              Node42               |     1    |   0.13 (100.00%)   |       N/A        |        0.00        |       1.00000      |
|              Node647              |     1    |   0.51 (100.00%)   |       N/A        |        0.00        |       1.00000      |
|              Node670              |     1    |   0.09 (100.00%)   |       N/A        |        0.00        |       1.00000      |
|             T16519991             |     1    |   0.65 (100.00%)   |       N/A        |        0.00        |       1.00000      |
|              Node420              |     2    |  215.57 ( 0.63%)   |          2       |        8.16        |       0.00593      |
|              Node271              |     1    |   0.07 (100.00%)   |       N/A        |        0.00        |       1.00000      |
|              Node751              |     1    |   0.12 (100.00%)   |       N/A        |        0.00        |       1.00000      |
|              Node305              |     1    |   1.41 (100.00%)   |       N/A        |       -0.07        |       0.50000      |
|             T14200204             |     1    |   0.08 (100.00%)   |       N/A        |        0.00        |       1.00000      |
|             N1199101              |     1    |   0.46 (100.00%)   |       N/A        |        0.00        |       1.00000      |
|              Node686              |     2    |  327.72 ( 0.50%)   |          1       |        8.74        |       0.00441      |
|             T63200201             |     1    |   0.37 (100.00%)   |       N/A        |        0.00        |       1.00000      |
|              Node907              |     1    |   0.09 (100.00%)   |       N/A        |        0.00        |       1.00000      |
|             T18720000             |     1    |   0.00 (100.00%)   |       N/A        |        0.00        |       1.00000      |
|             T23020000             |     1    |   0.11 (100.00%)   |       N/A        |        0.00        |       1.00000      |
|              Node616              |     1    |   0.29 (100.00%)   |       N/A        |        0.00        |       1.00000      |
|              Node121              |     1    |   0.00 (100.00%)   |       N/A        |        0.00        |       1.00000      |
|              Node35               |     1    |   0.00 (100.00%)   |       N/A        |        0.00        |       1.00000      |
|              Node665              |     1    |   0.11 (100.00%)   |       N/A        |        0.00        |       1.00000      |
|             T43200209             |     1    |   0.35 (100.00%)   |       N/A        |        0.00        |       1.00000      |
|             N74199812             |     2    |  280.04 ( 0.52%)   |          1       |        7.88        |       0.00682      |
|              Node403              |     1    |   0.00 (100.00%)   |       N/A        |        0.00        |       1.00000      |
|             T98199910             |     1    |   0.62 (100.00%)   |       N/A        |        0.00        |       1.00000      |
|             T76200005             |     1    |   1.45 (100.00%)   |       N/A        |       -0.01        |       0.50000      |
|             T21620020             |     1    |   1.22 (100.00%)   |       N/A        |       -0.09        |       0.50000      |
|              Node864              |     1    |   0.12 (100.00%)   |       N/A        |        0.00        |       1.00000      |
|             T17620000             |     1    |  >1000 (100.00%)   |       N/A        |       13.58        |       0.00038      |
|              Node918              |     1    |   0.31 (100.00%)   |       N/A        |        0.00        |       1.00000      |
|              Node31               |     1    |  >1000 (100.00%)   |       N/A        |        1.10        |       0.23193      |
|             T23320011             |     1    |   0.35 (100.00%)   |       N/A        |        0.00        |       1.00000      |
|             T17319991             |     1    |   0.34 (100.00%)   |       N/A        |        0.00        |       1.00000      |
|             T22320001             |     2    |   >1000 ( 0.61%)   |          1       |       11.46        |       0.00112      |
|             T85199908             |     1    |  >1000 (100.00%)   |       N/A        |        2.27        |       0.12255      |
|             T22520011             |     1    |   1.04 (100.00%)   |       N/A        |       -0.13        |       0.50000      |
|              Node321              |     1    |   0.24 (100.00%)   |       N/A        |        0.00        |       1.00000      |
|             T20419990             |     1    |   0.13 (100.00%)   |       N/A        |        0.00        |       1.00000      |
|              Node204              |     1    |   0.00 (100.00%)   |       N/A        |        0.00        |       1.00000      |
|             N13319990             |     1    |   0.00 (100.00%)   |       N/A        |        0.00        |       1.00000      |
|             N23820050             |     1    |   0.17 (100.00%)   |       N/A        |        0.00        |       1.00000      |
|              Node570              |     1    |   0.27 (100.00%)   |       N/A        |        0.00        |       1.00000      |
|             T44200204             |     1    |   0.47 (100.00%)   |       N/A        |        0.00        |       1.00000      |
|              Node46               |     1    |  >1000 (100.00%)   |       N/A        |        0.98        |       0.24798      |
|              Node780              |     1    |   0.23 (100.00%)   |       N/A        |        0.00        |       1.00000      |
|             N25200207             |     1    |   0.09 (100.00%)   |       N/A        |        0.00        |       1.00000      |
|              Node170              |     1    |   0.11 (100.00%)   |       N/A        |        0.00        |       1.00000      |
|             T21019991             |     1    |   0.22 (100.00%)   |       N/A        |        0.00        |       1.00000      |
|              Node400              |     1    |   0.00 (100.00%)   |       N/A        |        0.00        |       1.00000      |
|              Node200              |     1    |   1.14 (100.00%)   |       N/A        |       -0.12        |       0.50000      |
|              Node654              |     1    |   0.14 (100.00%)   |       N/A        |        0.00        |       1.00000      |
|              Node444              |     1    |   0.20 (100.00%)   |       N/A        |        0.00        |       1.00000      |
|              Node863              |     1    |   0.00 (100.00%)   |       N/A        |        0.00        |       1.00000      |
|              Node627              |     1    |   0.00 (100.00%)   |       N/A        |        0.00        |       1.00000      |
|              Node128              |     1    |   0.47 (100.00%)   |       N/A        |        0.00        |       1.00000      |
|              Node720              |     1    |   0.24 (100.00%)   |       N/A        |        0.00        |       1.00000      |
|             T12920010             |     1    |  >1000 (100.00%)   |       N/A        |        2.18        |       0.12889      |
|              Node904              |     1    |   0.35 (100.00%)   |       N/A        |        0.00        |       1.00000      |
|              Node38               |     1    |   0.58 (100.00%)   |       N/A        |        0.00        |       1.00000      |
|             T22420000             |     1    |   0.11 (100.00%)   |       N/A        |        0.00        |       1.00000      |
|             N11519991             |     1    |   0.51 (100.00%)   |       N/A        |        0.00        |       1.00000      |
|             T7199811              |     1    |   0.17 (100.00%)   |       N/A        |        0.00        |       1.00000      |
|             T13920000             |     1    |   0.55 (100.00%)   |       N/A        |        0.00        |       1.00000      |
|              Node133              |     2    |  182.39 ( 0.44%)   |          1       |        7.97        |       0.00652      |
|              Node475              |     1    |   0.00 (100.00%)   |       N/A        |        0.00        |       1.00000      |
|              Node521              |     1    |   0.26 (100.00%)   |       N/A        |        0.00        |       1.00000      |
|             N19019990             |     1    |   0.00 (100.00%)   |       N/A        |        0.00        |       1.00000      |
|              Node889              |     1    |   0.00 (100.00%)   |       N/A        |        0.00        |       1.00000      |
|             T11520000             |     1    |   0.17 (100.00%)   |       N/A        |        0.00        |       1.00000      |
|              Node83               |     1    |   0.48 (100.00%)   |       N/A        |        0.00        |       1.00000      |
|             T82200102             |     1    |   1.07 (100.00%)   |       N/A        |       -0.13        |       0.50000      |
|              Node818              |     1    |   0.11 (100.00%)   |       N/A        |        0.00        |       1.00000      |
|              Node58               |     1    |   0.17 (100.00%)   |       N/A        |        0.00        |       1.00000      |
|              Node693              |     1    |   0.00 (100.00%)   |       N/A        |        0.00        |       1.00000      |
|             T23420001             |     1    |   0.27 (100.00%)   |       N/A        |        0.00        |       1.00000      |
|              Node559              |     1    |   0.00 (100.00%)   |       N/A        |        0.00        |       1.00000      |
|              Node678              |     1    |   0.68 (100.00%)   |       N/A        |        0.00        |       1.00000      |
|             T17520011             |     1    |   0.67 (100.00%)   |       N/A        |        0.00        |       1.00000      |
|             T30199909             |     1    |   0.71 (100.00%)   |       N/A        |        0.00        |       1.00000      |
|             T72200011             |     1    |   0.18 (100.00%)   |       N/A        |        0.00        |       1.00000      |
|              Node134              |     1    |   0.18 (100.00%)   |       N/A        |        0.00        |       1.00000      |
|              Node255              |     1    |   0.16 (100.00%)   |       N/A        |        0.00        |       1.00000      |
|             T15120020             |     1    |   0.71 (100.00%)   |       N/A        |        0.00        |       1.00000      |
|              Node706              |     1    |   0.18 (100.00%)   |       N/A        |        0.00        |       1.00000      |
|             T11620001             |     1    |  >1000 (100.00%)   |       N/A        |        1.26        |       0.21169      |
|             T32200007             |     1    |  >1000 (100.00%)   |       N/A        |       21.35        |       0.00001      |
|              Node555              |     1    |  >1000 (100.00%)   |       N/A        |        1.72        |       0.16491      |
|              Node313              |     1    |   0.00 (100.00%)   |       N/A        |        0.00        |       1.00000      |
|             T99200101             |     1    |  >1000 (100.00%)   |       N/A        |        7.44        |       0.00853      |
|              Node749              |     1    |   0.28 (100.00%)   |       N/A        |        0.00        |       1.00000      |
|              Node781              |     1    |   0.73 (100.00%)   |       N/A        |        0.00        |       1.00000      |
|              Node683              |     1    |  >1000 (100.00%)   |       N/A        |       14.58        |       0.00023      |
|              Node545              |     1    |  >1000 (100.00%)   |       N/A        |        0.90        |       0.25962      |
|             T14620001             |     1    |  >1000 (100.00%)   |       N/A        |       11.12        |       0.00132      |
|              Node638              |     1    |   0.12 (100.00%)   |       N/A        |        0.00        |       1.00000      |
|             T24020080             |     1    |   0.98 (100.00%)   |       N/A        |        0.00        |       1.00000      |
|             N12319990             |     1    |   0.15 (100.00%)   |       N/A        |        0.00        |       1.00000      |
|              Node181              |     1    |   0.00 (100.00%)   |       N/A        |        0.00        |       1.00000      |
|              Node144              |     1    |   0.00 (100.00%)   |       N/A        |        0.00        |       1.00000      |
|              Node505              |     1    |   0.23 (100.00%)   |       N/A        |        0.00        |       1.00000      |
|              Node581              |     1    |   0.00 (100.00%)   |       N/A        |        0.00        |       1.00000      |
|             N51200412             |     1    |   0.17 (100.00%)   |       N/A        |        0.00        |       1.00000      |
|             T65200101             |     1    |   0.35 (100.00%)   |       N/A        |        0.00        |       1.00000      |
|              Node359              |     1    |   0.17 (100.00%)   |       N/A        |        0.00        |       1.00000      |
|              Node497              |     1    |   0.97 (100.00%)   |       N/A        |        0.00        |       1.00000      |
|             T78199912             |     1    |   0.00 (100.00%)   |       N/A        |        0.00        |       1.00000      |
|              Node779              |     1    |   0.13 (100.00%)   |       N/A        |        0.00        |       1.00000      |
|              Node669              |     1    |   0.81 (100.00%)   |       N/A        |        0.00        |       1.00000      |
|             T12519990             |     1    |  >1000 (100.00%)   |       N/A        |        7.93        |       0.00667      |
|              Node592              |     1    |   0.00 (100.00%)   |       N/A        |        0.00        |       1.00000      |
|              Node719              |     1    |   0.42 (100.00%)   |       N/A        |        0.00        |       1.00000      |
|             N11619991             |     1    |   0.46 (100.00%)   |       N/A        |        0.00        |       1.00000      |
|              Node328              |     1    |   0.22 (100.00%)   |       N/A        |        0.00        |       1.00000      |
|             N63200101             |     1    |   0.00 (100.00%)   |       N/A        |        0.00        |       1.00000      |
|             N17319990             |     1    |   0.27 (100.00%)   |       N/A        |        0.00        |       1.00000      |
|             N40199903             |     1    |   0.00 (100.00%)   |       N/A        |        0.00        |       1.00000      |
|             T14120000             |     1    |  >1000 (100.00%)   |       N/A        |       12.63        |       0.00062      |
|              Node772              |     1    |   0.17 (100.00%)   |       N/A        |        0.00        |       1.00000      |
|             T20720000             |     1    |   0.26 (100.00%)   |       N/A        |        0.00        |       1.00000      |
|             T91199912             |     1    |   0.00 (100.00%)   |       N/A        |        0.00        |       1.00000      |
|              Node11               |     1    |   0.00 (100.00%)   |       N/A        |        0.00        |       1.00000      |
|              Node145              |     1    |   0.00 (100.00%)   |       N/A        |        0.00        |       1.00000      |
|              Node156              |     1    |   0.00 (100.00%)   |       N/A        |        0.00        |       1.00000      |
|              Node301              |     2    |   >1000 ( 1.01%)   |          2       |        7.72        |       0.00741      |
|              Node494              |     1    |   0.00 (100.00%)   |       N/A        |        0.00        |       1.00000      |
|             T11220000             |     1    |   0.38 (100.00%)   |       N/A        |        0.00        |       1.00000      |
|              Node293              |     1    |   0.00 (100.00%)   |       N/A        |        0.00        |       1.00000      |
|             N17119990             |     1    |   0.34 (100.00%)   |       N/A        |        0.00        |       1.00000      |
|             N44200201             |     1    |   0.00 (100.00%)   |       N/A        |        0.00        |       1.00000      |
|              Node884              |     1    |   1.02 (100.00%)   |       N/A        |       -0.13        |       0.50000      |
|             N10919990             |     1    |   0.29 (100.00%)   |       N/A        |        0.00        |       1.00000      |
|              Node676              |     1    |   0.00 (100.00%)   |       N/A        |        0.00        |       1.00000      |
|              Node300              |     1    |  >1000 (100.00%)   |       N/A        |       12.08        |       0.00082      |
|              Node120              |     1    |   0.00 (100.00%)   |       N/A        |        0.00        |       1.00000      |
|              Node72               |     1    |   0.00 (100.00%)   |       N/A        |        0.00        |       1.00000      |
|             T77200005             |     1    |   0.18 (100.00%)   |       N/A        |        0.00        |       1.00000      |
|              Node727              |     1    |   0.31 (100.00%)   |       N/A        |        0.00        |       1.00000      |
|              Node438              |     1    |  >1000 (100.00%)   |       N/A        |        0.63        |       0.30480      |
|              Node617              |     1    |   0.00 (100.00%)   |       N/A        |        0.00        |       1.00000      |
|              Node458              |     1    |   0.00 (100.00%)   |       N/A        |        0.00        |       1.00000      |
|             T13219990             |     1    |   0.00 (100.00%)   |       N/A        |        0.00        |       1.00000      |
|             N41200002             |     1    |   0.00 (100.00%)   |       N/A        |        0.00        |       1.00000      |
|             T34199911             |     1    |   0.34 (100.00%)   |       N/A        |        0.00        |       1.00000      |
|             N23019990             |     1    |   0.33 (100.00%)   |       N/A        |        0.00        |       1.00000      |
|             N16319990             |     1    |   0.58 (100.00%)   |       N/A        |        0.00        |       1.00000      |
|              Node230              |     1    |   0.00 (100.00%)   |       N/A        |        0.00        |       1.00000      |
|              Node103              |     1    |   0.00 (100.00%)   |       N/A        |        0.00        |       1.00000      |
|              Node281              |     1    |   0.55 (100.00%)   |       N/A        |        0.00        |       1.00000      |
|             T11200103             |     1    |   0.73 (100.00%)   |       N/A        |        0.00        |       1.00000      |
|             N14819990             |     1    |   0.34 (100.00%)   |       N/A        |        0.00        |       1.00000      |
|             N34199901             |     1    |   0.34 (100.00%)   |       N/A        |        0.00        |       1.00000      |
|              Node264              |     1    |   0.42 (100.00%)   |       N/A        |        0.00        |       1.00000      |
|             T20620010             |     1    |   0.34 (100.00%)   |       N/A        |        0.00        |       1.00000      |
|             N19919991             |     1    |   0.34 (100.00%)   |       N/A        |        0.00        |       1.00000      |
|             T13419991             |     1    |   0.34 (100.00%)   |       N/A        |        0.00        |       1.00000      |
|             N18919981             |     1    |   0.35 (100.00%)   |       N/A        |        0.00        |       1.00000      |
|              Node289              |     1    |   0.00 (100.00%)   |       N/A        |        0.00        |       1.00000      |
|             T9200006              |     1    |  >1000 (100.00%)   |       N/A        |       24.77        |       0.00000      |
|             N29199901             |     1    |   0.37 (100.00%)   |       N/A        |        0.00        |       1.00000      |
|             N11019990             |     1    |   0.00 (100.00%)   |       N/A        |        0.00        |       1.00000      |
|              Node750              |     1    |   0.45 (100.00%)   |       N/A        |        0.00        |       1.00000      |
|             T10720000             |     2    |   >1000 ( 0.49%)   |          1       |       10.97        |       0.00143      |
|              Node351              |     1    |  >1000 (100.00%)   |       N/A        |        0.81        |       0.27422      |
|              Node454              |     1    |   0.65 (100.00%)   |       N/A        |        0.00        |       1.00000      |
|              Node110              |     1    |   0.21 (100.00%)   |       N/A        |        0.00        |       1.00000      |
|             T13720000             |     1    |  >1000 (100.00%)   |       N/A        |        1.46        |       0.19027      |
|              Node96               |     1    |   0.38 (100.00%)   |       N/A        |        0.00        |       1.00000      |
|             T11819990             |     1    |  >1000 (100.00%)   |       N/A        |       13.17        |       0.00047      |
|             T11319991             |     1    |  >1000 (100.00%)   |       N/A        |        6.63        |       0.01288      |
|              Node57               |     1    |  >1000 (100.00%)   |       N/A        |        0.96        |       0.25128      |
|             T19320000             |     1    |  >1000 (100.00%)   |       N/A        |       17.65        |       0.00005      |
|             T21120000             |     1    |  >1000 (100.00%)   |       N/A        |        1.73        |       0.16363      |
|             T13519991             |     1    |  >1000 (100.00%)   |       N/A        |       20.87        |       0.00001      |
|              Node600              |     1    |   0.60 (100.00%)   |       N/A        |        0.00        |       1.00000      |
|             N17199606             |     1    |   0.35 (100.00%)   |       N/A        |        0.00        |       1.00000      |
|              Node196              |     1    |   0.00 (100.00%)   |       N/A        |        0.00        |       1.00000      |
|             N53200412             |     1    |   0.30 (100.00%)   |       N/A        |        0.00        |       1.00000      |
|              Node540              |     1    |   0.00 (100.00%)   |       N/A        |        0.00        |       1.00000      |
|              Node207              |     1    |   1.91 (100.00%)   |       N/A        |       -0.07        |       0.50000      |
|              Node165              |     1    |  >1000 (100.00%)   |       N/A        |        0.96        |       0.25050      |
|             T53200502             |     1    |   0.41 (100.00%)   |       N/A        |        0.00        |       1.00000      |
|             T20820000             |     1    |   0.21 (100.00%)   |       N/A        |        0.00        |       1.00000      |
|              Node519              |     1    |  >1000 (100.00%)   |       N/A        |        1.51        |       0.18528      |
|             T60200502             |     1    |   0.34 (100.00%)   |       N/A        |        0.00        |       1.00000      |
|             N21319990             |     1    |   0.00 (100.00%)   |       N/A        |        0.00        |       1.00000      |
|              Node94               |     1    |  >1000 (100.00%)   |       N/A        |        1.51        |       0.18499      |
|              Node336              |     1    |   0.00 (100.00%)   |       N/A        |        0.00        |       1.00000      |
|              Node664              |     1    |   0.40 (100.00%)   |       N/A        |        0.00        |       1.00000      |
|              Node344              |     1    |   0.48 (100.00%)   |       N/A        |        0.00        |       1.00000      |
|              Node520              |     1    |  >1000 (100.00%)   |       N/A        |        0.91        |       0.25828      |
|             N84199903             |     1    |   0.35 (100.00%)   |       N/A        |        0.00        |       1.00000      |
|             N85199811             |     1    |  >1000 (100.00%)   |       N/A        |        1.03        |       0.24062      |
|              Node259              |     1    |   0.43 (100.00%)   |       N/A        |        0.00        |       1.00000      |
|             N48200412             |     1    |  >1000 (100.00%)   |       N/A        |        1.07        |       0.23577      |
|              Node897              |     1    |   0.00 (100.00%)   |       N/A        |        0.00        |       1.00000      |
|             N21619990             |     1    |   0.61 (100.00%)   |       N/A        |        0.00        |       1.00000      |
|             T19620000             |     1    |  >1000 (100.00%)   |       N/A        |        6.34        |       0.01495      |
|              Node563              |     1    |   0.00 (100.00%)   |       N/A        |        0.00        |       1.00000      |
|              Node657              |     1    |   0.49 (100.00%)   |       N/A        |        0.00        |       1.00000      |
|             T14819991             |     1    |  >1000 (100.00%)   |       N/A        |        1.19        |       0.22092      |
|              Node82               |     1    |  >1000 (100.00%)   |       N/A        |        1.37        |       0.19956      |
|             T84200002             |     1    |  >1000 (100.00%)   |       N/A        |        0.67        |       0.29717      |
|              Node839              |     1    |   0.00 (100.00%)   |       N/A        |        0.00        |       1.00000      |
|             T21720000             |     1    |   0.49 (100.00%)   |       N/A        |        0.00        |       1.00000      |
|              Node943              |     2    |   >1000 ( 0.43%)   |          1       |        9.04        |       0.00379      |
|              Node296              |     1    |  >1000 (100.00%)   |       N/A        |        8.33        |       0.00545      |
|              Node23               |     1    |   0.00 (100.00%)   |       N/A        |        0.00        |       1.00000      |
|              Node509              |     1    |   0.72 (100.00%)   |       N/A        |        0.00        |       1.00000      |
|             N86199901             |     1    |   0.00 (100.00%)   |       N/A        |        0.00        |       1.00000      |
|              Node237              |     1    |   0.34 (100.00%)   |       N/A        |        0.00        |       1.00000      |
|              Node801              |     1    |   0.35 (100.00%)   |       N/A        |        0.00        |       1.00000      |
|              Node628              |     1    |  >1000 (100.00%)   |       N/A        |        0.49        |       0.33179      |
|              Node439              |     1    |   0.00 (100.00%)   |       N/A        |        0.00        |       1.00000      |
|              Node177              |     1    |   0.00 (100.00%)   |       N/A        |        0.00        |       1.00000      |
|             N10199911             |     1    |   0.00 (100.00%)   |       N/A        |        0.00        |       1.00000      |
|              Node220              |     1    |   0.00 (100.00%)   |       N/A        |        0.00        |       1.00000      |
|              Node312              |     1    |   0.40 (100.00%)   |       N/A        |        0.00        |       1.00000      |
|             N16200103             |     1    |  >1000 (100.00%)   |       N/A        |        1.09        |       0.23306      |
|              Node65               |     1    |   0.00 (100.00%)   |       N/A        |        0.00        |       1.00000      |
|              Node714              |     1    |  >1000 (100.00%)   |       N/A        |        0.92        |       0.25638      |
|              Node591              |     1    |  >1000 (100.00%)   |       N/A        |        0.51        |       0.32804      |
|             T15200201             |     1    |  >1000 (100.00%)   |       N/A        |       23.03        |       0.00000      |
|              Node12               |     1    |  >1000 (100.00%)   |       N/A        |        0.84        |       0.26961      |
|             T16200304             |     1    |  >1000 (100.00%)   |       N/A        |        0.89        |       0.26166      |
|              Node653              |     1    |  >1000 (100.00%)   |       N/A        |        0.45        |       0.33973      |
|              Node811              |     1    |   0.00 (100.00%)   |       N/A        |        0.00        |       1.00000      |
|              Node589              |     1    |   0.35 (100.00%)   |       N/A        |        0.00        |       1.00000      |
|             N16619990             |     1    |  >1000 (100.00%)   |       N/A        |        0.95        |       0.25263      |
|              Node614              |     1    |   0.35 (100.00%)   |       N/A        |        0.00        |       1.00000      |
|             T24220020             |     1    |   0.00 (100.00%)   |       N/A        |        0.00        |       1.00000      |
|             T22120000             |     1    |  >1000 (100.00%)   |       N/A        |       23.33        |       0.00000      |
|             T21920000             |     1    |   0.36 (100.00%)   |       N/A        |        0.00        |       1.00000      |
|             T20520000             |     1    |  >1000 (100.00%)   |       N/A        |        0.43        |       0.34382      |
|             T21319991             |     1    |  >1000 (100.00%)   |       N/A        |       16.67        |       0.00008      |
|              Node326              |     1    |  >1000 (100.00%)   |       N/A        |        0.97        |       0.24950      |
|              Node380              |     1    |  >1000 (100.00%)   |       N/A        |        1.08        |       0.23494      |
|              Node169              |     1    |   0.00 (100.00%)   |       N/A        |        0.00        |       1.00000      |
|             N61200412             |     1    |  >1000 (100.00%)   |       N/A        |       23.98        |       0.00000      |
|             N23720041             |     1    |  >1000 (100.00%)   |       N/A        |        1.07        |       0.23622      |
|               Node2               |     1    |   0.00 (100.00%)   |       N/A        |        0.00        |       1.00000      |
|              Node701              |     1    |  >1000 (100.00%)   |       N/A        |        0.28        |       0.37914      |
|              Node456              |     1    |  >1000 (100.00%)   |       N/A        |        0.85        |       0.26734      |
|             T14920010             |     1    |  >1000 (100.00%)   |       N/A        |       18.28        |       0.00004      |
|             T17020000             |     1    |  >1000 (100.00%)   |       N/A        |        0.50        |       0.33006      |
|             N16919990             |     1    |   0.00 (100.00%)   |       N/A        |        0.00        |       1.00000      |
|              Node191              |     1    |   0.00 (100.00%)   |       N/A        |        0.00        |       1.00000      |
|             N12519981             |     1    |   0.00 (100.00%)   |       N/A        |        0.00        |       1.00000      |
|              Node803              |     1    |  >1000 (100.00%)   |       N/A        |        0.14        |       0.42027      |
|              Node218              |     1    |  >1000 (100.00%)   |       N/A        |        0.63        |       0.30478      |
|             N7199611              |     1    |   0.00 (100.00%)   |       N/A        |        0.00        |       1.00000      |
|             N15319990             |     1    |   0.00 (100.00%)   |       N/A        |        0.00        |       1.00000      |
|             N97199901             |     1    |   0.00 (100.00%)   |       N/A        |        0.00        |       1.00000      |
|             N33199901             |     1    |   0.00 (100.00%)   |       N/A        |        0.00        |       1.00000      |
|             T64199905             |     1    |  >1000 (100.00%)   |       N/A        |        7.99        |       0.00645      |
|              Node53               |     1    |   0.00 (100.00%)   |       N/A        |        0.00        |       1.00000      |
|              Node49               |     1    |   0.00 (100.00%)   |       N/A        |        0.00        |       1.00000      |
|             T37199910             |     1    |   0.00 (100.00%)   |       N/A        |        0.00        |       1.00000      |
|             N23920060             |     1    |   0.00 (100.00%)   |       N/A        |        0.00        |       1.00000      |
|             T14019990             |     1    |  >1000 (100.00%)   |       N/A        |        0.25        |       0.38819      |
|             N22519990             |     1    |   0.00 (100.00%)   |       N/A        |        0.00        |       1.00000      |
|              Node700              |     1    |   0.00 (100.00%)   |       N/A        |        0.00        |       1.00000      |
|             N15519981             |     1    |   0.00 (100.00%)   |       N/A        |        0.00        |       1.00000      |
|              Node238              |     1    |   0.00 (100.00%)   |       N/A        |        0.00        |       1.00000      |
|              Node21               |     1    |  >1000 (100.00%)   |       N/A        |        0.62        |       0.30674      |
|              Node22               |     1    |  >1000 (100.00%)   |       N/A        |        0.60        |       0.30995      |
|              Node452              |     1    |   0.14 (100.00%)   |       N/A        |        0.00        |       1.00000      |
|              Node146              |     1    |   0.00 (100.00%)   |       N/A        |        0.00        |       1.00000      |
|             N30199901             |     1    |  >1000 (100.00%)   |       N/A        |        0.46        |       0.33810      |
|             T14720001             |     1    |  >1000 (100.00%)   |       N/A        |        6.26        |       0.01559      |
|             N23219990             |     1    |  >1000 (100.00%)   |       N/A        |        7.30        |       0.00919      |
|             N46200412             |     1    |   0.00 (100.00%)   |       N/A        |        0.00        |       1.00000      |
|             N15119991             |     1    |  >1000 (100.00%)   |       N/A        |        0.44        |       0.34128      |
|             N37199901             |     1    |  >1000 (100.00%)   |       N/A        |       18.84        |       0.00003      |
|             T22820001             |     1    |  >1000 (100.00%)   |       N/A        |        3.75        |       0.05669      |
|             T12719990             |     1    |  >1000 (100.00%)   |       N/A        |        0.82        |       0.27148      |
|             T92200003             |     1    |  >1000 (100.00%)   |       N/A        |       17.70        |       0.00005      |
|             T17420020             |     1    |  >1000 (100.00%)   |       N/A        |        6.00        |       0.01775      |
|             T22720000             |     1    |  >1000 (100.00%)   |       N/A        |       11.62        |       0.00103      |
|             T14320001             |     1    |  >1000 (100.00%)   |       N/A        |        6.09        |       0.01704      |
|             T10819990             |     1    |  >1000 (100.00%)   |       N/A        |        0.07        |       0.44600      |
|             N18819990             |     1    |  >1000 (100.00%)   |       N/A        |        0.44        |       0.34153      |
|             T13119990             |     1    |  >1000 (100.00%)   |       N/A        |       20.11        |       0.00001      |
|             T68199912             |     1    |  >1000 (100.00%)   |       N/A        |       20.60        |       0.00001      |
|              Node840              |     1    |  >1000 (100.00%)   |       N/A        |        0.46        |       0.33796      |
|             T18919990             |     1    |  >1000 (100.00%)   |       N/A        |        0.46        |       0.33781      |
|              Node239              |     1    |  >1000 (100.00%)   |       N/A        |        0.39        |       0.35409      |
|             T18020000             |     1    |  >1000 (100.00%)   |       N/A        |       16.30        |       0.00010      |
|             N20119991             |     1    |  >1000 (100.00%)   |       N/A        |        0.44        |       0.34251      |
|             T20319990             |     1    |  >1000 (100.00%)   |       N/A        |       13.28        |       0.00044      |
|              Node486              |     1    |  >1000 (100.00%)   |       N/A        |        3.78        |       0.05563      |
|             T19219990             |     1    |  >1000 (100.00%)   |       N/A        |        3.73        |       0.05721      |
|              Node764              |     1    |   0.00 (100.00%)   |       N/A        |        0.00        |       1.00000      |
|             N13919981             |     1    |  >1000 (100.00%)   |       N/A        |        0.34        |       0.36452      |
|             N20519990             |     1    |  >1000 (100.00%)   |       N/A        |        0.22        |       0.39668      |
|              Node741              |     1    |  >1000 (100.00%)   |       N/A        |       -0.01        |       0.50000      |
|              Node254              |     1    |   0.00 (100.00%)   |       N/A        |        0.00        |       1.00000      |
|              Node358              |     1    |   0.00 (100.00%)   |       N/A        |        0.00        |       1.00000      |
|              Node84               |     1    |  >1000 (100.00%)   |       N/A        |        0.28        |       0.38021      |
|             N57200412             |     1    |   0.00 (100.00%)   |       N/A        |        0.00        |       1.00000      |
|             N21199201             |     1    |   0.00 (100.00%)   |       N/A        |        0.00        |       1.00000      |
|             N3199901              |     1    |  >1000 (100.00%)   |       N/A        |        0.44        |       0.34178      |
|              Node219              |     1    |   0.00 (100.00%)   |       N/A        |        0.00        |       1.00000      |
|              Node548              |     1    |   0.00 (100.00%)   |       N/A        |        0.00        |       1.00000      |
|             T5200107              |     1    |  >1000 (100.00%)   |       N/A        |        0.52        |       0.32532      |
|              Node896              |     1    |  >1000 (100.00%)   |       N/A        |        0.55        |       0.31986      |
|               Node3               |     1    |  >1000 (100.00%)   |       N/A        |        0.54        |       0.32236      |
|              Node396              |     1    |   0.00 (100.00%)   |       N/A        |        0.00        |       1.00000      |
|              Node903              |     1    |   0.00 (100.00%)   |       N/A        |        0.00        |       1.00000      |
|              Node668              |     1    |  >1000 (100.00%)   |       N/A        |        0.50        |       0.32866      |
|             T21420000             |     1    |   0.00 (100.00%)   |       N/A        |        0.00        |       1.00000      |
|             T47200502             |     1    |  >1000 (100.00%)   |       N/A        |       13.53        |       0.00039      |
|             T57200502             |     1    |  >1000 (100.00%)   |       N/A        |       31.30        |       0.00000      |
|             T48200502             |     1    |  >1000 (100.00%)   |       N/A        |        0.33        |       0.36681      |
|             T21519991             |     1    |  >1000 (100.00%)   |       N/A        |       12.00        |       0.00085      |
|              Node478              |     1    |   0.00 (100.00%)   |       N/A        |        0.00        |       1.00000      |
|              Node381              |     1    |   0.00 (100.00%)   |       N/A        |        0.00        |       1.00000      |
|              Node64               |     1    |  >1000 (100.00%)   |       N/A        |        0.47        |       0.33661      |
|             T19020020             |     1    |  >1000 (100.00%)   |       N/A        |        3.70        |       0.05807      |
|             N87199903             |     1    |   0.00 (100.00%)   |       N/A        |        0.00        |       1.00000      |
|              Node835              |     1    |  >1000 (100.00%)   |       N/A        |        0.22        |       0.39617      |
|              Node327              |     1    |  >1000 (100.00%)   |       N/A        |        0.25        |       0.38739      |
|              Node910              |     1    |  >1000 (100.00%)   |       N/A        |        0.46        |       0.33742      |
|              Node928              |     1    |  >1000 (100.00%)   |       N/A        |        0.47        |       0.33570      |
|              Node930              |     1    |  >1000 (100.00%)   |       N/A        |        0.39        |       0.35438      |
|              Node430              |     1    |  >1000 (100.00%)   |       N/A        |        0.40        |       0.35053      |
|              Node929              |     1    |  >1000 (100.00%)   |       N/A        |        0.45        |       0.34046      |
|              Node898              |     1    |  >1000 (100.00%)   |       N/A        |        0.47        |       0.33649      |
|              Node337              |     1    |  >1000 (100.00%)   |       N/A        |       -0.01        |       0.50000      |
|             N62200101             |     1    |   0.00 (100.00%)   |       N/A        |        0.00        |       1.00000      |
|              Node713              |     1    |   0.00 (100.00%)   |       N/A        |        0.00        |       1.00000      |
|              Node562              |     1    |  >1000 (100.00%)   |       N/A        |        0.22        |       0.39752      |
|             T10420000             |     1    |  >1000 (100.00%)   |       N/A        |        3.83        |       0.05423      |
|              Node410              |     1    |  >1000 (100.00%)   |       N/A        |        0.35        |       0.36184      |
|              Node712              |     1    |   0.00 (100.00%)   |       N/A        |        0.00        |       1.00000      |
|              Node95               |     1    |  >1000 (100.00%)   |       N/A        |        0.37        |       0.35684      |
|              Node189              |     1    |   0.00 (100.00%)   |       N/A        |        0.00        |       1.00000      |
|              Node434              |     1    |   0.00 (100.00%)   |       N/A        |        0.00        |       1.00000      |
|              Node590              |     1    |   0.00 (100.00%)   |       N/A        |        0.00        |       1.00000      |
|              Node810              |     1    |   0.00 (100.00%)   |       N/A        |        0.00        |       1.00000      |
|              Node279              |     1    |   0.00 (100.00%)   |       N/A        |        0.00        |       1.00000      |
|             N77199906             |     1    |  >1000 (100.00%)   |       N/A        |        0.23        |       0.39406      |
|             N11199911             |     1    |   0.00 (100.00%)   |       N/A        |        0.00        |       1.00000      |
|             N16519990             |     1    |  >1000 (100.00%)   |       N/A        |        0.35        |       0.36227      |
|              Node369              |     1    |   0.00 (100.00%)   |       N/A        |        0.00        |       1.00000      |
|             T16219990             |     1    |  >1000 (100.00%)   |       N/A        |       12.08        |       0.00082      |
|              Node419              |     1    |  >1000 (100.00%)   |       N/A        |        0.03        |       0.46615      |
|             N98199901             |     1    |  >1000 (100.00%)   |       N/A        |        0.44        |       0.34133      |
|             T81200002             |     1    |  >1000 (100.00%)   |       N/A        |        6.22        |       0.01592      |
|              Node468              |     1    |  >1000 (100.00%)   |       N/A        |        0.38        |       0.35608      |
|              Node917              |     1    |   0.00 (100.00%)   |       N/A        |        0.00        |       1.00000      |
|              Node802              |     1    |   0.00 (100.00%)   |       N/A        |        0.00        |       1.00000      |
|             T16119990             |     1    |  >1000 (100.00%)   |       N/A        |        3.75        |       0.05646      |
|              Node378              |     1    |   0.00 (100.00%)   |       N/A        |        0.00        |       1.00000      |
|             T86200009             |     1    |  >1000 (100.00%)   |       N/A        |        3.77        |       0.05591      |
|             N18200108             |     1    |  >1000 (100.00%)   |       N/A        |        3.28        |       0.07207      |
|              Node132              |     1    |  >1000 (100.00%)   |       N/A        |       -0.08        |       0.50000      |
|             N17819990             |     1    |   0.00 (100.00%)   |       N/A        |        0.00        |       1.00000      |
|              Node457              |     1    |  >1000 (100.00%)   |       N/A        |        0.41        |       0.34794      |
|             T23720060             |     1    |  >1000 (100.00%)   |       N/A        |        0.43        |       0.34440      |
|              Node718              |     1    |  >1000 (100.00%)   |       N/A        |        0.41        |       0.34965      |
|              Node377              |     1    |   0.00 (100.00%)   |       N/A        |        0.00        |       1.00000      |
|              Node188              |     1    |   0.00 (100.00%)   |       N/A        |        0.00        |       1.00000      |
|              Node20               |     1    |   0.00 (100.00%)   |       N/A        |        0.00        |       1.00000      |
|              Node794              |     1    |  >1000 (100.00%)   |       N/A        |        0.44        |       0.34172      |
|             N14219990             |     1    |   1.00 (100.00%)   |       N/A        |        0.00        |       1.00000      |
|             N12219990             |     1    |   0.00 (100.00%)   |       N/A        |        0.00        |       1.00000      |
|              Node163              |     1    |   0.00 (100.00%)   |       N/A        |        0.00        |       1.00000      |
|              Node613              |     1    |  >1000 (100.00%)   |       N/A        |        0.49        |       0.33220      |
|             N24220000             |     1    |  >1000 (100.00%)   |       N/A        |       10.19        |       0.00212      |
|              Node379              |     1    |  >1000 (100.00%)   |       N/A        |        0.48        |       0.33367      |
|              Node578              |     1    |   0.00 (100.00%)   |       N/A        |        0.00        |       1.00000      |
|              Node311              |     1    |  >1000 (100.00%)   |       N/A        |        0.07        |       0.44783      |
|              Node711              |     1    |  >1000 (100.00%)   |       N/A        |        0.37        |       0.35727      |
|              Node376              |     1    |  >1000 (100.00%)   |       N/A        |        0.49        |       0.33186      |
|              Node217              |     1    |   0.00 (100.00%)   |       N/A        |        0.00        |       1.00000      |
|              Node607              |     1    |  >1000 (100.00%)   |       N/A        |        0.44        |       0.34213      |
|              Node15               |     1    |  >1000 (100.00%)   |       N/A        |        0.44        |       0.34310      |
|              Node215              |     1    |  >1000 (100.00%)   |       N/A        |        0.43        |       0.34382      |
|             N21119990             |     1    |  >1000 (100.00%)   |       N/A        |        0.48        |       0.33376      |
|              Node79               |     1    |  >1000 (100.00%)   |       N/A        |        0.47        |       0.33539      |
|              Node253              |     1    |  >1000 (100.00%)   |       N/A        |       -0.12        |       0.50000      |
|              Node80               |     1    |  >1000 (100.00%)   |       N/A        |        0.47        |       0.33477      |
|              Node131              |     1    |  >1000 (100.00%)   |       N/A        |        0.48        |       0.33274      |
|              Node280              |     1    |  >1000 (100.00%)   |       N/A        |        0.38        |       0.35472      |
|              Node385              |     1    |   0.00 (100.00%)   |       N/A        |        0.00        |       1.00000      |
|             N14200012             |     1    |   0.00 (100.00%)   |       N/A        |        0.00        |       1.00000      |
|             N4199904              |     1    |   0.00 (100.00%)   |       N/A        |        0.00        |       1.00000      |
|             N10119990             |     1    |   1.00 (100.00%)   |       N/A        |        0.00        |       1.00000      |
|             N13819981             |     1    |   1.00 (100.00%)   |       N/A        |        0.00        |       1.00000      |
|             N10219981             |     1    |   1.00 (100.00%)   |       N/A        |        0.00        |       1.00000      |
|             N10319990             |     1    |   1.00 (100.00%)   |       N/A        |        0.00        |       1.00000      |
|             N10019990             |     1    |   1.00 (100.00%)   |       N/A        |        0.00        |       1.00000      |
|             N10419990             |     1    |   1.00 (100.00%)   |       N/A        |        0.00        |       1.00000      |
|             N11419990             |     1    |   1.00 (100.00%)   |       N/A        |        0.00        |       1.00000      |
|             N10719990             |     1    |   1.00 (100.00%)   |       N/A        |        0.00        |       1.00000      |
|             N11319990             |     1    |   1.00 (100.00%)   |       N/A        |        0.00        |       1.00000      |
|             N10819981             |     1    |   1.00 (100.00%)   |       N/A        |        0.00        |       1.00000      |
|             N10519990             |     1    |   1.00 (100.00%)   |       N/A        |        0.00        |       1.00000      |
|             N11219990             |     1    |   1.00 (100.00%)   |       N/A        |        0.00        |       1.00000      |
|             N10619990             |     1    |   1.00 (100.00%)   |       N/A        |        0.00        |       1.00000      |
|             N11119990             |     1    |   1.00 (100.00%)   |       N/A        |        0.00        |       1.00000      |
|             N13719991             |     1    |   1.00 (100.00%)   |       N/A        |        0.00        |       1.00000      |
|             N13119990             |     1    |   1.00 (100.00%)   |       N/A        |        0.00        |       1.00000      |
|             N13519990             |     1    |   1.00 (100.00%)   |       N/A        |        0.00        |       1.00000      |
|             N13619991             |     1    |   1.00 (100.00%)   |       N/A        |        0.00        |       1.00000      |
|             N13200010             |     1    |   1.00 (100.00%)   |       N/A        |        0.00        |       1.00000      |
|             N12919991             |     1    |   1.00 (100.00%)   |       N/A        |        0.00        |       1.00000      |
|             N13219990             |     1    |   1.00 (100.00%)   |       N/A        |        0.00        |       1.00000      |
|              Node252              |     1    |   1.00 (100.00%)   |       N/A        |        0.00        |       1.00000      |
|             N13019981             |     1    |   1.00 (100.00%)   |       N/A        |        0.00        |       1.00000      |
|             N13419990             |     1    |   1.00 (100.00%)   |       N/A        |        0.00        |       1.00000      |
|             N11719991             |     1    |   1.00 (100.00%)   |       N/A        |        0.00        |       1.00000      |
|             N12200008             |     1    |   1.00 (100.00%)   |       N/A        |        0.00        |       1.00000      |
|             N11819990             |     1    |   1.00 (100.00%)   |       N/A        |        0.00        |       1.00000      |
|             N12119990             |     1    |   1.00 (100.00%)   |       N/A        |        0.00        |       1.00000      |
|             N14519991             |     1    |   1.00 (100.00%)   |       N/A        |        0.00        |       1.00000      |
|             N11919991             |     1    |   1.00 (100.00%)   |       N/A        |        0.00        |       1.00000      |
|             N12419991             |     1    |   1.00 (100.00%)   |       N/A        |        0.00        |       1.00000      |
|             N12019991             |     1    |   1.00 (100.00%)   |       N/A        |        0.00        |       1.00000      |
|             N14419990             |     1    |   1.00 (100.00%)   |       N/A        |        0.00        |       1.00000      |
|             N12819990             |     1    |   1.00 (100.00%)   |       N/A        |        0.00        |       1.00000      |
|             N14319990             |     1    |   1.00 (100.00%)   |       N/A        |        0.00        |       1.00000      |
|             N14019990             |     1    |   1.00 (100.00%)   |       N/A        |        0.00        |       1.00000      |
|             N15619990             |     1    |   1.00 (100.00%)   |       N/A        |        0.00        |       1.00000      |
|             N14119990             |     1    |   1.00 (100.00%)   |       N/A        |        0.00        |       1.00000      |
|             N15419981             |     1    |   1.00 (100.00%)   |       N/A        |        0.00        |       1.00000      |
|             N14719991             |     1    |   1.00 (100.00%)   |       N/A        |        0.00        |       1.00000      |
|             N15200101             |     1    |   1.00 (100.00%)   |       N/A        |        0.00        |       1.00000      |
|             N15219990             |     1    |   1.00 (100.00%)   |       N/A        |        0.00        |       1.00000      |
|             N14919990             |     1    |   1.00 (100.00%)   |       N/A        |        0.00        |       1.00000      |
|             N15719990             |     1    |   1.00 (100.00%)   |       N/A        |        0.00        |       1.00000      |
|             N15019990             |     1    |   1.00 (100.00%)   |       N/A        |        0.00        |       1.00000      |
|             N15819990             |     1    |   1.00 (100.00%)   |       N/A        |        0.00        |       1.00000      |
|             N14619991             |     1    |   1.00 (100.00%)   |       N/A        |        0.00        |       1.00000      |
|             N12719990             |     1    |   1.00 (100.00%)   |       N/A        |        0.00        |       1.00000      |
|             N22419990             |     1    |   1.00 (100.00%)   |       N/A        |        0.00        |       1.00000      |
|             N12619990             |     1    |   1.00 (100.00%)   |       N/A        |        0.00        |       1.00000      |
|             N22319990             |     1    |   1.00 (100.00%)   |       N/A        |        0.00        |       1.00000      |
|             N21719990             |     1    |   1.00 (100.00%)   |       N/A        |        0.00        |       1.00000      |
|             N73199904             |     1    |   1.00 (100.00%)   |       N/A        |        0.00        |       1.00000      |
|             N22219991             |     1    |   1.00 (100.00%)   |       N/A        |        0.00        |       1.00000      |
|             N21919990             |     1    |   1.00 (100.00%)   |       N/A        |        0.00        |       1.00000      |
|             N78199911             |     1    |   1.00 (100.00%)   |       N/A        |        0.00        |       1.00000      |
|             N75199811             |     1    |   1.00 (100.00%)   |       N/A        |        0.00        |       1.00000      |
|             N82199909             |     1    |   1.00 (100.00%)   |       N/A        |        0.00        |       1.00000      |
|             N76199904             |     1    |   1.00 (100.00%)   |       N/A        |        0.00        |       1.00000      |
|             N22119990             |     1    |   1.00 (100.00%)   |       N/A        |        0.00        |       1.00000      |
|             N21519990             |     1    |   1.00 (100.00%)   |       N/A        |        0.00        |       1.00000      |
|             N21419990             |     1    |   1.00 (100.00%)   |       N/A        |        0.00        |       1.00000      |
|             N22019990             |     1    |   1.00 (100.00%)   |       N/A        |        0.00        |       1.00000      |
|             N20200107             |     1    |   1.00 (100.00%)   |       N/A        |        0.00        |       1.00000      |
|             N20619990             |     1    |   1.00 (100.00%)   |       N/A        |        0.00        |       1.00000      |
|             N20219981             |     1    |   1.00 (100.00%)   |       N/A        |        0.00        |       1.00000      |
|             N8199907              |     1    |   1.00 (100.00%)   |       N/A        |        0.00        |       1.00000      |
|             N81199910             |     1    |   1.00 (100.00%)   |       N/A        |        0.00        |       1.00000      |
|             N20419990             |     1    |   1.00 (100.00%)   |       N/A        |        0.00        |       1.00000      |
|             N18519990             |     1    |   1.00 (100.00%)   |       N/A        |        0.00        |       1.00000      |
|             N20719991             |     1    |   1.00 (100.00%)   |       N/A        |        0.00        |       1.00000      |
|             N20319990             |     1    |   1.00 (100.00%)   |       N/A        |        0.00        |       1.00000      |
|             N18419990             |     1    |   1.00 (100.00%)   |       N/A        |        0.00        |       1.00000      |
|              Node748              |     1    |   1.00 (100.00%)   |       N/A        |        0.00        |       1.00000      |
|             N18319990             |     1    |   1.00 (100.00%)   |       N/A        |        0.00        |       1.00000      |
|             N18119990             |     1    |   1.00 (100.00%)   |       N/A        |        0.00        |       1.00000      |
|             N21219990             |     1    |   1.00 (100.00%)   |       N/A        |        0.00        |       1.00000      |
|             N19619990             |     1    |   1.00 (100.00%)   |       N/A        |        0.00        |       1.00000      |
|             N18219990             |     1    |   1.00 (100.00%)   |       N/A        |        0.00        |       1.00000      |
|             N19519990             |     1    |   1.00 (100.00%)   |       N/A        |        0.00        |       1.00000      |
|             N19219990             |     1    |   1.00 (100.00%)   |       N/A        |        0.00        |       1.00000      |
|             N19319990             |     1    |   1.00 (100.00%)   |       N/A        |        0.00        |       1.00000      |
|             N89199902             |     1    |   1.00 (100.00%)   |       N/A        |        0.00        |       1.00000      |
|             N19419981             |     1    |   1.00 (100.00%)   |       N/A        |        0.00        |       1.00000      |
|             N19119990             |     1    |   1.00 (100.00%)   |       N/A        |        0.00        |       1.00000      |
|             N88199901             |     1    |   1.00 (100.00%)   |       N/A        |        0.00        |       1.00000      |
|             N80199904             |     1    |   1.00 (100.00%)   |       N/A        |        0.00        |       1.00000      |
|             N20019991             |     1    |   1.00 (100.00%)   |       N/A        |        0.00        |       1.00000      |
|             N83199909             |     1    |   1.00 (100.00%)   |       N/A        |        0.00        |       1.00000      |
|             N91199903             |     1    |   1.00 (100.00%)   |       N/A        |        0.00        |       1.00000      |
|             N18619991             |     1    |   1.00 (100.00%)   |       N/A        |        0.00        |       1.00000      |
|             N18719990             |     1    |   1.00 (100.00%)   |       N/A        |        0.00        |       1.00000      |
|             N19719990             |     1    |   1.00 (100.00%)   |       N/A        |        0.00        |       1.00000      |
|             N20919990             |     1    |   1.00 (100.00%)   |       N/A        |        0.00        |       1.00000      |
|             N90199902             |     1    |   1.00 (100.00%)   |       N/A        |        0.00        |       1.00000      |
|             N21019990             |     1    |   1.00 (100.00%)   |       N/A        |        0.00        |       1.00000      |
|             T46200502             |     1    |   1.00 (100.00%)   |       N/A        |        0.00        |       1.00000      |
|             T55200502             |     1    |   1.00 (100.00%)   |       N/A        |        0.00        |       1.00000      |
|             T50200502             |     1    |   1.00 (100.00%)   |       N/A        |        0.00        |       1.00000      |
|             T49200502             |     1    |   1.00 (100.00%)   |       N/A        |        0.00        |       1.00000      |
|             T54200502             |     1    |   1.00 (100.00%)   |       N/A        |        0.00        |       1.00000      |
|             T59200502             |     1    |   1.00 (100.00%)   |       N/A        |        0.00        |       1.00000      |
|             T52200502             |     1    |   1.00 (100.00%)   |       N/A        |        0.00        |       1.00000      |
|             T83200010             |     1    |   1.00 (100.00%)   |       N/A        |        0.00        |       1.00000      |
|             T58200502             |     1    |   1.00 (100.00%)   |       N/A        |        0.00        |       1.00000      |
|             T51200502             |     1    |   1.00 (100.00%)   |       N/A        |        0.00        |       1.00000      |
|             T8200310              |     1    |   1.00 (100.00%)   |       N/A        |        0.00        |       1.00000      |
|             T70200202             |     1    |   1.00 (100.00%)   |       N/A        |        0.00        |       1.00000      |
|             T80200007             |     1    |   1.00 (100.00%)   |       N/A        |        0.00        |       1.00000      |
|             T73200108             |     1    |   1.00 (100.00%)   |       N/A        |        0.00        |       1.00000      |
|             T69200009             |     1    |   1.00 (100.00%)   |       N/A        |        0.00        |       1.00000      |
|             N96199908             |     1    |   1.00 (100.00%)   |       N/A        |        0.00        |       1.00000      |
|             T75200101             |     1    |   1.00 (100.00%)   |       N/A        |        0.00        |       1.00000      |
|             N95199908             |     1    |   1.00 (100.00%)   |       N/A        |        0.00        |       1.00000      |
|             T61200502             |     1    |   1.00 (100.00%)   |       N/A        |        0.00        |       1.00000      |
|             N16719991             |     1    |   1.00 (100.00%)   |       N/A        |        0.00        |       1.00000      |
|             N27199901             |     1    |   1.00 (100.00%)   |       N/A        |        0.00        |       1.00000      |
|             T96199911             |     1    |   1.00 (100.00%)   |       N/A        |        0.00        |       1.00000      |
|             N16819990             |     1    |   1.00 (100.00%)   |       N/A        |        0.00        |       1.00000      |
|             T97200204             |     1    |   1.00 (100.00%)   |       N/A        |        0.00        |       1.00000      |
|             N99199903             |     1    |   1.00 (100.00%)   |       N/A        |        0.00        |       1.00000      |
|             N16019991             |     1    |   1.00 (100.00%)   |       N/A        |        0.00        |       1.00000      |
|             N15919990             |     1    |   1.00 (100.00%)   |       N/A        |        0.00        |       1.00000      |
|             N16119990             |     1    |   1.00 (100.00%)   |       N/A        |        0.00        |       1.00000      |
|             T94200105             |     1    |   1.00 (100.00%)   |       N/A        |        0.00        |       1.00000      |
|             T88200112             |     1    |   1.00 (100.00%)   |       N/A        |        0.00        |       1.00000      |
|             T89199904             |     1    |   1.00 (100.00%)   |       N/A        |        0.00        |       1.00000      |
|             N16219990             |     1    |   1.00 (100.00%)   |       N/A        |        0.00        |       1.00000      |
|             T6200007              |     1    |   1.00 (100.00%)   |       N/A        |        0.00        |       1.00000      |
|             N16419990             |     1    |   1.00 (100.00%)   |       N/A        |        0.00        |       1.00000      |
|             T67199909             |     1    |   1.00 (100.00%)   |       N/A        |        0.00        |       1.00000      |
|             N64199904             |     1    |   1.00 (100.00%)   |       N/A        |        0.00        |       1.00000      |
|             N32199901             |     1    |   1.00 (100.00%)   |       N/A        |        0.00        |       1.00000      |
|             N6199906              |     1    |   1.00 (100.00%)   |       N/A        |        0.00        |       1.00000      |
|             N58200412             |     1    |   1.00 (100.00%)   |       N/A        |        0.00        |       1.00000      |
|             N47200412             |     1    |   1.00 (100.00%)   |       N/A        |        0.00        |       1.00000      |
|             N60200412             |     1    |   1.00 (100.00%)   |       N/A        |        0.00        |       1.00000      |
|             N55200412             |     1    |   1.00 (100.00%)   |       N/A        |        0.00        |       1.00000      |
|             N59200412             |     1    |   1.00 (100.00%)   |       N/A        |        0.00        |       1.00000      |
|             N49200412             |     1    |   1.00 (100.00%)   |       N/A        |        0.00        |       1.00000      |
|             N36199901             |     1    |   1.00 (100.00%)   |       N/A        |        0.00        |       1.00000      |
|             N50200412             |     1    |   1.00 (100.00%)   |       N/A        |        0.00        |       1.00000      |
|             N52200412             |     1    |   1.00 (100.00%)   |       N/A        |        0.00        |       1.00000      |
|             N18019990             |     1    |   1.00 (100.00%)   |       N/A        |        0.00        |       1.00000      |
|             N5199906              |     1    |   1.00 (100.00%)   |       N/A        |        0.00        |       1.00000      |
|             N17919990             |     1    |   1.00 (100.00%)   |       N/A        |        0.00        |       1.00000      |
|             T27199905             |     1    |   1.00 (100.00%)   |       N/A        |        0.00        |       1.00000      |
|             T16720001             |     1    |   1.00 (100.00%)   |       N/A        |        0.00        |       1.00000      |
|             N17719990             |     1    |   1.00 (100.00%)   |       N/A        |        0.00        |       1.00000      |
|             T24200309             |     1    |   1.00 (100.00%)   |       N/A        |        0.00        |       1.00000      |
|             T22619990             |     1    |   1.00 (100.00%)   |       N/A        |        0.00        |       1.00000      |
|             T23220001             |     1    |   1.00 (100.00%)   |       N/A        |        0.00        |       1.00000      |
|             T22920001             |     1    |   1.00 (100.00%)   |       N/A        |        0.00        |       1.00000      |
|             T36199905             |     1    |   1.00 (100.00%)   |       N/A        |        0.00        |       1.00000      |
|             N35199901             |     1    |   1.00 (100.00%)   |       N/A        |        0.00        |       1.00000      |
|             T23200207             |     1    |   1.00 (100.00%)   |       N/A        |        0.00        |       1.00000      |
|             N54200412             |     1    |   1.00 (100.00%)   |       N/A        |        0.00        |       1.00000      |
|             T17220001             |     1    |   1.00 (100.00%)   |       N/A        |        0.00        |       1.00000      |
|             T18220000             |     1    |   1.00 (100.00%)   |       N/A        |        0.00        |       1.00000      |
|             T17720000             |     1    |   1.00 (100.00%)   |       N/A        |        0.00        |       1.00000      |
|             T18200309             |     1    |   1.00 (100.00%)   |       N/A        |        0.00        |       1.00000      |
|             T19720020             |     1    |   1.00 (100.00%)   |       N/A        |        0.00        |       1.00000      |
|             T18120000             |     1    |   1.00 (100.00%)   |       N/A        |        0.00        |       1.00000      |
|             T19520010             |     1    |   1.00 (100.00%)   |       N/A        |        0.00        |       1.00000      |
|             T18620020             |     1    |   1.00 (100.00%)   |       N/A        |        0.00        |       1.00000      |
|             T19120010             |     1    |   1.00 (100.00%)   |       N/A        |        0.00        |       1.00000      |
|             N94199910             |     1    |   1.00 (100.00%)   |       N/A        |        0.00        |       1.00000      |
|             T19420000             |     1    |   1.00 (100.00%)   |       N/A        |        0.00        |       1.00000      |
|             N17019990             |     1    |   1.00 (100.00%)   |       N/A        |        0.00        |       1.00000      |
|             T20020000             |     1    |   1.00 (100.00%)   |       N/A        |        0.00        |       1.00000      |
|             N72199903             |     1    |   1.00 (100.00%)   |       N/A        |        0.00        |       1.00000      |
|             T20200108             |     1    |   1.00 (100.00%)   |       N/A        |        0.00        |       1.00000      |
|             T20219990             |     1    |   1.00 (100.00%)   |       N/A        |        0.00        |       1.00000      |
|             T18420000             |     1    |   1.00 (100.00%)   |       N/A        |        0.00        |       1.00000      |
|             T20920000             |     1    |   1.00 (100.00%)   |       N/A        |        0.00        |       1.00000      |
|             T19820000             |     1    |   1.00 (100.00%)   |       N/A        |        0.00        |       1.00000      |
|             T18319990             |     1    |   1.00 (100.00%)   |       N/A        |        0.00        |       1.00000      |
|             T22020000             |     1    |   1.00 (100.00%)   |       N/A        |        0.00        |       1.00000      |
|             T10219990             |     1    |   1.00 (100.00%)   |       N/A        |        0.00        |       1.00000      |
|             T10120000             |     1    |   1.00 (100.00%)   |       N/A        |        0.00        |       1.00000      |
|             T11420000             |     1    |   1.00 (100.00%)   |       N/A        |        0.00        |       1.00000      |
|             T21219991             |     1    |   1.00 (100.00%)   |       N/A        |        0.00        |       1.00000      |
|             T11020000             |     1    |   1.00 (100.00%)   |       N/A        |        0.00        |       1.00000      |
|             N17619981             |     1    |   1.00 (100.00%)   |       N/A        |        0.00        |       1.00000      |
|             T10620010             |     1    |   1.00 (100.00%)   |       N/A        |        0.00        |       1.00000      |
|             T10920010             |     1    |   1.00 (100.00%)   |       N/A        |        0.00        |       1.00000      |
|             N17519990             |     1    |   1.00 (100.00%)   |       N/A        |        0.00        |       1.00000      |
|             T11720000             |     1    |   1.00 (100.00%)   |       N/A        |        0.00        |       1.00000      |
|             T13019990             |     1    |   1.00 (100.00%)   |       N/A        |        0.00        |       1.00000      |
|             T11920000             |     1    |   1.00 (100.00%)   |       N/A        |        0.00        |       1.00000      |
|             T12200101             |     1    |   1.00 (100.00%)   |       N/A        |        0.00        |       1.00000      |
|             T10520000             |     1    |   1.00 (100.00%)   |       N/A        |        0.00        |       1.00000      |
|             T12619990             |     1    |   1.00 (100.00%)   |       N/A        |        0.00        |       1.00000      |
|             N66199812             |     1    |   1.00 (100.00%)   |       N/A        |        0.00        |       1.00000      |
|             N26200207             |     1    |   1.00 (100.00%)   |       N/A        |        0.00        |       1.00000      |
|             T12419991             |     1    |   1.00 (100.00%)   |       N/A        |        0.00        |       1.00000      |
|             N24020071             |     1    |   1.00 (100.00%)   |       N/A        |        0.00        |       1.00000      |
|             N93199906             |     1    |   1.00 (100.00%)   |       N/A        |        0.00        |       1.00000      |
|             N24200206             |     1    |   1.00 (100.00%)   |       N/A        |        0.00        |       1.00000      |
|             N23419990             |     1    |   1.00 (100.00%)   |       N/A        |        0.00        |       1.00000      |
|             N68199905             |     1    |   1.00 (100.00%)   |       N/A        |        0.00        |       1.00000      |
|             N67199906             |     1    |   1.00 (100.00%)   |       N/A        |        0.00        |       1.00000      |
|             N65199902             |     1    |   1.00 (100.00%)   |       N/A        |        0.00        |       1.00000      |
|             N23519990             |     1    |   1.00 (100.00%)   |       N/A        |        0.00        |       1.00000      |
|             T15820000             |     1    |   1.00 (100.00%)   |       N/A        |        0.00        |       1.00000      |
|             N23619991             |     1    |   1.00 (100.00%)   |       N/A        |        0.00        |       1.00000      |
|             T16019991             |     1    |   1.00 (100.00%)   |       N/A        |        0.00        |       1.00000      |
|             T15319991             |     1    |   1.00 (100.00%)   |       N/A        |        0.00        |       1.00000      |
|             T16420011             |     1    |   1.00 (100.00%)   |       N/A        |        0.00        |       1.00000      |
|             N17419990             |     1    |   1.00 (100.00%)   |       N/A        |        0.00        |       1.00000      |
|             T16320000             |     1    |   1.00 (100.00%)   |       N/A        |        0.00        |       1.00000      |
|             T15419990             |     1    |   1.00 (100.00%)   |       N/A        |        0.00        |       1.00000      |
|             N22719990             |     1    |   1.00 (100.00%)   |       N/A        |        0.00        |       1.00000      |
|             T15619991             |     1    |   1.00 (100.00%)   |       N/A        |        0.00        |       1.00000      |
|             N22619990             |     1    |   1.00 (100.00%)   |       N/A        |        0.00        |       1.00000      |
|             N71199901             |     1    |   1.00 (100.00%)   |       N/A        |        0.00        |       1.00000      |
|             T15719991             |     1    |   1.00 (100.00%)   |       N/A        |        0.00        |       1.00000      |
|             N22919990             |     1    |   1.00 (100.00%)   |       N/A        |        0.00        |       1.00000      |
|             N9199909              |     1    |   1.00 (100.00%)   |       N/A        |        0.00        |       1.00000      |
|             T13620010             |     1    |   1.00 (100.00%)   |       N/A        |        0.00        |       1.00000      |
|             T14420000             |     1    |   1.00 (100.00%)   |       N/A        |        0.00        |       1.00000      |
|             N22819990             |     1    |   1.00 (100.00%)   |       N/A        |        0.00        |       1.00000      |
|             T13820000             |     1    |   1.00 (100.00%)   |       N/A        |        0.00        |       1.00000      |
|             N23200204             |     1    |   1.00 (100.00%)   |       N/A        |        0.00        |       1.00000      |
|             N69199906             |     1    |   1.00 (100.00%)   |       N/A        |        0.00        |       1.00000      |
|             N70199812             |     1    |   1.00 (100.00%)   |       N/A        |        0.00        |       1.00000      |
|             T15019990             |     1    |   1.00 (100.00%)   |       N/A        |        0.00        |       1.00000      |
|             N17219990             |     1    |   1.00 (100.00%)   |       N/A        |        0.00        |       1.00000      |
|             T14520001             |     1    |   1.00 (100.00%)   |       N/A        |        0.00        |       1.00000      |
|             N23119990             |     1    |   1.00 (100.00%)   |       N/A        |        0.00        |       1.00000      |
|             N92199904             |     1    |   1.00 (100.00%)   |       N/A        |        0.00        |       1.00000      |
----
### Adaptive branch site random effects likelihood test 
Likelihood ratio test for episodic diversifying positive selection at Holm-Bonferroni corrected _p =   0.0500_ found **14** branches under selection among **910** tested.

* T57200502, p-value =  0.00005
* T9200006, p-value =  0.00126
* N61200412, p-value =  0.00186
* T22120000, p-value =  0.00259
* T15200201, p-value =  0.00300
* T32200007, p-value =  0.00698
* T13519991, p-value =  0.00887
* T68199912, p-value =  0.01015
* T13119990, p-value =  0.01295
* T17199703, p-value =  0.01416
* N37199901, p-value =  0.02440
* T14920010, p-value =  0.03228
* T92200003, p-value =  0.04329
* T19320000, p-value =  0.04435

### Annotated Tree
(((((T49200502,N49200412)Node889,(((((((((T80200007,N80199904)Node832,((((T13320000,N13319990)Node804,(T5200107,N5199906)Node807)Node803,(((T16320000,N16319990)Node812,(T14520001,N14519991)Node815)Node811,((T91199912,N91199903)Node819,(T4200608,N4199904)Node822)Node818)Node810)Node802,(T18620020,N18619991)Node826,(T10819990,N10819981)Node829)Node801,((T27199905,N27199901)Node16,((((((T20720000,N20719991)Node25,(T72200011,N72199903)Node28)Node24,((T13820000,N13819981)Node32,(T90200101,N90199902)Node35)Node31)Node23,((T17520011,N17519990)Node39,((T14220000,N14219990)Node43,(T14019990,N14019990)Node46)Node42)Node38)Node22,((T15820000,N15819990)Node50,((T17020000,N17019990)Node54,((T23020000,N23019990)Node58,(T22619990,N22619990)Node61)Node57)Node53)Node49)Node21,(((T11620001,N11619991)Node66,(T21219991,N21219990)Node69)Node65,((T12920010,N12919991)Node73,(T11520000,N11519991)Node76)Node72)Node64)Node20,(((((((((T82200102,N82199909)Node382,((T12719990,N12719990)Node386,(T76200005,N76199904)Node389)Node385)Node381,(T22020000,N22019990)Node393,((T11920000,N11919991)Node397,(T11420000,N11419990)Node400)Node396)Node380,((T23420001,N23419990)Node404,(T13720000,N13719991)Node407)Node403)Node379,(((T26200211,N26200207)Node431,((T21420000,N21419990)Node435,(((T13219990,N13219990)Node440,N31199901)Node439,((T89199904,N89199902)Node445,(T44200204,N44200201)Node448)Node444)Node438)Node434)Node430,((T78199912,N78199911)Node413,(T75200101,N75199811)Node416)Node412,(((T13620010,N13619991)Node421,(T16200304,N16200103)Node424)Node420,(T18200309,N18200108)Node427)Node419)Node410)Node378,((((T16119990,N16119990)Node479,(T15520000,N15519981)Node483,((T20520000,N20519990)Node487,(T20419990,N20419990)Node491,(T15019990,N15019990)Node494)Node486)Node478,((((T22820001,N22819990)Node459,(T11200103,N11199911)Node462)Node458,(T10320000,N10319990)Node465)Node457,((T87200011,N87199903)Node469,(T22420000,N22419990)Node472)Node468)Node456,(T15319991,N15319990)Node475)Node454,((T19219990,N19219990)Node498,(T12020020,N12019991)Node501)Node497,((T63200201,N63200101)Node506,((T15920000,N15919990)Node510,(T19120010,N19119990)Node513)Node509)Node505,(T17420020,N17419990)Node516)Node452,((((T10420000,N10419990)Node522,(T14720001,N14719991)Node525)Node521,((T81200002,N81199910)Node529,(T12200101,N12200008)Node532)Node528)Node520,(T21019991,N21019990)Node535)Node519)Node377,(((T19420000,N19419981)Node564,(T30199909,N30199901)Node567)Node563,((T15419990,N15419981)Node571,(T86200009,N86199901)Node574)Node570)Node562,((T19020020,N19019990)Node541,(T18720000,N18719990)Node545,((T14320001,N14319990)Node549,(T11319991,N11319990)Node552)Node548)Node540,((T99200101,N99199903)Node556,(T71200006,N71199901)Node559)Node555)Node376,((((T84200002,N84199903)Node85,(T15220010,N15219990)Node88)Node84,(T19620000,N19619990)Node91)Node83,(((N28199901,((T19720020,N19719990)Node111,(T11120010,N11119990)Node114)Node110,(T17319991,N17319990)Node100,((T70200202,N70199812)Node104,(T69200009,N69199906)Node107)Node103)Node96,(T45200208,N45200201)Node117)Node95,(((T24020080,N24020071)Node122,(T15120020,N15119991)Node125)Node121,(T36199905,N36199901)Node128)Node120)Node94)Node82,(((((T22320001,N22319990)Node135,(T14120000,N14119990)Node138)Node134,(T16019991,N16019991)Node141)Node133,((((T23620000,N23619991)Node147,(T19520010,N19519990)Node150)Node146,(T13200309,N13200010)Node153)Node145,((T22520011,N22519990)Node157,(T14200204,N14200012)Node160)Node156)Node144)Node132,(((T16219990,N16219990)Node370,(T16620000,N16619990)Node373)Node369,((T22220000,N22219991)Node166,(((T23720060,N23720041)Node171,(T16720001,N16719991)Node174)Node170,((T21120000,N21119990)Node178,((T12519990,N12519981)Node182,(T64199905,N64199904)Node185)Node181)Node177)Node169)Node165,((((T21519991,N21519990)Node208,(T23120000,N23119990)Node211)Node207,((T93200203,N93199906)Node192,T31200003)Node191,((T18819991,N18819990)Node197,((T88200112,N88199901)Node201,(T8200310,N8199907)Node204)Node200)Node196)Node189,(((((T13019990,N13019981)Node282,(T16420011,N16419990)Node286,((T17620000,N17619981)Node290,(T29200003,N29199901)Node293)Node289)Node281,((T18319990,N18319990)Node297,(((T24220020,N24220000)Node302,((T85199908,N85199811)Node306,T22199809)Node305)Node301,T17199703{0.01416089417169258})Node300)Node296)Node280,((((T10720000,N10719990)Node314,T1199908)Node313,(T20200108,N20200107)Node318)Node312,((T62200201,N62200101)Node322,N2199809)Node321)Node311)Node279,(((((T22720000,N22719990)Node221,(T66200012,N66199812)Node224)Node220,(T32200007{0.006984274838404136},N32199901)Node227)Node219,((T23320011,N23319990)Node231,(T15719991,N15719990)Node234)Node230)Node218,((((T10920010,N10919990)Node240,(T97200204,N97199901)Node243)Node239,(T24200309,N24200206)Node246)Node238,(T16519991,N16519990)Node249)Node237)Node217,(((((T17920000,N17919990)Node256,(T74200204,(T7199811,N7199611)Node261)Node259)Node255,((T10020000,N10019990)Node265,(T94200105,N94199910)Node268)Node264)Node254,((T20620010,N20619990)Node272,(T25200305,N25200207)Node275)Node271)Node253,N74199812)Node252)Node215,((((T14920010{0.03228353911260351},N14919990)Node329,(T11819990,N11819990)Node332)Node328,(((T23520000,N23519990)Node338,(T10219990,N10219981)Node341)Node337,((T14819991,N14819990)Node345,(T6200007,N6199906)Node348)Node344)Node336,((T13519991{0.008873793459778234},N13519990)Node352,(T67199909,N67199906)Node355)Node351)Node327,(((T21920000,N21919990)Node360,(T18520000,N18519990)Node363)Node359,(T14620001,N14619991)Node366)Node358)Node326)Node188)Node163)Node131)Node80,(N22199107,((T22920001,N22919990)Node582,(T11220000,N11219990)Node585)Node581,((((N19819990,(T12619990,N12619990)Node594)Node592,(T10200305,N10199911)Node597)Node591,((T19920000,N19919991)Node601,(T98199910,N98199901)Node604)Node600)Node590,(N17199606,((T20319990,N20319990)Node694,(T21199809,N21199201)Node697)Node693,((T13419991,N13419990)Node687,(T13119990{0.01295436302689579},N13119990)Node690)Node686,(T18120000,N18119990)Node683,((((T12120000,N12119990)Node650,(T18420000,N18419990)Node640,((T83200010,N83199909)Node644,(T79200004,N79199912)Node647)Node643)Node638,(((T23220001,N23219990)Node618,(T15619991,N15619990)Node621)Node617,(T17720000,N17719990)Node624)Node616,(((T21720000,N21719990)Node629,(T21620020,N21619990)Node632)Node628,(T33200009,N33199901)Node635)Node627)Node614,((T17120000,N17119990)Node654,((T12320000,N12319990)Node658,(T95200001,N95199908)Node661)Node657)Node653)Node613,((T37199910,N37199901{0.02439941888127684})Node665,(((T20920000,N20919990)Node670,(T18220000,N18219990)Node673)Node669,(T35200006,(T34199911,N35199901,N34199901)Node678)Node676)Node668)Node664)Node607)Node589,(((T20120010,N20119991)Node702,N1199101)Node701,((T21319991,N21319990)Node707,T28200101)Node706)Node700)Node578,(((((T16920011,N16919990)Node715,((((T20219990,N20219981)Node721,(T12219990,N12219990)Node724)Node720,((T12419991,N12419991)Node728,(T11020000,N11019990)Node731)Node727)Node719,((T13920000,N13919981)Node735,(T43200209,N43200201)Node738)Node734)Node718)Node714,((T17820020,N17819990)Node742,(T12819991,N12819990)Node745)Node741)Node713,(((((T18919990,N18919981)Node752,(T10120000,N10119990)Node755)Node751,(T20020000,N20019991)Node758)Node750,(T22120000{0.002588345196362862},N22119990)Node761)Node749,(((T68199912{0.01014887425867472},N68199905)Node773,(T15200201{0.002996013909307815},N15200101)Node776)Node772,(T10620010,N10619990)Node766,(T96199911,N96199908)Node769)Node764)Node748)Node712,((((T16820010,N16819990)Node782,(T11720000,N11719991)Node785)Node781,(T92200003{0.04328610266096311},N92199904)Node788)Node780,(T19320000{0.0443463898229205},N19319990)Node791)Node779)Node711)Node79)Node15,((T9200006{0.001255495034678977},N9199909)Node795,(T23200207,N23200204)Node798)Node794)Node12,((T73200108,N73199904)Node836,(((T65200101,N65199902)Node841,(T19820000,(T18020000,N18019990)Node847)Node845,(T17220001,N17219990)Node850)Node840,(T3200011,N3199901)Node853)Node839)Node835)Node11,(T14420000,N14419990)Node856)Node10,(T10520000,N10519990)Node859)Node9,(((T40199905,N40199903)Node864,(T39199907,N39199905)Node867)Node863,(T38199907,N38199905)Node870)Node862)Node8,(T20820000,N20819990)Node873)Node7,((T23820090,N23820050)Node877,(T77200005,N77199906)Node880)Node876)Node6,T24120081)Node5,((T41200107,N41200002)Node885,T56200502)Node884)Node3,(T51200502,N51200412)Node892)Node2,(((((T54200502,N54200412)Node911,(T48200502,N48200412)Node914)Node910,(T47200502,N47200412)Node900,((T59200502,N59200412)Node904,(T60200502,N60200412)Node907)Node903)Node898,(((T23920070,N23920060)Node919,(T50200502,N50200412)Node922)Node918,(T52200502,N52200412)Node925)Node917)Node897,((((T55200502,N55200412)Node931,(T46200502,N46200412)Node934)Node930,(T61200502,N61200412{0.00186422481480486})Node937)Node929,(T58200502,N58200412)Node940)Node928)Node896,((T57200502{4.766564138614093e-05},N57200412)Node944,N56200412)Node943)Node1,T53200502,N53200412)

----

```
    |T49200502 (N.S)
   |+Node889 (N.S)
   ||N49200412 (N.S)
  |+Node3 (N.S)
  ||        |T80200007 (N.S)
  ||       |+Node832 (N.S)
  ||       ||N80199904 (N.S)
  ||       |   |T13320000 (N.S)
  ||       |  |+Node804 (N.S)
  ||       |  ||N13319990 (N.S)
  ||       | |+Node803 (N.S)
  ||       | |||T5200107 (N.S)
  ||       | ||+Node807 (N.S)
  ||       | | |N5199906 (N.S)
  ||       ||+Node802 (N.S)
  ||       |||  |T16320000 (N.S)
  ||       ||| |+Node812 (N.S)
  ||       ||| ||N16319990 (N.S)
  ||       ||||+Node811 (N.S)
  ||       ||||||T14520001 (N.S)
  ||       |||||+Node815 (N.S)
  ||       |||| |N14519991 (N.S)
  ||       |||+Node810 (N.S)
  ||       || | |T91199912 (N.S)
  ||       || ||+Node819 (N.S)
  ||       || |||N91199903 (N.S)
  ||       || |+Node818 (N.S)
  ||       ||  ||T4200608 (N.S)
  ||       ||  |+Node822 (N.S)
  ||       ||   |N4199904 (N.S)
  ||       |+Node801 (N.S)
  ||       |||T18620020 (N.S)
  ||       ||+Node826 (N.S)
  ||       |||N18619991 (N.S)
  ||       |||T10819990 (N.S)
  ||       ||+Node829 (N.S)
  ||       | |N10819981 (N.S)
  ||      |+Node12 (N.S)
  ||      || |T27199905 (N.S)
  ||      |||+Node16 (N.S)
  ||      ||||N27199901 (N.S)
  ||      ||+Node15 (N.S)
  ||      |||     |T20720000 (N.S)
  ||      |||    |+Node25 (N.S)
  ||      |||    ||N20719991 (N.S)
  ||      |||   |+Node24 (N.S)
  ||      |||   |||T72200011 (N.S)
  ||      |||   ||+Node28 (N.S)
  ||      |||   | |N72199903 (N.S)
  ||      |||  |+Node23 (N.S)
  ||      |||  || |T13820000 (N.S)
  ||      |||  |||+Node32 (N.S)
  ||      |||  ||||N13819981 (N.S)
  ||      |||  ||+Node31 (N.S)
  ||      |||  | ||T90200101 (N.S)
  ||      |||  | |+Node35 (N.S)
  ||      |||  |  |N90199902 (N.S)
  ||      ||| |+Node22 (N.S)
  ||      ||| || |T17520011 (N.S)
  ||      ||| |||+Node39 (N.S)
  ||      ||| ||||N17519990 (N.S)
  ||      ||| ||+Node38 (N.S)
  ||      ||| | | |T14220000 (N.S)
  ||      ||| | ||+Node43 (N.S)
  ||      ||| | |||N14219990 (N.S)
  ||      ||| | |+Node42 (N.S)
  ||      ||| |  ||T14019990 (N.S)
  ||      ||| |  |+Node46 (N.S)
  ||      ||| |   |N14019990 (N.S)
  ||      ||||+Node21 (N.S)
  ||      ||||| |T15820000 (N.S)
  ||      ||||||+Node50 (N.S)
  ||      |||||||N15819990 (N.S)
  ||      |||||+Node49 (N.S)
  ||      |||| | |T17020000 (N.S)
  ||      |||| ||+Node54 (N.S)
  ||      |||| |||N17019990 (N.S)
  ||      |||| |+Node53 (N.S)
  ||      ||||  | |T23020000 (N.S)
  ||      ||||  ||+Node58 (N.S)
  ||      ||||  |||N23019990 (N.S)
  ||      ||||  |+Node57 (N.S)
  ||      ||||   ||T22619990 (N.S)
  ||      ||||   |+Node61 (N.S)
  ||      ||||    |N22619990 (N.S)
  ||      |||+Node20 (N.S)
  ||      ||||  |T11620001 (N.S)
  ||      |||| |+Node66 (N.S)
  ||      |||| ||N11619991 (N.S)
  ||      |||||+Node65 (N.S)
  ||      |||||||T21219991 (N.S)
  ||      ||||||+Node69 (N.S)
  ||      ||||| |N21219990 (N.S)
  ||      ||||+Node64 (N.S)
  ||      ||| | |T12920010 (N.S)
  ||      ||| ||+Node73 (N.S)
  ||      ||| |||N12919991 (N.S)
  ||      ||| |+Node72 (N.S)
  ||      |||  ||T11520000 (N.S)
  ||      |||  |+Node76 (N.S)
  ||      |||   |N11519991 (N.S)
  ||      |||        |T82200102 (N.S)
  ||      |||       |+Node382 (N.S)
  ||      |||       ||N82199909 (N.S)
  ||      |||      |+Node381 (N.S)
  ||      |||      || |T12719990 (N.S)
  ||      |||      |||+Node386 (N.S)
  ||      |||      ||||N12719990 (N.S)
  ||      |||      ||+Node385 (N.S)
  ||      |||      | ||T76200005 (N.S)
  ||      |||      | |+Node389 (N.S)
  ||      |||      |  |N76199904 (N.S)
  ||      |||     |+Node380 (N.S)
  ||      |||     |||T22020000 (N.S)
  ||      |||     ||+Node393 (N.S)
  ||      |||     |||N22019990 (N.S)
  ||      |||     || |T11920000 (N.S)
  ||      |||     |||+Node397 (N.S)
  ||      |||     ||||N11919991 (N.S)
  ||      |||     ||+Node396 (N.S)
  ||      |||     | ||T11420000 (N.S)
  ||      |||     | |+Node400 (N.S)
  ||      |||     |  |N11419990 (N.S)
  ||      |||    |+Node379 (N.S)
  ||      |||    || |T23420001 (N.S)
  ||      |||    |||+Node404 (N.S)
  ||      |||    ||||N23419990 (N.S)
  ||      |||    ||+Node403 (N.S)
  ||      |||    | ||T13720000 (N.S)
  ||      |||    | |+Node407 (N.S)
  ||      |||    |  |N13719991 (N.S)
  ||      |||   |+Node378 (N.S)
  ||      |||   ||  |T26200211 (N.S)
  ||      |||   || |+Node431 (N.S)
  ||      |||   || ||N26200207 (N.S)
  ||      |||   |||+Node430 (N.S)
  ||      |||   |||| |T21420000 (N.S)
  ||      |||   |||||+Node435 (N.S)
  ||      |||   ||||||N21419990 (N.S)
  ||      |||   ||||+Node434 (N.S)
  ||      |||   ||| |  |T13219990 (N.S)
  ||      |||   ||| | |+Node440 (N.S)
  ||      |||   ||| | ||N13219990 (N.S)
  ||      |||   ||| ||+Node439 (N.S)
  ||      |||   ||| |||N31199901 (N.S)
  ||      |||   ||| |+Node438 (N.S)
  ||      |||   |||  | |T89199904 (N.S)
  ||      |||   |||  ||+Node445 (N.S)
  ||      |||   |||  |||N89199902 (N.S)
  ||      |||   |||  |+Node444 (N.S)
  ||      |||   |||   ||T44200204 (N.S)
  ||      |||   |||   |+Node448 (N.S)
  ||      |||   |||    |N44200201 (N.S)
  ||      |||   ||+Node410 (N.S)
  ||      |||   | | |T78199912 (N.S)
  ||      |||   | ||+Node413 (N.S)
  ||      |||   | |||N78199911 (N.S)
  ||      |||   | |+Node412 (N.S)
  ||      |||   | |||T75200101 (N.S)
  ||      |||   | ||+Node416 (N.S)
  ||      |||   | | |N75199811 (N.S)
  ||      |||   | |  |T13620010 (N.S)
  ||      |||   | | |+Node421 (N.S)
  ||      |||   | | ||N13619991 (N.S)
  ||      |||   | ||+Node420 (N.S)
  ||      |||   | ||||T16200304 (N.S)
  ||      |||   | |||+Node424 (N.S)
  ||      |||   | || |N16200103 (N.S)
  ||      |||   | |+Node419 (N.S)
  ||      |||   |  ||T18200309 (N.S)
  ||      |||   |  |+Node427 (N.S)
  ||      |||   |   |N18200108 (N.S)
  ||      |||  |+Node377 (N.S)
  ||      |||  ||   |T16119990 (N.S)
  ||      |||  ||  |+Node479 (N.S)
  ||      |||  ||  ||N16119990 (N.S)
  ||      |||  || |+Node478 (N.S)
  ||      |||  || |||T15520000 (N.S)
  ||      |||  || ||+Node483 (N.S)
  ||      |||  || |||N15519981 (N.S)
  ||      |||  || || |T20520000 (N.S)
  ||      |||  || |||+Node487 (N.S)
  ||      |||  || ||||N20519990 (N.S)
  ||      |||  || ||+Node486 (N.S)
  ||      |||  || | ||T20419990 (N.S)
  ||      |||  || | |+Node491 (N.S)
  ||      |||  || | ||N20419990 (N.S)
  ||      |||  || | ||T15019990 (N.S)
  ||      |||  || | |+Node494 (N.S)
  ||      |||  || |  |N15019990 (N.S)
  ||      |||  |||+Node454 (N.S)
  ||      |||  ||||   |T22820001 (N.S)
  ||      |||  ||||  |+Node459 (N.S)
  ||      |||  ||||  ||N22819990 (N.S)
  ||      |||  |||| |+Node458 (N.S)
  ||      |||  |||| |||T11200103 (N.S)
  ||      |||  |||| ||+Node462 (N.S)
  ||      |||  |||| | |N11199911 (N.S)
  ||      |||  |||||+Node457 (N.S)
  ||      |||  |||||||T10320000 (N.S)
  ||      |||  ||||||+Node465 (N.S)
  ||      |||  ||||| |N10319990 (N.S)
  ||      |||  ||||+Node456 (N.S)
  ||      |||  ||||| |T87200011 (N.S)
  ||      |||  ||||||+Node469 (N.S)
  ||      |||  |||||||N87199903 (N.S)
  ||      |||  |||||+Node468 (N.S)
  ||      |||  |||| ||T22420000 (N.S)
  ||      |||  |||| |+Node472 (N.S)
  ||      |||  ||||  |N22419990 (N.S)
  ||      |||  |||||T15319991 (N.S)
  ||      |||  ||||+Node475 (N.S)
  ||      |||  ||| |N15319990 (N.S)
  ||      |||  ||| |T19219990 (N.S)
  ||      |||  ||||+Node498 (N.S)
  ||      |||  |||||N19219990 (N.S)
  ||      |||  |||+Node497 (N.S)
  ||      |||  |||||T12020020 (N.S)
  ||      |||  ||||+Node501 (N.S)
  ||      |||  ||| |N12019991 (N.S)
  ||      |||  ||+Node452 (N.S)
  ||      |||  ||| |T63200201 (N.S)
  ||      |||  ||||+Node506 (N.S)
  ||      |||  |||||N63200101 (N.S)
  ||      |||  |||+Node505 (N.S)
  ||      |||  |||| |T15920000 (N.S)
  ||      |||  |||||+Node510 (N.S)
  ||      |||  ||||||N15919990 (N.S)
  ||      |||  ||||+Node509 (N.S)
  ||      |||  ||| ||T19120010 (N.S)
  ||      |||  ||| |+Node513 (N.S)
  ||      |||  |||  |N19119990 (N.S)
  ||      |||  ||||T17420020 (N.S)
  ||      |||  |||+Node516 (N.S)
  ||      |||  || |N17419990 (N.S)
  ||      |||  ||   |T10420000 (N.S)
  ||      |||  ||  |+Node522 (N.S)
  ||      |||  ||  ||N10419990 (N.S)
  ||      |||  || |+Node521 (N.S)
  ||      |||  || |||T14720001 (N.S)
  ||      |||  || ||+Node525 (N.S)
  ||      |||  || | |N14719991 (N.S)
  ||      |||  |||+Node520 (N.S)
  ||      |||  |||| |T81200002 (N.S)
  ||      |||  |||||+Node529 (N.S)
  ||      |||  ||||||N81199910 (N.S)
  ||      |||  ||||+Node528 (N.S)
  ||      |||  ||| ||T12200101 (N.S)
  ||      |||  ||| |+Node532 (N.S)
  ||      |||  |||  |N12200008 (N.S)
  ||      |||  ||+Node519 (N.S)
  ||      |||  | ||T21019991 (N.S)
  ||      |||  | |+Node535 (N.S)
  ||      |||  |  |N21019990 (N.S)
  ||      |||  |  |T19420000 (N.S)
  ||      |||  | |+Node564 (N.S)
  ||      |||  | ||N19419981 (N.S)
  ||      |||  ||+Node563 (N.S)
  ||      |||  ||||T30199909 (N.S)
  ||      |||  |||+Node567 (N.S)
  ||      |||  || |N30199901 (N.S)
  ||      |||  |+Node562 (N.S)
  ||      |||  || |T15419990 (N.S)
  ||      |||  |||+Node571 (N.S)
  ||      |||  ||||N15419981 (N.S)
  ||      |||  ||+Node570 (N.S)
  ||      |||  | ||T86200009 (N.S)
  ||      |||  | |+Node574 (N.S)
  ||      |||  |  |N86199901 (N.S)
  ||      ||| |+Node376 (N.S)
  ||      ||| || |T19020020 (N.S)
  ||      ||| |||+Node541 (N.S)
  ||      ||| ||||N19019990 (N.S)
  ||      ||| ||+Node540 (N.S)
  ||      ||| ||||T18720000 (N.S)
  ||      ||| |||+Node545 (N.S)
  ||      ||| ||||N18719990 (N.S)
  ||      ||| ||| |T14320001 (N.S)
  ||      ||| ||||+Node549 (N.S)
  ||      ||| |||||N14319990 (N.S)
  ||      ||| |||+Node548 (N.S)
  ||      ||| || ||T11319991 (N.S)
  ||      ||| || |+Node552 (N.S)
  ||      ||| ||  |N11319990 (N.S)
  ||      ||| || |T99200101 (N.S)
  ||      ||| |||+Node556 (N.S)
  ||      ||| ||||N99199903 (N.S)
  ||      ||| ||+Node555 (N.S)
  ||      ||| | ||T71200006 (N.S)
  ||      ||| | |+Node559 (N.S)
  ||      ||| |  |N71199901 (N.S)
  ||      ||||+Node80 (N.S)
  ||      |||||   |T84200002 (N.S)
  ||      |||||  |+Node85 (N.S)
  ||      |||||  ||N84199903 (N.S)
  ||      ||||| |+Node84 (N.S)
  ||      ||||| |||T15220010 (N.S)
  ||      ||||| ||+Node88 (N.S)
  ||      ||||| | |N15219990 (N.S)
  ||      ||||||+Node83 (N.S)
  ||      ||||||||T19620000 (N.S)
  ||      |||||||+Node91 (N.S)
  ||      |||||| |N19619990 (N.S)
  ||      |||||+Node82 (N.S)
  ||      ||||||  |N28199901 (N.S)
  ||      ||||||  | |T19720020 (N.S)
  ||      ||||||  ||+Node111 (N.S)
  ||      ||||||  |||N19719990 (N.S)
  ||      ||||||  |+Node110 (N.S)
  ||      ||||||  |||T11120010 (N.S)
  ||      ||||||  ||+Node114 (N.S)
  ||      ||||||  | |N11119990 (N.S)
  ||      |||||| |+Node96 (N.S)
  ||      |||||| |||T17319991 (N.S)
  ||      |||||| ||+Node100 (N.S)
  ||      |||||| |||N17319990 (N.S)
  ||      |||||| || |T70200202 (N.S)
  ||      |||||| |||+Node104 (N.S)
  ||      |||||| ||||N70199812 (N.S)
  ||      |||||| ||+Node103 (N.S)
  ||      |||||| | ||T69200009 (N.S)
  ||      |||||| | |+Node107 (N.S)
  ||      |||||| |  |N69199906 (N.S)
  ||      |||||||+Node95 (N.S)
  ||      |||||||||T45200208 (N.S)
  ||      ||||||||+Node117 (N.S)
  ||      ||||||| |N45200201 (N.S)
  ||      ||||||+Node94 (N.S)
  ||      ||||| |  |T24020080 (N.S)
  ||      ||||| | |+Node122 (N.S)
  ||      ||||| | ||N24020071 (N.S)
  ||      ||||| ||+Node121 (N.S)
  ||      ||||| ||||T15120020 (N.S)
  ||      ||||| |||+Node125 (N.S)
  ||      ||||| || |N15119991 (N.S)
  ||      ||||| |+Node120 (N.S)
  ||      |||||  ||T36199905 (N.S)
  ||      |||||  |+Node128 (N.S)
  ||      |||||   |N36199901 (N.S)
  ||      |||||    |T22320001 (N.S)
  ||      |||||   |+Node135 (N.S)
  ||      |||||   ||N22319990 (N.S)
  ||      |||||  |+Node134 (N.S)
  ||      |||||  |||T14120000 (N.S)
  ||      |||||  ||+Node138 (N.S)
  ||      |||||  | |N14119990 (N.S)
  ||      ||||| |+Node133 (N.S)
  ||      ||||| |||T16019991 (N.S)
  ||      ||||| ||+Node141 (N.S)
  ||      ||||| | |N16019991 (N.S)
  ||      ||||||+Node132 (N.S)
  ||      |||||||   |T23620000 (N.S)
  ||      |||||||  |+Node147 (N.S)
  ||      |||||||  ||N23619991 (N.S)
  ||      ||||||| |+Node146 (N.S)
  ||      ||||||| |||T19520010 (N.S)
  ||      ||||||| ||+Node150 (N.S)
  ||      ||||||| | |N19519990 (N.S)
  ||      ||||||||+Node145 (N.S)
  ||      ||||||||||T13200309 (N.S)
  ||      |||||||||+Node153 (N.S)
  ||      |||||||| |N13200010 (N.S)
  ||      |||||||+Node144 (N.S)
  ||      |||||| | |T22520011 (N.S)
  ||      |||||| ||+Node157 (N.S)
  ||      |||||| |||N22519990 (N.S)
  ||      |||||| |+Node156 (N.S)
  ||      ||||||  ||T14200204 (N.S)
  ||      ||||||  |+Node160 (N.S)
  ||      ||||||   |N14200012 (N.S)
  ||      |||||+Node131 (N.S)
  ||      |||| |  |T16219990 (N.S)
  ||      |||| | |+Node370 (N.S)
  ||      |||| | ||N16219990 (N.S)
  ||      |||| ||+Node369 (N.S)
  ||      |||| ||||T16620000 (N.S)
  ||      |||| |||+Node373 (N.S)
  ||      |||| || |N16619990 (N.S)
  ||      |||| |+Node163 (N.S)
  ||      ||||  | |T22220000 (N.S)
  ||      ||||  ||+Node166 (N.S)
  ||      ||||  |||N22219991 (N.S)
  ||      ||||  |+Node165 (N.S)
  ||      ||||  ||  |T23720060 (N.S)
  ||      ||||  || |+Node171 (N.S)
  ||      ||||  || ||N23720041 (N.S)
  ||      ||||  |||+Node170 (N.S)
  ||      ||||  |||||T16720001 (N.S)
  ||      ||||  ||||+Node174 (N.S)
  ||      ||||  ||| |N16719991 (N.S)
  ||      ||||  ||+Node169 (N.S)
  ||      ||||  | | |T21120000 (N.S)
  ||      ||||  | ||+Node178 (N.S)
  ||      ||||  | |||N21119990 (N.S)
  ||      ||||  | |+Node177 (N.S)
  ||      ||||  |  | |T12519990 (N.S)
  ||      ||||  |  ||+Node182 (N.S)
  ||      ||||  |  |||N12519981 (N.S)
  ||      ||||  |  |+Node181 (N.S)
  ||      ||||  |   ||T64199905 (N.S)
  ||      ||||  |   |+Node185 (N.S)
  ||      ||||  |    |N64199904 (N.S)
  ||      ||||  |   |T21519991 (N.S)
  ||      ||||  |  |+Node208 (N.S)
  ||      ||||  |  ||N21519990 (N.S)
  ||      ||||  | |+Node207 (N.S)
  ||      ||||  | |||T23120000 (N.S)
  ||      ||||  | ||+Node211 (N.S)
  ||      ||||  | | |N23119990 (N.S)
  ||      ||||  ||+Node189 (N.S)
  ||      ||||  ||| |T93200203 (N.S)
  ||      ||||  ||||+Node192 (N.S)
  ||      ||||  |||||N93199906 (N.S)
  ||      ||||  |||+Node191 (N.S)
  ||      ||||  ||||T31200003 (N.S)
  ||      ||||  ||| |T18819991 (N.S)
  ||      ||||  ||||+Node197 (N.S)
  ||      ||||  |||||N18819990 (N.S)
  ||      ||||  |||+Node196 (N.S)
  ||      ||||  || | |T88200112 (N.S)
  ||      ||||  || ||+Node201 (N.S)
  ||      ||||  || |||N88199901 (N.S)
  ||      ||||  || |+Node200 (N.S)
  ||      ||||  ||  ||T8200310 (N.S)
  ||      ||||  ||  |+Node204 (N.S)
  ||      ||||  ||   |N8199907 (N.S)
  ||      ||||  |+Node188 (N.S)
  ||      ||||   |    |T13019990 (N.S)
  ||      ||||   |   |+Node282 (N.S)
  ||      ||||   |   ||N13019981 (N.S)
  ||      ||||   |  |+Node281 (N.S)
  ||      ||||   |  |||T16420011 (N.S)
  ||      ||||   |  ||+Node286 (N.S)
  ||      ||||   |  |||N16419990 (N.S)
  ||      ||||   |  || |T17620000 (N.S)
  ||      ||||   |  |||+Node290 (N.S)
  ||      ||||   |  ||||N17619981 (N.S)
  ||      ||||   |  ||+Node289 (N.S)
  ||      ||||   |  | ||T29200003 (N.S)
  ||      ||||   |  | |+Node293 (N.S)
  ||      ||||   |  |  |N29199901 (N.S)
  ||      ||||   | |+Node280 (N.S)
  ||      ||||   | || |T18319990 (N.S)
  ||      ||||   | |||+Node297 (N.S)
  ||      ||||   | ||||N18319990 (N.S)
  ||      ||||   | ||+Node296 (N.S)
  ||      ||||   | | |  |T24220020 (N.S)
  ||      ||||   | | | |+Node302 (N.S)
  ||      ||||   | | | ||N24220000 (N.S)
  ||      ||||   | | ||+Node301 (N.S)
  ||      ||||   | | ||| |T85199908 (N.S)
  ||      ||||   | | ||||+Node306 (N.S)
  ||      ||||   | | |||||N85199811 (N.S)
  ||      ||||   | | |||+Node305 (N.S)
  ||      ||||   | | || |T22199809 (N.S)
  ||      ||||   | | |+Node300 (N.S)
  ||      ||||   | |  |T17199703 (0.01416089417169258)
  ||      ||||   ||+Node279 (N.S)
  ||      ||||   |||   |T10720000 (N.S)
  ||      ||||   |||  |+Node314 (N.S)
  ||      ||||   |||  ||N10719990 (N.S)
  ||      ||||   ||| |+Node313 (N.S)
  ||      ||||   ||| ||T1199908 (N.S)
  ||      ||||   ||||+Node312 (N.S)
  ||      ||||   ||||||T20200108 (N.S)
  ||      ||||   |||||+Node318 (N.S)
  ||      ||||   |||| |N20200107 (N.S)
  ||      ||||   |||+Node311 (N.S)
  ||      ||||   || | |T62200201 (N.S)
  ||      ||||   || ||+Node322 (N.S)
  ||      ||||   || |||N62200101 (N.S)
  ||      ||||   || |+Node321 (N.S)
  ||      ||||   ||  |N2199809 (N.S)
  ||      ||||   |+Node215 (N.S)
  ||      ||||   ||    |T22720000 (N.S)
  ||      ||||   ||   |+Node221 (N.S)
  ||      ||||   ||   ||N22719990 (N.S)
  ||      ||||   ||  |+Node220 (N.S)
  ||      ||||   ||  |||T66200012 (N.S)
  ||      ||||   ||  ||+Node224 (N.S)
  ||      ||||   ||  | |N66199812 (N.S)
  ||      ||||   || |+Node219 (N.S)
  ||      ||||   || |||T32200007 (0.006984274838404136)
  ||      ||||   || ||+Node227 (N.S)
  ||      ||||   || | |N32199901 (N.S)
  ||      ||||   |||+Node218 (N.S)
  ||      ||||   |||| |T23320011 (N.S)
  ||      ||||   |||||+Node231 (N.S)
  ||      ||||   ||||||N23319990 (N.S)
  ||      ||||   ||||+Node230 (N.S)
  ||      ||||   ||| ||T15719991 (N.S)
  ||      ||||   ||| |+Node234 (N.S)
  ||      ||||   |||  |N15719990 (N.S)
  ||      ||||   ||+Node217 (N.S)
  ||      ||||   |||   |T10920010 (N.S)
  ||      ||||   |||  |+Node240 (N.S)
  ||      ||||   |||  ||N10919990 (N.S)
  ||      ||||   ||| |+Node239 (N.S)
  ||      ||||   ||| |||T97200204 (N.S)
  ||      ||||   ||| ||+Node243 (N.S)
  ||      ||||   ||| | |N97199901 (N.S)
  ||      ||||   ||||+Node238 (N.S)
  ||      ||||   ||||||T24200309 (N.S)
  ||      ||||   |||||+Node246 (N.S)
  ||      ||||   |||| |N24200206 (N.S)
  ||      ||||   |||+Node237 (N.S)
  ||      ||||   || ||T16519991 (N.S)
  ||      ||||   || |+Node249 (N.S)
  ||      ||||   ||  |N16519990 (N.S)
  ||      ||||   ||    |T17920000 (N.S)
  ||      ||||   ||   |+Node256 (N.S)
  ||      ||||   ||   ||N17919990 (N.S)
  ||      ||||   ||  |+Node255 (N.S)
  ||      ||||   ||  |||T74200204 (N.S)
  ||      ||||   ||  ||+Node259 (N.S)
  ||      ||||   ||  | ||T7199811 (N.S)
  ||      ||||   ||  | |+Node261 (N.S)
  ||      ||||   ||  |  |N7199611 (N.S)
  ||      ||||   || |+Node254 (N.S)
  ||      ||||   || || |T10020000 (N.S)
  ||      ||||   || |||+Node265 (N.S)
  ||      ||||   || ||||N10019990 (N.S)
  ||      ||||   || ||+Node264 (N.S)
  ||      ||||   || | ||T94200105 (N.S)
  ||      ||||   || | |+Node268 (N.S)
  ||      ||||   || |  |N94199910 (N.S)
  ||      ||||   |||+Node253 (N.S)
  ||      ||||   |||| |T20620010 (N.S)
  ||      ||||   |||||+Node272 (N.S)
  ||      ||||   ||||||N20619990 (N.S)
  ||      ||||   ||||+Node271 (N.S)
  ||      ||||   ||| ||T25200305 (N.S)
  ||      ||||   ||| |+Node275 (N.S)
  ||      ||||   |||  |N25200207 (N.S)
  ||      ||||   ||+Node252 (N.S)
  ||      ||||   | |N74199812 (N.S)
  ||      ||||   |   |T14920010 (0.03228353911260351)
  ||      ||||   |  |+Node329 (N.S)
  ||      ||||   |  ||N14919990 (N.S)
  ||      ||||   | |+Node328 (N.S)
  ||      ||||   | |||T11819990 (N.S)
  ||      ||||   | ||+Node332 (N.S)
  ||      ||||   | | |N11819990 (N.S)
  ||      ||||   ||+Node327 (N.S)
  ||      ||||   |||  |T23520000 (N.S)
  ||      ||||   ||| |+Node338 (N.S)
  ||      ||||   ||| ||N23519990 (N.S)
  ||      ||||   ||||+Node337 (N.S)
  ||      ||||   ||||||T10219990 (N.S)
  ||      ||||   |||||+Node341 (N.S)
  ||      ||||   |||| |N10219981 (N.S)
  ||      ||||   |||+Node336 (N.S)
  ||      ||||   |||| |T14819991 (N.S)
  ||      ||||   |||||+Node345 (N.S)
  ||      ||||   ||||||N14819990 (N.S)
  ||      ||||   ||||+Node344 (N.S)
  ||      ||||   ||| ||T6200007 (N.S)
  ||      ||||   ||| |+Node348 (N.S)
  ||      ||||   |||  |N6199906 (N.S)
  ||      ||||   ||| |T13519991 (0.008873793459778234)
  ||      ||||   ||||+Node352 (N.S)
  ||      ||||   |||||N13519990 (N.S)
  ||      ||||   |||+Node351 (N.S)
  ||      ||||   || ||T67199909 (N.S)
  ||      ||||   || |+Node355 (N.S)
  ||      ||||   ||  |N67199906 (N.S)
  ||      ||||   |+Node326 (N.S)
  ||      ||||    |  |T21920000 (N.S)
  ||      ||||    | |+Node360 (N.S)
  ||      ||||    | ||N21919990 (N.S)
  ||      ||||    ||+Node359 (N.S)
  ||      ||||    ||||T18520000 (N.S)
  ||      ||||    |||+Node363 (N.S)
  ||      ||||    || |N18519990 (N.S)
  ||      ||||    |+Node358 (N.S)
  ||      ||||     ||T14620001 (N.S)
  ||      ||||     |+Node366 (N.S)
  ||      ||||      |N14619991 (N.S)
  ||      |||+Node79 (N.S)
  ||      || ||N22199107 (N.S)
  ||      || || |T22920001 (N.S)
  ||      || |||+Node582 (N.S)
  ||      || ||||N22919990 (N.S)
  ||      || ||+Node581 (N.S)
  ||      || ||||T11220000 (N.S)
  ||      || |||+Node585 (N.S)
  ||      || || |N11219990 (N.S)
  ||      || |+Node578 (N.S)
  ||      || ||   |N19819990 (N.S)
  ||      || ||  |+Node592 (N.S)
  ||      || ||  |||T12619990 (N.S)
  ||      || ||  ||+Node594 (N.S)
  ||      || ||  | |N12619990 (N.S)
  ||      || || |+Node591 (N.S)
  ||      || || |||T10200305 (N.S)
  ||      || || ||+Node597 (N.S)
  ||      || || | |N10199911 (N.S)
  ||      || |||+Node590 (N.S)
  ||      || |||| |T19920000 (N.S)
  ||      || |||||+Node601 (N.S)
  ||      || ||||||N19919991 (N.S)
  ||      || ||||+Node600 (N.S)
  ||      || ||| ||T98199910 (N.S)
  ||      || ||| |+Node604 (N.S)
  ||      || |||  |N98199901 (N.S)
  ||      || ||+Node589 (N.S)
  ||      || ||||N17199606 (N.S)
  ||      || |||| |T20319990 (N.S)
  ||      || |||||+Node694 (N.S)
  ||      || ||||||N20319990 (N.S)
  ||      || ||||+Node693 (N.S)
  ||      || ||||||T21199809 (N.S)
  ||      || |||||+Node697 (N.S)
  ||      || |||| |N21199201 (N.S)
  ||      || |||| |T13419991 (N.S)
  ||      || |||||+Node687 (N.S)
  ||      || ||||||N13419990 (N.S)
  ||      || ||||+Node686 (N.S)
  ||      || ||||||T13119990 (0.01295436302689579)
  ||      || |||||+Node690 (N.S)
  ||      || |||| |N13119990 (N.S)
  ||      || |||+Node607 (N.S)
  ||      || || ||T18120000 (N.S)
  ||      || || |+Node683 (N.S)
  ||      || || ||N18119990 (N.S)
  ||      || || |   |T12120000 (N.S)
  ||      || || |  |+Node650 (N.S)
  ||      || || |  ||N12119990 (N.S)
  ||      || || | |+Node638 (N.S)
  ||      || || | |||T18420000 (N.S)
  ||      || || | ||+Node640 (N.S)
  ||      || || | |||N18419990 (N.S)
  ||      || || | || |T83200010 (N.S)
  ||      || || | |||+Node644 (N.S)
  ||      || || | ||||N83199909 (N.S)
  ||      || || | ||+Node643 (N.S)
  ||      || || | | ||T79200004 (N.S)
  ||      || || | | |+Node647 (N.S)
  ||      || || | |  |N79199912 (N.S)
  ||      || || ||+Node614 (N.S)
  ||      || || |||  |T23220001 (N.S)
  ||      || || ||| |+Node618 (N.S)
  ||      || || ||| ||N23219990 (N.S)
  ||      || || ||||+Node617 (N.S)
  ||      || || ||||||T15619991 (N.S)
  ||      || || |||||+Node621 (N.S)
  ||      || || |||| |N15619990 (N.S)
  ||      || || |||+Node616 (N.S)
  ||      || || |||||T17720000 (N.S)
  ||      || || ||||+Node624 (N.S)
  ||      || || ||| |N17719990 (N.S)
  ||      || || |||  |T21720000 (N.S)
  ||      || || ||| |+Node629 (N.S)
  ||      || || ||| ||N21719990 (N.S)
  ||      || || ||||+Node628 (N.S)
  ||      || || ||||||T21620020 (N.S)
  ||      || || |||||+Node632 (N.S)
  ||      || || |||| |N21619990 (N.S)
  ||      || || |||+Node627 (N.S)
  ||      || || || ||T33200009 (N.S)
  ||      || || || |+Node635 (N.S)
  ||      || || ||  |N33199901 (N.S)
  ||      || || |+Node613 (N.S)
  ||      || || || |T17120000 (N.S)
  ||      || || |||+Node654 (N.S)
  ||      || || ||||N17119990 (N.S)
  ||      || || ||+Node653 (N.S)
  ||      || || | | |T12320000 (N.S)
  ||      || || | ||+Node658 (N.S)
  ||      || || | |||N12319990 (N.S)
  ||      || || | |+Node657 (N.S)
  ||      || || |  ||T95200001 (N.S)
  ||      || || |  |+Node661 (N.S)
  ||      || || |   |N95199908 (N.S)
  ||      || || | |T37199910 (N.S)
  ||      || || ||+Node665 (N.S)
  ||      || || |||N37199901 (0.02439941888127684)
  ||      || || |+Node664 (N.S)
  ||      || ||  |  |T20920000 (N.S)
  ||      || ||  | |+Node670 (N.S)
  ||      || ||  | ||N20919990 (N.S)
  ||      || ||  ||+Node669 (N.S)
  ||      || ||  ||||T18220000 (N.S)
  ||      || ||  |||+Node673 (N.S)
  ||      || ||  || |N18219990 (N.S)
  ||      || ||  |+Node668 (N.S)
  ||      || ||   ||T35200006 (N.S)
  ||      || ||   |+Node676 (N.S)
  ||      || ||    ||T34199911 (N.S)
  ||      || ||    |+Node678 (N.S)
  ||      || ||     |N35199901 (N.S)
  ||      || ||     |N34199901 (N.S)
  ||      || ||  |T20120010 (N.S)
  ||      || || |+Node702 (N.S)
  ||      || || ||N20119991 (N.S)
  ||      || |||+Node701 (N.S)
  ||      || ||||N1199101 (N.S)
  ||      || ||+Node700 (N.S)
  ||      || | | |T21319991 (N.S)
  ||      || | ||+Node707 (N.S)
  ||      || | |||N21319990 (N.S)
  ||      || | |+Node706 (N.S)
  ||      || |  |T28200101 (N.S)
  ||      || |    |T16920011 (N.S)
  ||      || |   |+Node715 (N.S)
  ||      || |   ||N16919990 (N.S)
  ||      || |  |+Node714 (N.S)
  ||      || |  ||   |T20219990 (N.S)
  ||      || |  ||  |+Node721 (N.S)
  ||      || |  ||  ||N20219981 (N.S)
  ||      || |  || |+Node720 (N.S)
  ||      || |  || |||T12219990 (N.S)
  ||      || |  || ||+Node724 (N.S)
  ||      || |  || | |N12219990 (N.S)
  ||      || |  |||+Node719 (N.S)
  ||      || |  |||| |T12419991 (N.S)
  ||      || |  |||||+Node728 (N.S)
  ||      || |  ||||||N12419991 (N.S)
  ||      || |  ||||+Node727 (N.S)
  ||      || |  ||| ||T11020000 (N.S)
  ||      || |  ||| |+Node731 (N.S)
  ||      || |  |||  |N11019990 (N.S)
  ||      || |  ||+Node718 (N.S)
  ||      || |  | | |T13920000 (N.S)
  ||      || |  | ||+Node735 (N.S)
  ||      || |  | |||N13919981 (N.S)
  ||      || |  | |+Node734 (N.S)
  ||      || |  |  ||T43200209 (N.S)
  ||      || |  |  |+Node738 (N.S)
  ||      || |  |   |N43200201 (N.S)
  ||      || | |+Node713 (N.S)
  ||      || | || |T17820020 (N.S)
  ||      || | |||+Node742 (N.S)
  ||      || | ||||N17819990 (N.S)
  ||      || | ||+Node741 (N.S)
  ||      || | | ||T12819991 (N.S)
  ||      || | | |+Node745 (N.S)
  ||      || | |  |N12819990 (N.S)
  ||      || ||+Node712 (N.S)
  ||      || |||    |T18919990 (N.S)
  ||      || |||   |+Node752 (N.S)
  ||      || |||   ||N18919981 (N.S)
  ||      || |||  |+Node751 (N.S)
  ||      || |||  |||T10120000 (N.S)
  ||      || |||  ||+Node755 (N.S)
  ||      || |||  | |N10119990 (N.S)
  ||      || ||| |+Node750 (N.S)
  ||      || ||| |||T20020000 (N.S)
  ||      || ||| ||+Node758 (N.S)
  ||      || ||| | |N20019991 (N.S)
  ||      || ||||+Node749 (N.S)
  ||      || ||||||T22120000 (0.002588345196362862)
  ||      || |||||+Node761 (N.S)
  ||      || |||| |N22119990 (N.S)
  ||      || |||+Node748 (N.S)
  ||      || || |  |T68199912 (0.01014887425867472)
  ||      || || | |+Node773 (N.S)
  ||      || || | ||N68199905 (N.S)
  ||      || || ||+Node772 (N.S)
  ||      || || ||||T15200201 (0.002996013909307815)
  ||      || || |||+Node776 (N.S)
  ||      || || || |N15200101 (N.S)
  ||      || || |+Node764 (N.S)
  ||      || ||  ||T10620010 (N.S)
  ||      || ||  |+Node766 (N.S)
  ||      || ||  ||N10619990 (N.S)
  ||      || ||  ||T96199911 (N.S)
  ||      || ||  |+Node769 (N.S)
  ||      || ||   |N96199908 (N.S)
  ||      || |+Node711 (N.S)
  ||      ||  |   |T16820010 (N.S)
  ||      ||  |  |+Node782 (N.S)
  ||      ||  |  ||N16819990 (N.S)
  ||      ||  | |+Node781 (N.S)
  ||      ||  | |||T11720000 (N.S)
  ||      ||  | ||+Node785 (N.S)
  ||      ||  | | |N11719991 (N.S)
  ||      ||  ||+Node780 (N.S)
  ||      ||  ||||T92200003 (0.04328610266096311)
  ||      ||  |||+Node788 (N.S)
  ||      ||  || |N92199904 (N.S)
  ||      ||  |+Node779 (N.S)
  ||      ||   ||T19320000 (0.0443463898229205)
  ||      ||   |+Node791 (N.S)
  ||      ||    |N19319990 (N.S)
  ||      || |T9200006 (0.001255495034678977)
  ||      |||+Node795 (N.S)
  ||      ||||N9199909 (N.S)
  ||      ||+Node794 (N.S)
  ||      | ||T23200207 (N.S)
  ||      | |+Node798 (N.S)
  ||      |  |N23200204 (N.S)
  ||     |+Node11 (N.S)
  ||     || |T73200108 (N.S)
  ||     |||+Node836 (N.S)
  ||     ||||N73199904 (N.S)
  ||     ||+Node835 (N.S)
  ||     | |  |T65200101 (N.S)
  ||     | | |+Node841 (N.S)
  ||     | | ||N65199902 (N.S)
  ||     | ||+Node840 (N.S)
  ||     | ||||T19820000 (N.S)
  ||     | |||+Node845 (N.S)
  ||     | |||||T18020000 (N.S)
  ||     | ||||+Node847 (N.S)
  ||     | ||| |N18019990 (N.S)
  ||     | ||||T17220001 (N.S)
  ||     | |||+Node850 (N.S)
  ||     | || |N17219990 (N.S)
  ||     | |+Node839 (N.S)
  ||     |  ||T3200011 (N.S)
  ||     |  |+Node853 (N.S)
  ||     |   |N3199901 (N.S)
  ||    |+Node10 (N.S)
  ||    |||T14420000 (N.S)
  ||    ||+Node856 (N.S)
  ||    | |N14419990 (N.S)
  ||   |+Node9 (N.S)
  ||   |||T10520000 (N.S)
  ||   ||+Node859 (N.S)
  ||   | |N10519990 (N.S)
  ||  |+Node8 (N.S)
  ||  ||  |T40199905 (N.S)
  ||  || |+Node864 (N.S)
  ||  || ||N40199903 (N.S)
  ||  |||+Node863 (N.S)
  ||  |||||T39199907 (N.S)
  ||  ||||+Node867 (N.S)
  ||  ||| |N39199905 (N.S)
  ||  ||+Node862 (N.S)
  ||  | ||T38199907 (N.S)
  ||  | |+Node870 (N.S)
  ||  |  |N38199905 (N.S)
  || |+Node7 (N.S)
  || |||T20820000 (N.S)
  || ||+Node873 (N.S)
  || | |N20819990 (N.S)
  |||+Node6 (N.S)
  |||| |T23820090 (N.S)
  |||||+Node877 (N.S)
  ||||||N23820050 (N.S)
  ||||+Node876 (N.S)
  ||| ||T77200005 (N.S)
  ||| |+Node880 (N.S)
  |||  |N77199906 (N.S)
  ||+Node5 (N.S)
  |||T24120081 (N.S)
  || |T41200107 (N.S)
  |||+Node885 (N.S)
  ||||N41200002 (N.S)
  ||+Node884 (N.S)
  | |T56200502 (N.S)
 |+Node2 (N.S)
 |||T51200502 (N.S)
 ||+Node892 (N.S)
 | |N51200412 (N.S)
|+Node1 (N.S)
||    |T54200502 (N.S)
||   |+Node911 (N.S)
||   ||N54200412 (N.S)
||  |+Node910 (N.S)
||  |||T48200502 (N.S)
||  ||+Node914 (N.S)
||  | |N48200412 (N.S)
|| |+Node898 (N.S)
|| |||T47200502 (N.S)
|| ||+Node900 (N.S)
|| |||N47200412 (N.S)
|| || |T59200502 (N.S)
|| |||+Node904 (N.S)
|| ||||N59200412 (N.S)
|| ||+Node903 (N.S)
|| | ||T60200502 (N.S)
|| | |+Node907 (N.S)
|| |  |N60200412 (N.S)
|||+Node897 (N.S)
||||  |T23920070 (N.S)
|||| |+Node919 (N.S)
|||| ||N23920060 (N.S)
|||||+Node918 (N.S)
|||||||T50200502 (N.S)
||||||+Node922 (N.S)
||||| |N50200412 (N.S)
||||+Node917 (N.S)
||| ||T52200502 (N.S)
||| |+Node925 (N.S)
|||  |N52200412 (N.S)
||+Node896 (N.S)
|||   |T55200502 (N.S)
|||  |+Node931 (N.S)
|||  ||N55200412 (N.S)
||| |+Node930 (N.S)
||| |||T46200502 (N.S)
||| ||+Node934 (N.S)
||| | |N46200412 (N.S)
||||+Node929 (N.S)
||||||T61200502 (N.S)
|||||+Node937 (N.S)
|||| |N61200412 (0.00186422481480486)
|||+Node928 (N.S)
|| ||T58200502 (N.S)
|| |+Node940 (N.S)
||  |N58200412 (N.S)
|| |T57200502 (4.766564138614093e-05)
|||+Node944 (N.S)
||||N57200412 (N.S)
||+Node943 (N.S)
| |N56200412 (N.S)
|T53200502 (N.S)
|N53200412 (N.S)
```

