
Analysis Description
--------------------
aBSREL (Adaptive branch-site random effects likelihood) uses an adaptive
random effects branch-site model framework to test whether each branch
has evolved under positive selection, using a procedure which infers an
optimal number of rate categories per branch. v2.2 adds support for
multiple-hit models. v2.3 adds support for SRV. v2.5 adds support for
ancestral state reconstruction, identification of sites contributing to
selection signal, and some diagnostics. v2.6 adds tree reports and ASCII
art

- __Requirements__: in-frame codon alignment and a phylogenetic tree

- __Citation__:  Less Is More: An Adaptive Branch-Site Random Effects Model for
Efficient Detection of Episodic Diversifying Selection (2015). Mol Biol
Evol 32 (5): 1342-1353. 

- __Written by__: Sergei L Kosakovsky Pond, Ben Murrell, Steven Weaver and Temple iGEM /
UCSD viral evolution group

- __Contact Information__: spond@temple.edu

- __Analysis Version__: 2.6

[Advanced option] Bag of little bootstrap alignment resampling rate (permissible range = [0.01,1], default value = 1): blb: 1

>code => Universal
>Loaded a multiple sequence alignment with **466** sequences, **589** codons, and **1** partitions from `/Users/alex/Documents/selection-tutorial/data/21-empirical/IAV-human-H1N1-HA.nex`

>branches => All

>multiple-hits => None

>srv => No


### * Selected 929 branches for testing: `CY074339, KF765558, Node81, GQ475899, Node80, CY073837, CY147587, Node86, KP458628, Node85, Node79, KC782260, GQ476076, Node91, GQ475724, GQ475990, Node94, Node90, Node78, GQ476114, Node77, CY100820, CY100836, Node98, Node76, CY100828, Node75, GQ896366, Node74, GQ475701, FJ687003, Node103, Node73, GQ475904, FJ549040, Node107, FJ687013, Node106, Node72, CY080721, CY080610, Node114, CY074131, CY080897, Node117, Node113, FJ686977, Node112, GQ475707, Node111, Node71, EU779616, KM403100, Node123, KP457835, Node122, Node70, CY099323, KC782266, Node135, GQ475780, Node134, GU183815, KP457738, Node139, Node133, KC780089, Node132, CY053664, CY053670, Node143, Node131, GQ475852, KP458535, Node148, CY064807, Node147, KP637854, Node146, Node130, GQ475939, GQ476148, Node158, GQ475919, Node157, CY074139, Node156, KP456913, KP459312, Node163, Node155, KP456537, KP458456, Node166, Node154, KP459274, Node153, Node129, KP637518, GU271950, Node170, Node128, GQ475968, Node127, Node69, CY058495, EU567013, Node174, Node68, KP458139, KP456613, Node188, KP456502, Node187, KP458410, FJ532073, Node192, Node186, CY053658, CY087278, Node197, CY053674, Node196, CY053654, Node195, Node185, FJ743454, Node184, KP458754, Node183, CY070088, KP457395, Node205, KP458218, Node204, Node182, KJ909523, Node181, GQ475901, HQ533865, Node215, GQ475879, Node214, GQ475933, KP458060, Node220, FJ686999, Node219, Node213, CY099322, Node212, CY119298, Node211, KP457682, CY099320, Node226, Node210, Node180, CY074387, KC782273, Node234, GQ475956, Node233, FJ687006, Node232, CY100796, Node231, KP457517, Node230, CY074243, CY087143, Node243, KP458198, Node242, KP458906, Node241, Node229, Node179, KX431176, KX431170, Node252, KX431184, KX431183, Node255, Node251, KX431171, Node250, KX431178, Node249, KX431174, Node248, Node178, AB501386, Node177, Node67, FJ966244, KP457432, Node265, FJ743466, Node264, KP457304, KP457227, Node269, Node263, CY172999, Node262, Node66, GQ476151, FJ549068, Node276, CY070136, Node275, CY070096, Node274, KP457337, GQ476145, Node282, EU566970, Node281, Node273, Node65, EU887034, Node64, HQ291894, Node63, CY070152, FJ532095, Node295, FJ798792, Node294, KP458720, Node293, KP458144, Node292, KP456298, Node291, CY104966, Node290, AB501384, AB501387, Node305, KP457648, Node304, KP457855, KP458748, Node309, Node303, Node289, FJ264947, CY121592, Node317, KP457112, Node316, KP456386, Node315, HQ291892, HQ291893, Node324, KP456645, Node323, CY118167, Node322, Node314, CY036692, KP456835, Node329, Node313, KP457204, CY104587, Node332, Node312, Node288, Node62, CY105046, Node61, CY039447, KP458231, Node342, CY040258, Node341, EU716526, Node340, CY073960, Node339, CY073935, CY073927, Node348, Node338, EU779624, EU779625, Node352, EU516237, Node351, Node337, EU516089, Node336, Node60, EU516086, EU566984, Node359, CY073953, Node358, HM176663, KP457765, Node364, CY040114, Node363, Node357, Node59, KP637614, KP457641, Node370, KP457861, Node369, KP459214, Node368, Node58, HM144120, Node57, FJ532089, KP458600, Node382, KP457399, KP456286, Node385, Node381, CY172935, KP456197, Node388, Node380, KP458105, Node379, FJ264945, Node378, KP458914, KP456212, Node393, Node377, EU516247, KP637894, Node396, Node376, Node56, GQ476128, EU516023, Node402, KP637766, Node401, KP458862, EU516253, Node407, FJ532072, Node406, Node400, CY119274, EU566981, Node411, Node399, Node55, JN582055, KP458732, Node414, Node54, EU716538, EU516097, Node425, EU716559, EU779634, Node428, Node424, EU887025, Node423, EU516300, Node422, KX431175, KX431185, Node435, KX431172, Node434, KP458795, EU516299, Node439, Node433, Node421, EU516092, EU887022, Node442, Node420, EU516242, HQ291881, Node447, HM144123, Node446, KP458553, Node445, Node419, EU516017, Node418, EU887027, CY040058, Node454, KP457845, Node453, Node417, Node53, KP459033, KP458513, Node458, Node52, FJ183466, Node51, KP637382, KP456355, Node464, AB501381, Node463, EU716572, Node462, Node50, EU199348, CY028307, Node470, EU199354, Node469, Node49, CY094797, Node48, EU097956, Node47, CY119178, Node46, KP457309, Node45, KP456964, KP456492, Node504, KP458608, Node503, FJ549060, KP457549, Node508, Node502, KP459239, KP458285, Node511, Node501, KP457308, CY054553, Node516, KP456801, Node515, KP457006, Node514, Node500, KP458865, Node499, EU567019, Node498, KP458692, Node497, KP459297, KP456799, Node527, KP458524, Node526, CY118083, Node525, KF533063, KP456208, Node533, EU199355, KP458339, Node536, Node532, Node524, Node496, KP456594, CY053668, Node539, Node495, KP456549, Node494, CY104910, CY104886, Node550, CY105142, CY104571, Node553, Node549, CY104958, Node548, KP458266, KP457570, Node557, Node547, KP456256, Node546, EU779612, Node545, EU716570, EU516059, Node564, EU516094, EU516057, Node567, Node563, KP459256, Node562, Node544, KP456460, Node543, Node493, KP456988, KP456289, Node572, Node492, KP459323, KP456474, Node576, KP456617, Node575, Node491, KP458658, KP457646, Node580, Node490, KF533064, Node489, KP459278, Node488, KP458730, KP456637, Node585, Node487, KP457477, KP457157, Node589, KP458423, Node588, Node486, KP458765, KP457624, Node593, Node485, EU382982, HQ291870, Node596, Node484, KP456634, Node483, KP457512, KP457622, Node600, Node482, EU382986, EU382987, Node603, Node481, HQ291874, Node480, KP458029, Node479, CY125204, Node478, Node44, KP457692, KP458818, Node617, CY100980, Node616, HQ291877, CY104284, Node621, Node615, CY104838, Node614, HQ291880, HQ291878, Node625, Node613, KP456422, HQ291876, Node628, Node612, FJ231784, Node611, CY119170, Node610, CY119162, Node609, Node43, CY117840, Node42, CY125148, Node41, CY104068, CY104694, Node637, CY103996, Node636, Node40, CY006195, CY103988, Node641, Node39, CY030061, CY031571, Node661, CY027219, Node660, CY027067, Node659, CY026731, Node658, EU100703, Node657, CY027963, Node656, EU516109, EU516144, Node670, CY026683, Node669, Node655, CY027779, Node654, KP456878, CY172719, Node675, Node653, HM144110, Node652, EU199350, KP457752, Node684, CY027147, Node683, EU199338, CY025587, Node688, Node682, CY025261, Node681, HM144130, Node680, KP456657, CY021757, Node694, FJ231778, Node693, Node679, Node651, FJ231782, Node650, HM144114, HM144111, Node702, HM144115, Node701, HM144112, Node700, KP456772, KP459041, Node708, KP457643, CY027771, Node711, Node707, Node699, Node649, KP458803, KP457219, Node716, KP459018, CY031140, Node719, Node715, CY026339, Node714, Node648, CY104822, Node647, CY105158, CY119130, Node724, Node646, CY016328, CY016329, Node727, Node645, KP458918, Node644, Node38, DQ397950, Node37, CY125663, Node36, FJ231789, FJ231791, Node737, CY016326, CY002664, Node740, Node736, CY002152, Node735, EU097959, Node734, CY125172, CY122316, Node745, Node733, Node35, CY012296, CY010140, Node748, Node34, KP456555, KP459151, Node751, Node33, CY147318, Node32, JX477158, DQ249260, Node761, KP456418, Node760, CY010412, Node759, KP458850, Node758, KP456770, Node757, KP458690, Node756, KP458210, Node755, Node31, AF386781, Node30, AF386775, Node29, CY125012, Node28, DQ415317, Node27, AF386778, Node26, CY119074, Node25, CY125068, Node24, CY013845, Node23, CY033614, Node22, AY282757, CY019867, Node791, CY010740, Node790, CY019125, Node789, CY021005, CY010484, Node796, Node788, CY036839, Node787, CY117691, Node786, CY012856, CY015532, Node801, Node785, CY011800, CY125060, Node805, CY125052, Node804, Node784, DQ415316, Node783, CY125662, CY017155, Node812, AF386774, Node811, CY010508, Node810, Node782, CY125036, Node781, CY013303, CY125044, Node818, Node780, CY147382, AY289927, Node821, Node779, Node21, CY036823, Node20, D13574, Node19, JX477163, Node18, CY045852, Node17, CY020477, Node16, CY019779, CY019101, Node829, Node15, CY020453, Node14, CY021037, AJ289702, Node835, CY021725, Node834, CY017877, Node833, Node13, CY021029, CY010364, Node840, Node12, CY028724, CY021909, Node844, CY026411, Node843, Node11, CY020173, Node10, CY009292, Node9, K01330, DQ508897, Node851, M38312, Node850, Node8, CY147374, Node7, CY019947, Node6, CY146793, CY125862, Node865, JN540082, Node864, CY147334, Node863, CY077725, Node862, CY077748, Node861, CY077768, Node860, CY022021, CY146785, Node873, Node859, CY009612, U02085, Node876, Node858, CY013271, CY009596, Node879, Node857, Node5, CY147366, CY021709, Node883, CY020285, Node882, Node4, CY009276, Node3, CY147518, CY147534, Node898, CY146857, Node897, CY148243, Node896, Z54287, Node895, CY033577, Node894, LC120391, Node893, CY146833, Node892, V01088, Node891, CY020445, Node890, CY020469, Node889, CY045772, CY009324, Node910, Node888, Node2, AF408859, U08903, Node918, U08904, Node917, CY009604, Node916, CY045756, Node915, CY010788, CY034132, Node925, DQ508905, Node924, Node914, CY147326, Node913, AF117241`


### Obtaining branch lengths and nucleotide substitution biases under the nucleotide GTR model

>kill-zero-lengths => Yes

### Deleted 175 zero-length internal branches: `Node106, Node123, Node128, Node129, Node130, Node132, Node133, Node134, Node139, Node148, Node153, Node156, Node163, Node177, Node179, Node18, Node180, Node182, Node183, Node185, Node186, Node188, Node192, Node197, Node204, Node210, Node213, Node219, Node220, Node229, Node230, Node233, Node234, Node241, Node249, Node250, Node251, Node262, Node27, Node273, Node274, Node28, Node281, Node288, Node289, Node290, Node292, Node294, Node303, Node304, Node312, Node313, Node314, Node315, Node332, Node337, Node338, Node339, Node342, Node35, Node351, Node357, Node364, Node368, Node370, Node378, Node380, Node381, Node385, Node39, Node393, Node399, Node40, Node400, Node401, Node407, Node411, Node414, Node417, Node419, Node420, Node421, Node422, Node424, Node428, Node433, Node442, Node445, Node454, Node462, Node478, Node48, Node481, Node484, Node486, Node487, Node489, Node490, Node492, Node493, Node494, Node498, Node50, Node500, Node501, Node502, Node51, Node511, Node515, Node524, Node525, Node527, Node53, Node532, Node536, Node54, Node547, Node549, Node55, Node553, Node56, Node563, Node58, Node589, Node59, Node60, Node610, Node612, Node615, Node616, Node62, Node63, Node641, Node647, Node65, Node654, Node655, Node657, Node66, Node660, Node661, Node67, Node679, Node68, Node680, Node683, Node684, Node693, Node70, Node702, Node72, Node73, Node736, Node74, Node740, Node758, Node760, Node77, Node78, Node785, Node79, Node790, Node791, Node796, Node80, Node804, Node81, Node85, Node851, Node86, Node862, Node896, Node90, Node91, Node94`
* Log(L) = -25984.18, AIC-c = 53844.49 (937 estimated parameters)
* 1 partition. Total tree length by partition (subs/site)  1.964

### Fitting the baseline model with a single dN/dS class per branch, and no site-to-site variation. 
* Log(L) = -24881.08, AIC-c = 52823.15 (1522 estimated parameters)
* Branch-level non-synonymous/synonymous rate ratio distribution has median  0.43, and 95% of the weight in  0.07 -  1.74

### Determining the optimal number of rate classes per branch using a step up procedure

|              Branch               |  Length  |  Rates   |     Max. dN/dS     |    Log(L)     |     AIC-c     |Best AIC-c so far|
|-----------------------------------|----------|----------|--------------------|---------------|---------------|-----------------|
|             AF117241              |   0.07   |    2     |    1.08 (29.09%)   |   -24878.94   |   52822.90    |    52822.90     |
|             AF117241              |   0.07   |    3     |    1.47 ( 7.43%)   |   -24878.94   |   52826.96    |    52822.90     |
|               Node3               |   0.02   |    2     |    3.82 ( 2.78%)   |   -24878.82   |   52826.70    |    52822.90     |
|               Node5               |   0.02   |    2     |    7.76 ( 2.45%)   |   -24877.86   |   52824.80    |    52822.90     |
|              Node15               |   0.02   |    2     |    0.28 (65.88%)   |   -24878.94   |   52826.95    |    52822.90     |
|               Node6               |   0.02   |    2     |    5.80 ( 3.72%)   |   -24876.42   |   52821.92    |    52821.92     |
|               Node6               |   0.02   |    3     |    6.75 ( 2.82%)   |   -24876.42   |   52825.96    |    52821.92     |
|              Node924              |   0.02   |    2     |    6.74 ( 9.47%)   |   -24876.40   |   52825.92    |    52821.92     |
|              Node913              |   0.01   |    2     |   26.90 ( 2.49%)   |   -24871.51   |   52816.15    |    52816.15     |
|              Node913              |   0.01   |    3     |   28.54 ( 2.29%)   |   -24871.53   |   52820.22    |    52816.15     |
|              Node22               |   0.01   |    2     |    0.48 (23.12%)   |   -24871.53   |   52820.22    |    52816.15     |
|              Node812              |   0.01   |    2     |    0.39 ( 6.54%)   |   -24871.51   |   52820.19    |    52816.15     |
|             CY146785              |   0.01   |    2     |    0.40 (75.61%)   |   -24871.52   |   52820.20    |    52816.15     |
|             KX431183              |   0.01   |    2     |  389.30 ( 2.15%)   |   -24852.71   |   52782.59    |    52782.59     |
|             KX431183              |   0.01   |    3     |  377.16 ( 2.09%)   |   -24852.73   |   52786.68    |    52782.59     |
|              Node873              |   0.01   |    2     |    0.22 (47.17%)   |   -24852.72   |   52786.64    |    52782.59     |
|              Node891              |   0.01   |    2     |   14.76 ( 7.91%)   |   -24850.91   |   52783.03    |    52782.59     |
|              Node910              |   0.01   |    2     |    0.30 (53.01%)   |   -24852.71   |   52786.62    |    52782.59     |
|             FJ743466              |   0.01   |    2     |    0.29 (51.26%)   |   -24852.72   |   52786.64    |    52782.59     |
|             CY053670              |   0.01   |    2     |    8.82 ( 1.83%)   |   -24852.71   |   52786.63    |    52782.59     |
|             CY010364              |   0.01   |    2     |    0.13 (64.02%)   |   -24852.72   |   52786.64    |    52782.59     |
|              Node860              |   0.01   |    2     |    0.30 (13.96%)   |   -24852.71   |   52786.63    |    52782.59     |
|             CY009276              |   0.01   |    2     |   10.48 ( 2.25%)   |   -24852.52   |   52786.24    |    52782.59     |
|             CY009596              |   0.01   |    2     |    0.81 (50.57%)   |   -24852.71   |   52786.63    |    52782.59     |
|              Node865              |   0.01   |    2     |    0.25 ( 0.00%)   |   -24852.71   |   52786.63    |    52782.59     |
|             KP456613              |   0.01   |    2     |    0.25 (23.83%)   |   -24852.72   |   52786.65    |    52782.59     |
|             KP459256              |   0.01   |    2     |    0.31 (49.99%)   |   -24852.72   |   52786.65    |    52782.59     |
|             KX431176              |   0.01   |    2     |   >1000 ( 1.91%)   |   -24839.34   |   52759.90    |    52759.90     |
|             KX431176              |   0.01   |    3     |   >1000 ( 1.89%)   |   -24839.33   |   52763.92    |    52759.90     |
|             CY077768              |   0.01   |    2     |    0.40 (50.08%)   |   -24839.34   |   52763.94    |    52759.90     |
|              Node41               |   0.01   |    2     |    0.14 (47.98%)   |   -24839.35   |   52763.95    |    52759.90     |
|              Node883              |   0.01   |    2     |    0.24 (25.12%)   |   -24839.35   |   52763.95    |    52759.90     |
|              Node539              |   0.01   |    2     |    0.25 (50.00%)   |   -24839.35   |   52763.96    |    52759.90     |
|             KP457309              |   0.01   |    2     |    0.32 ( 0.00%)   |   -24839.34   |   52763.94    |    52759.90     |
|             EU097959              |   0.01   |    2     |    0.30 ( 0.00%)   |   -24839.34   |   52763.94    |    52759.90     |
|             DQ249260              |   0.01   |    2     |    2.04 (24.96%)   |   -24839.34   |   52763.93    |    52759.90     |
|             KP459214              |   0.01   |    2     |    0.25 (51.02%)   |   -24839.35   |   52763.95    |    52759.90     |
|             AJ289702              |   0.01   |    2     |    0.27 (22.44%)   |   -24839.34   |   52763.94    |    52759.90     |
|             JX477163              |   0.01   |    2     |    0.27 (66.68%)   |   -24839.34   |   52763.94    |    52759.90     |
|             CY147366              |   0.01   |    2     |    0.76 (98.66%)   |   -24839.34   |   52763.94    |    52759.90     |
|              Node879              |   0.01   |    2     |    0.75 (21.25%)   |   -24839.34   |   52763.94    |    52759.90     |
|              Node861              |   0.01   |    2     |   15.72 ( 6.58%)   |   -24839.25   |   52763.75    |    52759.90     |
|             CY045772              |   0.01   |    2     |    0.91 ( 6.08%)   |   -24839.34   |   52763.94    |    52759.90     |
|             CY104822              |   0.01   |    2     |    0.62 (13.90%)   |   -24839.35   |   52763.96    |    52759.90     |
|             CY033614              |   0.01   |    2     |    0.24 (49.06%)   |   -24839.34   |   52763.94    |    52759.90     |
|              Node811              |   0.01   |    2     |    0.29 (50.41%)   |   -24839.35   |   52763.95    |    52759.90     |
|             CY020469              |   0.01   |    2     |   28.34 ( 2.45%)   |   -24838.15   |   52761.56    |    52759.90     |
|             DQ415316              |   0.01   |    2     |  271.14 ( 0.80%)   |   -24832.57   |   52750.39    |    52750.39     |
|             DQ415316              |   0.01   |    3     |  267.47 ( 0.78%)   |   -24832.58   |   52754.47    |    52750.39     |
|             DQ415317              |   0.01   |    2     |    0.80 (91.51%)   |   -24832.57   |   52754.44    |    52750.39     |
|              Node733              |   0.01   |    2     |    0.26 ( 8.54%)   |   -24832.57   |   52754.44    |    52750.39     |
|             KJ909523              |   0.01   |    2     |  262.18 ( 1.01%)   |   -24831.11   |   52751.51    |    52750.39     |
|             CY100796              |   0.01   |    2     |    0.39 (77.01%)   |   -24832.57   |   52754.44    |    52750.39     |
|             CY013303              |   0.01   |    2     |    0.36 (10.08%)   |   -24832.57   |   52754.44    |    52750.39     |
|             CY105158              |   0.01   |    2     |    0.39 ( 8.43%)   |   -24832.57   |   52754.44    |    52750.39     |
|             CY020445              |   0.01   |    2     |    0.79 (90.87%)   |   -24832.57   |   52754.44    |    52750.39     |
|              Node857              |   0.01   |    2     |    0.31 ( 0.00%)   |   -24832.57   |   52754.44    |    52750.39     |
|              Node480              |   0.01   |    2     |    0.20 (45.26%)   |   -24832.57   |   52754.44    |    52750.39     |
|             DQ397950              |   0.01   |    2     |    0.80 (50.00%)   |   -24832.57   |   52754.44    |    52750.39     |
|             CY122316              |   0.01   |    2     |    0.48 (25.57%)   |   -24832.57   |   52754.44    |    52750.39     |
|              U08904               |   0.01   |    2     |    6.85 (12.39%)   |   -24832.57   |   52754.45    |    52750.39     |
|             AB501386              |   0.01   |    2     |    0.23 (47.43%)   |   -24832.57   |   52754.44    |    52750.39     |
|             CY070096              |   0.01   |    2     |    0.40 (24.68%)   |   -24832.58   |   52754.45    |    52750.39     |
|             JN540082              |   0.01   |    2     |    0.79 (10.53%)   |   -24832.58   |   52754.45    |    52750.39     |
|              Node782              |   0.01   |    2     |    0.34 ( 0.00%)   |   -24832.57   |   52754.44    |    52750.39     |
|             CY020285              |   0.01   |    2     |    0.26 ( 9.18%)   |   -24832.57   |   52754.44    |    52750.39     |
|             CY146793              |   0.01   |    2     |    0.27 (50.25%)   |   -24832.57   |   52754.44    |    52750.39     |
|             CY053664              |   0.01   |    2     |    3.72 (96.43%)   |   -24832.57   |   52754.44    |    52750.39     |
|              Node781              |   0.01   |    2     |    0.24 (48.42%)   |   -24832.57   |   52754.44    |    52750.39     |
|             KP457692              |   0.01   |    2     |    0.38 (52.46%)   |   -24832.57   |   52754.44    |    52750.39     |
|             CY117840              |   0.01   |    2     |    0.52 (10.22%)   |   -24832.57   |   52754.45    |    52750.39     |
|              Node833              |   0.01   |    2     |    0.49 (48.34%)   |   -24832.57   |   52754.44    |    52750.39     |
|             CY045852              |   0.01   |    2     |    0.25 (24.04%)   |   -24832.57   |   52754.44    |    52750.39     |
|             KP459312              |   0.01   |    2     |    0.98 (24.08%)   |   -24832.57   |   52754.44    |    52750.39     |
|             EU382987              |   0.01   |    2     |    0.39 (51.43%)   |   -24832.57   |   52754.44    |    52750.39     |
|             KP458524              |   0.01   |    2     |    0.47 (49.80%)   |   -24832.57   |   52754.44    |    52750.39     |
|             AF386778              |   0.01   |    2     |    0.25 (24.12%)   |   -24832.57   |   52754.44    |    52750.39     |
|             JX477158              |   0.01   |    2     |    0.52 (10.20%)   |   -24832.58   |   52754.45    |    52750.39     |
|             KX431174              |   0.01   |    2     |   >1000 ( 0.58%)   |   -24820.13   |   52729.55    |    52729.55     |
|             KX431174              |   0.01   |    3     |   >1000 ( 0.56%)   |   -24820.14   |   52733.63    |    52729.55     |
|             KP456212              |   0.01   |    2     |    0.60 (50.34%)   |   -24820.13   |   52733.60    |    52729.55     |
|             CY125068              |   0.01   |    2     |    0.25 (49.43%)   |   -24820.13   |   52733.60    |    52729.55     |
|              Node49               |   0.01   |    2     |    0.25 (24.04%)   |   -24820.13   |   52733.60    |    52729.55     |
|             HQ533865              |   0.01   |    2     |    0.25 (24.12%)   |   -24820.13   |   52733.60    |    52729.55     |
|             CY077725              |   0.01   |    2     |    0.25 (24.04%)   |   -24820.13   |   52733.60    |    52729.55     |
|             CY025261              |   0.01   |    2     |    0.25 (24.12%)   |   -24820.13   |   52733.60    |    52729.55     |
|              Node890              |   0.01   |    2     |    1.00 (50.06%)   |   -24820.11   |   52733.56    |    52729.55     |
|              Node783              |   0.01   |    2     |    0.24 (23.77%)   |   -24820.13   |   52733.60    |    52729.55     |
|             CY010508              |   0.01   |    2     |    0.25 (50.64%)   |   -24820.13   |   52733.60    |    52729.55     |
|               Node2               |   0.00   |    2     |    0.25 ( 2.00%)   |   -24849.47   |   52792.28    |    52729.55     |
|             CY070136              |   0.00   |    2     |    0.79 (10.31%)   |   -24820.14   |   52733.62    |    52729.55     |
|             CY021029              |   0.00   |    2     |    0.24 (24.10%)   |   -24820.13   |   52733.60    |    52729.55     |
|               Node7               |   0.00   |    2     |    0.69 (10.25%)   |   -24820.13   |   52733.60    |    52729.55     |
|             CY147374              |   0.00   |    2     |    0.27 (52.36%)   |   -24820.13   |   52733.60    |    52729.55     |
|             KP456422              |   0.00   |    2     |    0.27 (51.93%)   |   -24820.13   |   52733.60    |    52729.55     |
|             KX431170              |   0.00   |    2     |    0.79 (75.79%)   |   -24820.13   |   52733.60    |    52729.55     |
|              K01330               |   0.00   |    2     |  370.23 ( 0.86%)   |   -24810.26   |   52713.86    |    52713.86     |
|              K01330               |   0.00   |    3     |  360.48 ( 0.87%)   |   -24810.26   |   52717.91    |    52713.86     |
|             AB501387              |   0.00   |    2     |    0.27 (52.85%)   |   -24810.26   |   52717.91    |    52713.86     |
|             CY053654              |   0.00   |    2     |  209.12 ( 1.00%)   |   -24803.36   |   52704.12    |    52704.12     |
|             CY053654              |   0.00   |    3     |  212.77 ( 0.99%)   |   -24803.35   |   52708.14    |    52704.12     |
|             CY073960              |   0.00   |    2     |    1.98 (49.20%)   |   -24803.37   |   52708.17    |    52704.12     |
|             GQ476145              |   0.00   |    2     |    0.46 (11.80%)   |   -24803.36   |   52708.17    |    52704.12     |
|             GQ896366              |   0.00   |    2     |    0.39 ( 9.69%)   |   -24803.36   |   52708.16    |    52704.12     |
|             KM403100              |   0.00   |    2     |   >1000 ( 0.37%)   |   -24798.32   |   52698.07    |    52698.07     |
|             KM403100              |   0.00   |    3     |   >1000 ( 0.37%)   |   -24798.31   |   52702.09    |    52698.07     |
|             CY094797              |   0.00   |    2     |    0.42 ( 9.78%)   |   -24798.32   |   52702.11    |    52698.07     |
|             KX431171              |   0.00   |    2     |    0.79 (75.78%)   |   -24798.32   |   52702.11    |    52698.07     |
|             CY125060              |   0.00   |    2     |    0.29 (11.53%)   |   -24798.32   |   52702.11    |    52698.07     |
|             FJ183466              |   0.00   |    2     |    0.28 (51.23%)   |   -24798.32   |   52702.12    |    52698.07     |
|             KP456286              |   0.00   |    2     |    0.50 (24.12%)   |   -24798.32   |   52702.11    |    52698.07     |
|             AY282757              |   0.00   |    2     |    0.71 (10.73%)   |   -24798.32   |   52702.11    |    52698.07     |
|             CY073953              |   0.00   |    2     |    0.50 (24.12%)   |   -24798.32   |   52702.11    |    52698.07     |
|             CY125663              |   0.00   |    2     |    0.76 ( 8.41%)   |   -24798.32   |   52702.11    |    52698.07     |
|             CY031140              |   0.00   |    2     |    0.73 ( 9.51%)   |   -24798.32   |   52702.11    |    52698.07     |
|             CY006195              |   0.00   |    2     |    0.48 ( 0.00%)   |   -24798.32   |   52702.11    |    52698.07     |
|              Node21               |   0.00   |    2     |    0.70 ( 7.70%)   |   -24798.32   |   52702.11    |    52698.07     |
|             AF386775              |   0.00   |    2     |    0.60 (75.00%)   |   -24798.32   |   52702.11    |    52698.07     |
|             CY125044              |   0.00   |    2     |    0.77 ( 9.87%)   |   -24798.31   |   52702.11    |    52698.07     |
|             FJ966244              |   0.00   |    2     |  391.12 ( 0.91%)   |   -24796.17   |   52697.83    |    52697.83     |
|             FJ966244              |   0.00   |    3     |  410.58 ( 0.88%)   |   -24796.16   |   52701.84    |    52697.83     |
|              Node918              |   0.00   |    2     |  795.27 (100.00%)  |   -24796.18   |   52701.88    |    52697.83     |
|              Node545              |   0.00   |    2     |    0.27 (25.79%)   |   -24796.18   |   52701.88    |    52697.83     |
|             KP458029              |   0.00   |    2     |    0.40 (50.74%)   |   -24796.17   |   52701.87    |    52697.83     |
|             CY053658              |   0.00   |    2     |   1.00 (100.00%)   |   -24798.67   |   52706.86    |    52697.83     |
|              Node898              |   0.00   |    2     |   1.00 (100.00%)   |   -24798.70   |   52706.92    |    52697.83     |
|             KP459297              |   0.00   |    2     |   86.41 ( 0.92%)   |   -24792.01   |   52693.56    |    52693.56     |
|             KP459297              |   0.00   |    3     |   92.34 ( 0.88%)   |   -24792.02   |   52697.62    |    52693.56     |
|             KP456492              |   0.00   |    2     |    0.74 ( 9.68%)   |   -24792.02   |   52697.61    |    52693.56     |
|             KP458266              |   0.00   |    2     |    0.72 (24.08%)   |   -24792.02   |   52697.62    |    52693.56     |
|             KP458918              |   0.00   |    2     |    0.72 (24.08%)   |   -24792.02   |   52697.61    |    52693.56     |
|              Node735              |   0.00   |    2     |    0.69 (24.36%)   |   -24792.02   |   52697.62    |    52693.56     |
|              U02085               |   0.00   |    2     |    2.61 (99.65%)   |   -24792.01   |   52697.60    |    52693.56     |
|             EU567019              |   0.00   |    2     |    0.27 (61.94%)   |   -24792.02   |   52697.61    |    52693.56     |
|              Node12               |   0.00   |    2     |    0.39 (50.05%)   |   -24792.02   |   52697.60    |    52693.56     |
|              Node699              |   0.00   |    2     |    0.74 ( 9.64%)   |   -24792.02   |   52697.62    |    52693.56     |
|             CY100836              |   0.00   |    2     |    0.60 (74.01%)   |   -24792.01   |   52697.60    |    52693.56     |
|              Node482              |   0.00   |    2     |    0.39 (49.60%)   |   -24792.02   |   52697.60    |    52693.56     |
|             KP458339              |   0.00   |    2     |    0.39 (49.60%)   |   -24792.02   |   52697.60    |    52693.56     |
|             CY010140              |   0.00   |    2     |   2.67 (100.00%)   |   -24792.02   |   52697.60    |    52693.56     |
|             CY013845              |   0.00   |    2     |    0.40 (50.71%)   |   -24792.02   |   52697.60    |    52693.56     |
|             GQ476128              |   0.00   |    2     |    0.60 (72.88%)   |   -24792.01   |   52697.60    |    52693.56     |
|             CY021725              |   0.00   |    2     |   29.98 ( 0.84%)   |   -24791.94   |   52697.45    |    52693.56     |
|             CY039447              |   0.00   |    2     |    0.69 (24.36%)   |   -24792.02   |   52697.62    |    52693.56     |
|             HM144120              |   0.00   |    2     |    0.60 (72.88%)   |   -24792.01   |   52697.60    |    52693.56     |
|             KP457641              |   0.00   |    2     |    0.74 ( 9.79%)   |   -24792.02   |   52697.61    |    52693.56     |
|             KP458850              |   0.00   |    2     |    0.74 ( 9.79%)   |   -24792.02   |   52697.62    |    52693.56     |
|             CY019779              |   0.00   |    2     |    0.44 (37.99%)   |   -24792.02   |   52697.61    |    52693.56     |
|             CY119298              |   0.00   |    2     |    0.39 (50.05%)   |   -24792.02   |   52697.60    |    52693.56     |
|              Node876              |   0.00   |    2     |    0.25 ( 2.00%)   |   -24792.01   |   52697.60    |    52693.56     |
|             CY012856              |   0.00   |    2     |    0.73 (23.94%)   |   -24792.02   |   52697.62    |    52693.56     |
|             CY026683              |   0.00   |    2     |    0.72 (23.86%)   |   -24792.02   |   52697.61    |    52693.56     |
|             CY025587              |   0.00   |    2     |    0.40 (50.00%)   |   -24792.02   |   52697.60    |    52693.56     |
|             KP458803              |   0.00   |    2     |    0.74 ( 9.79%)   |   -24792.02   |   52697.62    |    52693.56     |
|             FJ231778              |   0.00   |    2     |    0.73 (23.94%)   |   -24792.02   |   52697.61    |    52693.56     |
|              Node889              |   0.00   |    2     |    0.79 (10.33%)   |   -24792.02   |   52697.60    |    52693.56     |
|              Node275              |   0.00   |    2     |    0.48 (25.57%)   |   -24792.02   |   52697.60    |    52693.56     |
|              Node858              |   0.00   |    2     |    0.25 (48.98%)   |   -24792.01   |   52697.60    |    52693.56     |
|             CY147334              |   0.00   |    2     |  190.48 ( 1.62%)   |   -24788.59   |   52690.74    |    52690.74     |
|             CY147334              |   0.00   |    3     |  194.84 ( 1.63%)   |   -24788.59   |   52694.79    |    52690.74     |
|             CY021709              |   0.00   |    2     |    0.40 (78.75%)   |   -24788.59   |   52694.79    |    52690.74     |
|              Node818              |   0.00   |    2     |    0.57 ( 2.00%)   |   -24788.59   |   52694.79    |    52690.74     |
|             KP456594              |   0.00   |    2     |    0.25 (21.25%)   |   -24788.59   |   52694.79    |    52690.74     |
|              Node834              |   0.00   |    2     |    0.24 (23.57%)   |   -24788.59   |   52694.79    |    52690.74     |
|             HM144114              |   0.00   |    2     |  23.62 (100.00%)   |   -24788.66   |   52694.93    |    52690.74     |
|              Node644              |   0.00   |    2     |    0.25 ( 0.00%)   |   -24788.59   |   52694.79    |    52690.74     |
|              D13574               |   0.00   |    2     |    8.95 (25.20%)   |   -24788.61   |   52694.83    |    52690.74     |
|             KP456964              |   0.00   |    2     |    0.24 (23.65%)   |   -24788.59   |   52694.79    |    52690.74     |
|              Node19               |   0.00   |    2     |    0.99 (25.30%)   |   -24788.59   |   52694.79    |    52690.74     |
|              Node649              |   0.00   |    2     |    0.25 ( 0.00%)   |   -24788.59   |   52694.79    |    52690.74     |
|              Node600              |   0.00   |    2     |    0.50 (24.12%)   |   -24788.59   |   52694.79    |    52690.74     |
|             CY125148              |   0.00   |    2     |    0.49 (24.04%)   |   -24788.59   |   52694.79    |    52690.74     |
|             EU716570              |   0.00   |    2     |    0.25 (25.00%)   |   -24788.59   |   52694.79    |    52690.74     |
|             GQ475968              |   0.00   |    2     |    0.47 (23.77%)   |   -24788.59   |   52694.79    |    52690.74     |
|              Node458              |   0.00   |    2     |    0.49 (24.04%)   |   -24788.59   |   52694.79    |    52690.74     |
|             CY070152              |   0.00   |    2     |    0.25 (25.00%)   |   -24788.59   |   52694.79    |    52690.74     |
|             KP457006              |   0.00   |    2     |    0.49 (24.04%)   |   -24788.59   |   52694.79    |    52690.74     |
|             KP458865              |   0.00   |    2     |    0.50 (25.00%)   |   -24788.59   |   52694.79    |    52690.74     |
|             HQ291874              |   0.00   |    2     |    0.50 (25.00%)   |   -24788.59   |   52694.79    |    52690.74     |
|              Node755              |   0.00   |    2     |    0.24 ( 0.00%)   |   -24788.59   |   52694.79    |    52690.74     |
|             CY125662              |   0.00   |    2     |    0.73 ( 9.51%)   |   -24788.59   |   52694.79    |    52690.74     |
|             CY104571              |   0.00   |    2     |    0.79 (10.53%)   |   -24788.59   |   52694.80    |    52690.74     |
|             KP458553              |   0.00   |    2     |    1.01 (24.37%)   |   -24788.59   |   52694.79    |    52690.74     |
|             KP637894              |   0.00   |    2     |    0.50 (24.12%)   |   -24788.59   |   52694.79    |    52690.74     |
|             KP456770              |   0.00   |    2     |    0.50 (24.12%)   |   -24788.59   |   52694.79    |    52690.74     |
|              Node324              |   0.00   |    2     |    0.81 (10.48%)   |   -24788.60   |   52694.81    |    52690.74     |
|             KP458210              |   0.00   |    2     |    0.51 (25.69%)   |   -24788.59   |   52694.79    |    52690.74     |
|             CY074139              |   0.00   |    2     |    0.50 (24.12%)   |   -24788.59   |   52694.79    |    52690.74     |
|             CY019867              |   0.00   |    2     |    1.00 (25.53%)   |   -24788.59   |   52694.79    |    52690.74     |
|             KP637614              |   0.00   |    2     |    0.25 (24.04%)   |   -24788.59   |   52694.79    |    52690.74     |
|             KP456555              |   0.00   |    2     |    0.50 (24.92%)   |   -24788.59   |   52694.79    |    52690.74     |
|             CY104694              |   0.00   |    2     |    0.82 (10.56%)   |   -24788.59   |   52694.81    |    52690.74     |
|             CY105046              |   0.00   |    2     |    0.25 (24.12%)   |   -24788.59   |   52694.79    |    52690.74     |
|              Node859              |   0.00   |    2     |    0.25 ( 2.00%)   |   -24809.71   |   52737.04    |    52690.74     |
|             KP457517              |   0.00   |    2     |    0.25 (24.12%)   |   -24788.59   |   52694.79    |    52690.74     |
|             CY100828              |   0.00   |    2     |    0.25 (24.12%)   |   -24788.59   |   52694.79    |    52690.74     |
|             LC120391              |   0.00   |    2     |    0.99 (25.08%)   |   -24788.59   |   52694.79    |    52690.74     |
|               Node8               |   0.00   |    2     |    1.95 ( 4.55%)   |   -24788.59   |   52694.79    |    52690.74     |
|             CY125862              |   0.00   |    2     |    3.09 (77.26%)   |   -24788.59   |   52694.79    |    52690.74     |
|             KX431184              |   0.00   |    2     |    4.59 (17.58%)   |   -24788.59   |   52694.80    |    52690.74     |
|             HM144111              |   0.00   |    2     |   >1000 ( 0.78%)   |   -24782.77   |   52683.16    |    52683.16     |
|             HM144111              |   0.00   |    3     |   >1000 ( 0.79%)   |   -24782.36   |   52686.38    |    52683.16     |
|             KP456460              |   0.00   |    2     |    0.75 (21.25%)   |   -24782.77   |   52687.20    |    52683.16     |
|             KP456617              |   0.00   |    2     |    0.50 (25.00%)   |   -24782.77   |   52687.20    |    52683.16     |
|             CY053674              |   0.00   |    2     |   1.00 (100.00%)   |   -24784.56   |   52690.78    |    52683.16     |
|             KX431172              |   0.00   |    2     |   >1000 ( 0.61%)   |   -24777.33   |   52676.33    |    52676.33     |
|             KX431172              |   0.00   |    3     |    2.46 (48.23%)   |   -24782.77   |   52691.25    |    52676.33     |
|             CY016326              |   0.00   |    2     |  135.12 ( 1.81%)   |   -24777.16   |   52680.03    |    52676.33     |
|             CY147534              |   0.00   |    2     |   1.00 (100.00%)   |   -24779.13   |   52683.98    |    52676.33     |
|              Node516              |   0.00   |    2     |    0.50 (25.00%)   |   -24777.33   |   52680.37    |    52676.33     |
|             KP457308              |   0.00   |    2     |    2.80 (44.32%)   |   -24777.34   |   52680.38    |    52676.33     |
|             GQ475780              |   0.00   |    2     |    1.02 (10.31%)   |   -24777.34   |   52680.39    |    52676.33     |
|             KP458690              |   0.00   |    2     |   >1000 ( 0.39%)   |   -24770.15   |   52666.00    |    52666.00     |
|             KP458690              |   0.00   |    3     |   >1000 ( 0.39%)   |   -24770.14   |   52670.03    |    52666.00     |
|             FJ532095              |   0.00   |    2     |    0.50 (25.00%)   |   -24770.15   |   52670.05    |    52666.00     |
|             HQ291870              |   0.00   |    2     |    0.74 (23.87%)   |   -24770.15   |   52670.05    |    52666.00     |
|             CY104838              |   0.00   |    2     |    0.73 (23.81%)   |   -24770.15   |   52670.05    |    52666.00     |
|             CY119170              |   0.00   |    2     |    0.74 (23.81%)   |   -24770.15   |   52670.05    |    52666.00     |
|             KP458658              |   0.00   |    2     |    5.74 (15.26%)   |   -24770.16   |   52670.07    |    52666.00     |
|             KP458818              |   0.00   |    2     |    0.76 (24.19%)   |   -24770.15   |   52670.05    |    52666.00     |
|             KF533064              |   0.00   |    2     |    0.50 (25.00%)   |   -24770.15   |   52670.05    |    52666.00     |
|             KP456645              |   0.00   |    2     |    0.50 (25.00%)   |   -24770.15   |   52670.05    |    52666.00     |
|             HM176663              |   0.00   |    2     |    3.39 (27.09%)   |   -24770.15   |   52670.06    |    52666.00     |
|             KP456634              |   0.00   |    2     |    0.94 (10.84%)   |   -24770.15   |   52670.05    |    52666.00     |
|             CY118083              |   0.00   |    2     |    5.32 (14.71%)   |   -24770.16   |   52670.07    |    52666.00     |
|              Node821              |   0.00   |    2     |    2.84 (46.25%)   |   -24770.15   |   52670.06    |    52666.00     |
|             KX431175              |   0.00   |    2     |    3.91 (23.05%)   |   -24770.15   |   52670.06    |    52666.00     |
|             CY087143              |   0.00   |    2     |    0.75 (24.12%)   |   -24770.15   |   52670.05    |    52666.00     |
|             EU779624              |   0.00   |    2     |    0.75 (24.12%)   |   -24770.15   |   52670.05    |    52666.00     |
|             CY045756              |   0.00   |    2     |    9.10 (11.26%)   |   -24770.15   |   52670.06    |    52666.00     |
|             KP458105              |   0.00   |    2     |   >1000 ( 0.61%)   |   -24765.43   |   52660.61    |    52660.61     |
|             KP458105              |   0.00   |    3     |   >1000 ( 0.61%)   |   -24765.43   |   52664.67    |    52660.61     |
|             KP637518              |   0.00   |    2     |    0.74 (24.08%)   |   -24765.43   |   52664.66    |    52660.61     |
|             CY099323              |   0.00   |    2     |    0.50 (25.00%)   |   -24765.43   |   52664.66    |    52660.61     |
|             EU516242              |   0.00   |    2     |    0.76 (24.00%)   |   -24765.43   |   52664.66    |    52660.61     |
|             HQ291894              |   0.00   |    2     |    0.76 (24.37%)   |   -24765.43   |   52664.66    |    52660.61     |
|             CY021909              |   0.00   |    2     |    0.76 (24.23%)   |   -24765.43   |   52664.66    |    52660.61     |
|             EU566981              |   0.00   |    2     |    2.86 (44.46%)   |   -24765.43   |   52664.67    |    52660.61     |
|             CY172719              |   0.00   |    2     |    1.04 ( 8.73%)   |   -24765.43   |   52664.66    |    52660.61     |
|             KP458795              |   0.00   |    2     |    0.76 (24.00%)   |   -24765.43   |   52664.66    |    52660.61     |
|               Node9               |   0.00   |    2     |    0.80 (50.00%)   |   -24765.43   |   52664.66    |    52660.61     |
|             CY017877              |   0.00   |    2     |    0.93 (10.09%)   |   -24765.43   |   52664.66    |    52660.61     |
|             CY040058              |   0.00   |    2     |    0.50 (25.00%)   |   -24765.43   |   52664.66    |    52660.61     |
|             KP456298              |   0.00   |    2     |    0.50 (25.00%)   |   -24765.43   |   52664.66    |    52660.61     |
|             GU183815              |   0.00   |    2     |    0.50 (25.00%)   |   -24765.43   |   52664.66    |    52660.61     |
|              Node897              |   0.00   |    2     |    2.84 (46.25%)   |   -24765.43   |   52664.67    |    52660.61     |
|             FJ231782              |   0.00   |    2     |   74.18 ( 0.93%)   |   -24765.32   |   52664.44    |    52660.61     |
|             KP637766              |   0.00   |    2     |    0.52 (25.52%)   |   -24765.43   |   52664.66    |    52660.61     |
|             EU516300              |   0.00   |    2     |    1.05 (10.27%)   |   -24765.43   |   52664.67    |    52660.61     |
|              Node434              |   0.00   |    2     |  197.80 ( 0.25%)   |   -24759.97   |   52653.73    |    52653.73     |
|              Node434              |   0.00   |    3     |  199.36 ( 0.24%)   |   -24759.98   |   52657.80    |    52653.73     |
|             KP458914              |   0.00   |    2     |    1.05 (10.30%)   |   -24759.97   |   52657.78    |    52653.73     |
|             KP459041              |   0.00   |    2     |    0.80 (50.00%)   |   -24759.97   |   52657.78    |    52653.73     |
|             CY099322              |   0.00   |    2     |    0.52 (25.52%)   |   -24759.97   |   52657.78    |    52653.73     |
|             FJ231791              |   0.00   |    2     |    0.53 (25.73%)   |   -24759.97   |   52657.78    |    52653.73     |
|             CY021005              |   0.00   |    2     |    0.52 (25.69%)   |   -24759.97   |   52657.78    |    52653.73     |
|             KP457643              |   0.00   |    2     |    0.80 (50.00%)   |   -24759.97   |   52657.78    |    52653.73     |
|             CY103988              |   0.00   |    2     |    1.00 (10.00%)   |   -24759.97   |   52657.78    |    52653.73     |
|             CY002152              |   0.00   |    2     |    0.53 (25.73%)   |   -24759.97   |   52657.78    |    52653.73     |
|             CY125036              |   0.00   |    2     |    0.75 (48.86%)   |   -24759.97   |   52657.78    |    52653.73     |
|              Node724              |   0.00   |    2     |    0.53 (25.71%)   |   -24759.97   |   52657.78    |    52653.73     |
|             CY026339              |   0.00   |    2     |    0.53 (25.70%)   |   -24759.97   |   52657.78    |    52653.73     |
|             CY053668              |   0.00   |    2     |    2.68 (55.04%)   |   -24759.97   |   52657.78    |    52653.73     |
|              Node864              |   0.00   |    2     |    0.95 ( 4.81%)   |   -24759.96   |   52657.77    |    52653.73     |
|             AF386781              |   0.00   |    2     |    0.40 (50.87%)   |   -24759.97   |   52657.78    |    52653.73     |
|              Node29               |   0.00   |    2     |    0.24 (48.46%)   |   -24759.97   |   52657.78    |    52653.73     |
|             CY073935              |   0.00   |    2     |    0.61 (50.59%)   |   -24759.97   |   52657.78    |    52653.73     |
|              Node915              |   0.00   |    2     |    2.23 (62.83%)   |   -24759.84   |   52657.53    |    52653.73     |
|              Node264              |   0.00   |    2     |    0.25 ( 0.00%)   |   -24759.97   |   52657.78    |    52653.73     |
|              Node576              |   0.00   |    2     |    0.25 ( 0.00%)   |   -24759.97   |   52657.78    |    52653.73     |
|              M38312               |   0.00   |    2     |   1.00 (100.00%)   |   -24761.41   |   52660.66    |    52653.73     |
|             CY125012              |   0.00   |    2     |    1.99 (49.68%)   |   -24759.97   |   52657.78    |    52653.73     |
|             EU382982              |   0.00   |    2     |    0.48 (23.78%)   |   -24759.97   |   52657.78    |    52653.73     |
|             HQ291877              |   0.00   |    2     |  >1000 (100.00%)   |   -24759.97   |   52657.78    |    52653.73     |
|             CY100980              |   0.00   |    2     |    0.27 (51.66%)   |   -24759.97   |   52657.78    |    52653.73     |
|             GU271950              |   0.00   |    2     |   34.74 ( 4.13%)   |   -24759.94   |   52657.72    |    52653.73     |
|             KP457622              |   0.00   |    2     |  325.31 ( 0.55%)   |   -24755.32   |   52648.49    |    52648.49     |
|             KP457622              |   0.00   |    3     |  327.79 ( 0.55%)   |   -24755.32   |   52652.53    |    52648.49     |
|             KP459278              |   0.00   |    2     |    1.96 (49.24%)   |   -24755.32   |   52652.54    |    52648.49     |
|             FJ549060              |   0.00   |    2     |    1.96 (49.31%)   |   -24755.32   |   52652.54    |    52648.49     |
|             KP458692              |   0.00   |    2     |    0.28 (51.01%)   |   -24755.32   |   52652.53    |    52648.49     |
|             EU566984              |   0.00   |    2     |    0.47 (23.77%)   |   -24755.32   |   52652.53    |    52648.49     |
|             CY074243              |   0.00   |    2     |    0.50 (24.12%)   |   -24755.32   |   52652.53    |    52648.49     |
|             CY028724              |   0.00   |    2     |    2.00 (50.00%)   |   -24755.32   |   52652.53    |    52648.49     |
|             KP456801              |   0.00   |    2     |    0.50 (25.00%)   |   -24755.32   |   52652.53    |    52648.49     |
|             CY100820              |   0.00   |    2     |    0.50 (25.00%)   |   -24755.32   |   52652.53    |    52648.49     |
|             CY105142              |   0.00   |    2     |    1.96 (49.31%)   |   -24755.32   |   52652.54    |    52648.49     |
|              Node243              |   0.00   |    2     |    0.50 (25.00%)   |   -24755.32   |   52652.53    |    52648.49     |
|              Node637              |   0.00   |    2     |    0.28 (51.46%)   |   -24755.32   |   52652.53    |    52648.49     |
|             CY080721              |   0.00   |    2     |    1.96 (49.37%)   |   -24755.32   |   52652.54    |    52648.49     |
|             EU716572              |   0.00   |    2     |    1.99 (49.68%)   |   -24755.32   |   52652.53    |    52648.49     |
|             CY002664              |   0.00   |    2     |    2.00 (50.00%)   |   -24755.32   |   52652.53    |    52648.49     |
|             KP456657              |   0.00   |    2     |    2.00 (50.00%)   |   -24755.32   |   52652.53    |    52648.49     |
|              Node44               |   0.00   |    2     |    0.25 ( 0.00%)   |   -24755.32   |   52652.53    |    52648.49     |
|             CY036692              |   0.00   |    2     |    1.99 (49.18%)   |   -24755.32   |   52652.53    |    52648.49     |
|             KP459239              |   0.00   |    2     |    9.00 ( 5.00%)   |   -24755.32   |   52652.53    |    52648.49     |
|             CY016328              |   0.00   |    2     |    1.99 (49.19%)   |   -24755.32   |   52652.54    |    52648.49     |
|             KP457861              |   0.00   |    2     |    1.96 (49.37%)   |   -24755.32   |   52652.54    |    52648.49     |
|             EU716538              |   0.00   |    2     |    1.99 (49.68%)   |   -24755.32   |   52652.54    |    52648.49     |
|              Node714              |   0.00   |    2     |    0.28 (51.42%)   |   -24755.32   |   52652.53    |    52648.49     |
|             GQ475899              |   0.00   |    2     |    1.96 (49.37%)   |   -24755.32   |   52652.54    |    52648.49     |
|             EU382986              |   0.00   |    2     |    2.00 (49.71%)   |   -24755.32   |   52652.54    |    52648.49     |
|             KP456355              |   0.00   |    2     |    0.50 (24.12%)   |   -24755.32   |   52652.53    |    52648.49     |
|             FJ231789              |   0.00   |    2     |    2.00 (50.00%)   |   -24755.32   |   52652.54    |    52648.49     |
|             FJ264947              |   0.00   |    2     |    0.50 (24.12%)   |   -24755.32   |   52652.53    |    52648.49     |
|             KP458060              |   0.00   |    2     |    1.96 (49.37%)   |   -24755.32   |   52652.54    |    52648.49     |
|             JN582055              |   0.00   |    2     |    0.50 (24.12%)   |   -24755.32   |   52652.53    |    52648.49     |
|             AB501381              |   0.00   |    2     |    0.50 (24.12%)   |   -24755.32   |   52652.53    |    52648.49     |
|             KP457835              |   0.00   |    2     |    0.50 (24.12%)   |   -24755.32   |   52652.53    |    52648.49     |
|             CY119178              |   0.00   |    2     |    0.28 (51.42%)   |   -24755.32   |   52652.53    |    52648.49     |
|             KX431178              |   0.00   |    2     |   76.89 ( 0.83%)   |   -24755.21   |   52652.31    |    52648.49     |
|             KP457648              |   0.00   |    2     |    0.50 (24.12%)   |   -24755.32   |   52652.53    |    52648.49     |
|             KP457682              |   0.00   |    2     |    0.50 (24.12%)   |   -24755.32   |   52652.53    |    52648.49     |
|             GQ475701              |   0.00   |    2     |    0.50 (24.12%)   |   -24755.32   |   52652.53    |    52648.49     |
|             CY040258              |   0.00   |    2     |    0.50 (24.12%)   |   -24755.32   |   52652.53    |    52648.49     |
|             KP457855              |   0.00   |    2     |    0.50 (24.12%)   |   -24755.32   |   52652.53    |    52648.49     |
|             HM144112              |   0.00   |    2     |    2.00 (50.00%)   |   -24755.32   |   52652.54    |    52648.49     |
|             CY119074              |   0.00   |    2     |    0.28 (51.44%)   |   -24755.32   |   52652.53    |    52648.49     |
|             CY073837              |   0.00   |    2     |    0.50 (24.12%)   |   -24755.32   |   52652.53    |    52648.49     |
|             CY074339              |   0.00   |    2     |    0.50 (24.12%)   |   -24755.32   |   52652.53    |    52648.49     |
|              Node748              |   0.00   |    2     |    0.28 (51.29%)   |   -24755.32   |   52652.53    |    52648.49     |
|              Node850              |   0.00   |    2     |    0.28 (51.07%)   |   -24755.32   |   52652.53    |    52648.49     |
|             EU199338              |   0.00   |    2     |    0.51 (25.60%)   |   -24755.32   |   52652.53    |    52648.49     |
|             EU516017              |   0.00   |    2     |    0.28 (51.42%)   |   -24755.32   |   52652.53    |    52648.49     |
|             GQ475933              |   0.00   |    2     |    0.50 (24.12%)   |   -24755.32   |   52652.53    |    52648.49     |
|             EU716526              |   0.00   |    2     |    0.28 (51.07%)   |   -24755.32   |   52652.53    |    52648.49     |
|             KP459151              |   0.00   |    2     |    0.28 (51.32%)   |   -24755.32   |   52652.53    |    52648.49     |
|              Node463              |   0.00   |    2     |    0.25 ( 0.00%)   |   -24755.32   |   52652.53    |    52648.49     |
|             KP457765              |   0.00   |    2     |    0.25 ( 0.00%)   |   -24755.32   |   52652.53    |    52648.49     |
|              Node32               |   0.00   |    2     |    0.25 ( 0.00%)   |   -24755.32   |   52652.53    |    52648.49     |
|             CY027779              |   0.00   |    2     |    0.76 ( 9.21%)   |   -24755.32   |   52652.53    |    52648.49     |
|             CY147318              |   0.00   |    2     |    0.28 (51.32%)   |   -24755.32   |   52652.53    |    52648.49     |
|             CY070088              |   0.00   |    2     |    0.26 ( 0.00%)   |   -24755.32   |   52652.53    |    52648.49     |
|             CY103996              |   0.00   |    2     |    0.28 (51.46%)   |   -24755.32   |   52652.53    |    52648.49     |
|             KP457219              |   0.00   |    2     |    0.75 (10.00%)   |   -24755.32   |   52652.53    |    52648.49     |
|             CY104068              |   0.00   |    2     |    0.77 ( 8.77%)   |   -24755.32   |   52652.53    |    52648.49     |
|              Node255              |   0.00   |    2     |    0.28 (51.46%)   |   -24755.32   |   52652.53    |    52648.49     |
|              Node882              |   0.00   |    2     |    0.33 ( 0.00%)   |   -24755.32   |   52652.53    |    52648.49     |
|              Node23               |   0.00   |    2     |    0.75 (21.25%)   |   -24755.32   |   52652.53    |    52648.49     |
|              Node31               |   0.00   |    2     |    0.73 (24.81%)   |   -24755.32   |   52652.53    |    52648.49     |
|              V01088               |   0.00   |    2     |    0.75 (10.00%)   |   -24755.32   |   52652.53    |    52648.49     |
|             CY147326              |   0.00   |    2     |    0.25 ( 2.00%)   |   -24765.26   |   52672.42    |    52648.49     |
|             CY036823              |   0.00   |    2     |    0.99 (48.93%)   |   -24755.32   |   52652.53    |    52648.49     |
|             CY009324              |   0.00   |    2     |    0.50 (23.75%)   |   -24755.31   |   52652.52    |    52648.49     |
|              Node45               |   0.00   |    2     |    0.25 ( 0.00%)   |   -24755.32   |   52652.53    |    52648.49     |
|               Node4               |   0.00   |    2     |    1.95 (24.77%)   |   -24755.32   |   52652.53    |    52648.49     |
|             CY020173              |   0.00   |    2     |  >1000 (100.00%)   |   -24755.32   |   52652.53    |    52648.49     |
|             CY034132              |   0.00   |    2     |    0.25 ( 2.00%)   |   -24773.02   |   52687.92    |    52648.49     |
|              Node42               |   0.00   |    2     |  >1000 (100.00%)   |   -24755.32   |   52652.53    |    52648.49     |
|             CY020453              |   0.00   |    2     |  >1000 (100.00%)   |   -24755.32   |   52652.53    |    52648.49     |
|              Node617              |   0.00   |    2     |    0.75 ( 2.00%)   |   -24755.32   |   52652.53    |    52648.49     |
|              Node893              |   0.00   |    2     |  >1000 (100.00%)   |   -24755.32   |   52652.53    |    52648.49     |
|             CY019125              |   0.00   |    2     |  >1000 (100.00%)   |   -24755.32   |   52652.53    |    52648.49     |
|             CY125052              |   0.00   |    2     |  >1000 (100.00%)   |   -24755.32   |   52652.53    |    52648.49     |
|             HM144123              |   0.00   |    2     |  >1000 (100.00%)   |   -24755.32   |   52652.53    |    52648.49     |
|              Node232              |   0.00   |    2     |    1.01 (24.20%)   |   -24755.32   |   52652.53    |    52648.49     |
|             HQ291880              |   0.00   |    2     |   14.23 (99.85%)   |   -24755.41   |   52652.71    |    52648.49     |
|             CY021037              |   0.00   |    2     |    0.98 (24.08%)   |   -24755.32   |   52652.53    |    52648.49     |
|              Node495              |   0.00   |    2     |    0.25 (25.00%)   |   -24755.32   |   52652.53    |    52648.49     |
|             CY104910              |   0.00   |    2     |    0.98 (24.08%)   |   -24755.32   |   52652.53    |    52648.49     |
|             CY104886              |   0.00   |    2     |    1.00 (25.00%)   |   -24755.32   |   52652.53    |    52648.49     |
|             KP459274              |   0.00   |    2     |    0.25 (25.00%)   |   -24755.32   |   52652.53    |    52648.49     |
|              Node580              |   0.00   |    2     |    1.00 (25.00%)   |   -24755.32   |   52652.53    |    52648.49     |
|             KP456549              |   0.00   |    2     |    1.00 (25.00%)   |   -24755.32   |   52652.53    |    52648.49     |
|             CY119274              |   0.00   |    2     |   1.00 (100.00%)   |   -24756.39   |   52654.68    |    52648.49     |
|             EU516089              |   0.00   |    2     |   1.00 (100.00%)   |   -24756.39   |   52654.68    |    52648.49     |
|             KP458410              |   0.00   |    2     |  334.78 (98.15%)   |   -24755.32   |   52652.54    |    52648.49     |
|             KP456637              |   0.00   |    2     |    0.25 ( 0.00%)   |   -24755.32   |   52652.53    |    52648.49     |
|             FJ687003              |   0.00   |    2     |  334.78 (98.15%)   |   -24755.32   |   52652.54    |    52648.49     |
|              Node805              |   0.00   |    2     |    0.25 (24.12%)   |   -24755.32   |   52652.53    |    52648.49     |
|             CY054553              |   0.00   |    2     |    1.00 (25.00%)   |   -24755.32   |   52652.53    |    52648.49     |
|             KP457157              |   0.00   |    2     |    0.98 (24.08%)   |   -24755.32   |   52652.53    |    52648.49     |
|             CY080897              |   0.00   |    2     |  459.57 (100.00%)  |   -24755.32   |   52652.54    |    52648.49     |
|             KP456502              |   0.00   |    2     |   1.00 (100.00%)   |   -24756.39   |   52654.67    |    52648.49     |
|             CY099320              |   0.00   |    2     |   1.00 (100.00%)   |   -24756.39   |   52654.67    |    52648.49     |
|             KP457624              |   0.00   |    2     |    1.00 (25.00%)   |   -24755.32   |   52652.53    |    52648.49     |
|             KP456799              |   0.00   |    2     |    0.98 (24.08%)   |   -24755.32   |   52652.53    |    52648.49     |
|             CY119162              |   0.00   |    2     |    0.98 (24.08%)   |   -24755.32   |   52652.53    |    52648.49     |
|             CY104284              |   0.00   |    2     |    0.25 ( 2.00%)   |   -24773.30   |   52688.50    |    52648.49     |
|              Node611              |   0.00   |    2     |    0.25 (25.00%)   |   -24755.32   |   52652.53    |    52648.49     |
|             CY104958              |   0.00   |    2     |    0.98 (24.08%)   |   -24755.32   |   52652.53    |    52648.49     |
|             KC780089              |   0.00   |    2     |    2.00 ( 5.00%)   |   -24755.32   |   52652.53    |    52648.49     |
|             CY058495              |   0.00   |    2     |    0.99 (24.13%)   |   -24755.32   |   52652.53    |    52648.49     |
|             KP457304              |   0.00   |    2     |    0.25 (24.04%)   |   -24755.32   |   52652.53    |    52648.49     |
|              Node276              |   0.00   |    2     |    0.25 ( 0.00%)   |   -24755.32   |   52652.53    |    52648.49     |
|             GQ475852              |   0.00   |    2     |    1.01 (24.20%)   |   -24755.32   |   52652.53    |    52648.49     |
|             EU779625              |   0.00   |    2     |    1.01 (24.20%)   |   -24755.32   |   52652.53    |    52648.49     |
|              Node205              |   0.00   |    2     |    1.01 (24.20%)   |   -24755.32   |   52652.53    |    52648.49     |
|             KP457112              |   0.00   |    2     |    1.01 (24.20%)   |   -24755.32   |   52652.53    |    52648.49     |
|             CY010412              |   0.00   |    2     |    1.01 (24.20%)   |   -24755.32   |   52652.53    |    52648.49     |
|             KP459033              |   0.00   |    2     |    2.18 ( 4.74%)   |   -24755.32   |   52652.53    |    52648.49     |
|             HQ291881              |   0.00   |    2     |    1.01 (24.20%)   |   -24755.32   |   52652.53    |    52648.49     |
|             EU097956              |   0.00   |    2     |    1.01 (23.71%)   |   -24755.32   |   52652.53    |    52648.49     |
|             EU566970              |   0.00   |    2     |    2.00 ( 5.00%)   |   -24755.32   |   52652.53    |    52648.49     |
|             CY036839              |   0.00   |    2     |    2.00 ( 5.00%)   |   -24755.32   |   52652.53    |    52648.49     |
|             FJ743454              |   0.00   |    2     |    1.01 (24.20%)   |   -24755.32   |   52652.53    |    52648.49     |
|             FJ264945              |   0.00   |    2     |    1.01 (23.71%)   |   -24755.32   |   52652.53    |    52648.49     |
|              Node127              |   0.00   |    2     |    1.01 (24.20%)   |   -24755.32   |   52652.53    |    52648.49     |
|              Node499              |   0.00   |    2     |    0.25 (25.00%)   |   -24755.32   |   52652.53    |    52648.49     |
|             EU516086              |   0.00   |    2     |    0.25 (25.00%)   |   -24755.32   |   52652.53    |    52648.49     |
|             KP457845              |   0.00   |    2     |    1.01 (24.20%)   |   -24755.32   |   52652.53    |    52648.49     |
|             EU887025              |   0.00   |    2     |    1.01 (24.20%)   |   -24755.32   |   52652.53    |    52648.49     |
|             KP458231              |   0.00   |    2     |    1.01 (24.20%)   |   -24755.32   |   52652.53    |    52648.49     |
|             KP458513              |   0.00   |    2     |    0.50 ( 5.00%)   |   -24755.32   |   52652.53    |    52648.49     |
|             AB501384              |   0.00   |    2     |    1.01 (24.20%)   |   -24755.32   |   52652.53    |    52648.49     |
|              Node787              |   0.00   |    2     |    2.00 ( 5.00%)   |   -24755.32   |   52652.53    |    52648.49     |
|             EU516097              |   0.00   |    2     |    2.00 ( 5.00%)   |   -24755.32   |   52652.53    |    52648.49     |
|             EU887027              |   0.00   |    2     |    1.01 (23.71%)   |   -24755.32   |   52652.53    |    52648.49     |
|             CY010484              |   0.00   |    2     |    0.99 (25.30%)   |   -24755.32   |   52652.53    |    52648.49     |
|             CY147587              |   0.00   |    2     |    1.01 (24.20%)   |   -24755.32   |   52652.53    |    52648.49     |
|             KC782273              |   0.00   |    2     |    1.01 (24.20%)   |   -24755.32   |   52652.53    |    52648.49     |
|             GQ475990              |   0.00   |    2     |    1.01 (24.20%)   |   -24755.32   |   52652.53    |    52648.49     |
|              Node26               |   0.00   |    2     |    1.01 ( 1.79%)   |   -24755.32   |   52652.53    |    52648.49     |
|             KC782266              |   0.00   |    2     |    1.01 (24.59%)   |   -24755.32   |   52652.53    |    52648.49     |
|              Node112              |   0.00   |    2     |    0.25 (24.04%)   |   -24755.32   |   52652.53    |    52648.49     |
|             EU779612              |   0.00   |    2     |    1.01 (24.20%)   |   -24755.32   |   52652.53    |    52648.49     |
|             CY074387              |   0.00   |    2     |    1.01 (24.20%)   |   -24755.32   |   52652.53    |    52648.49     |
|             EU779634              |   0.00   |    2     |    1.01 (24.20%)   |   -24755.32   |   52652.53    |    52648.49     |
|             KP458198              |   0.00   |    2     |    0.25 (24.12%)   |   -24755.32   |   52652.53    |    52648.49     |
|             CY118167              |   0.00   |    2     |    0.25 (24.12%)   |   -24755.32   |   52652.53    |    52648.49     |
|             KP458862              |   0.00   |    2     |    0.50 ( 5.00%)   |   -24755.32   |   52652.53    |    52648.49     |
|              Node24               |   0.00   |    2     |    0.29 ( 0.00%)   |   -24755.32   |   52652.53    |    52648.49     |
|             KP458535              |   0.00   |    2     |    0.25 (24.12%)   |   -24755.32   |   52652.53    |    52648.49     |
|             EU887034              |   0.00   |    2     |    0.25 (24.12%)   |   -24755.32   |   52652.53    |    52648.49     |
|             EU516247              |   0.00   |    2     |    2.01 ( 4.39%)   |   -24755.32   |   52652.53    |    52648.49     |
|              Node30               |   0.00   |    2     |    0.98 (47.65%)   |   -24755.32   |   52652.53    |    52648.49     |
|             CY026731              |   0.00   |    2     |    2.01 ( 4.39%)   |   -24755.32   |   52652.53    |    52648.49     |
|             CY027963              |   0.00   |    2     |    2.00 ( 5.00%)   |   -24755.32   |   52652.53    |    52648.49     |
|             CY027067              |   0.00   |    2     |    2.00 ( 5.00%)   |   -24755.32   |   52652.53    |    52648.49     |
|             EU100703              |   0.00   |    2     |    2.01 ( 4.39%)   |   -24755.32   |   52652.53    |    52648.49     |
|             KP458906              |   0.00   |    2     |    0.25 (24.12%)   |   -24755.32   |   52652.53    |    52648.49     |
|              Node248              |   0.00   |    2     |    0.25 (24.12%)   |   -24755.32   |   52652.53    |    52648.49     |
|             EU516144              |   0.00   |    2     |    2.18 ( 4.74%)   |   -24755.32   |   52652.53    |    52648.49     |
|              Z54287               |   0.00   |    2     |    0.99 (25.30%)   |   -24755.32   |   52652.53    |    52648.49     |
|              Node376              |   0.00   |    2     |    0.25 ( 0.00%)   |   -24755.32   |   52652.53    |    52648.49     |
|              Node759              |   0.00   |    2     |    0.25 (24.12%)   |   -24755.32   |   52652.53    |    52648.49     |
|              Node282              |   0.00   |    2     |    0.25 (24.12%)   |   -24755.32   |   52652.53    |    52648.49     |
|             CY148243              |   0.00   |    2     |    2.19 ( 4.65%)   |   -24755.32   |   52652.53    |    52648.49     |
|             CY020477              |   0.00   |    2     |    0.50 ( 5.00%)   |   -24755.32   |   52652.53    |    52648.49     |
|             KP457752              |   0.00   |    2     |    2.12 ( 4.58%)   |   -24755.32   |   52652.53    |    52648.49     |
|             HM144130              |   0.00   |    2     |    2.10 ( 4.70%)   |   -24755.32   |   52652.53    |    52648.49     |
|              Node469              |   0.00   |    2     |    0.25 (24.12%)   |   -24755.32   |   52652.53    |    52648.49     |
|              Node715              |   0.00   |    2     |    0.50 ( 5.00%)   |   -24755.32   |   52652.53    |    52648.49     |
|             KP456878              |   0.00   |    2     |    0.25 ( 0.00%)   |   -24755.32   |   52652.53    |    52648.49     |
|             EU887022              |   0.00   |    2     |    0.25 ( 0.00%)   |   -24755.32   |   52652.53    |    52648.49     |
|              Node829              |   0.00   |    2     |    0.25 ( 0.00%)   |   -24755.32   |   52652.53    |    52648.49     |
|             KP459018              |   0.00   |    2     |    0.50 ( 5.00%)   |   -24755.32   |   52652.53    |    52648.49     |
|             CY022021              |   0.00   |    2     |    0.25 (21.25%)   |   -24755.32   |   52652.53    |    52648.49     |
|             CY077748              |   0.00   |    2     |    0.25 ( 0.00%)   |   -24755.32   |   52652.53    |    52648.49     |
|              Node653              |   0.00   |    2     |    0.50 ( 5.00%)   |   -24755.32   |   52652.53    |    52648.49     |
|              Node843              |   0.00   |    2     |    0.25 ( 0.00%)   |   -24755.32   |   52652.53    |    52648.49     |
|              Node681              |   0.00   |    2     |    0.25 ( 0.00%)   |   -24755.32   |   52652.53    |    52648.49     |
|             HM144115              |   0.00   |    2     |    0.52 ( 4.79%)   |   -24755.32   |   52652.53    |    52648.49     |
|             AY289927              |   0.00   |    2     |  125.42 (100.00%)  |   -24755.33   |   52652.55    |    52648.49     |
|              U08903               |   0.00   |    2     |    0.25 ( 2.00%)   |   -24767.30   |   52676.50    |    52648.49     |
|              Node711              |   0.00   |    2     |    0.25 ( 0.00%)   |   -24755.32   |   52652.53    |    52648.49     |
|              Node652              |   0.00   |    2     |    0.25 ( 0.00%)   |   -24755.32   |   52652.53    |    52648.49     |
|              Node265              |   0.00   |    2     |    0.25 (48.85%)   |   -24755.32   |   52652.53    |    52648.49     |
|              Node143              |   0.00   |    2     |    0.27 ( 0.00%)   |   -24755.32   |   52652.53    |    52648.49     |
|              Node348              |   0.00   |    2     |    1.00 (10.00%)   |   -24755.32   |   52652.53    |    52648.49     |
|              Node779              |   0.00   |    2     |    0.26 ( 0.00%)   |   -24755.32   |   52652.53    |    52648.49     |
|             CY073927              |   0.00   |    2     |  293.91 (100.00%)  |   -24755.32   |   52652.54    |    52648.49     |
|             AF408859              |   0.00   |    2     |    1.00 (10.00%)   |   -24755.32   |   52652.53    |    52648.49     |
|             CY010788              |   0.00   |    2     |    0.25 ( 2.00%)   |   -24765.88   |   52673.66    |    52648.49     |
|              Node252              |   0.00   |    2     |  >1000 (100.00%)   |   -24755.32   |   52652.53    |    52648.49     |
|              Node10               |   0.00   |    2     |   >1000 (77.09%)   |   -24755.32   |   52652.53    |    52648.49     |
|             KP457432              |   0.00   |    2     |  >1000 (100.00%)   |   -24755.32   |   52652.53    |    52648.49     |
|             CY015532              |   0.00   |    2     |  161.16 (100.00%)  |   -24755.33   |   52652.54    |    52648.49     |
|              Node575              |   0.00   |    2     |    0.25 ( 0.00%)   |   -24755.32   |   52652.53    |    52648.49     |
|             EU199354              |   0.00   |    2     |  31.47 (100.00%)   |   -24755.35   |   52652.59    |    52648.49     |
|              Node352              |   0.00   |    2     |   47.36 (37.09%)   |   -24755.37   |   52652.64    |    52648.49     |
|             HQ291892              |   0.00   |    2     |  >1000 (100.00%)   |   -24755.32   |   52652.53    |    52648.49     |
|             KP456474              |   0.00   |    2     |   21.56 (96.31%)   |   -24755.36   |   52652.61    |    52648.49     |
|              Node628              |   0.00   |    2     |    0.25 ( 2.00%)   |   -24767.07   |   52676.04    |    52648.49     |
|             EU516059              |   0.00   |    2     |  791.73 (100.00%)  |   -24755.32   |   52652.53    |    52648.49     |
|             CY117691              |   0.00   |    2     |  >1000 (100.00%)   |   -24755.32   |   52652.53    |    52648.49     |
|              Node925              |   0.00   |    2     |    0.25 ( 2.00%)   |   -24763.12   |   52668.14    |    52648.49     |
|             HQ291893              |   0.00   |    2     |  >1000 (100.00%)   |   -24755.32   |   52652.53    |    52648.49     |
|             CY019101              |   0.00   |    2     |  133.31 (100.00%)  |   -24755.33   |   52652.54    |    52648.49     |
|             FJ687013              |   0.00   |    2     |   >1000 (93.98%)   |   -24755.32   |   52652.53    |    52648.49     |
|             KP458730              |   0.00   |    2     |   1.00 (100.00%)   |   -24756.03   |   52653.95    |    52648.49     |
|             HM144110              |   0.00   |    2     |  >1000 (100.00%)   |   -24755.32   |   52652.53    |    52648.49     |
|             KP458720              |   0.00   |    2     |   1.00 (100.00%)   |   -24756.04   |   52653.96    |    52648.49     |
|             KP456386              |   0.00   |    2     |   1.00 (100.00%)   |   -24756.04   |   52653.96    |    52648.49     |
|             CY040114              |   0.00   |    2     |    1.03 ( 0.00%)   |   -24756.04   |   52653.96    |    52648.49     |
|             KP456418              |   0.00   |    2     |   >1000 ( 3.90%)   |   -24755.39   |   52652.67    |    52648.49     |
|             CY121592              |   0.00   |    2     |  >1000 (100.00%)   |   -24755.32   |   52652.53    |    52648.49     |
|             CY030061              |   0.00   |    2     |  175.59 (100.00%)  |   -24755.33   |   52652.54    |    52648.49     |
|              Node596              |   0.00   |    2     |    0.25 ( 0.00%)   |   -24755.32   |   52652.53    |    52648.49     |
|              Node464              |   0.00   |    2     |  >1000 (100.00%)   |   -24755.32   |   52652.53    |    52648.49     |
|             GQ475724              |   0.00   |    2     |   1.00 (100.00%)   |   -24756.03   |   52653.96    |    52648.49     |
|              Node107              |   0.00   |    2     |  >1000 (100.00%)   |   -24755.32   |   52652.53    |    52648.49     |
|             CY027219              |   0.00   |    2     |  31.34 (100.00%)   |   -24755.35   |   52652.59    |    52648.49     |
|             EU516023              |   0.00   |    2     |   1.00 (100.00%)   |   -24756.03   |   52653.96    |    52648.49     |
|             CY172999              |   0.00   |    2     |  31.34 (100.00%)   |   -24755.35   |   52652.59    |    52648.49     |
|              Node745              |   0.00   |    2     |    0.25 ( 0.00%)   |   -24755.32   |   52652.53    |    52648.49     |
|              Node585              |   0.00   |    2     |   44.41 (95.59%)   |   -24755.33   |   52652.56    |    52648.49     |
|             CY031571              |   0.00   |    2     |  31.34 (100.00%)   |   -24755.35   |   52652.59    |    52648.49     |
|             KP456289              |   0.00   |    2     |    0.25 ( 0.00%)   |   -24755.32   |   52652.53    |    52648.49     |
|             KP458765              |   0.00   |    2     |  >1000 (100.00%)   |   -24755.32   |   52652.53    |    52648.49     |
|             CY104966              |   0.00   |    2     |   1.00 (100.00%)   |   -24756.04   |   52653.96    |    52648.49     |
|             KP458285              |   0.00   |    2     |   1.00 (100.00%)   |   -24756.03   |   52653.95    |    52648.49     |
|             FJ687006              |   0.00   |    2     |  >1000 (100.00%)   |   -24755.32   |   52652.53    |    52648.49     |
|             CY064807              |   0.00   |    2     |  >1000 (100.00%)   |   -24755.32   |   52652.53    |    52648.49     |
|             CY104587              |   0.00   |    2     |   1.00 (100.00%)   |   -24756.03   |   52653.96    |    52648.49     |
|              Node341              |   0.00   |    2     |  22.36 (100.00%)   |   -24755.36   |   52652.61    |    52648.49     |
|             KF765558              |   0.00   |    2     |   >1000 (98.20%)   |   -24755.32   |   52652.53    |    52648.49     |
|             GQ476076              |   0.00   |    2     |   1.00 (100.00%)   |   -24756.04   |   52653.96    |    52648.49     |
|             KP456256              |   0.00   |    2     |   >1000 (65.28%)   |   -24755.32   |   52652.54    |    52648.49     |
|             CY125204              |   0.00   |    2     |   >1000 (50.34%)   |   -24755.32   |   52652.54    |    52648.49     |
|              Node496              |   0.00   |    2     |    0.25 ( 0.00%)   |   -24755.32   |   52652.53    |    52648.49     |
|              Node178              |   0.00   |    2     |  31.25 (100.00%)   |   -24755.35   |   52652.59    |    52648.49     |
|             CY074131              |   0.00   |    2     |  71.53 (100.00%)   |   -24755.33   |   52652.56    |    52648.49     |
|             GQ476114              |   0.00   |    2     |   1.00 (100.00%)   |   -24756.03   |   52653.96    |    52648.49     |
|              Node625              |   0.00   |    2     |    0.50 (24.12%)   |   -24755.32   |   52652.53    |    52648.49     |
|             KP458139              |   0.00   |    2     |   >1000 ( 0.00%)   |   -24756.03   |   52653.96    |    52648.49     |
|             HQ291876              |   0.00   |    2     |    0.25 ( 2.00%)   |   -24765.79   |   52673.46    |    52648.49     |
|             EU516299              |   0.00   |    2     |   1.00 (100.00%)   |   -24756.03   |   52653.95    |    52648.49     |
|             KF533063              |   0.00   |    2     |   1.00 (100.00%)   |   -24756.03   |   52653.95    |    52648.49     |
|             KP458754              |   0.00   |    2     |   >1000 (52.54%)   |   -24755.32   |   52652.54    |    52648.49     |
|              Node609              |   0.00   |    2     |    0.50 (25.00%)   |   -24755.32   |   52652.53    |    52648.49     |
|              Node396              |   0.00   |    2     |    0.25 ( 0.00%)   |   -24755.32   |   52652.53    |    52648.49     |
|              Node543              |   0.00   |    2     |    0.25 ( 0.00%)   |   -24755.32   |   52652.53    |    52648.49     |
|             FJ686999              |   0.00   |    2     |  >1000 (100.00%)   |   -24755.32   |   52652.53    |    52648.49     |
|              Node13               |   0.00   |    2     |    0.25 ( 0.00%)   |   -24755.32   |   52652.53    |    52648.49     |
|              Node508              |   0.00   |    2     |    0.25 ( 0.00%)   |   -24755.32   |   52652.53    |    52648.49     |
|              Node435              |   0.00   |    2     |  610.19 ( 0.23%)   |   -24754.82   |   52651.53    |    52648.49     |
|             KP457646              |   0.00   |    2     |    0.25 ( 0.00%)   |   -24755.32   |   52652.53    |    52648.49     |
|             FJ231784              |   0.00   |    2     |    0.47 (23.77%)   |   -24755.32   |   52652.53    |    52648.49     |
|             KP458608              |   0.00   |    2     |    0.50 (25.00%)   |   -24755.32   |   52652.53    |    52648.49     |
|             KP458423              |   0.00   |    2     |    0.50 (25.00%)   |   -24755.32   |   52652.53    |    52648.49     |
|             KP457477              |   0.00   |    2     |    0.25 ( 0.00%)   |   -24755.32   |   52652.53    |    52648.49     |
|             HQ291878              |   0.00   |    2     |    0.50 (25.00%)   |   -24755.32   |   52652.53    |    52648.49     |
|              Node497              |   0.00   |    2     |    0.50 (24.12%)   |   -24755.32   |   52652.53    |    52648.49     |
|             CY080610              |   0.00   |    2     |    0.50 (24.12%)   |   -24755.32   |   52652.53    |    52648.49     |
|              Node548              |   0.00   |    2     |    0.25 ( 0.00%)   |   -24755.32   |   52652.53    |    52648.49     |
|             GQ475707              |   0.00   |    2     |    0.25 ( 0.00%)   |   -24755.32   |   52652.53    |    52648.49     |
|             KP456913              |   0.00   |    2     |    1.00 ( 5.00%)   |   -24755.32   |   52652.53    |    52648.49     |
|              Node550              |   0.00   |    2     |    0.50 (25.00%)   |   -24755.32   |   52652.53    |    52648.49     |
|             EU516237              |   0.00   |    2     |    1.00 ( 5.00%)   |   -24755.32   |   52652.53    |    52648.49     |
|             FJ549040              |   0.00   |    2     |    0.50 (24.12%)   |   -24755.32   |   52652.53    |    52648.49     |
|              Node269              |   0.00   |    2     |    0.50 (24.12%)   |   -24755.32   |   52652.53    |    52648.49     |
|             KP458144              |   0.00   |    2     |    9.01 ( 4.83%)   |   -24755.32   |   52652.53    |    52648.49     |
|             EU516253              |   0.00   |    2     |    0.50 (24.12%)   |   -24755.32   |   52652.53    |    52648.49     |
|              Node888              |   0.00   |    2     |    0.49 (49.13%)   |   -24755.32   |   52652.53    |    52648.49     |
|              Node131              |   0.00   |    2     |    0.50 (24.12%)   |   -24755.32   |   52652.53    |    52648.49     |
|             FJ798792              |   0.00   |    2     |    0.50 (25.00%)   |   -24755.32   |   52652.53    |    52648.49     |
|             GQ475956              |   0.00   |    2     |    1.00 ( 5.00%)   |   -24755.32   |   52652.53    |    52648.49     |
|             KP458732              |   0.00   |    2     |    1.00 ( 5.00%)   |   -24755.32   |   52652.53    |    52648.49     |
|              Node170              |   0.00   |    2     |    0.25 ( 0.00%)   |   -24755.32   |   52652.53    |    52648.49     |
|              Node322              |   0.00   |    2     |    0.50 (24.12%)   |   -24755.32   |   52652.53    |    52648.49     |
|             KP457738              |   0.00   |    2     |    8.87 ( 4.95%)   |   -24755.32   |   52652.53    |    52648.49     |
|             EU199348              |   0.00   |    2     |    1.00 ( 5.00%)   |   -24755.32   |   52652.53    |    52648.49     |
|              Node423              |   0.00   |    2     |    0.50 (24.12%)   |   -24755.32   |   52652.53    |    52648.49     |
|             GQ476151              |   0.00   |    2     |    1.00 ( 5.00%)   |   -24755.32   |   52652.53    |    52648.49     |
|             CY172935              |   0.00   |    2     |    1.00 ( 5.00%)   |   -24755.32   |   52652.53    |    52648.49     |
|             CY028307              |   0.00   |    2     |    1.00 ( 5.00%)   |   -24755.32   |   52652.53    |    52648.49     |
|              Node36               |   0.00   |    2     |    1.00 ( 5.00%)   |   -24755.32   |   52652.53    |    52648.49     |
|             GQ475904              |   0.00   |    2     |    0.25 ( 0.00%)   |   -24755.32   |   52652.53    |    52648.49     |
|             KC782260              |   0.00   |    2     |    0.25 ( 0.00%)   |   -24755.32   |   52652.53    |    52648.49     |
|              Node894              |   0.00   |    2     |  735.28 ( 0.22%)   |   -24755.02   |   52651.92    |    52648.49     |
|              Node336              |   0.00   |    2     |    0.25 ( 0.00%)   |   -24755.32   |   52652.53    |    52648.49     |
|             KP458218              |   0.00   |    2     |    0.25 ( 0.00%)   |   -24755.32   |   52652.53    |    52648.49     |
|             CY087278              |   0.00   |    2     |    0.25 ( 0.00%)   |   -24755.32   |   52652.53    |    52648.49     |
|              Node231              |   0.00   |    2     |    0.50 (25.00%)   |   -24755.32   |   52652.53    |    52648.49     |
|              Node363              |   0.00   |    2     |    0.25 ( 0.00%)   |   -24755.32   |   52652.53    |    52648.49     |
|              Node52               |   0.00   |    2     |    0.25 ( 0.00%)   |   -24755.32   |   52652.53    |    52648.49     |
|              Node293              |   0.00   |    2     |    0.25 ( 0.00%)   |   -24755.32   |   52652.53    |    52648.49     |
|             EU516092              |   0.00   |    2     |    0.25 ( 0.00%)   |   -24755.32   |   52652.53    |    52648.49     |
|              Node76               |   0.00   |    2     |    0.25 ( 0.00%)   |   -24755.32   |   52652.53    |    52648.49     |
|             EU199350              |   0.00   |    2     |    0.75 (10.00%)   |   -24755.32   |   52652.53    |    52648.49     |
|             CY027147              |   0.00   |    2     |    0.75 (10.00%)   |   -24755.32   |   52652.53    |    52648.49     |
|              Node708              |   0.00   |    2     |    0.75 (10.00%)   |   -24755.32   |   52652.53    |    52648.49     |
|             CY021757              |   0.00   |    2     |    0.75 (10.00%)   |   -24755.32   |   52652.53    |    52648.49     |
|             CY146833              |   0.00   |    2     |    1.00 ( 5.00%)   |   -24755.32   |   52652.53    |    52648.49     |
|              Node38               |   0.00   |    2     |    0.25 ( 0.00%)   |   -24755.32   |   52652.53    |    52648.49     |
|              Node479              |   0.00   |    2     |    0.24 ( 0.00%)   |   -24755.32   |   52652.53    |    52648.49     |
|             CY011800              |   0.00   |    2     |    0.80 ( 9.77%)   |   -24755.32   |   52652.53    |    52648.49     |
|             CY016329              |   0.00   |    2     |    0.25 ( 0.00%)   |   -24755.32   |   52652.53    |    52648.49     |
|              Node682              |   0.00   |    2     |    0.77 ( 8.77%)   |   -24755.32   |   52652.53    |    52648.49     |
|              Node914              |   0.00   |    2     |    0.25 ( 2.00%)   |   -24756.25   |   52654.38    |    52648.49     |
|              Node46               |   0.00   |    2     |    0.50 (50.00%)   |   -24755.32   |   52652.53    |    52648.49     |
|              Node810              |   0.00   |    2     |    0.26 ( 0.00%)   |   -24755.32   |   52652.53    |    52648.49     |
|              Node20               |   0.00   |    2     |    0.40 (95.00%)   |   -24755.32   |   52652.53    |    52648.49     |
|              Node892              |   0.00   |    2     |    0.25 ( 2.00%)   |   -24762.03   |   52665.94    |    52648.49     |
|              Node863              |   0.00   |    2     |  >1000 (100.00%)   |   -24755.30   |   52652.49    |    52648.49     |
|             CY147382              |   0.00   |    2     |    0.18 (31.40%)   |   -24759.09   |   52660.07    |    52648.49     |
|             CY013271              |   0.00   |    2     |  >1000 (100.00%)   |   -24755.32   |   52652.53    |    52648.49     |
|              Node917              |   0.00   |    2     |    0.27 (31.40%)   |   -24757.43   |   52656.75    |    52648.49     |
|             DQ508905              |   0.00   |    2     |    0.25 ( 2.00%)   |   -24759.98   |   52661.85    |    52648.49     |
|              Node603              |   0.00   |    2     |    0.26 ( 0.00%)   |   -24755.32   |   52652.53    |    52648.49     |
|              Node17               |   0.00   |    2     |  >1000 (100.00%)   |   -24755.32   |   52652.53    |    52648.49     |
|              Node844              |   0.00   |    2     |    0.25 ( 2.00%)   |   -24761.16   |   52664.22    |    52648.49     |
|              Node37               |   0.00   |    2     |  214.60 (100.00%)  |   -24755.32   |   52652.54    |    52648.49     |
|              Node546              |   0.00   |    2     |    0.26 ( 0.00%)   |   -24755.32   |   52652.53    |    52648.49     |
|              Node25               |   0.00   |    2     |    0.25 ( 2.00%)   |   -24761.05   |   52663.98    |    52648.49     |
|              Node196              |   0.00   |    2     |  183.02 (100.00%)  |   -24755.32   |   52652.54    |    52648.49     |
|              Node483              |   0.00   |    2     |  >1000 (100.00%)   |   -24755.32   |   52652.53    |    52648.49     |
|              Node756              |   0.00   |    2     |   17.74 (99.21%)   |   -24755.34   |   52652.57    |    52648.49     |
|              Node34               |   0.00   |    2     |  >1000 (100.00%)   |   -24755.32   |   52652.53    |    52648.49     |
|              Node33               |   0.00   |    2     |   >1000 (94.75%)   |   -24755.32   |   52652.53    |    52648.49     |
|             CY026411              |   0.00   |    2     |  348.99 (98.29%)   |   -24755.32   |   52652.53    |    52648.49     |
|              Node701              |   0.00   |    2     |  186.53 (100.00%)  |   -24755.32   |   52652.54    |    52648.49     |
|             EU516094              |   0.00   |    2     |  170.64 (100.00%)  |   -24755.32   |   52652.54    |    52648.49     |
|              Node716              |   0.00   |    2     |  186.53 (100.00%)  |   -24755.32   |   52652.54    |    52648.49     |
|              Node470              |   0.00   |    2     |  19.28 (100.00%)   |   -24755.34   |   52652.58    |    52648.49     |
|              Node636              |   0.00   |    2     |    0.25 ( 2.00%)   |   -24761.13   |   52664.15    |    52648.49     |
|             EU516109              |   0.00   |    2     |  819.47 (100.00%)  |   -24755.32   |   52652.53    |    52648.49     |
|              Node694              |   0.00   |    2     |    0.18 (31.40%)   |   -24760.26   |   52662.41    |    52648.49     |
|              Node646              |   0.00   |    2     |  19.48 (100.00%)   |   -24755.34   |   52652.58    |    52648.49     |
|              Node562              |   0.00   |    2     |    0.25 ( 0.00%)   |   -24755.32   |   52652.53    |    52648.49     |
|              Node751              |   0.00   |    2     |    0.25 ( 2.00%)   |   -24760.23   |   52662.35    |    52648.49     |
|              Node388              |   0.00   |    2     |  183.02 (100.00%)  |   -24755.32   |   52652.54    |    52648.49     |
|             KP459323              |   0.00   |    2     |   47.63 (98.41%)   |   -24755.33   |   52652.55    |    52648.49     |
|              Node621              |   0.00   |    2     |    0.25 ( 2.00%)   |   -24761.05   |   52663.99    |    52648.49     |
|              Node425              |   0.00   |    2     |  183.02 (100.00%)  |   -24755.32   |   52652.54    |    52648.49     |
|              Node11               |   0.00   |    2     |    0.25 ( 2.00%)   |   -24759.69   |   52661.28    |    52648.49     |
|             KP457337              |   0.00   |    2     |    0.27 (31.40%)   |   -24760.04   |   52661.98    |    52648.49     |
|             CY010740              |   0.00   |    2     |  170.64 (100.00%)  |   -24755.32   |   52652.54    |    52648.49     |
|             KP456197              |   0.00   |    2     |  819.47 (100.00%)  |   -24755.32   |   52652.53    |    52648.49     |
|              Node789              |   0.00   |    2     |  848.22 (100.00%)  |   -24755.32   |   52652.53    |    52648.49     |
|             KP456835              |   0.00   |    2     |   1.00 (100.00%)   |   -24755.68   |   52653.25    |    52648.49     |
|             CY027771              |   0.00   |    2     |  170.64 (100.00%)  |   -24755.32   |   52652.54    |    52648.49     |
|              Node382              |   0.00   |    2     |   0.05 (100.00%)   |   -24763.24   |   52668.37    |    52648.49     |
|              Node727              |   0.00   |    2     |  94.29 (100.00%)   |   -24755.32   |   52652.54    |    52648.49     |
|             KP457204              |   0.00   |    2     |   1.00 (100.00%)   |   -24755.68   |   52653.25    |    52648.49     |
|              Node446              |   0.00   |    2     |    0.18 (31.40%)   |   -24760.25   |   52662.40    |    52648.49     |
|              Node47               |   0.00   |    2     |    0.25 ( 2.00%)   |   -24761.47   |   52664.83    |    52648.49     |
|              Node761              |   0.00   |    2     |    0.25 ( 2.00%)   |   -24759.41   |   52660.72    |    52648.49     |
|              Node700              |   0.00   |    2     |  101.38 (100.00%)  |   -24755.32   |   52652.54    |    52648.49     |
|              Node572              |   0.00   |    2     |  165.93 (100.00%)  |   -24755.32   |   52652.54    |    52648.49     |
|             KP458628              |   0.00   |    2     |  >1000 (100.00%)   |   -24755.32   |   52652.53    |    52648.49     |
|              Node69               |   0.00   |    2     |  45.01 (100.00%)   |   -24755.33   |   52652.55    |    52648.49     |
|              Node166              |   0.00   |    2     |  101.38 (100.00%)  |   -24755.32   |   52652.54    |    52648.49     |
|              Node658              |   0.00   |    2     |  19.61 (100.00%)   |   -24755.34   |   52652.58    |    52648.49     |
|              Node122              |   0.00   |    2     |  49.96 (100.00%)   |   -24755.33   |   52652.55    |    52648.49     |
|             CY033577              |   0.00   |    2     |  313.57 (28.96%)   |   -24755.33   |   52652.54    |    52648.49     |
|              Node488              |   0.00   |    2     |  397.80 (100.00%)  |   -24755.32   |   52652.53    |    52648.49     |
|              Node157              |   0.00   |    2     |  19.61 (100.00%)   |   -24755.34   |   52652.58    |    52648.49     |
|             KP637854              |   0.00   |    2     |  19.61 (100.00%)   |   -24755.34   |   52652.58    |    52648.49     |
|             KP457570              |   0.00   |    2     |    0.25 ( 2.00%)   |   -24760.66   |   52663.21    |    52648.49     |
|              Node147              |   0.00   |    2     |  93.99 (100.00%)   |   -24755.32   |   52652.54    |    52648.49     |
|             FJ532072              |   0.00   |    2     |  19.61 (100.00%)   |   -24755.34   |   52652.58    |    52648.49     |
|              Node71               |   0.00   |    2     |  49.96 (100.00%)   |   -24755.33   |   52652.55    |    52648.49     |
|              Node557              |   0.00   |    2     |    0.25 ( 2.00%)   |   -24760.66   |   52663.21    |    52648.49     |
|              Node263              |   0.00   |    2     |  93.99 (100.00%)   |   -24755.32   |   52652.54    |    52648.49     |
|              Node491              |   0.00   |    2     |  25.70 (100.00%)   |   -24755.34   |   52652.56    |    52648.49     |
|             KP458600              |   0.00   |    2     |  397.80 (100.00%)  |   -24755.32   |   52652.53    |    52648.49     |
|              Node158              |   0.00   |    2     |   1.00 (100.00%)   |   -24755.68   |   52653.25    |    52648.49     |
|              Node406              |   0.00   |    2     |  20.22 (100.00%)   |   -24755.34   |   52652.58    |    52648.49     |
|              Node670              |   0.00   |    2     |  >1000 (100.00%)   |   -24755.32   |   52652.53    |    52648.49     |
|              Node16               |   0.00   |    2     |    0.25 ( 2.00%)   |   -24760.77   |   52663.42    |    52648.49     |
|             FJ532089              |   0.00   |    2     |  397.80 (100.00%)  |   -24755.32   |   52652.53    |    52648.49     |
|              Node305              |   0.00   |    2     |    0.18 (31.40%)   |   -24760.46   |   52662.82    |    52648.49     |
|              Node564              |   0.00   |    2     |    0.25 ( 2.00%)   |   -24760.10   |   52662.09    |    52648.49     |
|              Node113              |   0.00   |    2     |  397.80 (100.00%)  |   -24755.32   |   52652.53    |    52648.49     |
|              Node174              |   0.00   |    2     |  43.65 (100.00%)   |   -24755.33   |   52652.55    |    52648.49     |
|              Node75               |   0.00   |    2     |  >1000 (100.00%)   |   -24755.32   |   52652.53    |    52648.49     |
|              Node453              |   0.00   |    2     |  20.22 (100.00%)   |   -24755.34   |   52652.58    |    52648.49     |
|              Node64               |   0.00   |    2     |  50.04 (100.00%)   |   -24755.33   |   52652.55    |    52648.49     |
|              Node309              |   0.00   |    2     |   1.00 (100.00%)   |   -24755.68   |   52653.25    |    52648.49     |
|              Node358              |   0.00   |    2     |  160.82 (100.00%)  |   -24755.32   |   52652.54    |    52648.49     |
|             EU716559              |   0.00   |    2     |   0.05 (100.00%)   |   -24762.97   |   52667.83    |    52648.49     |
|              Node526              |   0.00   |    2     |  315.59 (100.00%)  |   -24755.32   |   52652.53    |    52648.49     |
|              Node184              |   0.00   |    2     |  >1000 (100.00%)   |   -24755.32   |   52652.53    |    52648.49     |
|             KP637382              |   0.00   |    2     |    0.18 (31.40%)   |   -24760.46   |   52662.82    |    52648.49     |
|             GQ475901              |   0.00   |    2     |  632.02 (100.00%)  |   -24755.32   |   52652.53    |    52648.49     |
|              Node533              |   0.00   |    2     |   1.00 (100.00%)   |   -24755.68   |   52653.24    |    52648.49     |
|              Node447              |   0.00   |    2     |    0.27 (31.40%)   |   -24759.36   |   52660.61    |    52648.49     |
|              Node43               |   0.00   |    2     |    0.25 ( 2.00%)   |   -24760.38   |   52662.66    |    52648.49     |
|              Node614              |   0.00   |    2     |  397.80 (100.00%)  |   -24755.32   |   52652.53    |    52648.49     |
|              Node613              |   0.00   |    2     |  162.10 (14.64%)   |   -24755.34   |   52652.58    |    52648.49     |
|              Node114              |   0.00   |    2     |    0.27 (31.40%)   |   -24760.04   |   52661.97    |    52648.49     |
|              Node895              |   0.00   |    2     |    0.25 ( 2.00%)   |   -24761.47   |   52664.83    |    52648.49     |
|              Node801              |   0.00   |    2     |    0.27 (31.40%)   |   -24759.97   |   52661.82    |    52648.49     |
|              Node212              |   0.00   |    2     |  19.10 (100.00%)   |   -24755.34   |   52652.58    |    52648.49     |
|              Node215              |   0.00   |    2     |  20.22 (100.00%)   |   -24755.34   |   52652.58    |    52648.49     |
|              Node317              |   0.00   |    2     |    0.18 (31.40%)   |   -24759.97   |   52661.83    |    52648.49     |
|              Node757              |   0.00   |    2     |  >1000 (100.00%)   |   -24755.32   |   52652.53    |    52648.49     |
|              Node544              |   0.00   |    2     |    0.26 ( 0.00%)   |   -24755.32   |   52652.53    |    52648.49     |
|              Node195              |   0.00   |    2     |  19.10 (100.00%)   |   -24755.34   |   52652.58    |    52648.49     |
|              Node916              |   0.00   |    2     |    0.25 ( 2.00%)   |   -24759.31   |   52660.51    |    52648.49     |
|             KP457549              |   0.00   |    2     |    0.25 ( 0.00%)   |   -24755.32   |   52652.53    |    52648.49     |
|              Node588              |   0.00   |    2     |    0.25 ( 0.00%)   |   -24755.32   |   52652.53    |    52648.49     |
|             KP457512              |   0.00   |    2     |    0.25 ( 2.00%)   |   -24760.22   |   52662.34    |    52648.49     |
|              Node485              |   0.00   |    2     |    0.25 ( 0.00%)   |   -24755.32   |   52652.53    |    52648.49     |
|              Node593              |   0.00   |    2     |    0.25 ( 0.00%)   |   -24755.32   |   52652.53    |    52648.49     |
|             EU199355              |   0.00   |    2     |    0.25 ( 0.00%)   |   -24755.32   |   52652.53    |    52648.49     |
|              Node514              |   0.00   |    2     |    0.25 ( 0.00%)   |   -24755.32   |   52652.53    |    52648.49     |
|              Node377              |   0.00   |    2     |    0.25 ( 0.00%)   |   -24755.32   |   52652.53    |    52648.49     |
|              Node135              |   0.00   |    2     |    0.25 ( 0.00%)   |   -24755.32   |   52652.53    |    52648.49     |
|             GQ476148              |   0.00   |    2     |    0.25 ( 0.00%)   |   -24755.32   |   52652.53    |    52648.49     |
|             EU516057              |   0.00   |    2     |    0.25 ( 2.00%)   |   -24759.08   |   52660.05    |    52648.49     |
|             KP457227              |   0.00   |    2     |    0.25 ( 0.00%)   |   -24755.32   |   52652.53    |    52648.49     |
|             GQ475919              |   0.00   |    2     |    0.25 ( 0.00%)   |   -24755.32   |   52652.53    |    52648.49     |
|              Node155              |   0.00   |    2     |    0.25 ( 0.00%)   |   -24755.32   |   52652.53    |    52648.49     |
|              Node737              |   0.00   |    2     |    0.25 ( 0.00%)   |   -24755.32   |   52652.53    |    52648.49     |
|              Node154              |   0.00   |    2     |    0.25 ( 0.00%)   |   -24755.32   |   52652.53    |    52648.49     |
|              Node146              |   0.00   |    2     |    0.25 ( 0.00%)   |   -24755.32   |   52652.53    |    52648.49     |
|              Node103              |   0.00   |    2     |    0.25 ( 0.00%)   |   -24755.32   |   52652.53    |    52648.49     |
|              Node242              |   0.00   |    2     |    0.25 ( 0.00%)   |   -24755.32   |   52652.53    |    52648.49     |
|              Node187              |   0.00   |    2     |    0.25 ( 0.00%)   |   -24755.32   |   52652.53    |    52648.49     |
|              Node439              |   0.00   |    2     |    0.25 ( 0.00%)   |   -24755.32   |   52652.53    |    52648.49     |
|              Node117              |   0.00   |    2     |    0.25 ( 0.00%)   |   -24755.32   |   52652.53    |    52648.49     |
|              Node369              |   0.00   |    2     |    0.25 ( 0.00%)   |   -24755.32   |   52652.53    |    52648.49     |
|              Node181              |   0.00   |    2     |    0.25 ( 0.00%)   |   -24755.32   |   52652.53    |    52648.49     |
|              Node291              |   0.00   |    2     |    0.25 ( 0.00%)   |   -24755.32   |   52652.53    |    52648.49     |
|              Node340              |   0.00   |    2     |    0.25 ( 0.00%)   |   -24755.32   |   52652.53    |    52648.49     |
|              Node226              |   0.00   |    2     |    0.25 ( 0.00%)   |   -24755.32   |   52652.53    |    52648.49     |
|              Node329              |   0.00   |    2     |    0.25 ( 0.00%)   |   -24755.32   |   52652.53    |    52648.49     |
|              Node61               |   0.00   |    2     |    0.25 ( 0.00%)   |   -24755.32   |   52652.53    |    52648.49     |
|              Node57               |   0.00   |    2     |    0.25 ( 0.00%)   |   -24755.32   |   52652.53    |    52648.49     |
|              Node211              |   0.00   |    2     |    0.25 ( 0.00%)   |   -24755.32   |   52652.53    |    52648.49     |
|             EU567013              |   0.00   |    2     |    0.25 ( 0.00%)   |   -24755.32   |   52652.53    |    52648.49     |
|              Node418              |   0.00   |    2     |    0.25 ( 0.00%)   |   -24755.32   |   52652.53    |    52648.49     |
|              Node379              |   0.00   |    2     |    0.25 ( 0.00%)   |   -24755.32   |   52652.53    |    52648.49     |
|              Node402              |   0.00   |    2     |    0.25 ( 0.00%)   |   -24755.32   |   52652.53    |    52648.49     |
|              Node111              |   0.00   |    2     |    0.25 ( 0.00%)   |   -24755.32   |   52652.53    |    52648.49     |
|              Node359              |   0.00   |    2     |    0.25 ( 0.00%)   |   -24755.32   |   52652.53    |    52648.49     |
|              Node98               |   0.00   |    2     |    0.25 ( 0.00%)   |   -24755.32   |   52652.53    |    52648.49     |
|              Node788              |   0.00   |    2     |    0.25 ( 0.00%)   |   -24755.32   |   52652.53    |    52648.49     |
|              Node786              |   0.00   |    2     |    0.25 ( 0.00%)   |   -24755.32   |   52652.53    |    52648.49     |
|              Node323              |   0.00   |    2     |    0.27 ( 0.00%)   |   -24755.32   |   52652.53    |    52648.49     |
|              Node648              |   0.00   |    2     |    0.26 ( 0.00%)   |   -24755.32   |   52652.53    |    52648.49     |
|             CY009604              |   0.00   |    2     |    0.25 ( 0.00%)   |   -24755.32   |   52652.53    |    52648.49     |
|              Node784              |   0.00   |    2     |    0.25 ( 0.00%)   |   -24755.32   |   52652.53    |    52648.49     |
|              Node659              |   0.00   |    2     |    0.25 ( 0.00%)   |   -24755.32   |   52652.53    |    52648.49     |
|              Node656              |   0.00   |    2     |    0.25 ( 0.00%)   |   -24755.32   |   52652.53    |    52648.49     |
|              Node669              |   0.00   |    2     |    0.25 ( 0.00%)   |   -24755.32   |   52652.53    |    52648.49     |
|             KP456772              |   0.00   |    2     |    0.25 ( 0.00%)   |   -24755.32   |   52652.53    |    52648.49     |
|             CY017155              |   0.00   |    2     |    0.27 (31.40%)   |   -24757.86   |   52657.61    |    52648.49     |
|              Node707              |   0.00   |    2     |    0.25 ( 0.00%)   |   -24755.32   |   52652.53    |    52648.49     |
|              Node651              |   0.00   |    2     |    0.25 ( 0.00%)   |   -24755.32   |   52652.53    |    52648.49     |
|              Node675              |   0.00   |    2     |    0.25 ( 0.00%)   |   -24755.32   |   52652.53    |    52648.49     |
|              Node719              |   0.00   |    2     |    0.25 ( 0.00%)   |   -24755.32   |   52652.53    |    52648.49     |
|              Node295              |   0.00   |    2     |    0.26 ( 0.00%)   |   -24755.32   |   52652.53    |    52648.49     |
|              Node14               |   0.00   |    2     |    0.24 ( 0.00%)   |   -24755.32   |   52652.53    |    52648.49     |
|              Node688              |   0.00   |    2     |    0.25 ( 0.00%)   |   -24755.32   |   52652.53    |    52648.49     |
|              Node504              |   0.00   |    2     |    0.27 (31.40%)   |   -24757.82   |   52657.53    |    52648.49     |
|              Node835              |   0.00   |    2     |    0.26 ( 0.00%)   |   -24755.32   |   52652.53    |    52648.49     |
|             CY019947              |   0.00   |    2     |    0.25 ( 0.00%)   |   -24755.32   |   52652.53    |    52648.49     |
|              Node780              |   0.00   |    2     |    0.26 ( 0.00%)   |   -24755.32   |   52652.53    |    52648.49     |
|              Node734              |   0.00   |    2     |    0.26 ( 0.00%)   |   -24755.32   |   52652.53    |    52648.49     |
|              Node645              |   0.00   |    2     |    0.26 ( 0.00%)   |   -24755.32   |   52652.53    |    52648.49     |
|              Node650              |   0.00   |    2     |    0.25 ( 0.00%)   |   -24755.32   |   52652.53    |    52648.49     |
|              Node840              |   0.00   |    2     |    0.25 ( 0.00%)   |   -24755.32   |   52652.53    |    52648.49     |
|              Node503              |   0.00   |    2     |    0.25 ( 2.00%)   |   -24755.32   |   52652.53    |    52648.49     |
|              Node567              |   0.00   |    2     |    0.25 ( 2.00%)   |   -24755.32   |   52652.53    |    52648.49     |
|              Node214              |   0.00   |    2     |    0.25 ( 2.00%)   |   -24755.32   |   52652.53    |    52648.49     |
|              Node316              |   0.00   |    2     |    0.25 ( 2.00%)   |   -24755.32   |   52652.53    |    52648.49     |
|             KX431185              |   0.00   |    2     |    0.25 ( 2.00%)   |   -24755.32   |   52652.53    |    52648.49     |
|             DQ508897              |   0.00   |    2     |    0.25 ( 2.00%)   |   -24755.32   |   52652.53    |    52648.49     |
|             CY146857              |   0.00   |    2     |    0.25 ( 2.00%)   |   -24755.32   |   52652.53    |    52648.49     |
|             EU779616              |   0.00   |    2     |    0.25 ( 2.00%)   |   -24755.32   |   52652.53    |    52648.49     |
|             KP457399              |   0.00   |    2     |    0.25 ( 2.00%)   |   -24755.32   |   52652.53    |    52648.49     |
|             CY147518              |   0.00   |    2     |    0.25 ( 2.00%)   |   -24755.32   |   52652.53    |    52648.49     |
|             CY125172              |   0.00   |    2     |    0.25 ( 2.00%)   |   -24755.32   |   52652.53    |    52648.49     |
|             FJ532073              |   0.00   |    2     |    0.25 ( 2.00%)   |   -24755.32   |   52652.53    |    52648.49     |
|             AF386774              |   0.00   |    2     |    0.25 ( 2.00%)   |   -24755.32   |   52652.53    |    52648.49     |
|             KP456988              |   0.00   |    2     |    0.25 ( 2.00%)   |   -24755.32   |   52652.53    |    52648.49     |
|             KP456537              |   0.00   |    2     |    0.25 ( 2.00%)   |   -24755.32   |   52652.53    |    52648.49     |
|             CY009612              |   0.00   |    2     |    0.25 ( 2.00%)   |   -24755.32   |   52652.53    |    52648.49     |
|             CY119130              |   0.00   |    2     |    0.25 ( 2.00%)   |   -24755.32   |   52652.53    |    52648.49     |
|             CY012296              |   0.00   |    2     |    0.25 ( 2.00%)   |   -24755.32   |   52652.53    |    52648.49     |
|             GQ475879              |   0.00   |    2     |    0.25 ( 2.00%)   |   -24755.32   |   52652.53    |    52648.49     |
|             KP458456              |   0.00   |    2     |    0.25 ( 2.00%)   |   -24755.32   |   52652.53    |    52648.49     |
|             GQ475939              |   0.00   |    2     |    0.25 ( 2.00%)   |   -24755.32   |   52652.53    |    52648.49     |
|             KP458748              |   0.00   |    2     |    0.25 ( 2.00%)   |   -24755.32   |   52652.53    |    52648.49     |
|             FJ549068              |   0.00   |    2     |    0.25 ( 2.00%)   |   -24755.32   |   52652.53    |    52648.49     |
|             CY009292              |   0.00   |    2     |    0.25 ( 2.00%)   |   -24755.32   |   52652.53    |    52648.49     |
|             FJ686977              |   0.00   |    2     |    0.25 ( 2.00%)   |   -24755.32   |   52652.53    |    52648.49     |
|             KP457395              |   0.00   |    2     |    0.25 ( 2.00%)   |   -24755.32   |   52652.53    |    52648.49     |
|             KP456208              |   0.00   |    2     |    0.25 ( 2.00%)   |   -24755.32   |   52652.53    |    52648.49     |

### Rate class analyses summary
*  19 branches with **2** rate classes
*  735 branches with **1** rate classes

### Annotated Tree
(((((((((((((((((CY045852{1},((((((((AF386778{1},DQ415317{1},(((((((CY012296{1},CY010140{1})Node748{1},(((((((CY105158{1},CY119130{1})Node724{1},(((((((KP456878{1},CY172719{1})Node675{1},CY027779{1},(CY027963{1},((CY027067{1},CY027219{1},CY030061{1},CY031571{1})Node659{1},CY026731{1})Node658{1},EU100703{1})Node656{1},((EU516109{1},EU516144{1})Node670{1},CY026683{1})Node669{1})Node653{1},HM144110{1})Node652{1},(((EU199338{1},CY025587{1})Node688{1},CY027147{1},EU199350{1},KP457752{1})Node682{1},CY025261{1})Node681{1},HM144130{1},(KP456657{1},CY021757{1})Node694{1},FJ231778{1})Node651{1},FJ231782{1})Node650{1},(((HM144115{1},HM144114{1},HM144111{2})Node701{1},HM144112{1})Node700{1},((KP456772{1},KP459041{1})Node708{1},(KP457643{1},CY027771{1})Node711{1})Node707{1})Node699{1})Node649{1},(((KP458803{1},KP457219{1})Node716{1},(KP459018{1},CY031140{1})Node719{1})Node715{1},CY026339{1})Node714{1})Node648{1},CY104822{1})Node646{1},(CY016328{1},CY016329{1})Node727{1})Node645{1},KP458918{1})Node644{1},(((((((EU097956{1},(((EU199348{1},CY028307{1})Node470{1},EU199354{1})Node469{1},((KP637382{1},KP456355{1})Node464{1},AB501381{1})Node463{1},EU716572{1},((KP459033{1},KP458513{1})Node458{1},(EU516017{1},(EU887025{1},(EU716538{1},EU516097{1})Node425{1},EU716559{1},EU779634{1})Node423{1},EU516300{1},((KX431175{1},KX431185{1})Node435{1},KX431172{2})Node434{2},(KP458795{1},EU516299{1})Node439{1},EU516092{1},EU887022{1},((EU516242{1},HQ291881{1})Node447{1},HM144123{1})Node446{1},KP458553{1})Node418{1},(KP457845{1},EU887027{1},CY040058{1})Node453{1},JN582055{1},KP458732{1},(FJ532072{1},KP458862{1},EU516253{1})Node406{1},(GQ476128{1},EU516023{1})Node402{1},KP637766{1},CY119274{1},EU566981{1},(HM144120{1},(KP457861{1},KP637614{1},KP457641{1})Node369{1},KP459214{1},((EU516086{1},EU566984{1})Node359{1},CY073953{1})Node358{1},(CY040114{1},HM176663{1},KP457765{1})Node363{1},(CY105046{1},(KP456298{1},(KP458720{1},(CY070152{1},FJ532095{1})Node295{1},FJ798792{1})Node293{1},KP458144{1})Node291{1},CY104966{1},(KP457855{1},KP458748{1})Node309{1},(AB501384{1},AB501387{1})Node305{1},KP457648{1},(CY036692{1},KP456835{1})Node329{1},(((HQ291892{1},HQ291893{1})Node324{1},KP456645{1})Node323{1},CY118167{1})Node322{1},((FJ264947{1},CY121592{1})Node317{1},KP457112{1})Node316{1},KP456386{1},KP457204{1},CY104587{1},(EU887034{1},((GQ476151{1},FJ549068{1})Node276{1},CY070136{1})Node275{1},CY070096{1},(KP457337{1},GQ476145{1})Node282{1},EU566970{1},(((FJ966244{2},KP457432{1})Node265{1},FJ743466{1})Node264{1},(KP457304{1},KP457227{1})Node269{1})Node263{1},CY172999{1},((KX431174{2},KX431178{1},KX431171{1},(KX431176{2},KX431170{1})Node252{1},(KX431184{1},KX431183{2})Node255{1})Node248{1},(KJ909523{1},(FJ743454{1},((CY053674{1},CY053658{1},CY087278{1})Node196{1},CY053654{2})Node195{1},(KP456502{1},KP458139{1},KP456613{1})Node187{1},KP458410{1},FJ532073{1})Node184{1},KP458754{1},(CY070088{1},KP457395{1})Node205{1},KP458218{1})Node181{1},((CY099322{1},((GQ475901{1},HQ533865{1})Node215{1},GQ475879{1})Node214{1},FJ686999{1},GQ475933{1},KP458060{1})Node212{1},CY119298{1})Node211{1},(KP457682{1},CY099320{1})Node226{1},((FJ687006{1},GQ475956{1},CY074387{1},KC782273{1})Node232{1},CY100796{1})Node231{1},KP457517{1},((CY074243{1},CY087143{1})Node243{1},KP458198{1})Node242{1},KP458906{1})Node178{1},AB501386{1},((GQ475968{1},(KP637518{1},GU271950{1})Node170{1},((CY053664{1},CY053670{1})Node143{1},KC780089{1},(CY099323{1},KC782266{1})Node135{1},GQ475780{1},GU183815{1},KP457738{1})Node131{1},((CY064807{1},GQ475852{1},KP458535{1})Node147{1},KP637854{1})Node146{1},((((GQ475939{1},GQ476148{1})Node158{1},GQ475919{1})Node157{1},CY074139{1},KP456913{1},KP459312{1})Node155{1},(KP456537{1},KP458456{1})Node166{1})Node154{1},KP459274{1})Node127{1},(((((CY080721{1},CY080610{1})Node114{1},(CY074131{1},CY080897{1})Node117{1})Node113{1},FJ686977{1})Node112{1},GQ475707{1})Node111{1},(GQ475904{1},FJ549040{1})Node107{1},FJ687013{1},(GQ475701{1},FJ687003{1})Node103{1},(((CY100820{1},CY100836{1})Node98{1},GQ476114{1},GQ475899{1},CY074339{1},KF765558{1},KP458628{1},CY073837{1},CY147587{1},KC782260{1},GQ476076{1},GQ475724{1},GQ475990{1})Node76{1},CY100828{1})Node75{1},GQ896366{1})Node71{1},(KP457835{1},EU779616{1},KM403100{2})Node122{1})Node69{1},(CY058495{1},EU567013{1})Node174{1})Node64{1},HQ291894{1})Node61{1},(EU516089{1},(CY073935{1},CY073927{1})Node348{1},((CY040258{1},CY039447{1},KP458231{1})Node341{1},EU716526{1})Node340{1},CY073960{1},(EU779624{1},EU779625{1})Node352{1},EU516237{1})Node336{1})Node57{1},(((KP458105{2},(CY172935{1},KP456197{1})Node388{1},(FJ532089{1},KP458600{1})Node382{1},KP457399{1},KP456286{1})Node379{1},FJ264945{1},KP458914{1},KP456212{1})Node377{1},(EU516247{1},KP637894{1})Node396{1})Node376{1})Node52{1},FJ183466{1})Node49{1},CY094797{1})Node47{1},CY119178{1})Node46{1},KP457309{1})Node45{1},((HQ291874{1},((KP456634{1},((KP458765{1},KP457624{1})Node593{1},(KP458423{1},KP457477{1},KP457157{1})Node588{1},(KP459278{1},KF533064{1},(((KP459323{1},KP456474{1})Node576{1},KP456617{1})Node575{1},(KP456988{1},KP456289{1})Node572{1},((((KP456256{1},(CY104958{1},(CY104910{1},CY104886{1})Node550{1},CY105142{1},CY104571{1})Node548{1},(KP458266{1},KP457570{1})Node557{1})Node546{1},EU779612{1})Node545{1},(KP459256{1},(EU716570{1},EU516059{1})Node564{1},(EU516094{1},EU516057{1})Node567{1})Node562{1})Node544{1},KP456460{1})Node543{1},(((KP458692{1},(KP458865{1},(KP457006{1},(KP457308{1},CY054553{1})Node516{1},KP456801{1})Node514{1},((KP456964{1},KP456492{1})Node504{1},KP458608{1})Node503{1},(FJ549060{1},KP457549{1})Node508{1},KP459239{1},KP458285{1})Node499{1},EU567019{1})Node497{1},(KP458524{1},KP459297{2},KP456799{1})Node526{1},CY118083{1},(KF533063{1},KP456208{1})Node533{1},EU199355{1},KP458339{1})Node496{1},(KP456594{1},CY053668{1})Node539{1})Node495{1},KP456549{1})Node491{1},(KP458658{1},KP457646{1})Node580{1})Node488{1},(KP458730{1},KP456637{1})Node585{1})Node485{1},(EU382982{1},HQ291870{1})Node596{1})Node483{1},(KP457512{1},KP457622{2})Node600{1})Node482{1},(EU382986{1},EU382987{1})Node603{1})Node480{1},KP458029{1})Node479{1},CY125204{1})Node44{1},(CY119162{1},(FJ231784{1},((CY104838{1},(HQ291877{1},CY104284{1})Node621{1},(KP457692{1},KP458818{1})Node617{1},CY100980{1})Node614{1},(HQ291880{1},HQ291878{1})Node625{1})Node613{1},(KP456422{1},HQ291876{1})Node628{1})Node611{1},CY119170{1})Node609{1})Node43{1},CY117840{1})Node42{1},CY125148{1})Node41{1},((CY104068{1},CY104694{1})Node637{1},CY103996{1})Node636{1},CY006195{1},CY103988{1})Node38{1},DQ397950{1})Node37{1},CY125663{1})Node36{1},(((CY002152{1},(FJ231789{1},FJ231791{1})Node737{1},CY016326{1},CY002664{1})Node735{1},EU097959{1})Node734{1},(CY125172{1},CY122316{1})Node745{1})Node733{1})Node34{1},(KP456555{1},KP459151{1})Node751{1})Node33{1},CY147318{1})Node32{1},(((KP456770{1},(CY010412{1},(JX477158{1},DQ249260{1})Node761{1},KP456418{1})Node759{1},KP458850{1})Node757{1},KP458690{2})Node756{1},KP458210{1})Node755{1})Node31{1},AF386781{1})Node30{1},AF386775{1})Node29{1},CY125012{1})Node26{1},CY119074{1})Node25{1},CY125068{1})Node24{1},CY013845{1})Node23{1},CY033614{1})Node22{1},((((((((((CY019125{1},CY010740{1},AY282757{1},CY019867{1})Node789{1},CY021005{1},CY010484{1})Node788{1},CY036839{1})Node787{1},CY117691{1})Node786{1},(CY012856{1},CY015532{1})Node801{1},(CY011800{1},CY125060{1})Node805{1},CY125052{1})Node784{1},DQ415316{2})Node783{1},(((CY125662{1},CY017155{1})Node812{1},AF386774{1})Node811{1},CY010508{1})Node810{1})Node782{1},CY125036{1})Node781{1},(CY013303{1},CY125044{1})Node818{1})Node780{1},(CY147382{1},AY289927{1})Node821{1})Node779{1})Node21{1},CY036823{1})Node20{1},D13574{1})Node19{1},JX477163{1})Node17{1},CY020477{1})Node16{1},(CY019779{1},CY019101{1})Node829{1})Node15{1},CY020453{1})Node14{1},(((CY021037{1},AJ289702{1})Node835{1},CY021725{1})Node834{1},CY017877{1})Node833{1})Node13{1},(CY021029{1},CY010364{1})Node840{1})Node12{1},((CY028724{1},CY021909{1})Node844{1},CY026411{1})Node843{1})Node11{1},CY020173{1})Node10{1},CY009292{1})Node9{1},(M38312{1},K01330{2},DQ508897{1})Node850{1})Node8{1},CY147374{1})Node7{1},CY019947{1})Node6{2},(((((CY077748{1},(((CY146793{1},CY125862{1})Node865{1},JN540082{1})Node864{1},CY147334{2})Node863{1},CY077725{1})Node861{1},CY077768{1})Node860{1},(CY022021{1},CY146785{1})Node873{1})Node859{1},(CY009612{1},U02085{1})Node876{1})Node858{1},(CY013271{1},CY009596{1})Node879{1})Node857{1})Node5{1},((CY147366{1},CY021709{1})Node883{1},CY020285{1})Node882{1})Node4{1},CY009276{1})Node3{1},((((((((Z54287{1},((CY147518{1},CY147534{1})Node898{1},CY146857{1})Node897{1},CY148243{1})Node895{1},CY033577{1})Node894{1},LC120391{1})Node893{1},CY146833{1})Node892{1},V01088{1})Node891{1},CY020445{1})Node890{1},CY020469{1})Node889{1},(CY045772{1},CY009324{1})Node910{1})Node888{1})Node2{1},((((((AF408859{1},U08903{1})Node918{1},U08904{1})Node917{1},CY009604{1})Node916{1},CY045756{1})Node915{1},((CY010788{1},CY034132{1})Node925{1},DQ508905{1})Node924{1})Node914{1},CY147326{1})Node913{2},AF117241{2})

----

```
                |CY045852 (1)
               |+Node17 (1)
               ||       |AF386778 (1)
               ||       |DQ415317 (1)
               ||      |+Node26 (1)
               ||      ||      |CY012296 (1)
               ||      ||     |+Node748 (1)
               ||      ||     ||CY010140 (1)
               ||      ||    |+Node34 (1)
               ||      ||    ||      |CY105158 (1)
               ||      ||    ||     |+Node724 (1)
               ||      ||    ||     ||CY119130 (1)
               ||      ||    ||    |+Node646 (1)
               ||      ||    ||    ||      |KP456878 (1)
               ||      ||    ||    ||     |+Node675 (1)
               ||      ||    ||    ||     ||CY172719 (1)
               ||      ||    ||    ||     |CY027779 (1)
               ||      ||    ||    ||    |+Node653 (1)
               ||      ||    ||    ||    |||CY027963 (1)
               ||      ||    ||    ||    ||+Node656 (1)
               ||      ||    ||    ||    ||| |CY027067 (1)
               ||      ||    ||    ||    ||| |CY027219 (1)
               ||      ||    ||    ||    ||||+Node659 (1)
               ||      ||    ||    ||    |||||CY030061 (1)
               ||      ||    ||    ||    |||||CY031571 (1)
               ||      ||    ||    ||    |||+Node658 (1)
               ||      ||    ||    ||    ||||CY026731 (1)
               ||      ||    ||    ||    |||EU100703 (1)
               ||      ||    ||    ||    || |EU516109 (1)
               ||      ||    ||    ||    |||+Node670 (1)
               ||      ||    ||    ||    ||||EU516144 (1)
               ||      ||    ||    ||    ||+Node669 (1)
               ||      ||    ||    ||    | |CY026683 (1)
               ||      ||    ||    ||   |+Node652 (1)
               ||      ||    ||    ||   ||HM144110 (1)
               ||      ||    ||    ||   |  |EU199338 (1)
               ||      ||    ||    ||   | |+Node688 (1)
               ||      ||    ||    ||   | ||CY025587 (1)
               ||      ||    ||    ||   | |CY027147 (1)
               ||      ||    ||    ||   ||+Node682 (1)
               ||      ||    ||    ||   |||EU199350 (1)
               ||      ||    ||    ||   |||KP457752 (1)
               ||      ||    ||    ||   |+Node681 (1)
               ||      ||    ||    ||   ||CY025261 (1)
               ||      ||    ||    ||  |+Node651 (1)
               ||      ||    ||    ||  ||HM144130 (1)
               ||      ||    ||    ||  |||KP456657 (1)
               ||      ||    ||    ||  ||+Node694 (1)
               ||      ||    ||    ||  |||CY021757 (1)
               ||      ||    ||    ||  ||FJ231778 (1)
               ||      ||    ||    || |+Node650 (1)
               ||      ||    ||    || ||FJ231782 (1)
               ||      ||    ||    |||+Node649 (1)
               ||      ||    ||    ||||  |HM144115 (1)
               ||      ||    ||    |||| |+Node701 (1)
               ||      ||    ||    |||| ||HM144114 (1)
               ||      ||    ||    |||| ||HM144111 (2)
               ||      ||    ||    |||||+Node700 (1)
               ||      ||    ||    ||||||HM144112 (1)
               ||      ||    ||    ||||+Node699 (1)
               ||      ||    ||    ||| | |KP456772 (1)
               ||      ||    ||    ||| ||+Node708 (1)
               ||      ||    ||    ||| |||KP459041 (1)
               ||      ||    ||    ||| |+Node707 (1)
               ||      ||    ||    |||  ||KP457643 (1)
               ||      ||    ||    |||  |+Node711 (1)
               ||      ||    ||    |||   |CY027771 (1)
               ||      ||    ||    ||+Node648 (1)
               ||      ||    ||    |||  |KP458803 (1)
               ||      ||    ||    ||| |+Node716 (1)
               ||      ||    ||    ||| ||KP457219 (1)
               ||      ||    ||    ||||+Node715 (1)
               ||      ||    ||    ||||||KP459018 (1)
               ||      ||    ||    |||||+Node719 (1)
               ||      ||    ||    |||| |CY031140 (1)
               ||      ||    ||    |||+Node714 (1)
               ||      ||    ||    || |CY026339 (1)
               ||      ||    ||    ||CY104822 (1)
               ||      ||    ||   |+Node645 (1)
               ||      ||    ||   |||CY016328 (1)
               ||      ||    ||   ||+Node727 (1)
               ||      ||    ||   | |CY016329 (1)
               ||      ||    ||  |+Node644 (1)
               ||      ||    ||  ||KP458918 (1)
               ||      ||    ||  |      |EU097956 (1)
               ||      ||    ||  |     |+Node47 (1)
               ||      ||    ||  |     ||  |EU199348 (1)
               ||      ||    ||  |     || |+Node470 (1)
               ||      ||    ||  |     || ||CY028307 (1)
               ||      ||    ||  |     |||+Node469 (1)
               ||      ||    ||  |     ||||EU199354 (1)
               ||      ||    ||  |     ||| |KP637382 (1)
               ||      ||    ||  |     ||||+Node464 (1)
               ||      ||    ||  |     |||||KP456355 (1)
               ||      ||    ||  |     |||+Node463 (1)
               ||      ||    ||  |     ||||AB501381 (1)
               ||      ||    ||  |     ||+Node49 (1)
               ||      ||    ||  |     |||EU716572 (1)
               ||      ||    ||  |     ||| |KP459033 (1)
               ||      ||    ||  |     ||||+Node458 (1)
               ||      ||    ||  |     |||||KP458513 (1)
               ||      ||    ||  |     |||||EU516017 (1)
               ||      ||    ||  |     ||||||EU887025 (1)
               ||      ||    ||  |     |||||||EU716538 (1)
               ||      ||    ||  |     ||||||+Node425 (1)
               ||      ||    ||  |     |||||||EU516097 (1)
               ||      ||    ||  |     |||||+Node423 (1)
               ||      ||    ||  |     ||||||EU716559 (1)
               ||      ||    ||  |     ||||||EU779634 (1)
               ||      ||    ||  |     |||||EU516300 (1)
               ||      ||    ||  |     ||||| |KX431175 (1)
               ||      ||    ||  |     ||||||+Node435 (1)
               ||      ||    ||  |     |||||||KX431185 (1)
               ||      ||    ||  |     |||||+Node434 (2)
               ||      ||    ||  |     ||||||KX431172 (2)
               ||      ||    ||  |     ||||+Node418 (1)
               ||      ||    ||  |     ||||||KP458795 (1)
               ||      ||    ||  |     |||||+Node439 (1)
               ||      ||    ||  |     ||||||EU516299 (1)
               ||      ||    ||  |     |||||EU516092 (1)
               ||      ||    ||  |     |||||EU887022 (1)
               ||      ||    ||  |     ||||| |EU516242 (1)
               ||      ||    ||  |     ||||||+Node447 (1)
               ||      ||    ||  |     |||||||HQ291881 (1)
               ||      ||    ||  |     |||||+Node446 (1)
               ||      ||    ||  |     ||||||HM144123 (1)
               ||      ||    ||  |     |||||KP458553 (1)
               ||      ||    ||  |     |||||KP457845 (1)
               ||      ||    ||  |     ||||+Node453 (1)
               ||      ||    ||  |     |||||EU887027 (1)
               ||      ||    ||  |     |||||CY040058 (1)
               ||      ||    ||  |     ||||JN582055 (1)
               ||      ||    ||  |     ||||KP458732 (1)
               ||      ||    ||  |     |||||FJ532072 (1)
               ||      ||    ||  |     ||||+Node406 (1)
               ||      ||    ||  |     |||||KP458862 (1)
               ||      ||    ||  |     |||||EU516253 (1)
               ||      ||    ||  |     |||+Node52 (1)
               ||      ||    ||  |     |||||GQ476128 (1)
               ||      ||    ||  |     ||||+Node402 (1)
               ||      ||    ||  |     |||||EU516023 (1)
               ||      ||    ||  |     ||||KP637766 (1)
               ||      ||    ||  |     ||||CY119274 (1)
               ||      ||    ||  |     ||||EU566981 (1)
               ||      ||    ||  |     |||||HM144120 (1)
               ||      ||    ||  |     ||||||KP457861 (1)
               ||      ||    ||  |     |||||+Node369 (1)
               ||      ||    ||  |     ||||||KP637614 (1)
               ||      ||    ||  |     ||||||KP457641 (1)
               ||      ||    ||  |     |||||KP459214 (1)
               ||      ||    ||  |     ||||+Node57 (1)
               ||      ||    ||  |     ||||| |EU516086 (1)
               ||      ||    ||  |     ||||||+Node359 (1)
               ||      ||    ||  |     |||||||EU566984 (1)
               ||      ||    ||  |     |||||+Node358 (1)
               ||      ||    ||  |     ||||||CY073953 (1)
               ||      ||    ||  |     ||||||CY040114 (1)
               ||      ||    ||  |     |||||+Node363 (1)
               ||      ||    ||  |     ||||||HM176663 (1)
               ||      ||    ||  |     ||||||KP457765 (1)
               ||      ||    ||  |     ||||||CY105046 (1)
               ||      ||    ||  |     |||||||KP456298 (1)
               ||      ||    ||  |     ||||||+Node291 (1)
               ||      ||    ||  |     ||||||||KP458720 (1)
               ||      ||    ||  |     |||||||+Node293 (1)
               ||      ||    ||  |     |||||||||CY070152 (1)
               ||      ||    ||  |     ||||||||+Node295 (1)
               ||      ||    ||  |     |||||||||FJ532095 (1)
               ||      ||    ||  |     ||||||||FJ798792 (1)
               ||      ||    ||  |     |||||||KP458144 (1)
               ||      ||    ||  |     ||||||CY104966 (1)
               ||      ||    ||  |     |||||||KP457855 (1)
               ||      ||    ||  |     ||||||+Node309 (1)
               ||      ||    ||  |     |||||||KP458748 (1)
               ||      ||    ||  |     |||||||AB501384 (1)
               ||      ||    ||  |     ||||||+Node305 (1)
               ||      ||    ||  |     |||||||AB501387 (1)
               ||      ||    ||  |     ||||||KP457648 (1)
               ||      ||    ||  |     |||||||CY036692 (1)
               ||      ||    ||  |     ||||||+Node329 (1)
               ||      ||    ||  |     |||||||KP456835 (1)
               ||      ||    ||  |     |||||+Node61 (1)
               ||      ||    ||  |     ||||||  |HQ291892 (1)
               ||      ||    ||  |     |||||| |+Node324 (1)
               ||      ||    ||  |     |||||| ||HQ291893 (1)
               ||      ||    ||  |     |||||||+Node323 (1)
               ||      ||    ||  |     ||||||||KP456645 (1)
               ||      ||    ||  |     ||||||+Node322 (1)
               ||      ||    ||  |     |||||||CY118167 (1)
               ||      ||    ||  |     |||||| |FJ264947 (1)
               ||      ||    ||  |     |||||||+Node317 (1)
               ||      ||    ||  |     ||||||||CY121592 (1)
               ||      ||    ||  |     ||||||+Node316 (1)
               ||      ||    ||  |     |||||||KP457112 (1)
               ||      ||    ||  |     ||||||KP456386 (1)
               ||      ||    ||  |     ||||||KP457204 (1)
               ||      ||    ||  |     ||||||CY104587 (1)
               ||      ||    ||  |     |||||||EU887034 (1)
               ||      ||    ||  |     ||||||| |GQ476151 (1)
               ||      ||    ||  |     ||||||||+Node276 (1)
               ||      ||    ||  |     |||||||||FJ549068 (1)
               ||      ||    ||  |     |||||||+Node275 (1)
               ||      ||    ||  |     ||||||||CY070136 (1)
               ||      ||    ||  |     |||||||CY070096 (1)
               ||      ||    ||  |     ||||||||KP457337 (1)
               ||      ||    ||  |     |||||||+Node282 (1)
               ||      ||    ||  |     ||||||||GQ476145 (1)
               ||      ||    ||  |     |||||||EU566970 (1)
               ||      ||    ||  |     ||||||+Node64 (1)
               ||      ||    ||  |     |||||||  |FJ966244 (2)
               ||      ||    ||  |     ||||||| |+Node265 (1)
               ||      ||    ||  |     ||||||| ||KP457432 (1)
               ||      ||    ||  |     ||||||||+Node264 (1)
               ||      ||    ||  |     |||||||||FJ743466 (1)
               ||      ||    ||  |     |||||||+Node263 (1)
               ||      ||    ||  |     |||||||||KP457304 (1)
               ||      ||    ||  |     ||||||||+Node269 (1)
               ||      ||    ||  |     ||||||| |KP457227 (1)
               ||      ||    ||  |     |||||||CY172999 (1)
               ||      ||    ||  |     ||||||| |KX431174 (2)
               ||      ||    ||  |     ||||||| |KX431178 (1)
               ||      ||    ||  |     ||||||||+Node248 (1)
               ||      ||    ||  |     |||||||||KX431171 (1)
               ||      ||    ||  |     ||||||||||KX431176 (2)
               ||      ||    ||  |     |||||||||+Node252 (1)
               ||      ||    ||  |     ||||||||||KX431170 (1)
               ||      ||    ||  |     ||||||||||KX431184 (1)
               ||      ||    ||  |     |||||||||+Node255 (1)
               ||      ||    ||  |     |||||||| |KX431183 (2)
               ||      ||    ||  |     |||||||||KJ909523 (1)
               ||      ||    ||  |     ||||||||||FJ743454 (1)
               ||      ||    ||  |     |||||||||| |CY053674 (1)
               ||      ||    ||  |     |||||||||||+Node196 (1)
               ||      ||    ||  |     ||||||||||||CY053658 (1)
               ||      ||    ||  |     ||||||||||||CY087278 (1)
               ||      ||    ||  |     ||||||||||+Node195 (1)
               ||      ||    ||  |     |||||||||||CY053654 (2)
               ||      ||    ||  |     |||||||||+Node184 (1)
               ||      ||    ||  |     |||||||||||KP456502 (1)
               ||      ||    ||  |     ||||||||||+Node187 (1)
               ||      ||    ||  |     |||||||||||KP458139 (1)
               ||      ||    ||  |     |||||||||||KP456613 (1)
               ||      ||    ||  |     ||||||||||KP458410 (1)
               ||      ||    ||  |     ||||||||||FJ532073 (1)
               ||      ||    ||  |     ||||||||+Node181 (1)
               ||      ||    ||  |     |||||||||KP458754 (1)
               ||      ||    ||  |     ||||||||||CY070088 (1)
               ||      ||    ||  |     |||||||||+Node205 (1)
               ||      ||    ||  |     ||||||||||KP457395 (1)
               ||      ||    ||  |     |||||||||KP458218 (1)
               ||      ||    ||  |     |||||||| |CY099322 (1)
               ||      ||    ||  |     |||||||| | |GQ475901 (1)
               ||      ||    ||  |     |||||||| ||+Node215 (1)
               ||      ||    ||  |     |||||||| |||HQ533865 (1)
               ||      ||    ||  |     |||||||| |+Node214 (1)
               ||      ||    ||  |     |||||||| ||GQ475879 (1)
               ||      ||    ||  |     |||||||||+Node212 (1)
               ||      ||    ||  |     ||||||||||FJ686999 (1)
               ||      ||    ||  |     ||||||||||GQ475933 (1)
               ||      ||    ||  |     ||||||||||KP458060 (1)
               ||      ||    ||  |     ||||||||+Node211 (1)
               ||      ||    ||  |     |||||||||CY119298 (1)
               ||      ||    ||  |     |||||||||KP457682 (1)
               ||      ||    ||  |     ||||||||+Node226 (1)
               ||      ||    ||  |     |||||||||CY099320 (1)
               ||      ||    ||  |     |||||||+Node178 (1)
               ||      ||    ||  |     |||||||| |FJ687006 (1)
               ||      ||    ||  |     |||||||| |GQ475956 (1)
               ||      ||    ||  |     |||||||||+Node232 (1)
               ||      ||    ||  |     ||||||||||CY074387 (1)
               ||      ||    ||  |     ||||||||||KC782273 (1)
               ||      ||    ||  |     ||||||||+Node231 (1)
               ||      ||    ||  |     |||||||||CY100796 (1)
               ||      ||    ||  |     ||||||||KP457517 (1)
               ||      ||    ||  |     |||||||| |CY074243 (1)
               ||      ||    ||  |     |||||||||+Node243 (1)
               ||      ||    ||  |     ||||||||||CY087143 (1)
               ||      ||    ||  |     ||||||||+Node242 (1)
               ||      ||    ||  |     |||||||||KP458198 (1)
               ||      ||    ||  |     ||||||||KP458906 (1)
               ||      ||    ||  |     |||||||AB501386 (1)
               ||      ||    ||  |     ||||||| |GQ475968 (1)
               ||      ||    ||  |     ||||||| ||KP637518 (1)
               ||      ||    ||  |     ||||||| |+Node170 (1)
               ||      ||    ||  |     ||||||| ||GU271950 (1)
               ||      ||    ||  |     ||||||| | |CY053664 (1)
               ||      ||    ||  |     ||||||| ||+Node143 (1)
               ||      ||    ||  |     ||||||| |||CY053670 (1)
               ||      ||    ||  |     ||||||| ||KC780089 (1)
               ||      ||    ||  |     ||||||| |||CY099323 (1)
               ||      ||    ||  |     ||||||| ||+Node135 (1)
               ||      ||    ||  |     ||||||| |||KC782266 (1)
               ||      ||    ||  |     ||||||| |+Node131 (1)
               ||      ||    ||  |     ||||||| ||GQ475780 (1)
               ||      ||    ||  |     ||||||| ||GU183815 (1)
               ||      ||    ||  |     ||||||| ||KP457738 (1)
               ||      ||    ||  |     ||||||||+Node127 (1)
               ||      ||    ||  |     ||||||||| |CY064807 (1)
               ||      ||    ||  |     ||||||||||+Node147 (1)
               ||      ||    ||  |     |||||||||||GQ475852 (1)
               ||      ||    ||  |     |||||||||||KP458535 (1)
               ||      ||    ||  |     |||||||||+Node146 (1)
               ||      ||    ||  |     ||||||||||KP637854 (1)
               ||      ||    ||  |     |||||||||   |GQ475939 (1)
               ||      ||    ||  |     |||||||||  |+Node158 (1)
               ||      ||    ||  |     |||||||||  ||GQ476148 (1)
               ||      ||    ||  |     ||||||||| |+Node157 (1)
               ||      ||    ||  |     ||||||||| ||GQ475919 (1)
               ||      ||    ||  |     ||||||||| |CY074139 (1)
               ||      ||    ||  |     ||||||||||+Node155 (1)
               ||      ||    ||  |     |||||||||||KP456913 (1)
               ||      ||    ||  |     |||||||||||KP459312 (1)
               ||      ||    ||  |     |||||||||+Node154 (1)
               ||      ||    ||  |     |||||||||||KP456537 (1)
               ||      ||    ||  |     ||||||||||+Node166 (1)
               ||      ||    ||  |     ||||||||| |KP458456 (1)
               ||      ||    ||  |     |||||||||KP459274 (1)
               ||      ||    ||  |     |||||||+Node69 (1)
               ||      ||    ||  |     ||||||||    |CY080721 (1)
               ||      ||    ||  |     ||||||||   |+Node114 (1)
               ||      ||    ||  |     ||||||||   ||CY080610 (1)
               ||      ||    ||  |     ||||||||  |+Node113 (1)
               ||      ||    ||  |     ||||||||  |||CY074131 (1)
               ||      ||    ||  |     ||||||||  ||+Node117 (1)
               ||      ||    ||  |     ||||||||  | |CY080897 (1)
               ||      ||    ||  |     |||||||| |+Node112 (1)
               ||      ||    ||  |     |||||||| ||FJ686977 (1)
               ||      ||    ||  |     |||||||||+Node111 (1)
               ||      ||    ||  |     ||||||||||GQ475707 (1)
               ||      ||    ||  |     ||||||||||GQ475904 (1)
               ||      ||    ||  |     |||||||||+Node107 (1)
               ||      ||    ||  |     ||||||||||FJ549040 (1)
               ||      ||    ||  |     |||||||||FJ687013 (1)
               ||      ||    ||  |     ||||||||+Node71 (1)
               ||      ||    ||  |     ||||||||||GQ475701 (1)
               ||      ||    ||  |     |||||||||+Node103 (1)
               ||      ||    ||  |     ||||||||||FJ687003 (1)
               ||      ||    ||  |     |||||||||  |CY100820 (1)
               ||      ||    ||  |     ||||||||| |+Node98 (1)
               ||      ||    ||  |     ||||||||| ||CY100836 (1)
               ||      ||    ||  |     ||||||||| |GQ476114 (1)
               ||      ||    ||  |     ||||||||| |GQ475899 (1)
               ||      ||    ||  |     ||||||||| |CY074339 (1)
               ||      ||    ||  |     ||||||||| |KF765558 (1)
               ||      ||    ||  |     ||||||||| |KP458628 (1)
               ||      ||    ||  |     ||||||||||+Node76 (1)
               ||      ||    ||  |     |||||||||||CY073837 (1)
               ||      ||    ||  |     |||||||||||CY147587 (1)
               ||      ||    ||  |     |||||||||||KC782260 (1)
               ||      ||    ||  |     |||||||||||GQ476076 (1)
               ||      ||    ||  |     |||||||||||GQ475724 (1)
               ||      ||    ||  |     |||||||||||GQ475990 (1)
               ||      ||    ||  |     |||||||||+Node75 (1)
               ||      ||    ||  |     ||||||||||CY100828 (1)
               ||      ||    ||  |     |||||||||GQ896366 (1)
               ||      ||    ||  |     |||||||||KP457835 (1)
               ||      ||    ||  |     ||||||||+Node122 (1)
               ||      ||    ||  |     ||||||| |EU779616 (1)
               ||      ||    ||  |     ||||||| |KM403100 (2)
               ||      ||    ||  |     ||||||||CY058495 (1)
               ||      ||    ||  |     |||||||+Node174 (1)
               ||      ||    ||  |     |||||| |EU567013 (1)
               ||      ||    ||  |     ||||||HQ291894 (1)
               ||      ||    ||  |     ||||||EU516089 (1)
               ||      ||    ||  |     |||||||CY073935 (1)
               ||      ||    ||  |     ||||||+Node348 (1)
               ||      ||    ||  |     |||||||CY073927 (1)
               ||      ||    ||  |     |||||| |CY040258 (1)
               ||      ||    ||  |     |||||||+Node341 (1)
               ||      ||    ||  |     ||||||||CY039447 (1)
               ||      ||    ||  |     ||||||||KP458231 (1)
               ||      ||    ||  |     ||||||+Node340 (1)
               ||      ||    ||  |     |||||||EU716526 (1)
               ||      ||    ||  |     |||||+Node336 (1)
               ||      ||    ||  |     |||| |CY073960 (1)
               ||      ||    ||  |     |||| ||EU779624 (1)
               ||      ||    ||  |     |||| |+Node352 (1)
               ||      ||    ||  |     |||| ||EU779625 (1)
               ||      ||    ||  |     |||| |EU516237 (1)
               ||      ||    ||  |     ||||  |KP458105 (2)
               ||      ||    ||  |     ||||  ||CY172935 (1)
               ||      ||    ||  |     ||||  |+Node388 (1)
               ||      ||    ||  |     ||||  ||KP456197 (1)
               ||      ||    ||  |     |||| |+Node379 (1)
               ||      ||    ||  |     |||| |||FJ532089 (1)
               ||      ||    ||  |     |||| ||+Node382 (1)
               ||      ||    ||  |     |||| |||KP458600 (1)
               ||      ||    ||  |     |||| ||KP457399 (1)
               ||      ||    ||  |     |||| ||KP456286 (1)
               ||      ||    ||  |     |||| |FJ264945 (1)
               ||      ||    ||  |     |||||+Node377 (1)
               ||      ||    ||  |     ||||||KP458914 (1)
               ||      ||    ||  |     ||||||KP456212 (1)
               ||      ||    ||  |     ||||+Node376 (1)
               ||      ||    ||  |     ||| ||EU516247 (1)
               ||      ||    ||  |     ||| |+Node396 (1)
               ||      ||    ||  |     |||  |KP637894 (1)
               ||      ||    ||  |     |||FJ183466 (1)
               ||      ||    ||  |     ||CY094797 (1)
               ||      ||    ||  |    |+Node46 (1)
               ||      ||    ||  |    ||CY119178 (1)
               ||      ||    ||  |   |+Node45 (1)
               ||      ||    ||  |   ||KP457309 (1)
               ||      ||    ||  |  |+Node44 (1)
               ||      ||    ||  |  || |HQ291874 (1)
               ||      ||    ||  |  |||+Node480 (1)
               ||      ||    ||  |  |||| |KP456634 (1)
               ||      ||    ||  |  |||||+Node483 (1)
               ||      ||    ||  |  |||||| |KP458765 (1)
               ||      ||    ||  |  |||||||+Node593 (1)
               ||      ||    ||  |  ||||||||KP457624 (1)
               ||      ||    ||  |  ||||||||KP458423 (1)
               ||      ||    ||  |  |||||||+Node588 (1)
               ||      ||    ||  |  ||||||||KP457477 (1)
               ||      ||    ||  |  ||||||||KP457157 (1)
               ||      ||    ||  |  ||||||+Node485 (1)
               ||      ||    ||  |  ||||||||KP459278 (1)
               ||      ||    ||  |  ||||||||KF533064 (1)
               ||      ||    ||  |  |||||||+Node488 (1)
               ||      ||    ||  |  ||||||||  |KP459323 (1)
               ||      ||    ||  |  |||||||| |+Node576 (1)
               ||      ||    ||  |  |||||||| ||KP456474 (1)
               ||      ||    ||  |  |||||||||+Node575 (1)
               ||      ||    ||  |  ||||||||||KP456617 (1)
               ||      ||    ||  |  ||||||||||KP456988 (1)
               ||      ||    ||  |  |||||||||+Node572 (1)
               ||      ||    ||  |  ||||||||||KP456289 (1)
               ||      ||    ||  |  ||||||||+Node491 (1)
               ||      ||    ||  |  |||||||||   |KP456256 (1)
               ||      ||    ||  |  |||||||||  |+Node546 (1)
               ||      ||    ||  |  |||||||||  |||CY104958 (1)
               ||      ||    ||  |  |||||||||  ||||CY104910 (1)
               ||      ||    ||  |  |||||||||  |||+Node550 (1)
               ||      ||    ||  |  |||||||||  ||||CY104886 (1)
               ||      ||    ||  |  |||||||||  ||+Node548 (1)
               ||      ||    ||  |  |||||||||  |||CY105142 (1)
               ||      ||    ||  |  |||||||||  |||CY104571 (1)
               ||      ||    ||  |  |||||||||  |||KP458266 (1)
               ||      ||    ||  |  |||||||||  ||+Node557 (1)
               ||      ||    ||  |  |||||||||  | |KP457570 (1)
               ||      ||    ||  |  ||||||||| |+Node545 (1)
               ||      ||    ||  |  ||||||||| ||EU779612 (1)
               ||      ||    ||  |  ||||||||||+Node544 (1)
               ||      ||    ||  |  ||||||||||||KP459256 (1)
               ||      ||    ||  |  |||||||||||+Node562 (1)
               ||      ||    ||  |  |||||||||| ||EU716570 (1)
               ||      ||    ||  |  |||||||||| |+Node564 (1)
               ||      ||    ||  |  |||||||||| ||EU516059 (1)
               ||      ||    ||  |  |||||||||| ||EU516094 (1)
               ||      ||    ||  |  |||||||||| |+Node567 (1)
               ||      ||    ||  |  ||||||||||  |EU516057 (1)
               ||      ||    ||  |  |||||||||+Node543 (1)
               ||      ||    ||  |  ||||||||||KP456460 (1)
               ||      ||    ||  |  |||||||||  |KP458692 (1)
               ||      ||    ||  |  ||||||||| |+Node497 (1)
               ||      ||    ||  |  ||||||||| |||KP458865 (1)
               ||      ||    ||  |  ||||||||| ||||KP457006 (1)
               ||      ||    ||  |  ||||||||| |||+Node514 (1)
               ||      ||    ||  |  ||||||||| |||||KP457308 (1)
               ||      ||    ||  |  ||||||||| ||||+Node516 (1)
               ||      ||    ||  |  ||||||||| |||||CY054553 (1)
               ||      ||    ||  |  ||||||||| ||||KP456801 (1)
               ||      ||    ||  |  ||||||||| ||| |KP456964 (1)
               ||      ||    ||  |  ||||||||| ||||+Node504 (1)
               ||      ||    ||  |  ||||||||| |||||KP456492 (1)
               ||      ||    ||  |  ||||||||| |||+Node503 (1)
               ||      ||    ||  |  ||||||||| ||||KP458608 (1)
               ||      ||    ||  |  ||||||||| ||+Node499 (1)
               ||      ||    ||  |  ||||||||| ||||FJ549060 (1)
               ||      ||    ||  |  ||||||||| |||+Node508 (1)
               ||      ||    ||  |  ||||||||| ||||KP457549 (1)
               ||      ||    ||  |  ||||||||| |||KP459239 (1)
               ||      ||    ||  |  ||||||||| |||KP458285 (1)
               ||      ||    ||  |  ||||||||| ||EU567019 (1)
               ||      ||    ||  |  ||||||||| ||KP458524 (1)
               ||      ||    ||  |  ||||||||| |+Node526 (1)
               ||      ||    ||  |  ||||||||| ||KP459297 (2)
               ||      ||    ||  |  ||||||||| ||KP456799 (1)
               ||      ||    ||  |  ||||||||| |CY118083 (1)
               ||      ||    ||  |  ||||||||||+Node496 (1)
               ||      ||    ||  |  ||||||||||||KF533063 (1)
               ||      ||    ||  |  |||||||||||+Node533 (1)
               ||      ||    ||  |  ||||||||||||KP456208 (1)
               ||      ||    ||  |  |||||||||||EU199355 (1)
               ||      ||    ||  |  |||||||||||KP458339 (1)
               ||      ||    ||  |  |||||||||+Node495 (1)
               ||      ||    ||  |  |||||||||||KP456594 (1)
               ||      ||    ||  |  ||||||||||+Node539 (1)
               ||      ||    ||  |  ||||||||| |CY053668 (1)
               ||      ||    ||  |  |||||||||KP456549 (1)
               ||      ||    ||  |  |||||||||KP458658 (1)
               ||      ||    ||  |  ||||||||+Node580 (1)
               ||      ||    ||  |  ||||||| |KP457646 (1)
               ||      ||    ||  |  ||||||||KP458730 (1)
               ||      ||    ||  |  |||||||+Node585 (1)
               ||      ||    ||  |  |||||| |KP456637 (1)
               ||      ||    ||  |  |||||||EU382982 (1)
               ||      ||    ||  |  ||||||+Node596 (1)
               ||      ||    ||  |  ||||| |HQ291870 (1)
               ||      ||    ||  |  ||||+Node482 (1)
               ||      ||    ||  |  ||||||KP457512 (1)
               ||      ||    ||  |  |||||+Node600 (1)
               ||      ||    ||  |  |||| |KP457622 (2)
               ||      ||    ||  |  |||||EU382986 (1)
               ||      ||    ||  |  ||||+Node603 (1)
               ||      ||    ||  |  ||| |EU382987 (1)
               ||      ||    ||  |  ||+Node479 (1)
               ||      ||    ||  |  |||KP458029 (1)
               ||      ||    ||  |  ||CY125204 (1)
               ||      ||    ||  | |+Node43 (1)
               ||      ||    ||  | |||CY119162 (1)
               ||      ||    ||  | ||+Node609 (1)
               ||      ||    ||  | | ||FJ231784 (1)
               ||      ||    ||  | | |+Node611 (1)
               ||      ||    ||  | | || |CY104838 (1)
               ||      ||    ||  | | || ||HQ291877 (1)
               ||      ||    ||  | | || |+Node621 (1)
               ||      ||    ||  | | || ||CY104284 (1)
               ||      ||    ||  | | |||+Node614 (1)
               ||      ||    ||  | | |||||KP457692 (1)
               ||      ||    ||  | | ||||+Node617 (1)
               ||      ||    ||  | | |||||KP458818 (1)
               ||      ||    ||  | | ||||CY100980 (1)
               ||      ||    ||  | | ||+Node613 (1)
               ||      ||    ||  | | ||||HQ291880 (1)
               ||      ||    ||  | | |||+Node625 (1)
               ||      ||    ||  | | || |HQ291878 (1)
               ||      ||    ||  | | |||KP456422 (1)
               ||      ||    ||  | | ||+Node628 (1)
               ||      ||    ||  | | | |HQ291876 (1)
               ||      ||    ||  | | |CY119170 (1)
               ||      ||    ||  ||+Node42 (1)
               ||      ||    ||  |||CY117840 (1)
               ||      ||    ||  |+Node41 (1)
               ||      ||    ||  ||CY125148 (1)
               ||      ||    || |+Node38 (1)
               ||      ||    || || |CY104068 (1)
               ||      ||    || |||+Node637 (1)
               ||      ||    || ||||CY104694 (1)
               ||      ||    || ||+Node636 (1)
               ||      ||    || |||CY103996 (1)
               ||      ||    || ||CY006195 (1)
               ||      ||    || ||CY103988 (1)
               ||      ||    |||+Node37 (1)
               ||      ||    ||||DQ397950 (1)
               ||      ||    ||+Node36 (1)
               ||      ||    |||CY125663 (1)
               ||      ||    ||  |CY002152 (1)
               ||      ||    ||  ||FJ231789 (1)
               ||      ||    ||  |+Node737 (1)
               ||      ||    ||  ||FJ231791 (1)
               ||      ||    || |+Node735 (1)
               ||      ||    || ||CY016326 (1)
               ||      ||    || ||CY002664 (1)
               ||      ||    |||+Node734 (1)
               ||      ||    ||||EU097959 (1)
               ||      ||    ||+Node733 (1)
               ||      ||    | ||CY125172 (1)
               ||      ||    | |+Node745 (1)
               ||      ||    |  |CY122316 (1)
               ||      ||   |+Node33 (1)
               ||      ||   |||KP456555 (1)
               ||      ||   ||+Node751 (1)
               ||      ||   | |KP459151 (1)
               ||      ||  |+Node32 (1)
               ||      ||  ||CY147318 (1)
               ||      || |+Node31 (1)
               ||      || ||  |KP456770 (1)
               ||      || || |+Node757 (1)
               ||      || || |||CY010412 (1)
               ||      || || ||+Node759 (1)
               ||      || || ||||JX477158 (1)
               ||      || || |||+Node761 (1)
               ||      || || ||||DQ249260 (1)
               ||      || || |||KP456418 (1)
               ||      || || ||KP458850 (1)
               ||      || |||+Node756 (1)
               ||      || ||||KP458690 (2)
               ||      || ||+Node755 (1)
               ||      || | |KP458210 (1)
               ||      |||+Node30 (1)
               ||      ||||AF386781 (1)
               ||      ||+Node29 (1)
               ||      |||AF386775 (1)
               ||      ||CY125012 (1)
               ||     |+Node25 (1)
               ||     ||CY119074 (1)
               ||    |+Node24 (1)
               ||    ||CY125068 (1)
               ||   |+Node23 (1)
               ||   ||CY013845 (1)
               ||  |+Node22 (1)
               ||  ||CY033614 (1)
               || |+Node21 (1)
               || ||         |CY019125 (1)
               || ||         |CY010740 (1)
               || ||        |+Node789 (1)
               || ||        ||AY282757 (1)
               || ||        ||CY019867 (1)
               || ||       |+Node788 (1)
               || ||       ||CY021005 (1)
               || ||       ||CY010484 (1)
               || ||      |+Node787 (1)
               || ||      ||CY036839 (1)
               || ||     |+Node786 (1)
               || ||     ||CY117691 (1)
               || ||     ||CY012856 (1)
               || ||     |+Node801 (1)
               || ||     ||CY015532 (1)
               || ||    |+Node784 (1)
               || ||    |||CY011800 (1)
               || ||    ||+Node805 (1)
               || ||    |||CY125060 (1)
               || ||    ||CY125052 (1)
               || ||   |+Node783 (1)
               || ||   ||DQ415316 (2)
               || ||  |+Node782 (1)
               || ||  ||  |CY125662 (1)
               || ||  || |+Node812 (1)
               || ||  || ||CY017155 (1)
               || ||  |||+Node811 (1)
               || ||  ||||AF386774 (1)
               || ||  ||+Node810 (1)
               || ||  | |CY010508 (1)
               || || |+Node781 (1)
               || || ||CY125036 (1)
               || |||+Node780 (1)
               || |||||CY013303 (1)
               || ||||+Node818 (1)
               || ||| |CY125044 (1)
               || ||+Node779 (1)
               || | ||CY147382 (1)
               || | |+Node821 (1)
               || |  |AY289927 (1)
               |||+Node20 (1)
               ||||CY036823 (1)
               ||+Node19 (1)
               |||D13574 (1)
               ||JX477163 (1)
              |+Node16 (1)
              ||CY020477 (1)
             |+Node15 (1)
             |||CY019779 (1)
             ||+Node829 (1)
             | |CY019101 (1)
            |+Node14 (1)
            ||CY020453 (1)
           |+Node13 (1)
           ||  |CY021037 (1)
           || |+Node835 (1)
           || ||AJ289702 (1)
           |||+Node834 (1)
           ||||CY021725 (1)
           ||+Node833 (1)
           | |CY017877 (1)
          |+Node12 (1)
          |||CY021029 (1)
          ||+Node840 (1)
          | |CY010364 (1)
         |+Node11 (1)
         || |CY028724 (1)
         |||+Node844 (1)
         ||||CY021909 (1)
         ||+Node843 (1)
         | |CY026411 (1)
        |+Node10 (1)
        ||CY020173 (1)
       |+Node9 (1)
       ||CY009292 (1)
      |+Node8 (1)
      |||M38312 (1)
      ||+Node850 (1)
      | |K01330 (2)
      | |DQ508897 (1)
     |+Node7 (1)
     ||CY147374 (1)
    |+Node6 (2)
    ||CY019947 (1)
   |+Node5 (1)
   ||    |CY077748 (1)
   ||   |+Node861 (1)
   ||   ||  |CY146793 (1)
   ||   || |+Node865 (1)
   ||   || ||CY125862 (1)
   ||   |||+Node864 (1)
   ||   ||||JN540082 (1)
   ||   ||+Node863 (1)
   ||   |||CY147334 (2)
   ||   ||CY077725 (1)
   ||  |+Node860 (1)
   ||  ||CY077768 (1)
   || |+Node859 (1)
   || |||CY022021 (1)
   || ||+Node873 (1)
   || | |CY146785 (1)
   |||+Node858 (1)
   |||||CY009612 (1)
   ||||+Node876 (1)
   ||| |U02085 (1)
   ||+Node857 (1)
   | ||CY013271 (1)
   | |+Node879 (1)
   |  |CY009596 (1)
  |+Node4 (1)
  || |CY147366 (1)
  |||+Node883 (1)
  ||||CY021709 (1)
  ||+Node882 (1)
  | |CY020285 (1)
 |+Node3 (1)
 ||CY009276 (1)
|+Node2 (1)
||       |Z54287 (1)
||      |+Node895 (1)
||      || |CY147518 (1)
||      |||+Node898 (1)
||      ||||CY147534 (1)
||      ||+Node897 (1)
||      |||CY146857 (1)
||      ||CY148243 (1)
||     |+Node894 (1)
||     ||CY033577 (1)
||    |+Node893 (1)
||    ||LC120391 (1)
||   |+Node892 (1)
||   ||CY146833 (1)
||  |+Node891 (1)
||  ||V01088 (1)
|| |+Node890 (1)
|| ||CY020445 (1)
|||+Node889 (1)
||||CY020469 (1)
||+Node888 (1)
| ||CY045772 (1)
| |+Node910 (1)
|  |CY009324 (1)
|     |AF408859 (1)
|    |+Node918 (1)
|    ||U08903 (1)
|   |+Node917 (1)
|   ||U08904 (1)
|  |+Node916 (1)
|  ||CY009604 (1)
| |+Node915 (1)
| ||CY045756 (1)
||+Node914 (1)
||| |CY010788 (1)
||||+Node925 (1)
|||||CY034132 (1)
|||+Node924 (1)
|| |DQ508905 (1)
|+Node913 (2)
||CY147326 (1)
|AF117241 (2)
```


### Improving parameter estimates of the adaptive rate class model
* Log(L) = -24734.17, AIC-c = 52606.19 (1560 estimated parameters)

### Testing selected branches for selection

|              Branch               |  Rates   |     Max. dN/dS     | Sites @ EBF>=100 |      Test LRT      |Uncorrected p-value |
|-----------------------------------|----------|--------------------|------------------|--------------------|--------------------|
|             AF117241              |     2    |    1.02 (29.10%)   |         39       |       -0.03        |       0.50000      |
|               Node3               |     1    |   0.26 (100.00%)   |       N/A        |        0.00        |       1.00000      |
|               Node5               |     1    |   0.33 (100.00%)   |       N/A        |        0.00        |       1.00000      |
|              Node15               |     1    |   0.27 (100.00%)   |       N/A        |        0.00        |       1.00000      |
|               Node6               |     2    |    5.36 ( 3.74%)   |          7       |        1.59        |       0.17662      |
|              Node924              |     1    |   1.37 (100.00%)   |       N/A        |        0.44        |       0.34115      |
|              Node913              |     2    |   25.32 ( 2.44%)   |          9       |        8.31        |       0.00549      |
|              Node22               |     1    |   0.10 (100.00%)   |       N/A        |        0.00        |       1.00000      |
|              Node812              |     1    |   0.26 (100.00%)   |       N/A        |        0.00        |       1.00000      |
|             CY146785              |     1    |   0.34 (100.00%)   |       N/A        |        0.00        |       1.00000      |
|             KX431183              |     2    |  335.35 ( 2.15%)   |         11       |       34.55        |       0.00000      |
|              Node873              |     1    |   0.10 (100.00%)   |       N/A        |        0.00        |       1.00000      |
|              Node891              |     1    |   0.96 (100.00%)   |       N/A        |        0.00        |       1.00000      |
|              Node910              |     1    |   0.29 (100.00%)   |       N/A        |        0.00        |       1.00000      |
|             FJ743466              |     1    |   0.14 (100.00%)   |       N/A        |        0.00        |       1.00000      |
|             CY053670              |     1    |   0.88 (100.00%)   |       N/A        |        0.00        |       1.00000      |
|             CY010364              |     1    |   0.08 (100.00%)   |       N/A        |        0.00        |       1.00000      |
|              Node860              |     1    |   0.24 (100.00%)   |       N/A        |        0.00        |       1.00000      |
|             CY009276              |     1    |   0.16 (100.00%)   |       N/A        |        0.00        |       1.00000      |
|             CY009596              |     1    |   0.74 (100.00%)   |       N/A        |        0.00        |       1.00000      |
|              Node865              |     1    |   0.19 (100.00%)   |       N/A        |        0.00        |       1.00000      |
|             KP456613              |     1    |   0.06 (100.00%)   |       N/A        |        0.00        |       1.00000      |
|             KP459256              |     1    |   0.15 (100.00%)   |       N/A        |        0.00        |       1.00000      |
|             KX431176              |     2    |   >1000 ( 1.22%)   |          5       |       24.53        |       0.00000      |
|             CY077768              |     1    |   0.30 (100.00%)   |       N/A        |        0.00        |       1.00000      |
|              Node41               |     1    |   0.07 (100.00%)   |       N/A        |        0.00        |       1.00000      |
|              Node883              |     1    |   0.06 (100.00%)   |       N/A        |        0.00        |       1.00000      |
|              Node539              |     1    |   0.12 (100.00%)   |       N/A        |        0.00        |       1.00000      |
|             KP457309              |     1    |   0.18 (100.00%)   |       N/A        |        0.00        |       1.00000      |
|             EU097959              |     1    |   0.18 (100.00%)   |       N/A        |        0.00        |       1.00000      |
|             DQ249260              |     1    |   0.47 (100.00%)   |       N/A        |        0.00        |       1.00000      |
|             KP459214              |     1    |   0.12 (100.00%)   |       N/A        |        0.00        |       1.00000      |
|             AJ289702              |     1    |   0.25 (100.00%)   |       N/A        |        0.00        |       1.00000      |
|             JX477163              |     1    |   0.25 (100.00%)   |       N/A        |        0.00        |       1.00000      |
|             CY147366              |     1    |   0.71 (100.00%)   |       N/A        |        0.00        |       1.00000      |
|              Node879              |     1    |   0.60 (100.00%)   |       N/A        |        0.00        |       1.00000      |
|              Node861              |     1    |   0.84 (100.00%)   |       N/A        |        0.00        |       1.00000      |
|             CY045772              |     1    |   0.78 (100.00%)   |       N/A        |        0.00        |       1.00000      |
|             CY104822              |     1    |   0.08 (100.00%)   |       N/A        |        0.00        |       1.00000      |
|             CY033614              |     1    |   0.21 (100.00%)   |       N/A        |        0.00        |       1.00000      |
|              Node811              |     1    |   0.14 (100.00%)   |       N/A        |        0.00        |       1.00000      |
|             CY020469              |     1    |   0.47 (100.00%)   |       N/A        |        0.00        |       1.00000      |
|             DQ415316              |     2    |  222.61 ( 0.80%)   |          4       |        9.99        |       0.00235      |
|             DQ415317              |     1    |   0.71 (100.00%)   |       N/A        |        0.00        |       1.00000      |
|              Node733              |     1    |   0.23 (100.00%)   |       N/A        |        0.00        |       1.00000      |
|             KJ909523              |     1    |   0.34 (100.00%)   |       N/A        |        0.00        |       1.00000      |
|             CY100796              |     1    |   0.34 (100.00%)   |       N/A        |        0.00        |       1.00000      |
|             CY013303              |     1    |   0.23 (100.00%)   |       N/A        |        0.00        |       1.00000      |
|             CY105158              |     1    |   0.23 (100.00%)   |       N/A        |        0.00        |       1.00000      |
|             CY020445              |     1    |   0.70 (100.00%)   |       N/A        |        0.00        |       1.00000      |
|              Node857              |     1    |   0.17 (100.00%)   |       N/A        |        0.00        |       1.00000      |
|              Node480              |     1    |   0.10 (100.00%)   |       N/A        |        0.00        |       1.00000      |
|             DQ397950              |     1    |   0.62 (100.00%)   |       N/A        |        0.00        |       1.00000      |
|             CY122316              |     1    |   0.27 (100.00%)   |       N/A        |        0.00        |       1.00000      |
|              U08904               |     1    |   1.65 (100.00%)   |       N/A        |        0.41        |       0.34823      |
|             AB501386              |     1    |   0.10 (100.00%)   |       N/A        |        0.00        |       1.00000      |
|             CY070096              |     1    |   0.10 (100.00%)   |       N/A        |        0.00        |       1.00000      |
|             JN540082              |     1    |   0.07 (100.00%)   |       N/A        |        0.00        |       1.00000      |
|              Node782              |     1    |   0.18 (100.00%)   |       N/A        |        0.00        |       1.00000      |
|             CY020285              |     1    |   0.20 (100.00%)   |       N/A        |        0.00        |       1.00000      |
|             CY146793              |     1    |   0.13 (100.00%)   |       N/A        |        0.00        |       1.00000      |
|             CY053664              |     1    |   3.33 (100.00%)   |       N/A        |        1.67        |       0.16976      |
|              Node781              |     1    |   0.11 (100.00%)   |       N/A        |        0.00        |       1.00000      |
|             KP457692              |     1    |   0.32 (100.00%)   |       N/A        |        0.00        |       1.00000      |
|             CY117840              |     1    |   0.05 (100.00%)   |       N/A        |        0.00        |       1.00000      |
|              Node833              |     1    |   0.32 (100.00%)   |       N/A        |        0.00        |       1.00000      |
|             CY045852              |     1    |   0.20 (100.00%)   |       N/A        |        0.00        |       1.00000      |
|             KP459312              |     1    |   0.81 (100.00%)   |       N/A        |        0.00        |       1.00000      |
|             EU382987              |     1    |   0.32 (100.00%)   |       N/A        |        0.00        |       1.00000      |
|             KP458524              |     1    |   0.32 (100.00%)   |       N/A        |        0.00        |       1.00000      |
|             AF386778              |     1    |   0.20 (100.00%)   |       N/A        |        0.00        |       1.00000      |
|             JX477158              |     1    |   0.05 (100.00%)   |       N/A        |        0.00        |       1.00000      |
|             KX431174              |     2    |   >1000 ( 0.57%)   |          3       |       20.95        |       0.00001      |
|             KP456212              |     1    |   0.51 (100.00%)   |       N/A        |        0.00        |       1.00000      |
|             CY125068              |     1    |   0.12 (100.00%)   |       N/A        |        0.00        |       1.00000      |
|              Node49               |     1    |   0.20 (100.00%)   |       N/A        |        0.00        |       1.00000      |
|             HQ533865              |     1    |   0.20 (100.00%)   |       N/A        |        0.00        |       1.00000      |
|             CY077725              |     1    |   0.20 (100.00%)   |       N/A        |        0.00        |       1.00000      |
|             CY025261              |     1    |   0.20 (100.00%)   |       N/A        |        0.00        |       1.00000      |
|              Node890              |     1    |   0.89 (100.00%)   |       N/A        |        0.00        |       1.00000      |
|              Node783              |     1    |   0.05 (100.00%)   |       N/A        |        0.00        |       1.00000      |
|             CY010508              |     1    |   0.12 (100.00%)   |       N/A        |        0.00        |       1.00000      |
|               Node2               |     1    |  >1000 (100.00%)   |       N/A        |        2.23        |       0.12534      |
|             CY070136              |     1    |   0.08 (100.00%)   |       N/A        |        0.00        |       1.00000      |
|             CY021029              |     1    |   0.06 (100.00%)   |       N/A        |        0.00        |       1.00000      |
|               Node7               |     1    |   0.24 (100.00%)   |       N/A        |        0.00        |       1.00000      |
|             CY147374              |     1    |   0.13 (100.00%)   |       N/A        |        0.00        |       1.00000      |
|             KP456422              |     1    |   0.13 (100.00%)   |       N/A        |        0.00        |       1.00000      |
|             KX431170              |     1    |   0.68 (100.00%)   |       N/A        |        0.00        |       1.00000      |
|              K01330               |     2    |  329.79 ( 0.85%)   |          4       |       17.87        |       0.00004      |
|             AB501387              |     1    |   0.13 (100.00%)   |       N/A        |        0.00        |       1.00000      |
|             CY053654              |     2    |  820.89 ( 0.30%)   |          1       |       15.80        |       0.00013      |
|             CY073960              |     1    |   1.22 (100.00%)   |       N/A        |        0.03        |       0.46788      |
|             GQ476145              |     1    |   0.24 (100.00%)   |       N/A        |        0.00        |       1.00000      |
|             GQ896366              |     1    |   0.24 (100.00%)   |       N/A        |        0.00        |       1.00000      |
|             KM403100              |     2    |   >1000 ( 0.37%)   |          2       |        8.16        |       0.00594      |
|             CY094797              |     1    |   0.24 (100.00%)   |       N/A        |        0.00        |       1.00000      |
|             KX431171              |     1    |   0.68 (100.00%)   |       N/A        |        0.00        |       1.00000      |
|             CY125060              |     1    |   0.24 (100.00%)   |       N/A        |        0.00        |       1.00000      |
|             FJ183466              |     1    |   0.13 (100.00%)   |       N/A        |        0.00        |       1.00000      |
|             KP456286              |     1    |   0.41 (100.00%)   |       N/A        |        0.00        |       1.00000      |
|             AY282757              |     1    |   0.24 (100.00%)   |       N/A        |        0.00        |       1.00000      |
|             CY073953              |     1    |   0.41 (100.00%)   |       N/A        |        0.00        |       1.00000      |
|             CY125663              |     1    |   0.41 (100.00%)   |       N/A        |        0.00        |       1.00000      |
|             CY031140              |     1    |   0.41 (100.00%)   |       N/A        |        0.00        |       1.00000      |
|             CY006195              |     1    |   0.25 (100.00%)   |       N/A        |        0.00        |       1.00000      |
|              Node21               |     1    |   0.27 (100.00%)   |       N/A        |        0.00        |       1.00000      |
|             AF386775              |     1    |   0.49 (100.00%)   |       N/A        |        0.00        |       1.00000      |
|             CY125044              |     1    |   0.07 (100.00%)   |       N/A        |        0.00        |       1.00000      |
|             FJ966244              |     2    |   >1000 ( 0.25%)   |          1       |        7.37        |       0.00886      |
|              Node918              |     1    |  >1000 (100.00%)   |       N/A        |        4.83        |       0.03235      |
|              Node545              |     1    |   0.07 (100.00%)   |       N/A        |        0.00        |       1.00000      |
|             KP458029              |     1    |   0.30 (100.00%)   |       N/A        |        0.00        |       1.00000      |
|             CY053658              |     1    |  >1000 (100.00%)   |       N/A        |       24.36        |       0.00000      |
|              Node898              |     1    |  >1000 (100.00%)   |       N/A        |       27.10        |       0.00000      |
|             KP459297              |     2    |   83.11 ( 0.90%)   |          3       |        6.44        |       0.01419      |
|             KP456492              |     1    |   0.07 (100.00%)   |       N/A        |        0.00        |       1.00000      |
|             KP458266              |     1    |   0.16 (100.00%)   |       N/A        |        0.00        |       1.00000      |
|             KP458918              |     1    |   0.16 (100.00%)   |       N/A        |        0.00        |       1.00000      |
|              Node735              |     1    |   0.16 (100.00%)   |       N/A        |        0.00        |       1.00000      |
|              U02085               |     1    |   2.46 (100.00%)   |       N/A        |        0.82        |       0.27288      |
|             EU567019              |     1    |   0.16 (100.00%)   |       N/A        |        0.00        |       1.00000      |
|              Node12               |     1    |   0.30 (100.00%)   |       N/A        |        0.00        |       1.00000      |
|              Node699              |     1    |   0.07 (100.00%)   |       N/A        |        0.00        |       1.00000      |
|             CY100836              |     1    |   0.54 (100.00%)   |       N/A        |        0.00        |       1.00000      |
|              Node482              |     1    |   0.30 (100.00%)   |       N/A        |        0.00        |       1.00000      |
|             KP458339              |     1    |   0.30 (100.00%)   |       N/A        |        0.00        |       1.00000      |
|             CY010140              |     1    |   2.47 (100.00%)   |       N/A        |        0.83        |       0.27052      |
|             CY013845              |     1    |   0.31 (100.00%)   |       N/A        |        0.00        |       1.00000      |
|             GQ476128              |     1    |   0.54 (100.00%)   |       N/A        |        0.00        |       1.00000      |
|             CY021725              |     1    |   0.16 (100.00%)   |       N/A        |        0.00        |       1.00000      |
|             CY039447              |     1    |   0.16 (100.00%)   |       N/A        |        0.00        |       1.00000      |
|             HM144120              |     1    |   0.54 (100.00%)   |       N/A        |        0.00        |       1.00000      |
|             KP457641              |     1    |   0.07 (100.00%)   |       N/A        |        0.00        |       1.00000      |
|             KP458850              |     1    |   0.07 (100.00%)   |       N/A        |        0.00        |       1.00000      |
|             CY019779              |     1    |   0.16 (100.00%)   |       N/A        |        0.00        |       1.00000      |
|             CY119298              |     1    |   0.30 (100.00%)   |       N/A        |        0.00        |       1.00000      |
|              Node876              |     1    |   0.19 (100.00%)   |       N/A        |        0.00        |       1.00000      |
|             CY012856              |     1    |   0.16 (100.00%)   |       N/A        |        0.00        |       1.00000      |
|             CY026683              |     1    |   0.16 (100.00%)   |       N/A        |        0.00        |       1.00000      |
|             CY025587              |     1    |   0.31 (100.00%)   |       N/A        |        0.00        |       1.00000      |
|             KP458803              |     1    |   0.07 (100.00%)   |       N/A        |        0.00        |       1.00000      |
|             FJ231778              |     1    |   0.16 (100.00%)   |       N/A        |        0.00        |       1.00000      |
|              Node889              |     1    |   0.08 (100.00%)   |       N/A        |        0.00        |       1.00000      |
|              Node275              |     1    |   0.27 (100.00%)   |       N/A        |        0.00        |       1.00000      |
|              Node858              |     1    |   0.21 (100.00%)   |       N/A        |        0.00        |       1.00000      |
|             CY147334              |     2    |  187.26 ( 1.63%)   |          4       |        7.52        |       0.00819      |
|             CY021709              |     1    |   0.35 (100.00%)   |       N/A        |        0.00        |       1.00000      |
|              Node818              |     1    |   0.20 (100.00%)   |       N/A        |        0.00        |       1.00000      |
|             KP456594              |     1    |   0.20 (100.00%)   |       N/A        |        0.00        |       1.00000      |
|              Node834              |     1    |   0.20 (100.00%)   |       N/A        |        0.00        |       1.00000      |
|             HM144114              |     1    |  >1000 (100.00%)   |       N/A        |        2.75        |       0.09543      |
|              Node644              |     1    |   0.00 (100.00%)   |       N/A        |        0.00        |       1.00000      |
|              D13574               |     1    |   2.06 (100.00%)   |       N/A        |        0.47        |       0.33505      |
|             KP456964              |     1    |   0.20 (100.00%)   |       N/A        |        0.00        |       1.00000      |
|              Node19               |     1    |   0.82 (100.00%)   |       N/A        |        0.00        |       1.00000      |
|              Node649              |     1    |   0.00 (100.00%)   |       N/A        |        0.00        |       1.00000      |
|              Node600              |     1    |   0.41 (100.00%)   |       N/A        |        0.00        |       1.00000      |
|             CY125148              |     1    |   0.40 (100.00%)   |       N/A        |        0.00        |       1.00000      |
|             EU716570              |     1    |   0.20 (100.00%)   |       N/A        |        0.00        |       1.00000      |
|             GQ475968              |     1    |   0.40 (100.00%)   |       N/A        |        0.00        |       1.00000      |
|              Node458              |     1    |   0.40 (100.00%)   |       N/A        |        0.00        |       1.00000      |
|             CY070152              |     1    |   0.20 (100.00%)   |       N/A        |        0.00        |       1.00000      |
|             KP457006              |     1    |   0.40 (100.00%)   |       N/A        |        0.00        |       1.00000      |
|             KP458865              |     1    |   0.40 (100.00%)   |       N/A        |        0.00        |       1.00000      |
|             HQ291874              |     1    |   0.40 (100.00%)   |       N/A        |        0.00        |       1.00000      |
|              Node755              |     1    |   0.00 (100.00%)   |       N/A        |        0.00        |       1.00000      |
|             CY125662              |     1    |   0.41 (100.00%)   |       N/A        |        0.00        |       1.00000      |
|             CY104571              |     1    |   0.08 (100.00%)   |       N/A        |        0.00        |       1.00000      |
|             KP458553              |     1    |   0.81 (100.00%)   |       N/A        |        0.00        |       1.00000      |
|             KP637894              |     1    |   0.40 (100.00%)   |       N/A        |        0.00        |       1.00000      |
|             KP456770              |     1    |   0.41 (100.00%)   |       N/A        |        0.00        |       1.00000      |
|              Node324              |     1    |   0.08 (100.00%)   |       N/A        |        0.00        |       1.00000      |
|             KP458210              |     1    |   0.41 (100.00%)   |       N/A        |        0.00        |       1.00000      |
|             CY074139              |     1    |   0.41 (100.00%)   |       N/A        |        0.00        |       1.00000      |
|             CY019867              |     1    |   0.82 (100.00%)   |       N/A        |        0.00        |       1.00000      |
|             KP637614              |     1    |   0.20 (100.00%)   |       N/A        |        0.00        |       1.00000      |
|             KP456555              |     1    |   0.41 (100.00%)   |       N/A        |        0.00        |       1.00000      |
|             CY104694              |     1    |   0.08 (100.00%)   |       N/A        |        0.00        |       1.00000      |
|             CY105046              |     1    |   0.20 (100.00%)   |       N/A        |        0.00        |       1.00000      |
|              Node859              |     1    |  >1000 (100.00%)   |       N/A        |        3.58        |       0.06174      |
|             KP457517              |     1    |   0.20 (100.00%)   |       N/A        |        0.00        |       1.00000      |
|             CY100828              |     1    |   0.20 (100.00%)   |       N/A        |        0.00        |       1.00000      |
|             LC120391              |     1    |   0.82 (100.00%)   |       N/A        |        0.00        |       1.00000      |
|               Node8               |     1    |   0.08 (100.00%)   |       N/A        |        0.00        |       1.00000      |
|             CY125862              |     1    |   2.55 (100.00%)   |       N/A        |        0.62        |       0.30608      |
|             KX431184              |     1    |   1.61 (100.00%)   |       N/A        |        0.17        |       0.41221      |
|             HM144111              |     2    |   >1000 ( 0.82%)   |          4       |       15.19        |       0.00017      |
|             KP456460              |     1    |   0.60 (100.00%)   |       N/A        |        0.00        |       1.00000      |
|             KP456617              |     1    |   0.27 (100.00%)   |       N/A        |        0.00        |       1.00000      |
|             CY053674              |     1    |  >1000 (100.00%)   |       N/A        |       15.59        |       0.00014      |
|             KX431172              |     2    |   >1000 ( 0.34%)   |          2       |       11.41        |       0.00114      |
|             CY016326              |     1    |   1.65 (100.00%)   |       N/A        |        0.19        |       0.40587      |
|             CY147534              |     1    |  >1000 (100.00%)   |       N/A        |       25.73        |       0.00000      |
|              Node516              |     1    |   0.27 (100.00%)   |       N/A        |        0.00        |       1.00000      |
|             KP457308              |     1    |   1.62 (100.00%)   |       N/A        |        0.17        |       0.41139      |
|             GQ475780              |     1    |   0.10 (100.00%)   |       N/A        |        0.00        |       1.00000      |
|             KP458690              |     2    |   >1000 ( 0.26%)   |          2       |       12.61        |       0.00063      |
|             FJ532095              |     1    |   0.27 (100.00%)   |       N/A        |        0.00        |       1.00000      |
|             HQ291870              |     1    |   0.61 (100.00%)   |       N/A        |        0.00        |       1.00000      |
|             CY104838              |     1    |   0.60 (100.00%)   |       N/A        |        0.00        |       1.00000      |
|             CY119170              |     1    |   0.60 (100.00%)   |       N/A        |        0.00        |       1.00000      |
|             KP458658              |     1    |   1.61 (100.00%)   |       N/A        |        0.17        |       0.41288      |
|             KP458818              |     1    |   0.61 (100.00%)   |       N/A        |        0.00        |       1.00000      |
|             KF533064              |     1    |   0.27 (100.00%)   |       N/A        |        0.00        |       1.00000      |
|             KP456645              |     1    |   0.27 (100.00%)   |       N/A        |        0.00        |       1.00000      |
|             HM176663              |     1    |   1.62 (100.00%)   |       N/A        |        0.17        |       0.41294      |
|             KP456634              |     1    |   0.27 (100.00%)   |       N/A        |        0.00        |       1.00000      |
|             CY118083              |     1    |   1.62 (100.00%)   |       N/A        |        0.17        |       0.41141      |
|              Node821              |     1    |   1.64 (100.00%)   |       N/A        |        0.18        |       0.40741      |
|             KX431175              |     1    |   1.63 (100.00%)   |       N/A        |        0.18        |       0.40948      |
|             CY087143              |     1    |   0.61 (100.00%)   |       N/A        |        0.00        |       1.00000      |
|             EU779624              |     1    |   0.61 (100.00%)   |       N/A        |        0.00        |       1.00000      |
|             CY045756              |     1    |   1.65 (100.00%)   |       N/A        |        0.19        |       0.40463      |
|             KP458105              |     2    |  799.40 ( 0.60%)   |          3       |        8.54        |       0.00488      |
|             KP637518              |     1    |   0.61 (100.00%)   |       N/A        |        0.00        |       1.00000      |
|             CY099323              |     1    |   0.27 (100.00%)   |       N/A        |        0.00        |       1.00000      |
|             EU516242              |     1    |   0.61 (100.00%)   |       N/A        |        0.00        |       1.00000      |
|             HQ291894              |     1    |   0.61 (100.00%)   |       N/A        |        0.00        |       1.00000      |
|             CY021909              |     1    |   0.61 (100.00%)   |       N/A        |        0.00        |       1.00000      |
|             EU566981              |     1    |   1.63 (100.00%)   |       N/A        |        0.18        |       0.40888      |
|             CY172719              |     1    |   0.61 (100.00%)   |       N/A        |        0.00        |       1.00000      |
|             KP458795              |     1    |   0.61 (100.00%)   |       N/A        |        0.00        |       1.00000      |
|               Node9               |     1    |   0.62 (100.00%)   |       N/A        |        0.00        |       1.00000      |
|             CY017877              |     1    |   0.27 (100.00%)   |       N/A        |        0.00        |       1.00000      |
|             CY040058              |     1    |   0.27 (100.00%)   |       N/A        |        0.00        |       1.00000      |
|             KP456298              |     1    |   0.27 (100.00%)   |       N/A        |        0.00        |       1.00000      |
|             GU183815              |     1    |   0.27 (100.00%)   |       N/A        |        0.00        |       1.00000      |
|              Node897              |     1    |   1.64 (100.00%)   |       N/A        |        0.19        |       0.40619      |
|             FJ231782              |     1    |   0.62 (100.00%)   |       N/A        |        0.00        |       1.00000      |
|             KP637766              |     1    |   0.27 (100.00%)   |       N/A        |        0.00        |       1.00000      |
|             EU516300              |     1    |   0.10 (100.00%)   |       N/A        |        0.00        |       1.00000      |
|              Node434              |     2    |  139.31 ( 0.25%)   |          1       |        7.49        |       0.00834      |
|             KP458914              |     1    |   0.10 (100.00%)   |       N/A        |        0.00        |       1.00000      |
|             KP459041              |     1    |   0.62 (100.00%)   |       N/A        |        0.00        |       1.00000      |
|             CY099322              |     1    |   0.27 (100.00%)   |       N/A        |        0.00        |       1.00000      |
|             FJ231791              |     1    |   0.27 (100.00%)   |       N/A        |        0.00        |       1.00000      |
|             CY021005              |     1    |   0.27 (100.00%)   |       N/A        |        0.00        |       1.00000      |
|             KP457643              |     1    |   0.62 (100.00%)   |       N/A        |        0.00        |       1.00000      |
|             CY103988              |     1    |   0.27 (100.00%)   |       N/A        |        0.00        |       1.00000      |
|             CY002152              |     1    |   0.27 (100.00%)   |       N/A        |        0.00        |       1.00000      |
|             CY125036              |     1    |   0.63 (100.00%)   |       N/A        |        0.00        |       1.00000      |
|              Node724              |     1    |   0.27 (100.00%)   |       N/A        |        0.00        |       1.00000      |
|             CY026339              |     1    |   0.28 (100.00%)   |       N/A        |        0.00        |       1.00000      |
|             CY053668              |     1    |   1.78 (100.00%)   |       N/A        |        0.22        |       0.39557      |
|              Node864              |     1    |   0.23 (100.00%)   |       N/A        |        0.00        |       1.00000      |
|             AF386781              |     1    |   0.30 (100.00%)   |       N/A        |        0.00        |       1.00000      |
|              Node29               |     1    |   0.11 (100.00%)   |       N/A        |        0.00        |       1.00000      |
|             CY073935              |     1    |   0.54 (100.00%)   |       N/A        |        0.00        |       1.00000      |
|              Node915              |     1    |   1.75 (100.00%)   |       N/A        |        0.24        |       0.39033      |
|              Node264              |     1    |   0.00 (100.00%)   |       N/A        |        0.00        |       1.00000      |
|              Node576              |     1    |   0.00 (100.00%)   |       N/A        |        0.00        |       1.00000      |
|              M38312               |     1    |  >1000 (100.00%)   |       N/A        |       25.32        |       0.00000      |
|             CY125012              |     1    |   1.22 (100.00%)   |       N/A        |       -0.00        |       0.50000      |
|             EU382982              |     1    |   0.40 (100.00%)   |       N/A        |        0.00        |       1.00000      |
|             HQ291877              |     1    |  >1000 (100.00%)   |       N/A        |        2.67        |       0.09917      |
|             CY100980              |     1    |   0.13 (100.00%)   |       N/A        |        0.00        |       1.00000      |
|             GU271950              |     1    |   1.23 (100.00%)   |       N/A        |        0.00        |       0.49693      |
|             KP457622              |     2    |  320.73 ( 0.54%)   |          2       |        8.42        |       0.00518      |
|             KP459278              |     1    |   1.21 (100.00%)   |       N/A        |       -0.00        |       0.50000      |
|             FJ549060              |     1    |   1.21 (100.00%)   |       N/A        |       -0.01        |       0.50000      |
|             KP458692              |     1    |   0.13 (100.00%)   |       N/A        |        0.00        |       1.00000      |
|             EU566984              |     1    |   0.40 (100.00%)   |       N/A        |        0.00        |       1.00000      |
|             CY074243              |     1    |   0.41 (100.00%)   |       N/A        |        0.00        |       1.00000      |
|             CY028724              |     1    |   1.23 (100.00%)   |       N/A        |        0.00        |       0.49331      |
|             KP456801              |     1    |   0.41 (100.00%)   |       N/A        |        0.00        |       1.00000      |
|             CY100820              |     1    |   0.40 (100.00%)   |       N/A        |        0.00        |       1.00000      |
|             CY105142              |     1    |   1.21 (100.00%)   |       N/A        |       -0.00        |       0.50000      |
|              Node243              |     1    |   0.40 (100.00%)   |       N/A        |        0.00        |       1.00000      |
|              Node637              |     1    |   0.13 (100.00%)   |       N/A        |        0.00        |       1.00000      |
|             CY080721              |     1    |   1.22 (100.00%)   |       N/A        |       -0.00        |       0.50000      |
|             EU716572              |     1    |   1.22 (100.00%)   |       N/A        |       -0.00        |       0.50000      |
|             CY002664              |     1    |   1.23 (100.00%)   |       N/A        |        0.00        |       0.49491      |
|             KP456657              |     1    |   1.24 (100.00%)   |       N/A        |        0.00        |       0.48895      |
|              Node44               |     1    |   0.00 (100.00%)   |       N/A        |        0.00        |       1.00000      |
|             CY036692              |     1    |   1.22 (100.00%)   |       N/A        |       -0.00        |       0.50000      |
|             KP459239              |     1    |   0.41 (100.00%)   |       N/A        |        0.00        |       1.00000      |
|             CY016328              |     1    |   1.23 (100.00%)   |       N/A        |       -0.00        |       0.50000      |
|             KP457861              |     1    |   1.22 (100.00%)   |       N/A        |       -0.00        |       0.50000      |
|             EU716538              |     1    |   1.22 (100.00%)   |       N/A        |       -0.00        |       0.50000      |
|              Node714              |     1    |   0.14 (100.00%)   |       N/A        |        0.00        |       1.00000      |
|             GQ475899              |     1    |   1.22 (100.00%)   |       N/A        |       -0.00        |       0.50000      |
|             EU382986              |     1    |   1.23 (100.00%)   |       N/A        |       -0.00        |       0.50000      |
|             KP456355              |     1    |   0.41 (100.00%)   |       N/A        |        0.00        |       1.00000      |
|             FJ231789              |     1    |   1.24 (100.00%)   |       N/A        |        0.00        |       0.49301      |
|             FJ264947              |     1    |   0.41 (100.00%)   |       N/A        |        0.00        |       1.00000      |
|             KP458060              |     1    |   1.22 (100.00%)   |       N/A        |       -0.00        |       0.50000      |
|             JN582055              |     1    |   0.41 (100.00%)   |       N/A        |        0.00        |       1.00000      |
|             AB501381              |     1    |   0.40 (100.00%)   |       N/A        |        0.00        |       1.00000      |
|             KP457835              |     1    |   0.41 (100.00%)   |       N/A        |        0.00        |       1.00000      |
|             CY119178              |     1    |   0.14 (100.00%)   |       N/A        |        0.00        |       1.00000      |
|             KX431178              |     1    |   0.41 (100.00%)   |       N/A        |        0.00        |       1.00000      |
|             KP457648              |     1    |   0.41 (100.00%)   |       N/A        |        0.00        |       1.00000      |
|             KP457682              |     1    |   0.41 (100.00%)   |       N/A        |        0.00        |       1.00000      |
|             GQ475701              |     1    |   0.41 (100.00%)   |       N/A        |        0.00        |       1.00000      |
|             CY040258              |     1    |   0.41 (100.00%)   |       N/A        |        0.00        |       1.00000      |
|             KP457855              |     1    |   0.41 (100.00%)   |       N/A        |        0.00        |       1.00000      |
|             HM144112              |     1    |   1.24 (100.00%)   |       N/A        |        0.00        |       0.49101      |
|             CY119074              |     1    |   0.14 (100.00%)   |       N/A        |        0.00        |       1.00000      |
|             CY073837              |     1    |   0.41 (100.00%)   |       N/A        |        0.00        |       1.00000      |
|             CY074339              |     1    |   0.41 (100.00%)   |       N/A        |        0.00        |       1.00000      |
|              Node748              |     1    |   0.14 (100.00%)   |       N/A        |        0.00        |       1.00000      |
|              Node850              |     1    |   0.14 (100.00%)   |       N/A        |        0.00        |       1.00000      |
|             EU199338              |     1    |   0.41 (100.00%)   |       N/A        |        0.00        |       1.00000      |
|             EU516017              |     1    |   0.14 (100.00%)   |       N/A        |        0.00        |       1.00000      |
|             GQ475933              |     1    |   0.41 (100.00%)   |       N/A        |        0.00        |       1.00000      |
|             EU716526              |     1    |   0.14 (100.00%)   |       N/A        |        0.00        |       1.00000      |
|             KP459151              |     1    |   0.14 (100.00%)   |       N/A        |        0.00        |       1.00000      |
|              Node463              |     1    |   0.00 (100.00%)   |       N/A        |        0.00        |       1.00000      |
|             KP457765              |     1    |   0.00 (100.00%)   |       N/A        |        0.00        |       1.00000      |
|              Node32               |     1    |   0.00 (100.00%)   |       N/A        |        0.00        |       1.00000      |
|             CY027779              |     1    |   0.41 (100.00%)   |       N/A        |        0.00        |       1.00000      |
|             CY147318              |     1    |   0.14 (100.00%)   |       N/A        |        0.00        |       1.00000      |
|             CY070088              |     1    |   0.00 (100.00%)   |       N/A        |        0.00        |       1.00000      |
|             CY103996              |     1    |   0.14 (100.00%)   |       N/A        |        0.00        |       1.00000      |
|             KP457219              |     1    |   0.41 (100.00%)   |       N/A        |        0.00        |       1.00000      |
|             CY104068              |     1    |   0.42 (100.00%)   |       N/A        |        0.00        |       1.00000      |
|              Node255              |     1    |   0.14 (100.00%)   |       N/A        |        0.00        |       1.00000      |
|              Node882              |     1    |   0.17 (100.00%)   |       N/A        |        0.00        |       1.00000      |
|              Node23               |     1    |   0.61 (100.00%)   |       N/A        |        0.00        |       1.00000      |
|              Node31               |     1    |   0.17 (100.00%)   |       N/A        |        0.00        |       1.00000      |
|              V01088               |     1    |   0.26 (100.00%)   |       N/A        |        0.00        |       1.00000      |
|             CY147326              |     1    |  >1000 (100.00%)   |       N/A        |        1.65        |       0.17137      |
|             CY036823              |     1    |   0.84 (100.00%)   |       N/A        |        0.00        |       1.00000      |
|             CY009324              |     1    |   0.28 (100.00%)   |       N/A        |        0.00        |       1.00000      |
|              Node45               |     1    |   0.00 (100.00%)   |       N/A        |        0.00        |       1.00000      |
|               Node4               |     1    |   1.12 (100.00%)   |       N/A        |       -0.03        |       0.50000      |
|             CY020173              |     1    |  >1000 (100.00%)   |       N/A        |        2.04        |       0.13855      |
|             CY034132              |     1    |  >1000 (100.00%)   |       N/A        |        2.04        |       0.13881      |
|              Node42               |     1    |  >1000 (100.00%)   |       N/A        |        1.87        |       0.15169      |
|             CY020453              |     1    |  >1000 (100.00%)   |       N/A        |        1.95        |       0.14546      |
|              Node617              |     1    |   0.20 (100.00%)   |       N/A        |        0.00        |       1.00000      |
|              Node893              |     1    |  >1000 (100.00%)   |       N/A        |        2.03        |       0.13931      |
|             CY019125              |     1    |  >1000 (100.00%)   |       N/A        |        2.03        |       0.13937      |
|             CY125052              |     1    |  >1000 (100.00%)   |       N/A        |        2.04        |       0.13906      |
|             HM144123              |     1    |  >1000 (100.00%)   |       N/A        |        2.02        |       0.13998      |
|              Node232              |     1    |   0.82 (100.00%)   |       N/A        |        0.00        |       1.00000      |
|             HQ291880              |     1    |  >1000 (100.00%)   |       N/A        |        2.00        |       0.14184      |
|             CY021037              |     1    |   0.81 (100.00%)   |       N/A        |        0.00        |       1.00000      |
|              Node495              |     1    |   0.20 (100.00%)   |       N/A        |        0.00        |       1.00000      |
|             CY104910              |     1    |   0.81 (100.00%)   |       N/A        |        0.00        |       1.00000      |
|             CY104886              |     1    |   0.80 (100.00%)   |       N/A        |        0.00        |       1.00000      |
|             KP459274              |     1    |   0.20 (100.00%)   |       N/A        |        0.00        |       1.00000      |
|              Node580              |     1    |   0.81 (100.00%)   |       N/A        |        0.00        |       1.00000      |
|             KP456549              |     1    |   0.81 (100.00%)   |       N/A        |        0.00        |       1.00000      |
|             CY119274              |     1    |  >1000 (100.00%)   |       N/A        |       13.32        |       0.00044      |
|             EU516089              |     1    |  >1000 (100.00%)   |       N/A        |       20.02        |       0.00001      |
|             KP458410              |     1    |  >1000 (100.00%)   |       N/A        |       19.83        |       0.00002      |
|             KP456637              |     1    |   0.00 (100.00%)   |       N/A        |        0.00        |       1.00000      |
|             FJ687003              |     1    |  >1000 (100.00%)   |       N/A        |       20.01        |       0.00002      |
|              Node805              |     1    |   0.20 (100.00%)   |       N/A        |        0.00        |       1.00000      |
|             CY054553              |     1    |   0.81 (100.00%)   |       N/A        |        0.00        |       1.00000      |
|             KP457157              |     1    |   0.81 (100.00%)   |       N/A        |        0.00        |       1.00000      |
|             CY080897              |     1    |  >1000 (100.00%)   |       N/A        |        2.02        |       0.14031      |
|             KP456502              |     1    |  >1000 (100.00%)   |       N/A        |       23.61        |       0.00000      |
|             CY099320              |     1    |  >1000 (100.00%)   |       N/A        |       23.50        |       0.00000      |
|             KP457624              |     1    |   0.81 (100.00%)   |       N/A        |        0.00        |       1.00000      |
|             KP456799              |     1    |   0.81 (100.00%)   |       N/A        |        0.00        |       1.00000      |
|             CY119162              |     1    |   0.81 (100.00%)   |       N/A        |        0.00        |       1.00000      |
|             CY104284              |     1    |  >1000 (100.00%)   |       N/A        |        2.00        |       0.14192      |
|              Node611              |     1    |   0.20 (100.00%)   |       N/A        |        0.00        |       1.00000      |
|             CY104958              |     1    |   0.81 (100.00%)   |       N/A        |        0.00        |       1.00000      |
|             KC780089              |     1    |   0.81 (100.00%)   |       N/A        |        0.00        |       1.00000      |
|             CY058495              |     1    |   0.81 (100.00%)   |       N/A        |        0.00        |       1.00000      |
|             KP457304              |     1    |   0.20 (100.00%)   |       N/A        |        0.00        |       1.00000      |
|              Node276              |     1    |   0.00 (100.00%)   |       N/A        |        0.00        |       1.00000      |
|             GQ475852              |     1    |   0.81 (100.00%)   |       N/A        |        0.00        |       1.00000      |
|             EU779625              |     1    |   0.82 (100.00%)   |       N/A        |        0.00        |       1.00000      |
|              Node205              |     1    |   0.81 (100.00%)   |       N/A        |        0.00        |       1.00000      |
|             KP457112              |     1    |   0.81 (100.00%)   |       N/A        |        0.00        |       1.00000      |
|             CY010412              |     1    |   0.81 (100.00%)   |       N/A        |        0.00        |       1.00000      |
|             KP459033              |     1    |   0.83 (100.00%)   |       N/A        |        0.00        |       1.00000      |
|             HQ291881              |     1    |   0.82 (100.00%)   |       N/A        |        0.00        |       1.00000      |
|             EU097956              |     1    |   0.81 (100.00%)   |       N/A        |        0.00        |       1.00000      |
|             EU566970              |     1    |   0.81 (100.00%)   |       N/A        |        0.00        |       1.00000      |
|             CY036839              |     1    |   0.82 (100.00%)   |       N/A        |        0.00        |       1.00000      |
|             FJ743454              |     1    |   0.81 (100.00%)   |       N/A        |        0.00        |       1.00000      |
|             FJ264945              |     1    |   0.81 (100.00%)   |       N/A        |        0.00        |       1.00000      |
|              Node127              |     1    |   0.81 (100.00%)   |       N/A        |        0.00        |       1.00000      |
|              Node499              |     1    |   0.20 (100.00%)   |       N/A        |        0.00        |       1.00000      |
|             EU516086              |     1    |   0.20 (100.00%)   |       N/A        |        0.00        |       1.00000      |
|             KP457845              |     1    |   0.81 (100.00%)   |       N/A        |        0.00        |       1.00000      |
|             EU887025              |     1    |   0.81 (100.00%)   |       N/A        |        0.00        |       1.00000      |
|             KP458231              |     1    |   0.81 (100.00%)   |       N/A        |        0.00        |       1.00000      |
|             KP458513              |     1    |   0.20 (100.00%)   |       N/A        |        0.00        |       1.00000      |
|             AB501384              |     1    |   0.82 (100.00%)   |       N/A        |        0.00        |       1.00000      |
|              Node787              |     1    |   0.82 (100.00%)   |       N/A        |        0.00        |       1.00000      |
|             EU516097              |     1    |   0.82 (100.00%)   |       N/A        |        0.00        |       1.00000      |
|             EU887027              |     1    |   0.81 (100.00%)   |       N/A        |        0.00        |       1.00000      |
|             CY010484              |     1    |   0.82 (100.00%)   |       N/A        |        0.00        |       1.00000      |
|             CY147587              |     1    |   0.81 (100.00%)   |       N/A        |        0.00        |       1.00000      |
|             KC782273              |     1    |   0.81 (100.00%)   |       N/A        |        0.00        |       1.00000      |
|             GQ475990              |     1    |   0.81 (100.00%)   |       N/A        |        0.00        |       1.00000      |
|              Node26               |     1    |   0.20 (100.00%)   |       N/A        |        0.00        |       1.00000      |
|             KC782266              |     1    |   0.82 (100.00%)   |       N/A        |        0.00        |       1.00000      |
|              Node112              |     1    |   0.20 (100.00%)   |       N/A        |        0.00        |       1.00000      |
|             EU779612              |     1    |   0.82 (100.00%)   |       N/A        |        0.00        |       1.00000      |
|             CY074387              |     1    |   0.81 (100.00%)   |       N/A        |        0.00        |       1.00000      |
|             EU779634              |     1    |   0.81 (100.00%)   |       N/A        |        0.00        |       1.00000      |
|             KP458198              |     1    |   0.20 (100.00%)   |       N/A        |        0.00        |       1.00000      |
|             CY118167              |     1    |   0.20 (100.00%)   |       N/A        |        0.00        |       1.00000      |
|             KP458862              |     1    |   0.20 (100.00%)   |       N/A        |        0.00        |       1.00000      |
|              Node24               |     1    |   0.00 (100.00%)   |       N/A        |        0.00        |       1.00000      |
|             KP458535              |     1    |   0.20 (100.00%)   |       N/A        |        0.00        |       1.00000      |
|             EU887034              |     1    |   0.20 (100.00%)   |       N/A        |        0.00        |       1.00000      |
|             EU516247              |     1    |   0.82 (100.00%)   |       N/A        |        0.00        |       1.00000      |
|              Node30               |     1    |   0.84 (100.00%)   |       N/A        |        0.00        |       1.00000      |
|             CY026731              |     1    |   0.82 (100.00%)   |       N/A        |        0.00        |       1.00000      |
|             CY027963              |     1    |   0.82 (100.00%)   |       N/A        |        0.00        |       1.00000      |
|             CY027067              |     1    |   0.82 (100.00%)   |       N/A        |        0.00        |       1.00000      |
|             EU100703              |     1    |   0.82 (100.00%)   |       N/A        |        0.00        |       1.00000      |
|             KP458906              |     1    |   0.20 (100.00%)   |       N/A        |        0.00        |       1.00000      |
|              Node248              |     1    |   0.20 (100.00%)   |       N/A        |        0.00        |       1.00000      |
|             EU516144              |     1    |   0.82 (100.00%)   |       N/A        |        0.00        |       1.00000      |
|              Z54287               |     1    |   0.82 (100.00%)   |       N/A        |        0.00        |       1.00000      |
|              Node376              |     1    |   0.00 (100.00%)   |       N/A        |        0.00        |       1.00000      |
|              Node759              |     1    |   0.20 (100.00%)   |       N/A        |        0.00        |       1.00000      |
|              Node282              |     1    |   0.20 (100.00%)   |       N/A        |        0.00        |       1.00000      |
|             CY148243              |     1    |   0.82 (100.00%)   |       N/A        |        0.00        |       1.00000      |
|             CY020477              |     1    |   0.20 (100.00%)   |       N/A        |        0.00        |       1.00000      |
|             KP457752              |     1    |   0.82 (100.00%)   |       N/A        |        0.00        |       1.00000      |
|             HM144130              |     1    |   0.83 (100.00%)   |       N/A        |        0.00        |       1.00000      |
|              Node469              |     1    |   0.20 (100.00%)   |       N/A        |        0.00        |       1.00000      |
|              Node715              |     1    |   0.20 (100.00%)   |       N/A        |        0.00        |       1.00000      |
|             KP456878              |     1    |   0.00 (100.00%)   |       N/A        |        0.00        |       1.00000      |
|             EU887022              |     1    |   0.00 (100.00%)   |       N/A        |        0.00        |       1.00000      |
|              Node829              |     1    |   0.00 (100.00%)   |       N/A        |        0.00        |       1.00000      |
|             KP459018              |     1    |   0.21 (100.00%)   |       N/A        |        0.00        |       1.00000      |
|             CY022021              |     1    |   0.20 (100.00%)   |       N/A        |        0.00        |       1.00000      |
|             CY077748              |     1    |   0.00 (100.00%)   |       N/A        |        0.00        |       1.00000      |
|              Node653              |     1    |   0.21 (100.00%)   |       N/A        |        0.00        |       1.00000      |
|              Node843              |     1    |   0.00 (100.00%)   |       N/A        |        0.00        |       1.00000      |
|              Node681              |     1    |   0.00 (100.00%)   |       N/A        |        0.00        |       1.00000      |
|             HM144115              |     1    |   0.21 (100.00%)   |       N/A        |        0.00        |       1.00000      |
|             AY289927              |     1    |  >1000 (100.00%)   |       N/A        |        1.98        |       0.14371      |
|              U08903               |     1    |  >1000 (100.00%)   |       N/A        |        1.99        |       0.14266      |
|              Node711              |     1    |   0.00 (100.00%)   |       N/A        |        0.00        |       1.00000      |
|              Node652              |     1    |   0.00 (100.00%)   |       N/A        |        0.00        |       1.00000      |
|              Node265              |     1    |   0.21 (100.00%)   |       N/A        |        0.00        |       1.00000      |
|              Node143              |     1    |   0.19 (100.00%)   |       N/A        |        0.00        |       1.00000      |
|              Node348              |     1    |   0.77 (100.00%)   |       N/A        |        0.00        |       1.00000      |
|              Node779              |     1    |   0.00 (100.00%)   |       N/A        |        0.00        |       1.00000      |
|             CY073927              |     1    |  >1000 (100.00%)   |       N/A        |        1.60        |       0.17550      |
|             AF408859              |     1    |   0.44 (100.00%)   |       N/A        |        0.00        |       1.00000      |
|             CY010788              |     1    |  >1000 (100.00%)   |       N/A        |        1.35        |       0.20195      |
|              Node252              |     1    |  >1000 (100.00%)   |       N/A        |        1.34        |       0.20332      |
|              Node10               |     1    |  >1000 (100.00%)   |       N/A        |        1.35        |       0.20163      |
|             KP457432              |     1    |  >1000 (100.00%)   |       N/A        |        1.34        |       0.20314      |
|             CY015532              |     1    |  >1000 (100.00%)   |       N/A        |        1.34        |       0.20252      |
|              Node575              |     1    |   0.00 (100.00%)   |       N/A        |        0.00        |       1.00000      |
|             EU199354              |     1    |  >1000 (100.00%)   |       N/A        |        1.34        |       0.20317      |
|              Node352              |     1    |  >1000 (100.00%)   |       N/A        |        1.33        |       0.20417      |
|             HQ291892              |     1    |  >1000 (100.00%)   |       N/A        |        1.34        |       0.20323      |
|             KP456474              |     1    |  >1000 (100.00%)   |       N/A        |        1.32        |       0.20496      |
|              Node628              |     1    |  >1000 (100.00%)   |       N/A        |        1.33        |       0.20452      |
|             EU516059              |     1    |  >1000 (100.00%)   |       N/A        |        1.32        |       0.20464      |
|             CY117691              |     1    |  >1000 (100.00%)   |       N/A        |        1.34        |       0.20261      |
|              Node925              |     1    |  >1000 (100.00%)   |       N/A        |        1.34        |       0.20267      |
|             HQ291893              |     1    |  >1000 (100.00%)   |       N/A        |        1.34        |       0.20331      |
|             CY019101              |     1    |  >1000 (100.00%)   |       N/A        |        1.32        |       0.20462      |
|             FJ687013              |     1    |  >1000 (100.00%)   |       N/A        |       19.30        |       0.00002      |
|             KP458730              |     1    |  >1000 (100.00%)   |       N/A        |       15.53        |       0.00014      |
|             HM144110              |     1    |  >1000 (100.00%)   |       N/A        |        1.35        |       0.20229      |
|             KP458720              |     1    |  >1000 (100.00%)   |       N/A        |       12.58        |       0.00063      |
|             KP456386              |     1    |  >1000 (100.00%)   |       N/A        |       12.94        |       0.00053      |
|             CY040114              |     1    |  >1000 (100.00%)   |       N/A        |       12.68        |       0.00060      |
|             KP456418              |     1    |  >1000 (100.00%)   |       N/A        |        1.34        |       0.20322      |
|             CY121592              |     1    |  >1000 (100.00%)   |       N/A        |        1.34        |       0.20311      |
|             CY030061              |     1    |  >1000 (100.00%)   |       N/A        |        1.35        |       0.20212      |
|              Node596              |     1    |   0.00 (100.00%)   |       N/A        |        0.00        |       1.00000      |
|              Node464              |     1    |  >1000 (100.00%)   |       N/A        |        1.33        |       0.20456      |
|             GQ475724              |     1    |  >1000 (100.00%)   |       N/A        |       19.34        |       0.00002      |
|              Node107              |     1    |  >1000 (100.00%)   |       N/A        |       19.13        |       0.00002      |
|             CY027219              |     1    |  >1000 (100.00%)   |       N/A        |        1.35        |       0.20222      |
|             EU516023              |     1    |  >1000 (100.00%)   |       N/A        |       12.87        |       0.00055      |
|             CY172999              |     1    |  >1000 (100.00%)   |       N/A        |        1.34        |       0.20323      |
|              Node745              |     1    |   0.00 (100.00%)   |       N/A        |        0.00        |       1.00000      |
|              Node585              |     1    |  >1000 (100.00%)   |       N/A        |       22.79        |       0.00000      |
|             CY031571              |     1    |  >1000 (100.00%)   |       N/A        |        1.35        |       0.20233      |
|             KP456289              |     1    |   0.00 (100.00%)   |       N/A        |        0.00        |       1.00000      |
|             KP458765              |     1    |  >1000 (100.00%)   |       N/A        |       22.88        |       0.00000      |
|             CY104966              |     1    |  >1000 (100.00%)   |       N/A        |       12.58        |       0.00063      |
|             KP458285              |     1    |  >1000 (100.00%)   |       N/A        |       23.20        |       0.00000      |
|             FJ687006              |     1    |  >1000 (100.00%)   |       N/A        |        1.34        |       0.20331      |
|             CY064807              |     1    |  >1000 (100.00%)   |       N/A        |        1.33        |       0.20387      |
|             CY104587              |     1    |  >1000 (100.00%)   |       N/A        |       12.69        |       0.00060      |
|              Node341              |     1    |  >1000 (100.00%)   |       N/A        |        1.33        |       0.20446      |
|             KF765558              |     1    |  >1000 (100.00%)   |       N/A        |       19.15        |       0.00002      |
|             GQ476076              |     1    |  >1000 (100.00%)   |       N/A        |       19.32        |       0.00002      |
|             KP456256              |     1    |  >1000 (100.00%)   |       N/A        |        1.33        |       0.20449      |
|             CY125204              |     1    |  >1000 (100.00%)   |       N/A        |        1.33        |       0.20404      |
|              Node496              |     1    |   0.00 (100.00%)   |       N/A        |        0.00        |       1.00000      |
|              Node178              |     1    |  >1000 (100.00%)   |       N/A        |        1.34        |       0.20340      |
|             CY074131              |     1    |  >1000 (100.00%)   |       N/A        |        1.33        |       0.20373      |
|             GQ476114              |     1    |  >1000 (100.00%)   |       N/A        |       22.75        |       0.00000      |
|              Node625              |     1    |   0.40 (100.00%)   |       N/A        |        0.00        |       1.00000      |
|             KP458139              |     1    |  >1000 (100.00%)   |       N/A        |       22.73        |       0.00000      |
|             HQ291876              |     1    |  >1000 (100.00%)   |       N/A        |        1.32        |       0.20486      |
|             EU516299              |     1    |  >1000 (100.00%)   |       N/A        |       12.69        |       0.00060      |
|             KF533063              |     1    |  >1000 (100.00%)   |       N/A        |       23.07        |       0.00000      |
|             KP458754              |     1    |  >1000 (100.00%)   |       N/A        |       22.75        |       0.00000      |
|              Node609              |     1    |   0.40 (100.00%)   |       N/A        |        0.00        |       1.00000      |
|              Node396              |     1    |   0.00 (100.00%)   |       N/A        |        0.00        |       1.00000      |
|              Node543              |     1    |   0.00 (100.00%)   |       N/A        |        0.00        |       1.00000      |
|             FJ686999              |     1    |  >1000 (100.00%)   |       N/A        |       23.13        |       0.00000      |
|              Node13               |     1    |   0.00 (100.00%)   |       N/A        |        0.00        |       1.00000      |
|              Node508              |     1    |   0.00 (100.00%)   |       N/A        |        0.00        |       1.00000      |
|              Node435              |     1    |   0.41 (100.00%)   |       N/A        |        0.00        |       1.00000      |
|             KP457646              |     1    |   0.00 (100.00%)   |       N/A        |        0.00        |       1.00000      |
|             FJ231784              |     1    |   0.40 (100.00%)   |       N/A        |        0.00        |       1.00000      |
|             KP458608              |     1    |   0.40 (100.00%)   |       N/A        |        0.00        |       1.00000      |
|             KP458423              |     1    |   0.40 (100.00%)   |       N/A        |        0.00        |       1.00000      |
|             KP457477              |     1    |   0.00 (100.00%)   |       N/A        |        0.00        |       1.00000      |
|             HQ291878              |     1    |   0.40 (100.00%)   |       N/A        |        0.00        |       1.00000      |
|              Node497              |     1    |   0.41 (100.00%)   |       N/A        |        0.00        |       1.00000      |
|             CY080610              |     1    |   0.41 (100.00%)   |       N/A        |        0.00        |       1.00000      |
|              Node548              |     1    |   0.00 (100.00%)   |       N/A        |        0.00        |       1.00000      |
|             GQ475707              |     1    |   0.00 (100.00%)   |       N/A        |        0.00        |       1.00000      |
|             KP456913              |     1    |   0.41 (100.00%)   |       N/A        |        0.00        |       1.00000      |
|              Node550              |     1    |   0.40 (100.00%)   |       N/A        |        0.00        |       1.00000      |
|             EU516237              |     1    |   0.41 (100.00%)   |       N/A        |        0.00        |       1.00000      |
|             FJ549040              |     1    |   0.41 (100.00%)   |       N/A        |        0.00        |       1.00000      |
|              Node269              |     1    |   0.41 (100.00%)   |       N/A        |        0.00        |       1.00000      |
|             KP458144              |     1    |   0.41 (100.00%)   |       N/A        |        0.00        |       1.00000      |
|             EU516253              |     1    |   0.41 (100.00%)   |       N/A        |        0.00        |       1.00000      |
|              Node888              |     1    |   0.41 (100.00%)   |       N/A        |        0.00        |       1.00000      |
|              Node131              |     1    |   0.41 (100.00%)   |       N/A        |        0.00        |       1.00000      |
|             FJ798792              |     1    |   0.41 (100.00%)   |       N/A        |        0.00        |       1.00000      |
|             GQ475956              |     1    |   0.41 (100.00%)   |       N/A        |        0.00        |       1.00000      |
|             KP458732              |     1    |   0.41 (100.00%)   |       N/A        |        0.00        |       1.00000      |
|              Node170              |     1    |   0.00 (100.00%)   |       N/A        |        0.00        |       1.00000      |
|              Node322              |     1    |   0.41 (100.00%)   |       N/A        |        0.00        |       1.00000      |
|             KP457738              |     1    |   0.41 (100.00%)   |       N/A        |        0.00        |       1.00000      |
|             EU199348              |     1    |   0.41 (100.00%)   |       N/A        |        0.00        |       1.00000      |
|              Node423              |     1    |   0.41 (100.00%)   |       N/A        |        0.00        |       1.00000      |
|             GQ476151              |     1    |   0.41 (100.00%)   |       N/A        |        0.00        |       1.00000      |
|             CY172935              |     1    |   0.41 (100.00%)   |       N/A        |        0.00        |       1.00000      |
|             CY028307              |     1    |   0.41 (100.00%)   |       N/A        |        0.00        |       1.00000      |
|              Node36               |     1    |   0.41 (100.00%)   |       N/A        |        0.00        |       1.00000      |
|             GQ475904              |     1    |   0.00 (100.00%)   |       N/A        |        0.00        |       1.00000      |
|             KC782260              |     1    |   0.00 (100.00%)   |       N/A        |        0.00        |       1.00000      |
|              Node894              |     1    |   0.41 (100.00%)   |       N/A        |        0.00        |       1.00000      |
|              Node336              |     1    |   0.00 (100.00%)   |       N/A        |        0.00        |       1.00000      |
|             KP458218              |     1    |   0.00 (100.00%)   |       N/A        |        0.00        |       1.00000      |
|             CY087278              |     1    |   0.00 (100.00%)   |       N/A        |        0.00        |       1.00000      |
|              Node231              |     1    |   0.40 (100.00%)   |       N/A        |        0.00        |       1.00000      |
|              Node363              |     1    |   0.00 (100.00%)   |       N/A        |        0.00        |       1.00000      |
|              Node52               |     1    |   0.00 (100.00%)   |       N/A        |        0.00        |       1.00000      |
|              Node293              |     1    |   0.00 (100.00%)   |       N/A        |        0.00        |       1.00000      |
|             EU516092              |     1    |   0.00 (100.00%)   |       N/A        |        0.00        |       1.00000      |
|              Node76               |     1    |   0.00 (100.00%)   |       N/A        |        0.00        |       1.00000      |
|             EU199350              |     1    |   0.41 (100.00%)   |       N/A        |        0.00        |       1.00000      |
|             CY027147              |     1    |   0.41 (100.00%)   |       N/A        |        0.00        |       1.00000      |
|              Node708              |     1    |   0.41 (100.00%)   |       N/A        |        0.00        |       1.00000      |
|             CY021757              |     1    |   0.41 (100.00%)   |       N/A        |        0.00        |       1.00000      |
|             CY146833              |     1    |   0.41 (100.00%)   |       N/A        |        0.00        |       1.00000      |
|              Node38               |     1    |   0.00 (100.00%)   |       N/A        |        0.00        |       1.00000      |
|              Node479              |     1    |   0.00 (100.00%)   |       N/A        |        0.00        |       1.00000      |
|             CY011800              |     1    |   0.42 (100.00%)   |       N/A        |        0.00        |       1.00000      |
|             CY016329              |     1    |   0.00 (100.00%)   |       N/A        |        0.00        |       1.00000      |
|              Node682              |     1    |   0.42 (100.00%)   |       N/A        |        0.00        |       1.00000      |
|              Node914              |     1    |  >1000 (100.00%)   |       N/A        |        0.84        |       0.26915      |
|              Node46               |     1    |   0.43 (100.00%)   |       N/A        |        0.00        |       1.00000      |
|              Node810              |     1    |   0.00 (100.00%)   |       N/A        |        0.00        |       1.00000      |
|              Node20               |     1    |   0.37 (100.00%)   |       N/A        |        0.00        |       1.00000      |
|              Node892              |     1    |  >1000 (100.00%)   |       N/A        |        1.14        |       0.22691      |
|              Node863              |     1    |  >1000 (100.00%)   |       N/A        |        1.23        |       0.21543      |
|             CY147382              |     1    |  >1000 (100.00%)   |       N/A        |        0.68        |       0.29476      |
|             CY013271              |     1    |  >1000 (100.00%)   |       N/A        |        0.57        |       0.31471      |
|              Node917              |     1    |  >1000 (100.00%)   |       N/A        |        0.66        |       0.29933      |
|             DQ508905              |     1    |  >1000 (100.00%)   |       N/A        |        0.66        |       0.29935      |
|              Node603              |     1    |   0.00 (100.00%)   |       N/A        |        0.00        |       1.00000      |
|              Node17               |     1    |  >1000 (100.00%)   |       N/A        |        0.66        |       0.29927      |
|              Node844              |     1    |  >1000 (100.00%)   |       N/A        |        0.66        |       0.29968      |
|              Node37               |     1    |  >1000 (100.00%)   |       N/A        |        0.65        |       0.30024      |
|              Node546              |     1    |   0.00 (100.00%)   |       N/A        |        0.00        |       1.00000      |
|              Node25               |     1    |  >1000 (100.00%)   |       N/A        |        0.64        |       0.30248      |
|              Node196              |     1    |  >1000 (100.00%)   |       N/A        |        0.65        |       0.30032      |
|              Node483              |     1    |  >1000 (100.00%)   |       N/A        |        0.64        |       0.30195      |
|              Node756              |     1    |  >1000 (100.00%)   |       N/A        |        0.51        |       0.32768      |
|              Node34               |     1    |  >1000 (100.00%)   |       N/A        |        0.66        |       0.29976      |
|              Node33               |     1    |  >1000 (100.00%)   |       N/A        |        0.65        |       0.30064      |
|             CY026411              |     1    |  >1000 (100.00%)   |       N/A        |        0.66        |       0.29948      |
|              Node701              |     1    |  >1000 (100.00%)   |       N/A        |        0.66        |       0.29889      |
|             EU516094              |     1    |  >1000 (100.00%)   |       N/A        |        0.65        |       0.30141      |
|              Node716              |     1    |  >1000 (100.00%)   |       N/A        |        0.65        |       0.30038      |
|              Node470              |     1    |  >1000 (100.00%)   |       N/A        |        0.65        |       0.30079      |
|              Node636              |     1    |  >1000 (100.00%)   |       N/A        |        0.65        |       0.30063      |
|             EU516109              |     1    |  >1000 (100.00%)   |       N/A        |        0.66        |       0.29922      |
|              Node694              |     1    |  >1000 (100.00%)   |       N/A        |        0.66        |       0.29943      |
|              Node646              |     1    |  >1000 (100.00%)   |       N/A        |        0.66        |       0.29941      |
|              Node562              |     1    |   0.00 (100.00%)   |       N/A        |        0.00        |       1.00000      |
|              Node751              |     1    |  >1000 (100.00%)   |       N/A        |        0.65        |       0.30082      |
|              Node388              |     1    |  >1000 (100.00%)   |       N/A        |        0.65        |       0.30022      |
|             KP459323              |     1    |  >1000 (100.00%)   |       N/A        |        0.64        |       0.30180      |
|              Node621              |     1    |  >1000 (100.00%)   |       N/A        |        0.64        |       0.30169      |
|              Node425              |     1    |  >1000 (100.00%)   |       N/A        |        0.65        |       0.30045      |
|              Node11               |     1    |  >1000 (100.00%)   |       N/A        |        0.65        |       0.30081      |
|             KP457337              |     1    |  >1000 (100.00%)   |       N/A        |        0.65        |       0.30162      |
|             CY010740              |     1    |  >1000 (100.00%)   |       N/A        |        0.66        |       0.29985      |
|             KP456197              |     1    |  >1000 (100.00%)   |       N/A        |        0.65        |       0.30029      |
|              Node789              |     1    |  >1000 (100.00%)   |       N/A        |        0.66        |       0.29969      |
|             KP456835              |     1    |  >1000 (100.00%)   |       N/A        |       11.98        |       0.00086      |
|             CY027771              |     1    |  >1000 (100.00%)   |       N/A        |        0.65        |       0.29989      |
|              Node382              |     1    |  >1000 (100.00%)   |       N/A        |        0.65        |       0.30042      |
|              Node727              |     1    |  >1000 (100.00%)   |       N/A        |        0.65        |       0.29992      |
|             KP457204              |     1    |  >1000 (100.00%)   |       N/A        |       11.92        |       0.00088      |
|              Node446              |     1    |  >1000 (100.00%)   |       N/A        |        0.65        |       0.30061      |
|              Node47               |     1    |  >1000 (100.00%)   |       N/A        |        0.65        |       0.30148      |
|              Node761              |     1    |  >1000 (100.00%)   |       N/A        |        0.64        |       0.30244      |
|              Node700              |     1    |  >1000 (100.00%)   |       N/A        |        0.65        |       0.30099      |
|              Node572              |     1    |  >1000 (100.00%)   |       N/A        |        0.65        |       0.30146      |
|             KP458628              |     1    |  >1000 (100.00%)   |       N/A        |       18.58        |       0.00003      |
|              Node69               |     1    |  >1000 (100.00%)   |       N/A        |        0.65        |       0.30066      |
|              Node166              |     1    |  >1000 (100.00%)   |       N/A        |        0.65        |       0.30149      |
|              Node658              |     1    |  >1000 (100.00%)   |       N/A        |        0.65        |       0.30022      |
|              Node122              |     1    |  >1000 (100.00%)   |       N/A        |        0.65        |       0.30066      |
|             CY033577              |     1    |  >1000 (100.00%)   |       N/A        |        0.66        |       0.29961      |
|              Node488              |     1    |  >1000 (100.00%)   |       N/A        |        0.65        |       0.30142      |
|              Node157              |     1    |  >1000 (100.00%)   |       N/A        |        0.65        |       0.30062      |
|             KP637854              |     1    |  >1000 (100.00%)   |       N/A        |        0.65        |       0.30085      |
|             KP457570              |     1    |  >1000 (100.00%)   |       N/A        |        0.65        |       0.30133      |
|              Node147              |     1    |  >1000 (100.00%)   |       N/A        |        0.65        |       0.30065      |
|             FJ532072              |     1    |  >1000 (100.00%)   |       N/A        |        0.65        |       0.30063      |
|              Node71               |     1    |  >1000 (100.00%)   |       N/A        |        0.65        |       0.30052      |
|              Node557              |     1    |  >1000 (100.00%)   |       N/A        |        0.65        |       0.30137      |
|              Node263              |     1    |  >1000 (100.00%)   |       N/A        |        0.65        |       0.30120      |
|              Node491              |     1    |  >1000 (100.00%)   |       N/A        |        0.65        |       0.30155      |
|             KP458600              |     1    |  >1000 (100.00%)   |       N/A        |        0.65        |       0.30056      |
|              Node158              |     1    |  >1000 (100.00%)   |       N/A        |       18.32        |       0.00004      |
|              Node406              |     1    |  >1000 (100.00%)   |       N/A        |        0.65        |       0.30069      |
|              Node670              |     1    |  >1000 (100.00%)   |       N/A        |        0.65        |       0.30051      |
|              Node16               |     1    |  >1000 (100.00%)   |       N/A        |        0.64        |       0.30319      |
|             FJ532089              |     1    |  >1000 (100.00%)   |       N/A        |        0.65        |       0.30015      |
|              Node305              |     1    |  >1000 (100.00%)   |       N/A        |        0.65        |       0.30150      |
|              Node564              |     1    |  >1000 (100.00%)   |       N/A        |        0.64        |       0.30194      |
|              Node113              |     1    |  >1000 (100.00%)   |       N/A        |        0.65        |       0.30045      |
|              Node174              |     1    |  >1000 (100.00%)   |       N/A        |        0.65        |       0.30103      |
|              Node75               |     1    |  >1000 (100.00%)   |       N/A        |       18.78        |       0.00003      |
|              Node453              |     1    |  >1000 (100.00%)   |       N/A        |        0.65        |       0.30073      |
|              Node64               |     1    |  >1000 (100.00%)   |       N/A        |        0.65        |       0.30061      |
|              Node309              |     1    |  >1000 (100.00%)   |       N/A        |       12.02        |       0.00084      |
|              Node358              |     1    |  >1000 (100.00%)   |       N/A        |        0.65        |       0.30152      |
|             EU716559              |     1    |  >1000 (100.00%)   |       N/A        |        0.65        |       0.30050      |
|              Node526              |     1    |  >1000 (100.00%)   |       N/A        |        0.65        |       0.30147      |
|              Node184              |     1    |  >1000 (100.00%)   |       N/A        |       22.06        |       0.00001      |
|             KP637382              |     1    |  >1000 (100.00%)   |       N/A        |        0.65        |       0.30084      |
|             GQ475901              |     1    |  >1000 (100.00%)   |       N/A        |        0.65        |       0.30061      |
|              Node533              |     1    |  >1000 (100.00%)   |       N/A        |       14.86        |       0.00020      |
|              Node447              |     1    |  >1000 (100.00%)   |       N/A        |        0.65        |       0.30155      |
|              Node43               |     1    |  >1000 (100.00%)   |       N/A        |        0.64        |       0.30199      |
|              Node614              |     1    |  >1000 (100.00%)   |       N/A        |        0.65        |       0.30168      |
|              Node613              |     1    |  >1000 (100.00%)   |       N/A        |        0.65        |       0.30160      |
|              Node114              |     1    |  >1000 (100.00%)   |       N/A        |        0.65        |       0.30087      |
|              Node895              |     1    |  >1000 (100.00%)   |       N/A        |        0.66        |       0.29959      |
|              Node801              |     1    |  >1000 (100.00%)   |       N/A        |        0.65        |       0.30017      |
|              Node212              |     1    |  >1000 (100.00%)   |       N/A        |       22.46        |       0.00000      |
|              Node215              |     1    |  >1000 (100.00%)   |       N/A        |       -0.03        |       0.50000      |
|              Node317              |     1    |  >1000 (100.00%)   |       N/A        |       -0.03        |       0.50000      |
|              Node757              |     1    |  >1000 (100.00%)   |       N/A        |        0.65        |       0.30085      |
|              Node544              |     1    |   0.00 (100.00%)   |       N/A        |        0.00        |       1.00000      |
|              Node195              |     1    |  >1000 (100.00%)   |       N/A        |        0.65        |       0.30077      |
|              Node916              |     1    |  >1000 (100.00%)   |       N/A        |        0.65        |       0.30079      |
|             KP457549              |     1    |   0.00 (100.00%)   |       N/A        |        0.00        |       1.00000      |
|              Node588              |     1    |   0.00 (100.00%)   |       N/A        |        0.00        |       1.00000      |
|             KP457512              |     1    |  >1000 (100.00%)   |       N/A        |        0.65        |       0.30164      |
|              Node485              |     1    |   0.00 (100.00%)   |       N/A        |        0.00        |       1.00000      |
|              Node593              |     1    |   0.00 (100.00%)   |       N/A        |        0.00        |       1.00000      |
|             EU199355              |     1    |   0.00 (100.00%)   |       N/A        |        0.00        |       1.00000      |
|              Node514              |     1    |   0.00 (100.00%)   |       N/A        |        0.00        |       1.00000      |
|              Node377              |     1    |   0.00 (100.00%)   |       N/A        |        0.00        |       1.00000      |
|              Node135              |     1    |   0.00 (100.00%)   |       N/A        |        0.00        |       1.00000      |
|             GQ476148              |     1    |   0.00 (100.00%)   |       N/A        |        0.00        |       1.00000      |
|             EU516057              |     1    |  >1000 (100.00%)   |       N/A        |       -0.03        |       0.50000      |
|             KP457227              |     1    |   0.00 (100.00%)   |       N/A        |        0.00        |       1.00000      |
|             GQ475919              |     1    |   0.00 (100.00%)   |       N/A        |        0.00        |       1.00000      |
|              Node155              |     1    |   0.00 (100.00%)   |       N/A        |        0.00        |       1.00000      |
|              Node737              |     1    |   0.00 (100.00%)   |       N/A        |        0.00        |       1.00000      |
|              Node154              |     1    |   0.00 (100.00%)   |       N/A        |        0.00        |       1.00000      |
|              Node146              |     1    |   0.00 (100.00%)   |       N/A        |        0.00        |       1.00000      |
|              Node103              |     1    |   0.00 (100.00%)   |       N/A        |        0.00        |       1.00000      |
|              Node242              |     1    |   0.00 (100.00%)   |       N/A        |        0.00        |       1.00000      |
|              Node187              |     1    |   0.00 (100.00%)   |       N/A        |        0.00        |       1.00000      |
|              Node439              |     1    |   0.00 (100.00%)   |       N/A        |        0.00        |       1.00000      |
|              Node117              |     1    |   0.00 (100.00%)   |       N/A        |        0.00        |       1.00000      |
|              Node369              |     1    |   0.00 (100.00%)   |       N/A        |        0.00        |       1.00000      |
|              Node181              |     1    |   0.00 (100.00%)   |       N/A        |        0.00        |       1.00000      |
|              Node291              |     1    |   0.00 (100.00%)   |       N/A        |        0.00        |       1.00000      |
|              Node340              |     1    |   0.00 (100.00%)   |       N/A        |        0.00        |       1.00000      |
|              Node226              |     1    |   0.00 (100.00%)   |       N/A        |        0.00        |       1.00000      |
|              Node329              |     1    |   0.00 (100.00%)   |       N/A        |        0.00        |       1.00000      |
|              Node61               |     1    |   0.00 (100.00%)   |       N/A        |        0.00        |       1.00000      |
|              Node57               |     1    |   0.00 (100.00%)   |       N/A        |        0.00        |       1.00000      |
|              Node211              |     1    |   0.00 (100.00%)   |       N/A        |        0.00        |       1.00000      |
|             EU567013              |     1    |   0.00 (100.00%)   |       N/A        |        0.00        |       1.00000      |
|              Node418              |     1    |   0.00 (100.00%)   |       N/A        |        0.00        |       1.00000      |
|              Node379              |     1    |   0.00 (100.00%)   |       N/A        |        0.00        |       1.00000      |
|              Node402              |     1    |   0.00 (100.00%)   |       N/A        |        0.00        |       1.00000      |
|              Node111              |     1    |   0.00 (100.00%)   |       N/A        |        0.00        |       1.00000      |
|              Node359              |     1    |   0.00 (100.00%)   |       N/A        |        0.00        |       1.00000      |
|              Node98               |     1    |   0.00 (100.00%)   |       N/A        |        0.00        |       1.00000      |
|              Node788              |     1    |   0.00 (100.00%)   |       N/A        |        0.00        |       1.00000      |
|              Node786              |     1    |   0.00 (100.00%)   |       N/A        |        0.00        |       1.00000      |
|              Node323              |     1    |   0.00 (100.00%)   |       N/A        |        0.00        |       1.00000      |
|              Node648              |     1    |   0.00 (100.00%)   |       N/A        |        0.00        |       1.00000      |
|             CY009604              |     1    |   0.00 (100.00%)   |       N/A        |        0.00        |       1.00000      |
|              Node784              |     1    |   0.00 (100.00%)   |       N/A        |        0.00        |       1.00000      |
|              Node659              |     1    |   0.00 (100.00%)   |       N/A        |        0.00        |       1.00000      |
|              Node656              |     1    |   0.00 (100.00%)   |       N/A        |        0.00        |       1.00000      |
|              Node669              |     1    |   0.00 (100.00%)   |       N/A        |        0.00        |       1.00000      |
|             KP456772              |     1    |   0.00 (100.00%)   |       N/A        |        0.00        |       1.00000      |
|             CY017155              |     1    |  >1000 (100.00%)   |       N/A        |        0.62        |       0.30635      |
|              Node707              |     1    |   0.00 (100.00%)   |       N/A        |        0.00        |       1.00000      |
|              Node651              |     1    |   0.00 (100.00%)   |       N/A        |        0.00        |       1.00000      |
|              Node675              |     1    |   0.00 (100.00%)   |       N/A        |        0.00        |       1.00000      |
|              Node719              |     1    |   0.00 (100.00%)   |       N/A        |        0.00        |       1.00000      |
|              Node295              |     1    |   0.00 (100.00%)   |       N/A        |        0.00        |       1.00000      |
|              Node14               |     1    |   0.00 (100.00%)   |       N/A        |        0.00        |       1.00000      |
|              Node688              |     1    |   0.00 (100.00%)   |       N/A        |        0.00        |       1.00000      |
|              Node504              |     1    |  >1000 (100.00%)   |       N/A        |       -0.03        |       0.50000      |
|              Node835              |     1    |   0.00 (100.00%)   |       N/A        |        0.00        |       1.00000      |
|             CY019947              |     1    |   0.00 (100.00%)   |       N/A        |        0.00        |       1.00000      |
|              Node780              |     1    |   0.00 (100.00%)   |       N/A        |        0.00        |       1.00000      |
|              Node734              |     1    |   0.00 (100.00%)   |       N/A        |        0.00        |       1.00000      |
|              Node645              |     1    |   0.00 (100.00%)   |       N/A        |        0.00        |       1.00000      |
|              Node650              |     1    |   0.00 (100.00%)   |       N/A        |        0.00        |       1.00000      |
|              Node840              |     1    |   0.00 (100.00%)   |       N/A        |        0.00        |       1.00000      |
|              Node503              |     1    |  >1000 (100.00%)   |       N/A        |       -0.03        |       0.50000      |
|              Node567              |     1    |  >1000 (100.00%)   |       N/A        |       -0.03        |       0.50000      |
|              Node214              |     1    |   1.00 (100.00%)   |       N/A        |        0.00        |       1.00000      |
|              Node316              |     1    |   1.00 (100.00%)   |       N/A        |        0.00        |       1.00000      |
|             KX431185              |     1    |   1.00 (100.00%)   |       N/A        |        0.00        |       1.00000      |
|             DQ508897              |     1    |   1.00 (100.00%)   |       N/A        |        0.00        |       1.00000      |
|             CY146857              |     1    |   1.00 (100.00%)   |       N/A        |        0.00        |       1.00000      |
|             EU779616              |     1    |   1.00 (100.00%)   |       N/A        |        0.00        |       1.00000      |
|             KP457399              |     1    |   1.00 (100.00%)   |       N/A        |        0.00        |       1.00000      |
|             CY147518              |     1    |   1.00 (100.00%)   |       N/A        |        0.00        |       1.00000      |
|             CY125172              |     1    |   1.00 (100.00%)   |       N/A        |        0.00        |       1.00000      |
|             FJ532073              |     1    |   1.00 (100.00%)   |       N/A        |        0.00        |       1.00000      |
|             AF386774              |     1    |   1.00 (100.00%)   |       N/A        |        0.00        |       1.00000      |
|             KP456988              |     1    |   1.00 (100.00%)   |       N/A        |        0.00        |       1.00000      |
|             KP456537              |     1    |   1.00 (100.00%)   |       N/A        |        0.00        |       1.00000      |
|             CY009612              |     1    |   1.00 (100.00%)   |       N/A        |        0.00        |       1.00000      |
|             CY119130              |     1    |   1.00 (100.00%)   |       N/A        |        0.00        |       1.00000      |
|             CY012296              |     1    |   1.00 (100.00%)   |       N/A        |        0.00        |       1.00000      |
|             GQ475879              |     1    |   1.00 (100.00%)   |       N/A        |        0.00        |       1.00000      |
|             KP458456              |     1    |   1.00 (100.00%)   |       N/A        |        0.00        |       1.00000      |
|             GQ475939              |     1    |   1.00 (100.00%)   |       N/A        |        0.00        |       1.00000      |
|             KP458748              |     1    |   1.00 (100.00%)   |       N/A        |        0.00        |       1.00000      |
|             FJ549068              |     1    |   1.00 (100.00%)   |       N/A        |        0.00        |       1.00000      |
|             CY009292              |     1    |   1.00 (100.00%)   |       N/A        |        0.00        |       1.00000      |
|             FJ686977              |     1    |   1.00 (100.00%)   |       N/A        |        0.00        |       1.00000      |
|             KP457395              |     1    |   1.00 (100.00%)   |       N/A        |        0.00        |       1.00000      |
|             KP456208              |     1    |   1.00 (100.00%)   |       N/A        |        0.00        |       1.00000      |
----
### Adaptive branch site random effects likelihood test 
Likelihood ratio test for episodic diversifying positive selection at Holm-Bonferroni corrected _p =   0.0500_ found **31** branches under selection among **754** tested.

* KX431183, p-value =  0.00001
* Node898, p-value =  0.00032
* CY147534, p-value =  0.00064
* M38312, p-value =  0.00079
* KX431176, p-value =  0.00117
* CY053658, p-value =  0.00128
* KP456502, p-value =  0.00186
* CY099320, p-value =  0.00196
* KP458285, p-value =  0.00227
* FJ686999, p-value =  0.00235
* KF533063, p-value =  0.00242
* KP458765, p-value =  0.00265
* Node585, p-value =  0.00277
* GQ476114, p-value =  0.00283
* KP458754, p-value =  0.00283
* KP458139, p-value =  0.00285
* Node212, p-value =  0.00326
* Node184, p-value =  0.00397
* KX431174, p-value =  0.00691
* EU516089, p-value =  0.01102
* FJ687003, p-value =  0.01108
* KP458410, p-value =  0.01209
* GQ475724, p-value =  0.01544
* GQ476076, p-value =  0.01563
* FJ687013, p-value =  0.01578
* KF765558, p-value =  0.01699
* Node107, p-value =  0.01708
* Node75, p-value =  0.02038
* KP458628, p-value =  0.02243
* Node158, p-value =  0.02556
* K01330, p-value =  0.03211

### Annotated Tree
(((((((((((((((((CY045852,((((((((AF386778,DQ415317,(((((((CY012296,CY010140)Node748,(((((((CY105158,CY119130)Node724,(((((((KP456878,CY172719)Node675,CY027779,(CY027963,((CY027067,CY027219,CY030061,CY031571)Node659,CY026731)Node658,EU100703)Node656,((EU516109,EU516144)Node670,CY026683)Node669)Node653,HM144110)Node652,(((EU199338,CY025587)Node688,CY027147,EU199350,KP457752)Node682,CY025261)Node681,HM144130,(KP456657,CY021757)Node694,FJ231778)Node651,FJ231782)Node650,(((HM144115,HM144114,HM144111)Node701,HM144112)Node700,((KP456772,KP459041)Node708,(KP457643,CY027771)Node711)Node707)Node699)Node649,(((KP458803,KP457219)Node716,(KP459018,CY031140)Node719)Node715,CY026339)Node714)Node648,CY104822)Node646,(CY016328,CY016329)Node727)Node645,KP458918)Node644,(((((((EU097956,(((EU199348,CY028307)Node470,EU199354)Node469,((KP637382,KP456355)Node464,AB501381)Node463,EU716572,((KP459033,KP458513)Node458,(EU516017,(EU887025,(EU716538,EU516097)Node425,EU716559,EU779634)Node423,EU516300,((KX431175,KX431185)Node435,KX431172)Node434,(KP458795,EU516299)Node439,EU516092,EU887022,((EU516242,HQ291881)Node447,HM144123)Node446,KP458553)Node418,(KP457845,EU887027,CY040058)Node453,JN582055,KP458732,(FJ532072,KP458862,EU516253)Node406,(GQ476128,EU516023)Node402,KP637766,CY119274,EU566981,(HM144120,(KP457861,KP637614,KP457641)Node369,KP459214,((EU516086,EU566984)Node359,CY073953)Node358,(CY040114,HM176663,KP457765)Node363,(CY105046,(KP456298,(KP458720,(CY070152,FJ532095)Node295,FJ798792)Node293,KP458144)Node291,CY104966,(KP457855,KP458748)Node309,(AB501384,AB501387)Node305,KP457648,(CY036692,KP456835)Node329,(((HQ291892,HQ291893)Node324,KP456645)Node323,CY118167)Node322,((FJ264947,CY121592)Node317,KP457112)Node316,KP456386,KP457204,CY104587,(EU887034,((GQ476151,FJ549068)Node276,CY070136)Node275,CY070096,(KP457337,GQ476145)Node282,EU566970,(((FJ966244,KP457432)Node265,FJ743466)Node264,(KP457304,KP457227)Node269)Node263,CY172999,((KX431174{0.00691270335833849},KX431178,KX431171,(KX431176{0.001167682663519298},KX431170)Node252,(KX431184,KX431183{7.74391058688817e-06})Node255)Node248,(KJ909523,(FJ743454,((CY053674,CY053658{0.001275320036331462},CY087278)Node196,CY053654)Node195,(KP456502{0.001855056406618205},KP458139{0.002850075692558351},KP456613)Node187,KP458410{0.01209198189636279},FJ532073)Node184{0.003965765526225407},KP458754{0.002825065295317675},(CY070088,KP457395)Node205,KP458218)Node181,((CY099322,((GQ475901,HQ533865)Node215,GQ475879)Node214,FJ686999{0.002345855019798837},GQ475933,KP458060)Node212{0.003255674326108293},CY119298)Node211,(KP457682,CY099320{0.00195851807728481})Node226,((FJ687006,GQ475956,CY074387,KC782273)Node232,CY100796)Node231,KP457517,((CY074243,CY087143)Node243,KP458198)Node242,KP458906)Node178,AB501386,((GQ475968,(KP637518,GU271950)Node170,((CY053664,CY053670)Node143,KC780089,(CY099323,KC782266)Node135,GQ475780,GU183815,KP457738)Node131,((CY064807,GQ475852,KP458535)Node147,KP637854)Node146,((((GQ475939,GQ476148)Node158{0.02555795157864055},GQ475919)Node157,CY074139,KP456913,KP459312)Node155,(KP456537,KP458456)Node166)Node154,KP459274)Node127,(((((CY080721,CY080610)Node114,(CY074131,CY080897)Node117)Node113,FJ686977)Node112,GQ475707)Node111,(GQ475904,FJ549040)Node107{0.01708073307211677},FJ687013{0.01577710515966058},(GQ475701,FJ687003{0.01107672224648271})Node103,(((CY100820,CY100836)Node98,GQ476114{0.002826072024211757},GQ475899,CY074339,KF765558{0.0169862396721383},KP458628{0.0224274828456541},CY073837,CY147587,KC782260,GQ476076{0.01562827944229844},GQ475724{0.01544224084858992},GQ475990)Node76,CY100828)Node75{0.02037575090813848},GQ896366)Node71,(KP457835,EU779616,KM403100)Node122)Node69,(CY058495,EU567013)Node174)Node64,HQ291894)Node61,(EU516089{0.01101619127485964},(CY073935,CY073927)Node348,((CY040258,CY039447,KP458231)Node341,EU716526)Node340,CY073960,(EU779624,EU779625)Node352,EU516237)Node336)Node57,(((KP458105,(CY172935,KP456197)Node388,(FJ532089,KP458600)Node382,KP457399,KP456286)Node379,FJ264945,KP458914,KP456212)Node377,(EU516247,KP637894)Node396)Node376)Node52,FJ183466)Node49,CY094797)Node47,CY119178)Node46,KP457309)Node45,((HQ291874,((KP456634,((KP458765{0.002654588609659669},KP457624)Node593,(KP458423,KP457477,KP457157)Node588,(KP459278,KF533064,(((KP459323,KP456474)Node576,KP456617)Node575,(KP456988,KP456289)Node572,((((KP456256,(CY104958,(CY104910,CY104886)Node550,CY105142,CY104571)Node548,(KP458266,KP457570)Node557)Node546,EU779612)Node545,(KP459256,(EU716570,EU516059)Node564,(EU516094,EU516057)Node567)Node562)Node544,KP456460)Node543,(((KP458692,(KP458865,(KP457006,(KP457308,CY054553)Node516,KP456801)Node514,((KP456964,KP456492)Node504,KP458608)Node503,(FJ549060,KP457549)Node508,KP459239,KP458285{0.002268080029867003})Node499,EU567019)Node497,(KP458524,KP459297,KP456799)Node526,CY118083,(KF533063{0.002417549911028161},KP456208)Node533,EU199355,KP458339)Node496,(KP456594,CY053668)Node539)Node495,KP456549)Node491,(KP458658,KP457646)Node580)Node488,(KP458730,KP456637)Node585{0.002772936103818679})Node485,(EU382982,HQ291870)Node596)Node483,(KP457512,KP457622)Node600)Node482,(EU382986,EU382987)Node603)Node480,KP458029)Node479,CY125204)Node44,(CY119162,(FJ231784,((CY104838,(HQ291877,CY104284)Node621,(KP457692,KP458818)Node617,CY100980)Node614,(HQ291880,HQ291878)Node625)Node613,(KP456422,HQ291876)Node628)Node611,CY119170)Node609)Node43,CY117840)Node42,CY125148)Node41,((CY104068,CY104694)Node637,CY103996)Node636,CY006195,CY103988)Node38,DQ397950)Node37,CY125663)Node36,(((CY002152,(FJ231789,FJ231791)Node737,CY016326,CY002664)Node735,EU097959)Node734,(CY125172,CY122316)Node745)Node733)Node34,(KP456555,KP459151)Node751)Node33,CY147318)Node32,(((KP456770,(CY010412,(JX477158,DQ249260)Node761,KP456418)Node759,KP458850)Node757,KP458690)Node756,KP458210)Node755)Node31,AF386781)Node30,AF386775)Node29,CY125012)Node26,CY119074)Node25,CY125068)Node24,CY013845)Node23,CY033614)Node22,((((((((((CY019125,CY010740,AY282757,CY019867)Node789,CY021005,CY010484)Node788,CY036839)Node787,CY117691)Node786,(CY012856,CY015532)Node801,(CY011800,CY125060)Node805,CY125052)Node784,DQ415316)Node783,(((CY125662,CY017155)Node812,AF386774)Node811,CY010508)Node810)Node782,CY125036)Node781,(CY013303,CY125044)Node818)Node780,(CY147382,AY289927)Node821)Node779)Node21,CY036823)Node20,D13574)Node19,JX477163)Node17,CY020477)Node16,(CY019779,CY019101)Node829)Node15,CY020453)Node14,(((CY021037,AJ289702)Node835,CY021725)Node834,CY017877)Node833)Node13,(CY021029,CY010364)Node840)Node12,((CY028724,CY021909)Node844,CY026411)Node843)Node11,CY020173)Node10,CY009292)Node9,(M38312{0.000787949241307484},K01330{0.03210707291587078},DQ508897)Node850)Node8,CY147374)Node7,CY019947)Node6,(((((CY077748,(((CY146793,CY125862)Node865,JN540082)Node864,CY147334)Node863,CY077725)Node861,CY077768)Node860,(CY022021,CY146785)Node873)Node859,(CY009612,U02085)Node876)Node858,(CY013271,CY009596)Node879)Node857)Node5,((CY147366,CY021709)Node883,CY020285)Node882)Node4,CY009276)Node3,((((((((Z54287,((CY147518,CY147534{0.0006416303840159898})Node898{0.0003242126719850136},CY146857)Node897,CY148243)Node895,CY033577)Node894,LC120391)Node893,CY146833)Node892,V01088)Node891,CY020445)Node890,CY020469)Node889,(CY045772,CY009324)Node910)Node888)Node2,((((((AF408859,U08903)Node918,U08904)Node917,CY009604)Node916,CY045756)Node915,((CY010788,CY034132)Node925,DQ508905)Node924)Node914,CY147326)Node913,AF117241)

----

```
                |CY045852 (N.S)
               |+Node17 (N.S)
               ||       |AF386778 (N.S)
               ||       |DQ415317 (N.S)
               ||      |+Node26 (N.S)
               ||      ||      |CY012296 (N.S)
               ||      ||     |+Node748 (N.S)
               ||      ||     ||CY010140 (N.S)
               ||      ||    |+Node34 (N.S)
               ||      ||    ||      |CY105158 (N.S)
               ||      ||    ||     |+Node724 (N.S)
               ||      ||    ||     ||CY119130 (N.S)
               ||      ||    ||    |+Node646 (N.S)
               ||      ||    ||    ||      |KP456878 (N.S)
               ||      ||    ||    ||     |+Node675 (N.S)
               ||      ||    ||    ||     ||CY172719 (N.S)
               ||      ||    ||    ||     |CY027779 (N.S)
               ||      ||    ||    ||    |+Node653 (N.S)
               ||      ||    ||    ||    |||CY027963 (N.S)
               ||      ||    ||    ||    ||+Node656 (N.S)
               ||      ||    ||    ||    ||| |CY027067 (N.S)
               ||      ||    ||    ||    ||| |CY027219 (N.S)
               ||      ||    ||    ||    ||||+Node659 (N.S)
               ||      ||    ||    ||    |||||CY030061 (N.S)
               ||      ||    ||    ||    |||||CY031571 (N.S)
               ||      ||    ||    ||    |||+Node658 (N.S)
               ||      ||    ||    ||    ||||CY026731 (N.S)
               ||      ||    ||    ||    |||EU100703 (N.S)
               ||      ||    ||    ||    || |EU516109 (N.S)
               ||      ||    ||    ||    |||+Node670 (N.S)
               ||      ||    ||    ||    ||||EU516144 (N.S)
               ||      ||    ||    ||    ||+Node669 (N.S)
               ||      ||    ||    ||    | |CY026683 (N.S)
               ||      ||    ||    ||   |+Node652 (N.S)
               ||      ||    ||    ||   ||HM144110 (N.S)
               ||      ||    ||    ||   |  |EU199338 (N.S)
               ||      ||    ||    ||   | |+Node688 (N.S)
               ||      ||    ||    ||   | ||CY025587 (N.S)
               ||      ||    ||    ||   | |CY027147 (N.S)
               ||      ||    ||    ||   ||+Node682 (N.S)
               ||      ||    ||    ||   |||EU199350 (N.S)
               ||      ||    ||    ||   |||KP457752 (N.S)
               ||      ||    ||    ||   |+Node681 (N.S)
               ||      ||    ||    ||   ||CY025261 (N.S)
               ||      ||    ||    ||  |+Node651 (N.S)
               ||      ||    ||    ||  ||HM144130 (N.S)
               ||      ||    ||    ||  |||KP456657 (N.S)
               ||      ||    ||    ||  ||+Node694 (N.S)
               ||      ||    ||    ||  |||CY021757 (N.S)
               ||      ||    ||    ||  ||FJ231778 (N.S)
               ||      ||    ||    || |+Node650 (N.S)
               ||      ||    ||    || ||FJ231782 (N.S)
               ||      ||    ||    |||+Node649 (N.S)
               ||      ||    ||    ||||  |HM144115 (N.S)
               ||      ||    ||    |||| |+Node701 (N.S)
               ||      ||    ||    |||| ||HM144114 (N.S)
               ||      ||    ||    |||| ||HM144111 (N.S)
               ||      ||    ||    |||||+Node700 (N.S)
               ||      ||    ||    ||||||HM144112 (N.S)
               ||      ||    ||    ||||+Node699 (N.S)
               ||      ||    ||    ||| | |KP456772 (N.S)
               ||      ||    ||    ||| ||+Node708 (N.S)
               ||      ||    ||    ||| |||KP459041 (N.S)
               ||      ||    ||    ||| |+Node707 (N.S)
               ||      ||    ||    |||  ||KP457643 (N.S)
               ||      ||    ||    |||  |+Node711 (N.S)
               ||      ||    ||    |||   |CY027771 (N.S)
               ||      ||    ||    ||+Node648 (N.S)
               ||      ||    ||    |||  |KP458803 (N.S)
               ||      ||    ||    ||| |+Node716 (N.S)
               ||      ||    ||    ||| ||KP457219 (N.S)
               ||      ||    ||    ||||+Node715 (N.S)
               ||      ||    ||    ||||||KP459018 (N.S)
               ||      ||    ||    |||||+Node719 (N.S)
               ||      ||    ||    |||| |CY031140 (N.S)
               ||      ||    ||    |||+Node714 (N.S)
               ||      ||    ||    || |CY026339 (N.S)
               ||      ||    ||    ||CY104822 (N.S)
               ||      ||    ||   |+Node645 (N.S)
               ||      ||    ||   |||CY016328 (N.S)
               ||      ||    ||   ||+Node727 (N.S)
               ||      ||    ||   | |CY016329 (N.S)
               ||      ||    ||  |+Node644 (N.S)
               ||      ||    ||  ||KP458918 (N.S)
               ||      ||    ||  |      |EU097956 (N.S)
               ||      ||    ||  |     |+Node47 (N.S)
               ||      ||    ||  |     ||  |EU199348 (N.S)
               ||      ||    ||  |     || |+Node470 (N.S)
               ||      ||    ||  |     || ||CY028307 (N.S)
               ||      ||    ||  |     |||+Node469 (N.S)
               ||      ||    ||  |     ||||EU199354 (N.S)
               ||      ||    ||  |     ||| |KP637382 (N.S)
               ||      ||    ||  |     ||||+Node464 (N.S)
               ||      ||    ||  |     |||||KP456355 (N.S)
               ||      ||    ||  |     |||+Node463 (N.S)
               ||      ||    ||  |     ||||AB501381 (N.S)
               ||      ||    ||  |     ||+Node49 (N.S)
               ||      ||    ||  |     |||EU716572 (N.S)
               ||      ||    ||  |     ||| |KP459033 (N.S)
               ||      ||    ||  |     ||||+Node458 (N.S)
               ||      ||    ||  |     |||||KP458513 (N.S)
               ||      ||    ||  |     |||||EU516017 (N.S)
               ||      ||    ||  |     ||||||EU887025 (N.S)
               ||      ||    ||  |     |||||||EU716538 (N.S)
               ||      ||    ||  |     ||||||+Node425 (N.S)
               ||      ||    ||  |     |||||||EU516097 (N.S)
               ||      ||    ||  |     |||||+Node423 (N.S)
               ||      ||    ||  |     ||||||EU716559 (N.S)
               ||      ||    ||  |     ||||||EU779634 (N.S)
               ||      ||    ||  |     |||||EU516300 (N.S)
               ||      ||    ||  |     ||||| |KX431175 (N.S)
               ||      ||    ||  |     ||||||+Node435 (N.S)
               ||      ||    ||  |     |||||||KX431185 (N.S)
               ||      ||    ||  |     |||||+Node434 (N.S)
               ||      ||    ||  |     ||||||KX431172 (N.S)
               ||      ||    ||  |     ||||+Node418 (N.S)
               ||      ||    ||  |     ||||||KP458795 (N.S)
               ||      ||    ||  |     |||||+Node439 (N.S)
               ||      ||    ||  |     ||||||EU516299 (N.S)
               ||      ||    ||  |     |||||EU516092 (N.S)
               ||      ||    ||  |     |||||EU887022 (N.S)
               ||      ||    ||  |     ||||| |EU516242 (N.S)
               ||      ||    ||  |     ||||||+Node447 (N.S)
               ||      ||    ||  |     |||||||HQ291881 (N.S)
               ||      ||    ||  |     |||||+Node446 (N.S)
               ||      ||    ||  |     ||||||HM144123 (N.S)
               ||      ||    ||  |     |||||KP458553 (N.S)
               ||      ||    ||  |     |||||KP457845 (N.S)
               ||      ||    ||  |     ||||+Node453 (N.S)
               ||      ||    ||  |     |||||EU887027 (N.S)
               ||      ||    ||  |     |||||CY040058 (N.S)
               ||      ||    ||  |     ||||JN582055 (N.S)
               ||      ||    ||  |     ||||KP458732 (N.S)
               ||      ||    ||  |     |||||FJ532072 (N.S)
               ||      ||    ||  |     ||||+Node406 (N.S)
               ||      ||    ||  |     |||||KP458862 (N.S)
               ||      ||    ||  |     |||||EU516253 (N.S)
               ||      ||    ||  |     |||+Node52 (N.S)
               ||      ||    ||  |     |||||GQ476128 (N.S)
               ||      ||    ||  |     ||||+Node402 (N.S)
               ||      ||    ||  |     |||||EU516023 (N.S)
               ||      ||    ||  |     ||||KP637766 (N.S)
               ||      ||    ||  |     ||||CY119274 (N.S)
               ||      ||    ||  |     ||||EU566981 (N.S)
               ||      ||    ||  |     |||||HM144120 (N.S)
               ||      ||    ||  |     ||||||KP457861 (N.S)
               ||      ||    ||  |     |||||+Node369 (N.S)
               ||      ||    ||  |     ||||||KP637614 (N.S)
               ||      ||    ||  |     ||||||KP457641 (N.S)
               ||      ||    ||  |     |||||KP459214 (N.S)
               ||      ||    ||  |     ||||+Node57 (N.S)
               ||      ||    ||  |     ||||| |EU516086 (N.S)
               ||      ||    ||  |     ||||||+Node359 (N.S)
               ||      ||    ||  |     |||||||EU566984 (N.S)
               ||      ||    ||  |     |||||+Node358 (N.S)
               ||      ||    ||  |     ||||||CY073953 (N.S)
               ||      ||    ||  |     ||||||CY040114 (N.S)
               ||      ||    ||  |     |||||+Node363 (N.S)
               ||      ||    ||  |     ||||||HM176663 (N.S)
               ||      ||    ||  |     ||||||KP457765 (N.S)
               ||      ||    ||  |     ||||||CY105046 (N.S)
               ||      ||    ||  |     |||||||KP456298 (N.S)
               ||      ||    ||  |     ||||||+Node291 (N.S)
               ||      ||    ||  |     ||||||||KP458720 (N.S)
               ||      ||    ||  |     |||||||+Node293 (N.S)
               ||      ||    ||  |     |||||||||CY070152 (N.S)
               ||      ||    ||  |     ||||||||+Node295 (N.S)
               ||      ||    ||  |     |||||||||FJ532095 (N.S)
               ||      ||    ||  |     ||||||||FJ798792 (N.S)
               ||      ||    ||  |     |||||||KP458144 (N.S)
               ||      ||    ||  |     ||||||CY104966 (N.S)
               ||      ||    ||  |     |||||||KP457855 (N.S)
               ||      ||    ||  |     ||||||+Node309 (N.S)
               ||      ||    ||  |     |||||||KP458748 (N.S)
               ||      ||    ||  |     |||||||AB501384 (N.S)
               ||      ||    ||  |     ||||||+Node305 (N.S)
               ||      ||    ||  |     |||||||AB501387 (N.S)
               ||      ||    ||  |     ||||||KP457648 (N.S)
               ||      ||    ||  |     |||||||CY036692 (N.S)
               ||      ||    ||  |     ||||||+Node329 (N.S)
               ||      ||    ||  |     |||||||KP456835 (N.S)
               ||      ||    ||  |     |||||+Node61 (N.S)
               ||      ||    ||  |     ||||||  |HQ291892 (N.S)
               ||      ||    ||  |     |||||| |+Node324 (N.S)
               ||      ||    ||  |     |||||| ||HQ291893 (N.S)
               ||      ||    ||  |     |||||||+Node323 (N.S)
               ||      ||    ||  |     ||||||||KP456645 (N.S)
               ||      ||    ||  |     ||||||+Node322 (N.S)
               ||      ||    ||  |     |||||||CY118167 (N.S)
               ||      ||    ||  |     |||||| |FJ264947 (N.S)
               ||      ||    ||  |     |||||||+Node317 (N.S)
               ||      ||    ||  |     ||||||||CY121592 (N.S)
               ||      ||    ||  |     ||||||+Node316 (N.S)
               ||      ||    ||  |     |||||||KP457112 (N.S)
               ||      ||    ||  |     ||||||KP456386 (N.S)
               ||      ||    ||  |     ||||||KP457204 (N.S)
               ||      ||    ||  |     ||||||CY104587 (N.S)
               ||      ||    ||  |     |||||||EU887034 (N.S)
               ||      ||    ||  |     ||||||| |GQ476151 (N.S)
               ||      ||    ||  |     ||||||||+Node276 (N.S)
               ||      ||    ||  |     |||||||||FJ549068 (N.S)
               ||      ||    ||  |     |||||||+Node275 (N.S)
               ||      ||    ||  |     ||||||||CY070136 (N.S)
               ||      ||    ||  |     |||||||CY070096 (N.S)
               ||      ||    ||  |     ||||||||KP457337 (N.S)
               ||      ||    ||  |     |||||||+Node282 (N.S)
               ||      ||    ||  |     ||||||||GQ476145 (N.S)
               ||      ||    ||  |     |||||||EU566970 (N.S)
               ||      ||    ||  |     ||||||+Node64 (N.S)
               ||      ||    ||  |     |||||||  |FJ966244 (N.S)
               ||      ||    ||  |     ||||||| |+Node265 (N.S)
               ||      ||    ||  |     ||||||| ||KP457432 (N.S)
               ||      ||    ||  |     ||||||||+Node264 (N.S)
               ||      ||    ||  |     |||||||||FJ743466 (N.S)
               ||      ||    ||  |     |||||||+Node263 (N.S)
               ||      ||    ||  |     |||||||||KP457304 (N.S)
               ||      ||    ||  |     ||||||||+Node269 (N.S)
               ||      ||    ||  |     ||||||| |KP457227 (N.S)
               ||      ||    ||  |     |||||||CY172999 (N.S)
               ||      ||    ||  |     ||||||| |KX431174 (0.00691270335833849)
               ||      ||    ||  |     ||||||| |KX431178 (N.S)
               ||      ||    ||  |     ||||||||+Node248 (N.S)
               ||      ||    ||  |     |||||||||KX431171 (N.S)
               ||      ||    ||  |     ||||||||||KX431176 (0.001167682663519298)
               ||      ||    ||  |     |||||||||+Node252 (N.S)
               ||      ||    ||  |     ||||||||||KX431170 (N.S)
               ||      ||    ||  |     ||||||||||KX431184 (N.S)
               ||      ||    ||  |     |||||||||+Node255 (N.S)
               ||      ||    ||  |     |||||||| |KX431183 (7.74391058688817e-06)
               ||      ||    ||  |     |||||||||KJ909523 (N.S)
               ||      ||    ||  |     ||||||||||FJ743454 (N.S)
               ||      ||    ||  |     |||||||||| |CY053674 (N.S)
               ||      ||    ||  |     |||||||||||+Node196 (N.S)
               ||      ||    ||  |     ||||||||||||CY053658 (0.001275320036331462)
               ||      ||    ||  |     ||||||||||||CY087278 (N.S)
               ||      ||    ||  |     ||||||||||+Node195 (N.S)
               ||      ||    ||  |     |||||||||||CY053654 (N.S)
               ||      ||    ||  |     |||||||||+Node184 (0.003965765526225407)
               ||      ||    ||  |     |||||||||||KP456502 (0.001855056406618205)
               ||      ||    ||  |     ||||||||||+Node187 (N.S)
               ||      ||    ||  |     |||||||||||KP458139 (0.002850075692558351)
               ||      ||    ||  |     |||||||||||KP456613 (N.S)
               ||      ||    ||  |     ||||||||||KP458410 (0.01209198189636279)
               ||      ||    ||  |     ||||||||||FJ532073 (N.S)
               ||      ||    ||  |     ||||||||+Node181 (N.S)
               ||      ||    ||  |     |||||||||KP458754 (0.002825065295317675)
               ||      ||    ||  |     ||||||||||CY070088 (N.S)
               ||      ||    ||  |     |||||||||+Node205 (N.S)
               ||      ||    ||  |     ||||||||||KP457395 (N.S)
               ||      ||    ||  |     |||||||||KP458218 (N.S)
               ||      ||    ||  |     |||||||| |CY099322 (N.S)
               ||      ||    ||  |     |||||||| | |GQ475901 (N.S)
               ||      ||    ||  |     |||||||| ||+Node215 (N.S)
               ||      ||    ||  |     |||||||| |||HQ533865 (N.S)
               ||      ||    ||  |     |||||||| |+Node214 (N.S)
               ||      ||    ||  |     |||||||| ||GQ475879 (N.S)
               ||      ||    ||  |     |||||||||+Node212 (0.003255674326108293)
               ||      ||    ||  |     ||||||||||FJ686999 (0.002345855019798837)
               ||      ||    ||  |     ||||||||||GQ475933 (N.S)
               ||      ||    ||  |     ||||||||||KP458060 (N.S)
               ||      ||    ||  |     ||||||||+Node211 (N.S)
               ||      ||    ||  |     |||||||||CY119298 (N.S)
               ||      ||    ||  |     |||||||||KP457682 (N.S)
               ||      ||    ||  |     ||||||||+Node226 (N.S)
               ||      ||    ||  |     |||||||||CY099320 (0.00195851807728481)
               ||      ||    ||  |     |||||||+Node178 (N.S)
               ||      ||    ||  |     |||||||| |FJ687006 (N.S)
               ||      ||    ||  |     |||||||| |GQ475956 (N.S)
               ||      ||    ||  |     |||||||||+Node232 (N.S)
               ||      ||    ||  |     ||||||||||CY074387 (N.S)
               ||      ||    ||  |     ||||||||||KC782273 (N.S)
               ||      ||    ||  |     ||||||||+Node231 (N.S)
               ||      ||    ||  |     |||||||||CY100796 (N.S)
               ||      ||    ||  |     ||||||||KP457517 (N.S)
               ||      ||    ||  |     |||||||| |CY074243 (N.S)
               ||      ||    ||  |     |||||||||+Node243 (N.S)
               ||      ||    ||  |     ||||||||||CY087143 (N.S)
               ||      ||    ||  |     ||||||||+Node242 (N.S)
               ||      ||    ||  |     |||||||||KP458198 (N.S)
               ||      ||    ||  |     ||||||||KP458906 (N.S)
               ||      ||    ||  |     |||||||AB501386 (N.S)
               ||      ||    ||  |     ||||||| |GQ475968 (N.S)
               ||      ||    ||  |     ||||||| ||KP637518 (N.S)
               ||      ||    ||  |     ||||||| |+Node170 (N.S)
               ||      ||    ||  |     ||||||| ||GU271950 (N.S)
               ||      ||    ||  |     ||||||| | |CY053664 (N.S)
               ||      ||    ||  |     ||||||| ||+Node143 (N.S)
               ||      ||    ||  |     ||||||| |||CY053670 (N.S)
               ||      ||    ||  |     ||||||| ||KC780089 (N.S)
               ||      ||    ||  |     ||||||| |||CY099323 (N.S)
               ||      ||    ||  |     ||||||| ||+Node135 (N.S)
               ||      ||    ||  |     ||||||| |||KC782266 (N.S)
               ||      ||    ||  |     ||||||| |+Node131 (N.S)
               ||      ||    ||  |     ||||||| ||GQ475780 (N.S)
               ||      ||    ||  |     ||||||| ||GU183815 (N.S)
               ||      ||    ||  |     ||||||| ||KP457738 (N.S)
               ||      ||    ||  |     ||||||||+Node127 (N.S)
               ||      ||    ||  |     ||||||||| |CY064807 (N.S)
               ||      ||    ||  |     ||||||||||+Node147 (N.S)
               ||      ||    ||  |     |||||||||||GQ475852 (N.S)
               ||      ||    ||  |     |||||||||||KP458535 (N.S)
               ||      ||    ||  |     |||||||||+Node146 (N.S)
               ||      ||    ||  |     ||||||||||KP637854 (N.S)
               ||      ||    ||  |     |||||||||   |GQ475939 (N.S)
               ||      ||    ||  |     |||||||||  |+Node158 (0.02555795157864055)
               ||      ||    ||  |     |||||||||  ||GQ476148 (N.S)
               ||      ||    ||  |     ||||||||| |+Node157 (N.S)
               ||      ||    ||  |     ||||||||| ||GQ475919 (N.S)
               ||      ||    ||  |     ||||||||| |CY074139 (N.S)
               ||      ||    ||  |     ||||||||||+Node155 (N.S)
               ||      ||    ||  |     |||||||||||KP456913 (N.S)
               ||      ||    ||  |     |||||||||||KP459312 (N.S)
               ||      ||    ||  |     |||||||||+Node154 (N.S)
               ||      ||    ||  |     |||||||||||KP456537 (N.S)
               ||      ||    ||  |     ||||||||||+Node166 (N.S)
               ||      ||    ||  |     ||||||||| |KP458456 (N.S)
               ||      ||    ||  |     |||||||||KP459274 (N.S)
               ||      ||    ||  |     |||||||+Node69 (N.S)
               ||      ||    ||  |     ||||||||    |CY080721 (N.S)
               ||      ||    ||  |     ||||||||   |+Node114 (N.S)
               ||      ||    ||  |     ||||||||   ||CY080610 (N.S)
               ||      ||    ||  |     ||||||||  |+Node113 (N.S)
               ||      ||    ||  |     ||||||||  |||CY074131 (N.S)
               ||      ||    ||  |     ||||||||  ||+Node117 (N.S)
               ||      ||    ||  |     ||||||||  | |CY080897 (N.S)
               ||      ||    ||  |     |||||||| |+Node112 (N.S)
               ||      ||    ||  |     |||||||| ||FJ686977 (N.S)
               ||      ||    ||  |     |||||||||+Node111 (N.S)
               ||      ||    ||  |     ||||||||||GQ475707 (N.S)
               ||      ||    ||  |     ||||||||||GQ475904 (N.S)
               ||      ||    ||  |     |||||||||+Node107 (0.01708073307211677)
               ||      ||    ||  |     ||||||||||FJ549040 (N.S)
               ||      ||    ||  |     |||||||||FJ687013 (0.01577710515966058)
               ||      ||    ||  |     ||||||||+Node71 (N.S)
               ||      ||    ||  |     ||||||||||GQ475701 (N.S)
               ||      ||    ||  |     |||||||||+Node103 (N.S)
               ||      ||    ||  |     ||||||||||FJ687003 (0.01107672224648271)
               ||      ||    ||  |     |||||||||  |CY100820 (N.S)
               ||      ||    ||  |     ||||||||| |+Node98 (N.S)
               ||      ||    ||  |     ||||||||| ||CY100836 (N.S)
               ||      ||    ||  |     ||||||||| |GQ476114 (0.002826072024211757)
               ||      ||    ||  |     ||||||||| |GQ475899 (N.S)
               ||      ||    ||  |     ||||||||| |CY074339 (N.S)
               ||      ||    ||  |     ||||||||| |KF765558 (0.0169862396721383)
               ||      ||    ||  |     ||||||||| |KP458628 (0.0224274828456541)
               ||      ||    ||  |     ||||||||||+Node76 (N.S)
               ||      ||    ||  |     |||||||||||CY073837 (N.S)
               ||      ||    ||  |     |||||||||||CY147587 (N.S)
               ||      ||    ||  |     |||||||||||KC782260 (N.S)
               ||      ||    ||  |     |||||||||||GQ476076 (0.01562827944229844)
               ||      ||    ||  |     |||||||||||GQ475724 (0.01544224084858992)
               ||      ||    ||  |     |||||||||||GQ475990 (N.S)
               ||      ||    ||  |     |||||||||+Node75 (0.02037575090813848)
               ||      ||    ||  |     ||||||||||CY100828 (N.S)
               ||      ||    ||  |     |||||||||GQ896366 (N.S)
               ||      ||    ||  |     |||||||||KP457835 (N.S)
               ||      ||    ||  |     ||||||||+Node122 (N.S)
               ||      ||    ||  |     ||||||| |EU779616 (N.S)
               ||      ||    ||  |     ||||||| |KM403100 (N.S)
               ||      ||    ||  |     ||||||||CY058495 (N.S)
               ||      ||    ||  |     |||||||+Node174 (N.S)
               ||      ||    ||  |     |||||| |EU567013 (N.S)
               ||      ||    ||  |     ||||||HQ291894 (N.S)
               ||      ||    ||  |     ||||||EU516089 (0.01101619127485964)
               ||      ||    ||  |     |||||||CY073935 (N.S)
               ||      ||    ||  |     ||||||+Node348 (N.S)
               ||      ||    ||  |     |||||||CY073927 (N.S)
               ||      ||    ||  |     |||||| |CY040258 (N.S)
               ||      ||    ||  |     |||||||+Node341 (N.S)
               ||      ||    ||  |     ||||||||CY039447 (N.S)
               ||      ||    ||  |     ||||||||KP458231 (N.S)
               ||      ||    ||  |     ||||||+Node340 (N.S)
               ||      ||    ||  |     |||||||EU716526 (N.S)
               ||      ||    ||  |     |||||+Node336 (N.S)
               ||      ||    ||  |     |||| |CY073960 (N.S)
               ||      ||    ||  |     |||| ||EU779624 (N.S)
               ||      ||    ||  |     |||| |+Node352 (N.S)
               ||      ||    ||  |     |||| ||EU779625 (N.S)
               ||      ||    ||  |     |||| |EU516237 (N.S)
               ||      ||    ||  |     ||||  |KP458105 (N.S)
               ||      ||    ||  |     ||||  ||CY172935 (N.S)
               ||      ||    ||  |     ||||  |+Node388 (N.S)
               ||      ||    ||  |     ||||  ||KP456197 (N.S)
               ||      ||    ||  |     |||| |+Node379 (N.S)
               ||      ||    ||  |     |||| |||FJ532089 (N.S)
               ||      ||    ||  |     |||| ||+Node382 (N.S)
               ||      ||    ||  |     |||| |||KP458600 (N.S)
               ||      ||    ||  |     |||| ||KP457399 (N.S)
               ||      ||    ||  |     |||| ||KP456286 (N.S)
               ||      ||    ||  |     |||| |FJ264945 (N.S)
               ||      ||    ||  |     |||||+Node377 (N.S)
               ||      ||    ||  |     ||||||KP458914 (N.S)
               ||      ||    ||  |     ||||||KP456212 (N.S)
               ||      ||    ||  |     ||||+Node376 (N.S)
               ||      ||    ||  |     ||| ||EU516247 (N.S)
               ||      ||    ||  |     ||| |+Node396 (N.S)
               ||      ||    ||  |     |||  |KP637894 (N.S)
               ||      ||    ||  |     |||FJ183466 (N.S)
               ||      ||    ||  |     ||CY094797 (N.S)
               ||      ||    ||  |    |+Node46 (N.S)
               ||      ||    ||  |    ||CY119178 (N.S)
               ||      ||    ||  |   |+Node45 (N.S)
               ||      ||    ||  |   ||KP457309 (N.S)
               ||      ||    ||  |  |+Node44 (N.S)
               ||      ||    ||  |  || |HQ291874 (N.S)
               ||      ||    ||  |  |||+Node480 (N.S)
               ||      ||    ||  |  |||| |KP456634 (N.S)
               ||      ||    ||  |  |||||+Node483 (N.S)
               ||      ||    ||  |  |||||| |KP458765 (0.002654588609659669)
               ||      ||    ||  |  |||||||+Node593 (N.S)
               ||      ||    ||  |  ||||||||KP457624 (N.S)
               ||      ||    ||  |  ||||||||KP458423 (N.S)
               ||      ||    ||  |  |||||||+Node588 (N.S)
               ||      ||    ||  |  ||||||||KP457477 (N.S)
               ||      ||    ||  |  ||||||||KP457157 (N.S)
               ||      ||    ||  |  ||||||+Node485 (N.S)
               ||      ||    ||  |  ||||||||KP459278 (N.S)
               ||      ||    ||  |  ||||||||KF533064 (N.S)
               ||      ||    ||  |  |||||||+Node488 (N.S)
               ||      ||    ||  |  ||||||||  |KP459323 (N.S)
               ||      ||    ||  |  |||||||| |+Node576 (N.S)
               ||      ||    ||  |  |||||||| ||KP456474 (N.S)
               ||      ||    ||  |  |||||||||+Node575 (N.S)
               ||      ||    ||  |  ||||||||||KP456617 (N.S)
               ||      ||    ||  |  ||||||||||KP456988 (N.S)
               ||      ||    ||  |  |||||||||+Node572 (N.S)
               ||      ||    ||  |  ||||||||||KP456289 (N.S)
               ||      ||    ||  |  ||||||||+Node491 (N.S)
               ||      ||    ||  |  |||||||||   |KP456256 (N.S)
               ||      ||    ||  |  |||||||||  |+Node546 (N.S)
               ||      ||    ||  |  |||||||||  |||CY104958 (N.S)
               ||      ||    ||  |  |||||||||  ||||CY104910 (N.S)
               ||      ||    ||  |  |||||||||  |||+Node550 (N.S)
               ||      ||    ||  |  |||||||||  ||||CY104886 (N.S)
               ||      ||    ||  |  |||||||||  ||+Node548 (N.S)
               ||      ||    ||  |  |||||||||  |||CY105142 (N.S)
               ||      ||    ||  |  |||||||||  |||CY104571 (N.S)
               ||      ||    ||  |  |||||||||  |||KP458266 (N.S)
               ||      ||    ||  |  |||||||||  ||+Node557 (N.S)
               ||      ||    ||  |  |||||||||  | |KP457570 (N.S)
               ||      ||    ||  |  ||||||||| |+Node545 (N.S)
               ||      ||    ||  |  ||||||||| ||EU779612 (N.S)
               ||      ||    ||  |  ||||||||||+Node544 (N.S)
               ||      ||    ||  |  ||||||||||||KP459256 (N.S)
               ||      ||    ||  |  |||||||||||+Node562 (N.S)
               ||      ||    ||  |  |||||||||| ||EU716570 (N.S)
               ||      ||    ||  |  |||||||||| |+Node564 (N.S)
               ||      ||    ||  |  |||||||||| ||EU516059 (N.S)
               ||      ||    ||  |  |||||||||| ||EU516094 (N.S)
               ||      ||    ||  |  |||||||||| |+Node567 (N.S)
               ||      ||    ||  |  ||||||||||  |EU516057 (N.S)
               ||      ||    ||  |  |||||||||+Node543 (N.S)
               ||      ||    ||  |  ||||||||||KP456460 (N.S)
               ||      ||    ||  |  |||||||||  |KP458692 (N.S)
               ||      ||    ||  |  ||||||||| |+Node497 (N.S)
               ||      ||    ||  |  ||||||||| |||KP458865 (N.S)
               ||      ||    ||  |  ||||||||| ||||KP457006 (N.S)
               ||      ||    ||  |  ||||||||| |||+Node514 (N.S)
               ||      ||    ||  |  ||||||||| |||||KP457308 (N.S)
               ||      ||    ||  |  ||||||||| ||||+Node516 (N.S)
               ||      ||    ||  |  ||||||||| |||||CY054553 (N.S)
               ||      ||    ||  |  ||||||||| ||||KP456801 (N.S)
               ||      ||    ||  |  ||||||||| ||| |KP456964 (N.S)
               ||      ||    ||  |  ||||||||| ||||+Node504 (N.S)
               ||      ||    ||  |  ||||||||| |||||KP456492 (N.S)
               ||      ||    ||  |  ||||||||| |||+Node503 (N.S)
               ||      ||    ||  |  ||||||||| ||||KP458608 (N.S)
               ||      ||    ||  |  ||||||||| ||+Node499 (N.S)
               ||      ||    ||  |  ||||||||| ||||FJ549060 (N.S)
               ||      ||    ||  |  ||||||||| |||+Node508 (N.S)
               ||      ||    ||  |  ||||||||| ||||KP457549 (N.S)
               ||      ||    ||  |  ||||||||| |||KP459239 (N.S)
               ||      ||    ||  |  ||||||||| |||KP458285 (0.002268080029867003)
               ||      ||    ||  |  ||||||||| ||EU567019 (N.S)
               ||      ||    ||  |  ||||||||| ||KP458524 (N.S)
               ||      ||    ||  |  ||||||||| |+Node526 (N.S)
               ||      ||    ||  |  ||||||||| ||KP459297 (N.S)
               ||      ||    ||  |  ||||||||| ||KP456799 (N.S)
               ||      ||    ||  |  ||||||||| |CY118083 (N.S)
               ||      ||    ||  |  ||||||||||+Node496 (N.S)
               ||      ||    ||  |  ||||||||||||KF533063 (0.002417549911028161)
               ||      ||    ||  |  |||||||||||+Node533 (N.S)
               ||      ||    ||  |  ||||||||||||KP456208 (N.S)
               ||      ||    ||  |  |||||||||||EU199355 (N.S)
               ||      ||    ||  |  |||||||||||KP458339 (N.S)
               ||      ||    ||  |  |||||||||+Node495 (N.S)
               ||      ||    ||  |  |||||||||||KP456594 (N.S)
               ||      ||    ||  |  ||||||||||+Node539 (N.S)
               ||      ||    ||  |  ||||||||| |CY053668 (N.S)
               ||      ||    ||  |  |||||||||KP456549 (N.S)
               ||      ||    ||  |  |||||||||KP458658 (N.S)
               ||      ||    ||  |  ||||||||+Node580 (N.S)
               ||      ||    ||  |  ||||||| |KP457646 (N.S)
               ||      ||    ||  |  ||||||||KP458730 (N.S)
               ||      ||    ||  |  |||||||+Node585 (0.002772936103818679)
               ||      ||    ||  |  |||||| |KP456637 (N.S)
               ||      ||    ||  |  |||||||EU382982 (N.S)
               ||      ||    ||  |  ||||||+Node596 (N.S)
               ||      ||    ||  |  ||||| |HQ291870 (N.S)
               ||      ||    ||  |  ||||+Node482 (N.S)
               ||      ||    ||  |  ||||||KP457512 (N.S)
               ||      ||    ||  |  |||||+Node600 (N.S)
               ||      ||    ||  |  |||| |KP457622 (N.S)
               ||      ||    ||  |  |||||EU382986 (N.S)
               ||      ||    ||  |  ||||+Node603 (N.S)
               ||      ||    ||  |  ||| |EU382987 (N.S)
               ||      ||    ||  |  ||+Node479 (N.S)
               ||      ||    ||  |  |||KP458029 (N.S)
               ||      ||    ||  |  ||CY125204 (N.S)
               ||      ||    ||  | |+Node43 (N.S)
               ||      ||    ||  | |||CY119162 (N.S)
               ||      ||    ||  | ||+Node609 (N.S)
               ||      ||    ||  | | ||FJ231784 (N.S)
               ||      ||    ||  | | |+Node611 (N.S)
               ||      ||    ||  | | || |CY104838 (N.S)
               ||      ||    ||  | | || ||HQ291877 (N.S)
               ||      ||    ||  | | || |+Node621 (N.S)
               ||      ||    ||  | | || ||CY104284 (N.S)
               ||      ||    ||  | | |||+Node614 (N.S)
               ||      ||    ||  | | |||||KP457692 (N.S)
               ||      ||    ||  | | ||||+Node617 (N.S)
               ||      ||    ||  | | |||||KP458818 (N.S)
               ||      ||    ||  | | ||||CY100980 (N.S)
               ||      ||    ||  | | ||+Node613 (N.S)
               ||      ||    ||  | | ||||HQ291880 (N.S)
               ||      ||    ||  | | |||+Node625 (N.S)
               ||      ||    ||  | | || |HQ291878 (N.S)
               ||      ||    ||  | | |||KP456422 (N.S)
               ||      ||    ||  | | ||+Node628 (N.S)
               ||      ||    ||  | | | |HQ291876 (N.S)
               ||      ||    ||  | | |CY119170 (N.S)
               ||      ||    ||  ||+Node42 (N.S)
               ||      ||    ||  |||CY117840 (N.S)
               ||      ||    ||  |+Node41 (N.S)
               ||      ||    ||  ||CY125148 (N.S)
               ||      ||    || |+Node38 (N.S)
               ||      ||    || || |CY104068 (N.S)
               ||      ||    || |||+Node637 (N.S)
               ||      ||    || ||||CY104694 (N.S)
               ||      ||    || ||+Node636 (N.S)
               ||      ||    || |||CY103996 (N.S)
               ||      ||    || ||CY006195 (N.S)
               ||      ||    || ||CY103988 (N.S)
               ||      ||    |||+Node37 (N.S)
               ||      ||    ||||DQ397950 (N.S)
               ||      ||    ||+Node36 (N.S)
               ||      ||    |||CY125663 (N.S)
               ||      ||    ||  |CY002152 (N.S)
               ||      ||    ||  ||FJ231789 (N.S)
               ||      ||    ||  |+Node737 (N.S)
               ||      ||    ||  ||FJ231791 (N.S)
               ||      ||    || |+Node735 (N.S)
               ||      ||    || ||CY016326 (N.S)
               ||      ||    || ||CY002664 (N.S)
               ||      ||    |||+Node734 (N.S)
               ||      ||    ||||EU097959 (N.S)
               ||      ||    ||+Node733 (N.S)
               ||      ||    | ||CY125172 (N.S)
               ||      ||    | |+Node745 (N.S)
               ||      ||    |  |CY122316 (N.S)
               ||      ||   |+Node33 (N.S)
               ||      ||   |||KP456555 (N.S)
               ||      ||   ||+Node751 (N.S)
               ||      ||   | |KP459151 (N.S)
               ||      ||  |+Node32 (N.S)
               ||      ||  ||CY147318 (N.S)
               ||      || |+Node31 (N.S)
               ||      || ||  |KP456770 (N.S)
               ||      || || |+Node757 (N.S)
               ||      || || |||CY010412 (N.S)
               ||      || || ||+Node759 (N.S)
               ||      || || ||||JX477158 (N.S)
               ||      || || |||+Node761 (N.S)
               ||      || || ||||DQ249260 (N.S)
               ||      || || |||KP456418 (N.S)
               ||      || || ||KP458850 (N.S)
               ||      || |||+Node756 (N.S)
               ||      || ||||KP458690 (N.S)
               ||      || ||+Node755 (N.S)
               ||      || | |KP458210 (N.S)
               ||      |||+Node30 (N.S)
               ||      ||||AF386781 (N.S)
               ||      ||+Node29 (N.S)
               ||      |||AF386775 (N.S)
               ||      ||CY125012 (N.S)
               ||     |+Node25 (N.S)
               ||     ||CY119074 (N.S)
               ||    |+Node24 (N.S)
               ||    ||CY125068 (N.S)
               ||   |+Node23 (N.S)
               ||   ||CY013845 (N.S)
               ||  |+Node22 (N.S)
               ||  ||CY033614 (N.S)
               || |+Node21 (N.S)
               || ||         |CY019125 (N.S)
               || ||         |CY010740 (N.S)
               || ||        |+Node789 (N.S)
               || ||        ||AY282757 (N.S)
               || ||        ||CY019867 (N.S)
               || ||       |+Node788 (N.S)
               || ||       ||CY021005 (N.S)
               || ||       ||CY010484 (N.S)
               || ||      |+Node787 (N.S)
               || ||      ||CY036839 (N.S)
               || ||     |+Node786 (N.S)
               || ||     ||CY117691 (N.S)
               || ||     ||CY012856 (N.S)
               || ||     |+Node801 (N.S)
               || ||     ||CY015532 (N.S)
               || ||    |+Node784 (N.S)
               || ||    |||CY011800 (N.S)
               || ||    ||+Node805 (N.S)
               || ||    |||CY125060 (N.S)
               || ||    ||CY125052 (N.S)
               || ||   |+Node783 (N.S)
               || ||   ||DQ415316 (N.S)
               || ||  |+Node782 (N.S)
               || ||  ||  |CY125662 (N.S)
               || ||  || |+Node812 (N.S)
               || ||  || ||CY017155 (N.S)
               || ||  |||+Node811 (N.S)
               || ||  ||||AF386774 (N.S)
               || ||  ||+Node810 (N.S)
               || ||  | |CY010508 (N.S)
               || || |+Node781 (N.S)
               || || ||CY125036 (N.S)
               || |||+Node780 (N.S)
               || |||||CY013303 (N.S)
               || ||||+Node818 (N.S)
               || ||| |CY125044 (N.S)
               || ||+Node779 (N.S)
               || | ||CY147382 (N.S)
               || | |+Node821 (N.S)
               || |  |AY289927 (N.S)
               |||+Node20 (N.S)
               ||||CY036823 (N.S)
               ||+Node19 (N.S)
               |||D13574 (N.S)
               ||JX477163 (N.S)
              |+Node16 (N.S)
              ||CY020477 (N.S)
             |+Node15 (N.S)
             |||CY019779 (N.S)
             ||+Node829 (N.S)
             | |CY019101 (N.S)
            |+Node14 (N.S)
            ||CY020453 (N.S)
           |+Node13 (N.S)
           ||  |CY021037 (N.S)
           || |+Node835 (N.S)
           || ||AJ289702 (N.S)
           |||+Node834 (N.S)
           ||||CY021725 (N.S)
           ||+Node833 (N.S)
           | |CY017877 (N.S)
          |+Node12 (N.S)
          |||CY021029 (N.S)
          ||+Node840 (N.S)
          | |CY010364 (N.S)
         |+Node11 (N.S)
         || |CY028724 (N.S)
         |||+Node844 (N.S)
         ||||CY021909 (N.S)
         ||+Node843 (N.S)
         | |CY026411 (N.S)
        |+Node10 (N.S)
        ||CY020173 (N.S)
       |+Node9 (N.S)
       ||CY009292 (N.S)
      |+Node8 (N.S)
      |||M38312 (0.000787949241307484)
      ||+Node850 (N.S)
      | |K01330 (0.03210707291587078)
      | |DQ508897 (N.S)
     |+Node7 (N.S)
     ||CY147374 (N.S)
    |+Node6 (N.S)
    ||CY019947 (N.S)
   |+Node5 (N.S)
   ||    |CY077748 (N.S)
   ||   |+Node861 (N.S)
   ||   ||  |CY146793 (N.S)
   ||   || |+Node865 (N.S)
   ||   || ||CY125862 (N.S)
   ||   |||+Node864 (N.S)
   ||   ||||JN540082 (N.S)
   ||   ||+Node863 (N.S)
   ||   |||CY147334 (N.S)
   ||   ||CY077725 (N.S)
   ||  |+Node860 (N.S)
   ||  ||CY077768 (N.S)
   || |+Node859 (N.S)
   || |||CY022021 (N.S)
   || ||+Node873 (N.S)
   || | |CY146785 (N.S)
   |||+Node858 (N.S)
   |||||CY009612 (N.S)
   ||||+Node876 (N.S)
   ||| |U02085 (N.S)
   ||+Node857 (N.S)
   | ||CY013271 (N.S)
   | |+Node879 (N.S)
   |  |CY009596 (N.S)
  |+Node4 (N.S)
  || |CY147366 (N.S)
  |||+Node883 (N.S)
  ||||CY021709 (N.S)
  ||+Node882 (N.S)
  | |CY020285 (N.S)
 |+Node3 (N.S)
 ||CY009276 (N.S)
|+Node2 (N.S)
||       |Z54287 (N.S)
||      |+Node895 (N.S)
||      || |CY147518 (N.S)
||      |||+Node898 (0.0003242126719850136)
||      ||||CY147534 (0.0006416303840159898)
||      ||+Node897 (N.S)
||      |||CY146857 (N.S)
||      ||CY148243 (N.S)
||     |+Node894 (N.S)
||     ||CY033577 (N.S)
||    |+Node893 (N.S)
||    ||LC120391 (N.S)
||   |+Node892 (N.S)
||   ||CY146833 (N.S)
||  |+Node891 (N.S)
||  ||V01088 (N.S)
|| |+Node890 (N.S)
|| ||CY020445 (N.S)
|||+Node889 (N.S)
||||CY020469 (N.S)
||+Node888 (N.S)
| ||CY045772 (N.S)
| |+Node910 (N.S)
|  |CY009324 (N.S)
|     |AF408859 (N.S)
|    |+Node918 (N.S)
|    ||U08903 (N.S)
|   |+Node917 (N.S)
|   ||U08904 (N.S)
|  |+Node916 (N.S)
|  ||CY009604 (N.S)
| |+Node915 (N.S)
| ||CY045756 (N.S)
||+Node914 (N.S)
||| |CY010788 (N.S)
||||+Node925 (N.S)
|||||CY034132 (N.S)
|||+Node924 (N.S)
|| |DQ508905 (N.S)
|+Node913 (N.S)
||CY147326 (N.S)
|AF117241 (N.S)
```



