
Analysis Description
--------------------
aBSREL (Adaptive branch-site random effects likelihood) uses an adaptive
random effects branch-site model framework to test whether each branch
has evolved under positive selection, using a procedure which infers an
optimal number of rate categories per branch. v2.2 adds support for
multiple-hit models. v2.3 adds support for SRV. v2.5 adds support for
ancestral state reconstruction, identification of sites contributing to
selection signal, and some diagnostics. v2.6 adds tree reports and ASCII
art

- __Requirements__: in-frame codon alignment and a phylogenetic tree

- __Citation__:  Less Is More: An Adaptive Branch-Site Random Effects Model for
Efficient Detection of Episodic Diversifying Selection (2015). Mol Biol
Evol 32 (5): 1342-1353. 

- __Written by__: Sergei L Kosakovsky Pond, Ben Murrell, Steven Weaver and Temple iGEM /
UCSD viral evolution group

- __Contact Information__: spond@temple.edu

- __Analysis Version__: 2.6

[Advanced option] Bag of little bootstrap alignment resampling rate (permissible range = [0.01,1], default value = 1): blb: 1

>code => Universal
>Loaded a multiple sequence alignment with **349** sequences, **329** codons, and **1** partitions from `/Users/alex/Documents/selection-tutorial/data/21-empirical/InfluenzaA.nex`

>branches => All

>multiple-hits => None

>srv => No


### * Selected 695 branches for testing: `WE397, CN10679_997, SYD697, HI1_997, AUC5_697, Node19, Node17, Node15, SYD597, Node14, Node12, HK391_797, PR1_797, SAUS54_797, CANBERRA5_897, Node28, Node26, Node24, HK387_797, Node23, Node11, SYD497, Node10, UR41_197, Node9, SAITAMA8096_97, Node8, BE17_197, BE62_297, Node35, Node7, KO671_297, KO572_297, JA416_297, Node42, Node40, CL170_1096, Node39, SHZH157_796, Node38, Node6, CO_1187, SHA_887, Node82, LA_1287, Node81, GZ187, QL_987, Node86, Node80, VIC87, Node79, TX_12764_483, TX_24753_185, TX_25784_385, Node98, MS85, Node97, Node95, TX_18088_184, TX_18733_184, TX_17988_184, Node109, Node107, CM_885, GZ3_187, TX_12835_583, Node114, Node112, Node106, OITA83, Node105, MI_185, NJ_185, Node120, TX_24752_185, Node119, CT_385, Node118, Node104, CAEN184, Node103, VAL_491, SH_185, Node129, US85, Node128, TX_25887_285, Node127, AK_1284, Node126, Node102, Node94, TG_885, Node93, CC185, CC485, Node137, UY3_688, Node136, Node92, BK_785, BK25_785, LN_286, ST_185, CZ86, Node150, Node148, GM_1185, Node147, YH_1085, Node146, Node144, YG_585, CC_688, Node155, Node143, Node141, Node91, YN_1185, FO_1185, Node158, Node90, Node78, TY6_1287, TY5_1287, Node164, SYD_1287, Node163, CB_188, Node162, TX_39989_288, Node161, Node77, GC_987, SIC_487, Node170, Node76, KB_288, Node75, DL19_389, Node74, ENG88, BE4_189, Node175, Node73, GZ54_489, SIC89, BE57_189, Node182, Node180, ENG64889, Node179, SHA16_989, SHA1_289, Node186, Node178, Node72, GUA39_689, GUA_389, Node189, Node71, VIC589, Node70, BE353_1289, Node69, SHIGA291, IN3_991, Node200, PR1_1090, Node199, SOFIA15593, MX3255_194, SD1_491, Node209, SEOUL45_1191, WA1591, Node212, Node208, Node206, PA09_1191, Node205, SAS36_592, Node204, Node198, BZ91, Node197, HW1_291, Node196, SH6_490, Node195, VIC68_792, UMEA2_1192, UMEA1_1192, Node230, SN8_492, Node229, DJ3946_1292, RU3193, Node234, Node228, TW114391_192, Node227, VIC29_392, WE66_692, Node240, SAS68_692, Node239, BE47_292, Node238, Node226, SP118_293, Node225, Node223, PS8091, Node222, EN26191, Node221, II236_1193, II237_1193, Node249, KA149_1092, Node248, Node220, Node194, Node68, SN91, SH24_890, Node255, PERTH01_492, PS192SPF, Node259, HK34_490, Node258, Node254, KA206_1191, Node253, Node67, NCH3332_493, NCH12_1193, Node271, NCH58_1293, Node270, HAR1592, Node269, SIC4_593, RU58_393, WUZ4_493, Node280, Node278, NGX10_193, Node277, GD04_393, Node276, Node268, HEBEI1293, HK23_792, Node285, Node267, PS688_193, SHD9_393, YOKOHAMA7392, Node293, Node291, SAP_1292, Node290, NY1393, Node289, NCH3396_593, Node288, Node266, AK9_1192, HI3_1192, QD53_392, Node304, Node302, CA271_1192, Node301, TIANJIN3392, VIC193, DJ3109_1291, BE32_192, Node313, Node311, Node309, KITA93, Node308, Node300, BE46_292, Node299, Node265, FR110994, NY64_1293, Node320, NY63_1293, Node319, UR46967_294, Node318, Node264, Node66, CA5_395, JA8695_1294, Node332, SP378_195, Node331, LA1_195, NJ8_1194, Node338, SP351_195, IL5_195, Node345, TX5_1294, Node344, OH3_195, Node343, NJ10_195, Node342, CN124_295, Node341, Node337, PA15_295, Node336, Node330, NY28_1294, Node329, MA1_195, Node328, HK42_396, MEM196_1195, PARIS8395, Node361, Node359, PARIS36395, Node358, NY17_1294, Node357, AG3779_1094, JOH33_794, Node366, Node356, HK434_1096, HK1_694, HK55_794, Node371, Node369, Node355, Node327, PA7_1294, Node326, GD25_693, WUZ1_794, Node387, UDE44_394, Node386, NY38_193, Node385, NO93, WAIK2093, CC893, Node394, Node392, Node384, GD27_594, Node383, AA393, Node382, TH7594, BK122_694, Node400, SN7_694, Node399, Node381, AG3105_693, Node380, GA3_393, TX57_1293, LA4_893, LA6_993, Node411, NY3_293, Node410, Node408, Node406, NY26_293, AK18_493, Node415, Node405, Node379, CA4_794, SP125_293, WY1_1193, Node421, SP190_393, ST1_193, Node424, Node420, Node418, Node378, ENG22093, Node377, PA993_1294, CA5_1193, WA41_1293, Node432, Node430, AKI194, RO182_194, Node437, VT3_194, SANT7198_894, Node441, RO160_194, Node440, Node436, NY4295_1194, NY16_1194, Node446, NY15_894, Node445, Node435, Node429, NED37293, FR120394, Node450, Node428, Node376, WA2693, Node375, Node325, Node65, HAR3_194, Node64, BZ18_496, BR3_496, BR45_696, Node465, BR87_596, Node464, BZ8_496, Node463, Node461, BR184_696, Node460, BR597_796, Node459, NJ11_1294, CN147_495, SN28_595, Node479, Node477, GE767_495, Node476, JOH295, Node475, SN27_595, HK38_895, Node484, Node474, WA186_1294, VA25_1294, Node487, Node473, HK3_195, Node472, Node458, WV1_395, GE578652_295, Node491, Node457, NE11_395, AK10_295, Node496, KWJ195_1194, Node495, CHW995_1294, Node494, Node456, CN17_196, FL4_1195, LA5_1195, Node506, KO45_296, BZ2_395, Node512, CN61_296, Node511, GE491_396, Node510, UK897_696, MN6_1195, Node517, Node509, Node505, Node503, DE3_1195, NV1_1195, Node525, ID4_1195, Node524, MO6_396, Node523, JOH5396_97, Node522, AK16_995, JOH1795, Node531, Node521, ID3_1195, CN2796_1295, Node534, Node520, Node502, AG4057_795, SHD5_894, BE281_1294, Node539, Node537, Node501, Node455, Node63, GNX42_495, Node62, CNIC22_195, Node61, GZH66_497, Node60, BRIS3596, CAR42297, CAR465_896, Node552, Node550, BK197, Node549, MN1_1196, WE4896, DE4_397, Node562, Node560, YOKOHAMA6896_97, Node559, AUC596, Node558, HI2_796, Node557, TH78_397, TH79_397, Node569, CHR196, Node568, Node556, Node548, AUC10896_97, BRI2296, Node573, Node547, MON318_696, Node546, CNIC35_196, NCH813_895, Node579, FUJIAN47_396, WUH359_995, Node582, Node578, NCH933_995, Node577, Node545, Node59, WA596, Node58, FG39_1096, NY9_196, Node589, TH9496_97, Node588, FR7597, Node587, Node57, SHA9_995, Node56, BR51_897, BR43_697, Node597, BR309_796, Node596, GQ1014_1096, JOH10_697, CA10_797, NY43_1196, Node611, MN1_497, MO10_1196, Node614, Node610, CA13_1296, Node609, JOH9_597, Node608, NY50_1196, Node607, Node605, CN101_197, PA2_297, Node621, MO11_1196, MOS2_197, Node624, Node620, Node604, Node602, WI3_896, NY37_1096, Node629, AK2_796, Node628, TW523_596, Node627, Node601, Node595, Node55, RI7_397, Node54, FUK11496E, FUK11496C, Node635, Node53, JA99_196, Node52, VIC4797, VIC3097, Node640, TAS1_797, Node639, Node51, SHZH43_396, WZH1_596, Node646, GD1_396, Node645, CO11_1196, IN1_1196, Node652, KY2_297, Node651, NJ8_1296, Node650, Node644, Node50, TX1196_97, TD5196, TD5096, Node659, Node657, Node49, HAR3_1296, BE24496_197, Node662, Node48, TIANJING51_297, SH19_896, Node667, FUJIAN133_596, SANTAFE208_896, Node670, Node666, JOH3_397, HK358_796, Node673, Node665, Node47, Node5, CORD3278_796, GNX189_796, TD4796, Node680, Node678, AG207_796, AG601_796, Node683, Node677, AG39_796, Node676, Node4, SP214_197, Node3, HK357_696, Node2, GZH11_496, Node1, CI2115_696, NY55_1296, Node691, GZH8_496, Node690, TIANJING55_896`


### Obtaining branch lengths and nucleotide substitution biases under the nucleotide GTR model

>kill-zero-lengths => Yes

### Deleted 153 zero-length internal branches: `Node1, Node104, Node105, Node106, Node109, Node11, Node120, Node14, Node143, Node144, Node148, Node15, Node162, Node163, Node17, Node178, Node186, Node19, Node195, Node196, Node199, Node2, Node208, Node212, Node221, Node222, Node225, Node226, Node23, Node234, Node238, Node239, Node24, Node253, Node26, Node264, Node265, Node267, Node269, Node28, Node288, Node291, Node293, Node3, Node302, Node304, Node308, Node309, Node311, Node320, Node325, Node329, Node330, Node336, Node337, Node341, Node342, Node343, Node344, Node345, Node355, Node356, Node359, Node361, Node375, Node376, Node377, Node378, Node379, Node381, Node382, Node383, Node384, Node385, Node386, Node392, Node4, Node405, Node406, Node408, Node420, Node424, Node429, Node430, Node440, Node441, Node455, Node458, Node463, Node464, Node465, Node472, Node473, Node474, Node475, Node476, Node477, Node479, Node49, Node496, Node5, Node503, Node505, Node509, Node510, Node511, Node512, Node52, Node521, Node522, Node523, Node524, Node537, Node549, Node55, Node550, Node552, Node557, Node558, Node559, Node56, Node560, Node562, Node57, Node573, Node577, Node582, Node587, Node588, Node589, Node59, Node6, Node604, Node608, Node610, Node611, Node62, Node624, Node627, Node640, Node645, Node665, Node670, Node673, Node676, Node690, Node74, Node77, Node79, Node81, Node82, Node92, Node98`
* Log(L) = -11563.07, AIC-c = 24535.01 (703 estimated parameters)
* 1 partition. Total tree length by partition (subs/site)  1.406

### Fitting the baseline model with a single dN/dS class per branch, and no site-to-site variation. 
* Log(L) = -11063.71, AIC-c = 24344.64 (1098 estimated parameters)
* Branch-level non-synonymous/synonymous rate ratio distribution has median  0.39, and 95% of the weight in  0.10 - 10000000000.00

### Determining the optimal number of rate classes per branch using a step up procedure

|              Branch               |  Length  |  Rates   |     Max. dN/dS     |    Log(L)     |     AIC-c     |Best AIC-c so far|
|-----------------------------------|----------|----------|--------------------|---------------|---------------|-----------------|
|              UY3_688              |   0.02   |    2     |   11.72 ( 1.96%)   |   -11063.05   |   24347.41    |    24344.64     |
|              Node114              |   0.02   |    2     |    0.26 ( 0.00%)   |   -11063.71   |   24348.71    |    24344.64     |
|             NY15_894              |   0.01   |    2     |    9.82 ( 8.05%)   |   -11061.98   |   24345.26    |    24344.64     |
|           TX_39989_288            |   0.01   |    2     |    0.40 (99.72%)   |   -11063.71   |   24348.71    |    24344.64     |
|              JOH295               |   0.01   |    2     |   16.32 ( 3.51%)   |   -11061.13   |   24343.56    |    24343.56     |
|              JOH295               |   0.01   |    3     |   17.99 ( 3.11%)   |   -11061.13   |   24347.64    |    24343.56     |
|           SANT7198_894            |   0.01   |    2     |    1.00 (50.00%)   |   -11061.13   |   24347.64    |    24343.56     |
|            JOH5396_97             |   0.01   |    2     |   36.08 ( 4.41%)   |   -11059.52   |   24344.42    |    24343.56     |
|           TX_25887_285            |   0.01   |    2     |    0.50 (24.64%)   |   -11061.13   |   24347.64    |    24343.56     |
|            PA993_1294             |   0.01   |    2     |   3.18 (100.00%)   |   -11061.13   |   24347.64    |    24343.56     |
|             WUZ1_794              |   0.01   |    2     |    0.74 (24.69%)   |   -11061.13   |   24347.64    |    24343.56     |
|             NY17_1294             |   0.01   |    2     |    0.76 (24.59%)   |   -11061.13   |   24347.64    |    24343.56     |
|              Node220              |   0.01   |    2     |    0.40 (50.74%)   |   -11061.13   |   24347.64    |    24343.56     |
|             GZH66_497             |   0.01   |    2     |    0.25 (50.00%)   |   -11061.13   |   24347.64    |    24343.56     |
|              VIC589               |   0.01   |    2     |    1.30 (73.32%)   |   -11061.13   |   24347.64    |    24343.56     |
|              Node68               |   0.01   |    2     |   71.85 ( 4.60%)   |   -11058.79   |   24342.95    |    24342.95     |
|              Node68               |   0.01   |    3     |   69.44 ( 4.54%)   |   -11058.79   |   24347.04    |    24342.95     |
|               BK197               |   0.01   |    2     |    0.74 (25.40%)   |   -11058.79   |   24347.03    |    24342.95     |
|              Node639              |   0.01   |    2     |    0.39 (76.29%)   |   -11058.79   |   24347.03    |    24342.95     |
|              RU3193               |   0.01   |    2     |    0.53 (25.81%)   |   -11058.79   |   24347.03    |    24342.95     |
|              Node64               |   0.01   |    2     |    0.99 (25.85%)   |   -11058.79   |   24347.03    |    24342.95     |
|              Node112              |   0.01   |    2     |    0.70 (22.57%)   |   -11058.79   |   24347.04    |    24342.95     |
|             UR41_197              |   0.01   |    2     |   1.00 (100.00%)   |   -11061.10   |   24351.66    |    24342.95     |
|             VA25_1294             |   0.01   |    2     |    1.28 (44.09%)   |   -11058.79   |   24347.03    |    24342.95     |
|              Node326              |   0.01   |    2     |    0.60 (75.00%)   |   -11058.79   |   24347.03    |    24342.95     |
|              CM_885               |   0.01   |    2     |    3.92 (43.59%)   |   -11058.80   |   24347.06    |    24342.95     |
|           TX_12835_583            |   0.01   |    2     |   80.62 ( 1.22%)   |   -11055.92   |   24341.29    |    24341.29     |
|           TX_12835_583            |   0.01   |    3     |   82.38 ( 1.16%)   |   -11055.93   |   24345.39    |    24341.29     |
|             NY28_1294             |   0.01   |    2     |  >1000 (100.00%)   |   -11055.92   |   24345.37    |    24341.29     |
|            PARIS36395             |   0.01   |    2     |    0.50 ( 5.00%)   |   -11055.92   |   24345.37    |    24341.29     |
|             BZ18_496              |   0.01   |    2     |   64.68 ( 1.12%)   |   -11055.68   |   24344.90    |    24341.29     |
|              Node446              |   0.01   |    2     |    0.80 (90.00%)   |   -11055.92   |   24345.37    |    24341.29     |
|             DE3_1195              |   0.01   |    2     |   >1000 ( 0.95%)   |   -11049.61   |   24332.76    |    24332.76     |
|             DE3_1195              |   0.01   |    3     |   >1000 ( 0.96%)   |   -11049.63   |   24336.87    |    24332.76     |
|             JOH10_697             |   0.01   |    2     |    0.80 (50.00%)   |   -11049.61   |   24336.84    |    24332.76     |
|              Node399              |   0.01   |    2     |    0.80 (75.00%)   |   -11049.61   |   24336.84    |    24332.76     |
|              CT_385               |   0.01   |    2     |  147.53 ( 2.09%)   |   -11046.31   |   24330.23    |    24330.23     |
|              CT_385               |   0.01   |    3     |  148.89 ( 2.04%)   |   -11046.31   |   24334.30    |    24330.23     |
|             HAR3_194              |   0.01   |    2     |    2.97 (52.16%)   |   -11046.32   |   24334.33    |    24330.23     |
|            KA149_1092             |   0.01   |    2     |    0.29 ( 0.00%)   |   -11046.31   |   24334.31    |    24330.23     |
|             JOH9_597              |   0.01   |    2     |  >1000 (100.00%)   |   -11046.31   |   24334.31    |    24330.23     |
|              Node67               |   0.01   |    2     |    0.26 ( 0.00%)   |   -11046.31   |   24334.31    |    24330.23     |
|              RI7_397              |   0.01   |    2     |    0.39 (96.55%)   |   -11046.31   |   24334.31    |    24330.23     |
|              WA2693               |   0.01   |    2     |    0.40 (95.00%)   |   -11046.31   |   24334.31    |    24330.23     |
|              CA4_794              |   0.01   |    2     |    0.40 (99.07%)   |   -11046.31   |   24334.31    |    24330.23     |
|             SP118_293             |   0.01   |    2     |    0.26 ( 0.00%)   |   -11046.31   |   24334.31    |    24330.23     |
|           TW114391_192            |   0.01   |    2     |    0.40 (98.00%)   |   -11046.31   |   24334.31    |    24330.23     |
|              Node75               |   0.01   |    2     |    0.53 ( 0.00%)   |   -11046.31   |   24334.31    |    24330.23     |
|             DL19_389              |   0.01   |    2     |    0.25 ( 2.00%)   |   -11046.31   |   24334.31    |    24330.23     |
|              Node358              |   0.01   |    2     |    0.80 (52.50%)   |   -11046.31   |   24334.31    |    24330.23     |
|              Node204              |   0.01   |    2     |    0.12 (70.25%)   |   -11046.31   |   24334.31    |    24330.23     |
|              GZ3_187              |   0.01   |    2     |    0.79 (51.08%)   |   -11046.30   |   24334.30    |    24330.23     |
|            BE24496_197            |   0.01   |    2     |    0.34 (27.37%)   |   -11046.31   |   24334.32    |    24330.23     |
|            MEM196_1195            |   0.01   |    2     |   40.87 ( 1.13%)   |   -11046.03   |   24333.75    |    24330.23     |
|             PA7_1294              |   0.01   |    2     |   >1000 (38.21%)   |   -11046.35   |   24334.40    |    24330.23     |
|            UR46967_294            |   0.01   |    2     |    1.07 (24.51%)   |   -11046.30   |   24334.30    |    24330.23     |
|            WA186_1294             |   0.01   |    2     |  >1000 (100.00%)   |   -11046.31   |   24334.31    |    24330.23     |
|             LA5_1195              |   0.01   |    2     |    1.00 (10.00%)   |   -11046.31   |   24334.31    |    24330.23     |
|           TX_17988_184            |   0.01   |    2     |   69.27 ( 3.16%)   |   -11046.15   |   24333.98    |    24330.23     |
|              Node662              |   0.01   |    2     |    0.60 (95.87%)   |   -11046.31   |   24334.31    |    24330.23     |
|            AG3779_1094            |   0.01   |    2     |   53.60 ( 3.86%)   |   -11046.25   |   24334.19    |    24330.23     |
|             WAIK2093              |   0.01   |    2     |   48.69 ( 1.29%)   |   -11046.17   |   24334.03    |    24330.23     |
|              CC_688               |   0.01   |    2     |  435.70 ( 1.06%)   |   -11042.09   |   24325.87    |    24325.87     |
|              CC_688               |   0.01   |    3     |  437.33 ( 1.06%)   |   -11042.09   |   24329.95    |    24325.87     |
|              Node66               |   0.01   |    2     |  224.14 ( 1.27%)   |   -11037.83   |   24321.42    |    24321.42     |
|              Node66               |   0.01   |    3     |  225.70 ( 1.25%)   |   -11037.83   |   24325.52    |    24321.42     |
|             FG39_1096             |   0.01   |    2     |    0.97 (10.24%)   |   -11037.84   |   24325.52    |    24321.42     |
|              GD1_396              |   0.01   |    2     |    0.60 (90.00%)   |   -11037.83   |   24325.50    |    24321.42     |
|              KY2_297              |   0.01   |    2     |    0.99 (10.00%)   |   -11037.83   |   24325.51    |    24321.42     |
|             CA10_797              |   0.01   |    2     |    0.60 (95.00%)   |   -11037.83   |   24325.50    |    24321.42     |
|               SN91                |   0.01   |    2     |    0.60 (95.00%)   |   -11037.83   |   24325.50    |    24321.42     |
|             CN147_495             |   0.01   |    2     |    5.31 (11.70%)   |   -11037.84   |   24325.52    |    24321.42     |
|             NV1_1195              |   0.01   |    2     |    3.68 (21.41%)   |   -11037.83   |   24325.52    |    24321.42     |
|             MN6_1195              |   0.01   |    2     |    0.60 (91.71%)   |   -11037.83   |   24325.50    |    24321.42     |
|             WA41_1293             |   0.01   |    2     |    2.48 (51.77%)   |   -11037.83   |   24325.51    |    24321.42     |
|              FR7597               |   0.01   |    2     |    0.70 (10.83%)   |   -11037.83   |   24325.51    |    24321.42     |
|            AG4057_795             |   0.01   |    2     |    0.60 (91.85%)   |   -11037.83   |   24325.50    |    24321.42     |
|              FO_1185              |   0.01   |    2     |    1.94 (65.55%)   |   -11037.83   |   24325.51    |    24321.42     |
|              KITA93               |   0.01   |    2     |    0.60 (90.00%)   |   -11037.83   |   24325.50    |    24321.42     |
|            AG3105_693             |   0.01   |    2     |    0.60 (91.21%)   |   -11037.83   |   24325.50    |    24321.42     |
|              AKI194               |   0.01   |    2     |    0.60 (90.00%)   |   -11037.83   |   24325.50    |    24321.42     |
|              CA5_395              |   0.01   |    2     |    0.60 (95.00%)   |   -11037.83   |   24325.50    |    24321.42     |
|             UDE44_394             |   0.01   |    2     |    0.75 (10.00%)   |   -11037.83   |   24325.51    |    24321.42     |
|              PS8091               |   0.01   |    2     |    0.95 (10.40%)   |   -11037.83   |   24325.51    |    24321.42     |
|              TG_885               |   0.01   |    2     |    0.60 (98.00%)   |   -11037.83   |   24325.50    |    24321.42     |
|              CO_1187              |   0.01   |    2     |    0.47 (23.56%)   |   -11037.83   |   24325.50    |    24321.42     |
|           TX_24752_185            |   0.01   |    2     |    0.80 (12.13%)   |   -11037.84   |   24325.53    |    24321.42     |
|              Node318              |   0.01   |    2     |    0.75 ( 2.00%)   |   -11037.83   |   24325.50    |    24321.42     |
|              Node259              |   0.00   |    2     |    0.25 (50.00%)   |   -11037.83   |   24325.50    |    24321.42     |
|              Node179              |   0.00   |    2     |    0.27 ( 0.00%)   |   -11037.83   |   24325.50    |    24321.42     |
|             GZ54_489              |   0.00   |    2     |    0.74 (49.41%)   |   -11037.83   |   24325.50    |    24321.42     |
|             PA09_1191             |   0.00   |    2     |    0.80 (95.46%)   |   -11037.83   |   24325.50    |    24321.42     |
|             SAS36_592             |   0.00   |    2     |    0.40 (50.31%)   |   -11037.83   |   24325.50    |    24321.42     |
|             ENG64889              |   0.00   |    2     |    0.39 (74.76%)   |   -11037.83   |   24325.50    |    24321.42     |
|             BK122_694             |   0.00   |    2     |    0.25 (50.08%)   |   -11037.83   |   24325.51    |    24321.42     |
|             HK23_792              |   0.00   |    2     |    0.25 (50.64%)   |   -11037.83   |   24325.50    |    24321.42     |
|             FR110994              |   0.00   |    2     |    0.25 ( 0.00%)   |   -11037.83   |   24325.50    |    24321.42     |
|              DE4_397              |   0.00   |    2     |    0.25 (50.64%)   |   -11037.83   |   24325.50    |    24321.42     |
|             GNX42_495             |   0.00   |    2     |    1.94 (48.94%)   |   -11037.83   |   24325.51    |    24321.42     |
|            GQ1014_1096            |   0.00   |    2     |    0.26 (50.31%)   |   -11037.83   |   24325.51    |    24321.42     |
|              JOH1795              |   0.00   |    2     |    0.39 (96.55%)   |   -11037.83   |   24325.50    |    24321.42     |
|              Node248              |   0.00   |    2     |    0.25 (50.46%)   |   -11037.83   |   24325.51    |    24321.42     |
|             AG601_796             |   0.00   |    2     |   51.35 ( 2.94%)   |   -11037.72   |   24325.29    |    24321.42     |
|             SP214_197             |   0.00   |    2     |    0.39 (96.55%)   |   -11037.83   |   24325.50    |    24321.42     |
|          SANTAFE208_896           |   0.00   |    2     |    0.39 (96.55%)   |   -11037.83   |   24325.50    |    24321.42     |
|              Node126              |   0.00   |    2     |    0.26 (49.57%)   |   -11037.83   |   24325.50    |    24321.42     |
|            CHW995_1294            |   0.00   |    2     |    0.40 (95.00%)   |   -11037.83   |   24325.50    |    24321.42     |
|              Node644              |   0.00   |    2     |    0.40 (95.00%)   |   -11037.83   |   24325.50    |    24321.42     |
|              TH7594               |   0.00   |    2     |    1.99 (49.18%)   |   -11037.83   |   24325.51    |    24321.42     |
|              Node10               |   0.00   |    2     |   1.00 (100.00%)   |   -11039.15   |   24328.15    |    24321.42     |
|            BE281_1294             |   0.00   |    2     |    0.40 (95.00%)   |   -11037.83   |   24325.50    |    24321.42     |
|             MOS2_197              |   0.00   |    2     |    8.89 ( 4.81%)   |   -11037.83   |   24325.50    |    24321.42     |
|              Node128              |   0.00   |    2     |    0.40 (95.00%)   |   -11037.83   |   24325.50    |    24321.42     |
|              SH_185               |   0.00   |    2     |    0.40 (95.00%)   |   -11037.83   |   24325.50    |    24321.42     |
|             BR597_796             |   0.00   |    2     |    0.40 (95.00%)   |   -11037.83   |   24325.50    |    24321.42     |
|              SYD597               |   0.00   |    2     |   1.00 (100.00%)   |   -11039.14   |   24328.13    |    24321.42     |
|              SN7_694              |   0.00   |    2     |    0.40 (95.00%)   |   -11037.83   |   24325.50    |    24321.42     |
|           FUJIAN47_396            |   0.00   |    2     |    0.40 (95.00%)   |   -11037.83   |   24325.50    |    24321.42     |
|           YOKOHAMA7392            |   0.00   |    2     |    0.40 (95.00%)   |   -11037.83   |   24325.50    |    24321.42     |
|              Node569              |   0.00   |    2     |    0.40 (95.00%)   |   -11037.83   |   24325.50    |    24321.42     |
|              YH_1085              |   0.00   |    2     |    2.00 (50.00%)   |   -11037.83   |   24325.51    |    24321.42     |
|               NO93                |   0.00   |    2     |  130.94 ( 1.06%)   |   -11034.73   |   24319.31    |    24319.31     |
|               NO93                |   0.00   |    3     |  132.28 ( 1.03%)   |   -11034.74   |   24323.40    |    24319.31     |
|             WY1_1193              |   0.00   |    2     |  117.29 ( 0.36%)   |   -11033.88   |   24321.68    |    24319.31     |
|              VIC193               |   0.00   |    2     |    0.40 (95.00%)   |   -11034.73   |   24323.39    |    24319.31     |
|              CAEN184              |   0.00   |    2     |    2.00 (50.00%)   |   -11034.73   |   24323.40    |    24319.31     |
|             VIC29_392             |   0.00   |    2     |    0.26 (50.56%)   |   -11034.74   |   24323.40    |    24319.31     |
|             RO160_194             |   0.00   |    2     |    0.40 (95.00%)   |   -11034.73   |   24323.39    |    24319.31     |
|            NCH3396_593            |   0.00   |    2     |    0.40 (95.00%)   |   -11034.73   |   24323.39    |    24319.31     |
|            CNIC22_195             |   0.00   |    2     |    0.40 (95.00%)   |   -11034.73   |   24323.39    |    24319.31     |
|             CN101_197             |   0.00   |    2     |  281.28 ( 0.78%)   |   -11030.79   |   24315.50    |    24315.50     |
|             CN101_197             |   0.00   |    3     |  276.49 ( 0.78%)   |   -11030.79   |   24319.58    |    24315.50     |
|            NCH813_895             |   0.00   |    2     |    1.95 (49.38%)   |   -11030.79   |   24319.58    |    24315.50     |
|              Node70               |   0.00   |    2     |    0.26 (50.30%)   |   -11030.79   |   24319.58    |    24315.50     |
|              Node60               |   0.00   |    2     |    0.40 (95.00%)   |   -11030.79   |   24319.58    |    24315.50     |
|              VAL_491              |   0.00   |    2     |  533.76 ( 0.74%)   |   -11025.95   |   24309.90    |    24309.90     |
|              VAL_491              |   0.00   |    3     |  537.02 ( 0.71%)   |   -11025.94   |   24313.96    |    24309.90     |
|               GZ187               |   0.00   |    2     |    2.00 (50.00%)   |   -11025.95   |   24313.99    |    24309.90     |
|            CA271_1192             |   0.00   |    2     |    0.26 (50.47%)   |   -11025.95   |   24313.98    |    24309.90     |
|              EN26191              |   0.00   |    2     |    0.40 (98.00%)   |   -11025.95   |   24313.98    |    24309.90     |
|             GUA39_689             |   0.00   |    2     |    0.26 (50.58%)   |   -11025.95   |   24313.98    |    24309.90     |
|              Node164              |   0.00   |    2     |    0.26 (50.57%)   |   -11025.95   |   24313.98    |    24309.90     |
|           SEOUL45_1191            |   0.00   |    2     |    0.26 (50.57%)   |   -11025.95   |   24313.98    |    24309.90     |
|              Node107              |   0.00   |    2     |    0.26 (50.30%)   |   -11025.95   |   24313.98    |    24309.90     |
|             HK42_396              |   0.00   |    2     |    1.86 (51.66%)   |   -11025.95   |   24313.99    |    24309.90     |
|               US85                |   0.00   |    2     |    0.75 (21.25%)   |   -11025.95   |   24313.98    |    24309.90     |
|              Node65               |   0.00   |    2     |   >1000 ( 0.32%)   |   -11019.41   |   24300.90    |    24300.90     |
|              Node65               |   0.00   |    3     |   >1000 ( 0.32%)   |   -11019.41   |   24304.99    |    24300.90     |
|             TX1196_97             |   0.00   |    2     |    0.26 ( 0.00%)   |   -11019.41   |   24304.98    |    24300.90     |
|              TD4796               |   0.00   |    2     |  378.10 ( 0.74%)   |   -11018.32   |   24302.81    |    24300.90     |
|             GD25_693              |   0.00   |    2     |  >1000 (100.00%)   |   -11019.41   |   24304.98    |    24300.90     |
|              MA1_195              |   0.00   |    2     |   1.00 (100.00%)   |   -11020.41   |   24306.99    |    24300.90     |
|              Node137              |   0.00   |    2     |    0.26 ( 0.00%)   |   -11019.41   |   24304.98    |    24300.90     |
|              Node61               |   0.00   |    2     |    0.26 ( 0.00%)   |   -11019.41   |   24304.98    |    24300.90     |
|              Node170              |   0.00   |    2     |   1.00 (100.00%)   |   -11020.42   |   24307.00    |    24300.90     |
|              MN1_497              |   0.00   |    2     |    0.26 ( 0.00%)   |   -11019.41   |   24304.98    |    24300.90     |
|              Node40               |   0.00   |    2     |    0.26 ( 0.00%)   |   -11019.41   |   24304.98    |    24300.90     |
|              Node506              |   0.00   |    2     |    0.80 (50.00%)   |   -11019.41   |   24304.98    |    24300.90     |
|            SHZH43_396             |   0.00   |    2     |    0.26 ( 0.00%)   |   -11019.41   |   24304.98    |    24300.90     |
|              Node69               |   0.00   |    2     |   15.62 ( 0.00%)   |   -11020.40   |   24306.97    |    24300.90     |
|              Node270              |   0.00   |    2     |  >1000 (100.00%)   |   -11019.41   |   24304.98    |    24300.90     |
|             IN1_1196              |   0.00   |    2     |    0.81 (76.44%)   |   -11019.41   |   24304.98    |    24300.90     |
|              SYD497               |   0.00   |    2     |   >1000 ( 0.31%)   |   -11013.92   |   24294.01    |    24294.01     |
|              SYD497               |   0.00   |    3     |   >1000 ( 0.32%)   |   -11013.93   |   24298.10    |    24294.01     |
|              TD5196               |   0.00   |    2     |    0.80 (95.46%)   |   -11013.92   |   24298.09    |    24294.01     |
|             CN17_196              |   0.00   |    2     |    0.25 ( 0.00%)   |   -11013.92   |   24298.09    |    24294.01     |
|              Node683              |   0.00   |    2     |    0.25 ( 2.00%)   |   -11033.53   |   24337.31    |    24294.01     |
|             BR184_696             |   0.00   |    2     |    0.80 (95.46%)   |   -11013.92   |   24298.09    |    24294.01     |
|             BE62_297              |   0.00   |    2     |    0.26 ( 0.00%)   |   -11013.92   |   24298.09    |    24294.01     |
|             QD53_392              |   0.00   |    2     |   16.41 ( 0.00%)   |   -11014.93   |   24300.10    |    24294.01     |
|             HK38_895              |   0.00   |    2     |    0.26 ( 0.00%)   |   -11013.92   |   24298.09    |    24294.01     |
|             WZH1_596              |   0.00   |    2     |    0.26 ( 0.00%)   |   -11013.92   |   24298.09    |    24294.01     |
|              Node276              |   0.00   |    2     |  292.22 (100.00%)  |   -11013.93   |   24298.10    |    24294.01     |
|             SN28_595              |   0.00   |    2     |   27.91 ( 7.53%)   |   -11011.93   |   24294.11    |    24294.01     |
|             WE66_692              |   0.00   |    2     |  139.48 ( 0.81%)   |   -11013.64   |   24297.53    |    24294.01     |
|             BR45_696              |   0.00   |    2     |    0.26 ( 0.00%)   |   -11013.92   |   24298.09    |    24294.01     |
|             GD27_594              |   0.00   |    2     |  >1000 (100.00%)   |   -11013.92   |   24298.09    |    24294.01     |
|              Node277              |   0.00   |    2     |  138.34 ( 0.79%)   |   -11013.80   |   24297.84    |    24294.01     |
|           CORD3278_796            |   0.00   |    2     |    0.80 (95.00%)   |   -11013.92   |   24298.09    |    24294.01     |
|             TX57_1293             |   0.00   |    2     |  >1000 (100.00%)   |   -11013.92   |   24298.09    |    24294.01     |
|             JA416_297             |   0.00   |    2     |    0.80 (95.46%)   |   -11013.92   |   24298.09    |    24294.01     |
|             NY43_1196             |   0.00   |    2     |    0.26 ( 0.00%)   |   -11013.92   |   24298.09    |    24294.01     |
|              Node328              |   0.00   |    2     |  >1000 (100.00%)   |   -11013.92   |   24298.09    |    24294.01     |
|              WI3_896              |   0.00   |    2     |    0.28 ( 0.00%)   |   -11013.92   |   24298.09    |    24294.01     |
|             NY55_1296             |   0.00   |    2     |    0.28 ( 0.00%)   |   -11013.92   |   24298.09    |    24294.01     |
|              Node597              |   0.00   |    2     |    0.80 (75.00%)   |   -11013.92   |   24298.09    |    24294.01     |
|            HK434_1096             |   0.00   |    2     |    0.80 (75.00%)   |   -11013.92   |   24298.09    |    24294.01     |
|             SHA9_995              |   0.00   |    2     |    0.81 (76.44%)   |   -11013.92   |   24298.09    |    24294.01     |
|              Node230              |   0.00   |    2     |    0.25 ( 0.00%)   |   -11013.92   |   24298.09    |    24294.01     |
|              Node223              |   0.00   |    2     |    0.25 ( 0.00%)   |   -11013.92   |   24298.09    |    24294.01     |
|              Node494              |   0.00   |    2     |    0.28 ( 0.00%)   |   -11013.92   |   24298.09    |    24294.01     |
|             BE47_292              |   0.00   |    2     |    0.80 (90.00%)   |   -11013.92   |   24298.09    |    24294.01     |
|              Node502              |   0.00   |    2     |    0.27 ( 0.00%)   |   -11013.92   |   24298.09    |    24294.01     |
|             NY38_193              |   0.00   |    2     |    0.80 (78.75%)   |   -11013.92   |   24298.09    |    24294.01     |
|             TH9496_97             |   0.00   |    2     |    0.80 (75.00%)   |   -11013.92   |   24298.09    |    24294.01     |
|              Node357              |   0.00   |    2     |    0.27 ( 0.00%)   |   -11013.92   |   24298.09    |    24294.01     |
|             TW523_596             |   0.00   |    2     |    0.80 (52.50%)   |   -11013.92   |   24298.09    |    24294.01     |
|               WA596               |   0.00   |    2     |    0.27 ( 0.00%)   |   -11013.92   |   24298.09    |    24294.01     |
|              Node411              |   0.00   |    2     |    0.80 (78.75%)   |   -11013.92   |   24298.09    |    24294.01     |
|             PA15_295              |   0.00   |    2     |    0.27 ( 0.00%)   |   -11013.92   |   24298.09    |    24294.01     |
|             SHD9_393              |   0.00   |    2     |    0.24 ( 0.00%)   |   -11013.92   |   24298.09    |    24294.01     |
|              Node635              |   0.00   |    2     |    0.80 (75.00%)   |   -11013.92   |   24298.09    |    24294.01     |
|              Node249              |   0.00   |    2     |    0.27 ( 0.00%)   |   -11013.92   |   24298.09    |    24294.01     |
|            MON318_696             |   0.00   |    2     |    0.27 ( 0.00%)   |   -11013.92   |   24298.09    |    24294.01     |
|               MS85                |   0.00   |    2     |    0.80 (98.00%)   |   -11013.92   |   24298.09    |    24294.01     |
|              Node90               |   0.00   |    2     |    0.90 ( 2.00%)   |   -11013.92   |   24298.09    |    24294.01     |
|             NJ11_1294             |   0.00   |    2     |  337.06 ( 0.37%)   |   -11009.73   |   24289.70    |    24289.70     |
|             NJ11_1294             |   0.00   |    3     |  337.54 ( 0.37%)   |   -11009.74   |   24293.80    |    24289.70     |
|            DJ3109_1291            |   0.00   |    2     |    0.25 ( 0.00%)   |   -11009.73   |   24293.78    |    24289.70     |
|             FR120394              |   0.00   |    2     |    0.27 ( 0.00%)   |   -11009.73   |   24293.78    |    24289.70     |
|              NY1393               |   0.00   |    2     |  139.99 ( 0.39%)   |   -11009.36   |   24293.05    |    24289.70     |
|              Node102              |   0.00   |    2     |    0.25 ( 0.00%)   |   -11009.73   |   24293.78    |    24289.70     |
|             SH24_890              |   0.00   |    2     |    0.24 ( 0.00%)   |   -11009.73   |   24293.78    |    24289.70     |
|             PS192SPF              |   0.00   |    2     |   >1000 (72.93%)   |   -11009.73   |   24293.78    |    24289.70     |
|               BZ91                |   0.00   |    2     |    0.25 ( 2.00%)   |   -11009.73   |   24293.78    |    24289.70     |
|              HW1_291              |   0.00   |    2     |    0.25 ( 0.00%)   |   -11009.73   |   24293.78    |    24289.70     |
|              Node189              |   0.00   |    2     |    0.25 ( 2.00%)   |   -11009.73   |   24293.78    |    24289.70     |
|              LN_286               |   0.00   |    2     |    0.25 ( 2.00%)   |   -11009.73   |   24293.78    |    24289.70     |
|              Node118              |   0.00   |    2     |    0.25 ( 0.00%)   |   -11009.73   |   24293.78    |    24289.70     |
|             SHA1_289              |   0.00   |    2     |    0.25 ( 0.00%)   |   -11009.73   |   24293.78    |    24289.70     |
|           TX_25784_385            |   0.00   |    2     |    0.25 ( 0.00%)   |   -11009.73   |   24293.78    |    24289.70     |
|              Node129              |   0.00   |    2     |    0.26 ( 0.00%)   |   -11009.73   |   24293.78    |    24289.70     |
|             JA99_196              |   0.00   |    2     |    0.73 (25.77%)   |   -11009.73   |   24293.78    |    24289.70     |
|             UK897_696             |   0.00   |    2     |    0.24 ( 0.00%)   |   -11009.73   |   24293.78    |    24289.70     |
|             AG207_796             |   0.00   |    2     |    0.25 ( 0.00%)   |   -11009.73   |   24293.78    |    24289.70     |
|              Node63               |   0.00   |    2     |    0.25 ( 0.00%)   |   -11009.73   |   24293.78    |    24289.70     |
|              Node657              |   0.00   |    2     |    0.25 ( 0.00%)   |   -11009.73   |   24293.78    |    24289.70     |
|              Node255              |   0.00   |    2     |    0.27 (31.40%)   |   -11019.71   |   24313.74    |    24289.70     |
|            II237_1193             |   0.00   |    2     |  532.80 (99.82%)   |   -11009.73   |   24293.78    |    24289.70     |
|          SAITAMA8096_97           |   0.00   |    2     |    0.24 ( 0.00%)   |   -11009.73   |   24293.78    |    24289.70     |
|             BK25_785              |   0.00   |    2     |  >1000 (100.00%)   |   -11009.73   |   24293.78    |    24289.70     |
|              BZ8_496              |   0.00   |    2     |    0.24 ( 0.00%)   |   -11009.73   |   24293.78    |    24289.70     |
|              Node94               |   0.00   |    2     |  >1000 (100.00%)   |   -11009.73   |   24293.78    |    24289.70     |
|              Node39               |   0.00   |    2     |    0.25 ( 2.00%)   |   -11022.25   |   24318.83    |    24289.70     |
|               CC185               |   0.00   |    2     |   1.00 (100.00%)   |   -11010.33   |   24294.99    |    24289.70     |
|               AA393               |   0.00   |    2     |    0.39 (96.55%)   |   -11009.73   |   24293.78    |    24289.70     |
|              Node677              |   0.00   |    2     |    0.25 ( 2.00%)   |   -11023.00   |   24320.32    |    24289.70     |
|             NY16_1194             |   0.00   |    2     |  130.72 ( 0.00%)   |   -11010.40   |   24295.11    |    24289.70     |
|             SYD_1287              |   0.00   |    2     |   1.00 (100.00%)   |   -11010.40   |   24295.13    |    24289.70     |
|             TY5_1287              |   0.00   |    2     |   13.30 (98.84%)   |   -11009.79   |   24293.90    |    24289.70     |
|            CL170_1096             |   0.00   |    2     |    0.40 (90.00%)   |   -11009.73   |   24293.78    |    24289.70     |
|             AG39_796              |   0.00   |    2     |    0.24 ( 0.00%)   |   -11009.73   |   24293.78    |    24289.70     |
|              Node50               |   0.00   |    2     |    0.40 (95.00%)   |   -11009.73   |   24293.78    |    24289.70     |
|              Node91               |   0.00   |    2     |  512.84 (100.00%)  |   -11009.73   |   24293.78    |    24289.70     |
|           CANBERRA5_897           |   0.00   |    2     |    0.39 (96.55%)   |   -11009.73   |   24293.78    |    24289.70     |
|              Node319              |   0.00   |    2     |  345.36 ( 0.41%)   |   -11009.33   |   24292.97    |    24289.70     |
|              Node596              |   0.00   |    2     |    0.18 (31.40%)   |   -11020.40   |   24315.13    |    24289.70     |
|              YN_1185              |   0.00   |    2     |  515.81 (100.00%)  |   -11009.73   |   24293.78    |    24289.70     |
|           TX_18733_184            |   0.00   |    2     |   1.00 (100.00%)   |   -11010.40   |   24295.13    |    24289.70     |
|            SHZH157_796            |   0.00   |    2     |    0.25 ( 2.00%)   |   -11022.47   |   24319.27    |    24289.70     |
|             AK9_1192              |   0.00   |    2     |  240.74 (98.21%)   |   -11009.73   |   24293.79    |    24289.70     |
|              Node227              |   0.00   |    2     |  486.56 (100.00%)  |   -11009.73   |   24293.78    |    24289.70     |
|              Node338              |   0.00   |    2     |  449.65 (100.00%)  |   -11009.73   |   24293.78    |    24289.70     |
|             CO11_1196             |   0.00   |    2     |    0.25 ( 2.00%)   |   -11020.33   |   24314.98    |    24289.70     |
|              Node155              |   0.00   |    2     |  >1000 (100.00%)   |   -11009.73   |   24293.78    |    24289.70     |
|              Node278              |   0.00   |    2     |   1.00 (100.00%)   |   -11010.39   |   24295.10    |    24289.70     |
|              SN8_492              |   0.00   |    2     |  236.23 (99.27%)   |   -11009.73   |   24293.79    |    24289.70     |
|               WE397               |   0.00   |    2     |    0.40 (95.00%)   |   -11009.73   |   24293.78    |    24289.70     |
|              Node258              |   0.00   |    2     |    0.40 (98.00%)   |   -11009.73   |   24293.78    |    24289.70     |
|              Node331              |   0.00   |    2     |   1.00 (100.00%)   |   -11010.39   |   24295.11    |    24289.70     |
|             AK16_995              |   0.00   |    2     |    0.25 ( 2.00%)   |   -11022.19   |   24318.70    |    24289.70     |
|             ENG22093              |   0.00   |    2     |  236.23 (99.27%)   |   -11009.73   |   24293.79    |    24289.70     |
|            TIANJIN3392            |   0.00   |    2     |    0.25 ( 0.00%)   |   -11009.73   |   24293.78    |    24289.70     |
|              HAR1592              |   0.00   |    2     |    0.25 ( 0.00%)   |   -11009.73   |   24293.78    |    24289.70     |
|             BR43_697              |   0.00   |    2     |    0.40 (95.00%)   |   -11009.73   |   24293.78    |    24289.70     |
|              Node659              |   0.00   |    2     |    0.25 ( 2.00%)   |   -11022.54   |   24319.41    |    24289.70     |
|             HK357_696             |   0.00   |    2     |    0.40 (95.00%)   |   -11009.73   |   24293.78    |    24289.70     |
|            SAUS54_797             |   0.00   |    2     |    0.40 (95.00%)   |   -11009.73   |   24293.78    |    24289.70     |
|              WE4896               |   0.00   |    2     |  240.74 (98.21%)   |   -11009.73   |   24293.79    |    24289.70     |
|              Node650              |   0.00   |    2     |  >1000 (100.00%)   |   -11009.73   |   24293.78    |    24289.70     |
|             JOH3_397              |   0.00   |    2     |    0.40 (95.00%)   |   -11009.73   |   24293.78    |    24289.70     |
|            CNIC35_196             |   0.00   |    2     |    0.40 (95.00%)   |   -11009.73   |   24293.78    |    24289.70     |
|              Node547              |   0.00   |    2     |    0.25 ( 0.00%)   |   -11009.73   |   24293.78    |    24289.70     |
|             FUK11496C             |   0.00   |    2     |    0.25 ( 2.00%)   |   -11022.82   |   24319.96    |    24289.70     |
|              Node652              |   0.00   |    2     |    0.25 ( 2.00%)   |   -11019.43   |   24313.19    |    24289.70     |
|             MO10_1196             |   0.00   |    2     |    0.40 (95.00%)   |   -11009.73   |   24293.78    |    24289.70     |
|              Node629              |   0.00   |    2     |   1.00 (100.00%)   |   -11010.39   |   24295.10    |    24289.70     |
|             MO11_1196             |   0.00   |    2     |    0.25 ( 0.00%)   |   -11009.73   |   24293.78    |    24289.70     |
|             ID3_1195              |   0.00   |    2     |    0.40 (95.00%)   |   -11009.73   |   24293.78    |    24289.70     |
|             SN27_595              |   0.00   |    2     |    0.40 (95.00%)   |   -11009.73   |   24293.78    |    24289.70     |
|              MO6_396              |   0.00   |    2     |   1.00 (100.00%)   |   -11010.39   |   24295.11    |    24289.70     |
|              NY9_196              |   0.00   |    2     |   2.13 (100.00%)   |   -11010.07   |   24294.46    |    24289.70     |
|            CN2796_1295            |   0.00   |    2     |    0.40 (95.00%)   |   -11009.73   |   24293.78    |    24289.70     |
|              HI1_997              |   0.00   |    2     |   1.00 (100.00%)   |   -11010.39   |   24295.10    |    24289.70     |
|             SHD5_894              |   0.00   |    2     |  >1000 (100.00%)   |   -11009.73   |   24293.78    |    24289.70     |
|            NCH933_995             |   0.00   |    2     |    0.40 (95.00%)   |   -11009.73   |   24293.78    |    24289.70     |
|              Node461              |   0.00   |    2     |  215.91 (100.00%)  |   -11009.73   |   24293.79    |    24289.70     |
|             ID4_1195              |   0.00   |    2     |    0.40 (95.00%)   |   -11009.73   |   24293.78    |    24289.70     |
|             GE491_396             |   0.00   |    2     |    0.40 (95.00%)   |   -11009.73   |   24293.78    |    24289.70     |
|              Node620              |   0.00   |    2     |    0.40 (95.00%)   |   -11009.73   |   24293.78    |    24289.70     |
|          TIANJING51_297           |   0.00   |    2     |    0.25 ( 2.00%)   |   -11022.77   |   24319.85    |    24289.70     |
|             SH19_896              |   0.00   |    2     |    0.25 ( 2.00%)   |   -11022.83   |   24319.97    |    24289.70     |
|             MN1_1196              |   0.00   |    2     |    0.40 (95.00%)   |   -11009.73   |   24293.78    |    24289.70     |
|              LA1_195              |   0.00   |    2     |    0.40 (95.00%)   |   -11009.73   |   24293.78    |    24289.70     |
|               ENG88               |   0.00   |    2     |   >1000 ( 0.35%)   |   -11003.80   |   24281.91    |    24281.91     |
|               ENG88               |   0.00   |    3     |   >1000 ( 0.34%)   |   -11003.80   |   24286.00    |    24281.91     |
|             FL4_1195              |   0.00   |    2     |  24.92 (100.00%)   |   -11003.83   |   24286.06    |    24281.91     |
|             HK34_490              |   0.00   |    2     |    0.40 (95.00%)   |   -11003.80   |   24285.99    |    24281.91     |
|            CAR465_896             |   0.00   |    2     |    0.25 ( 0.00%)   |   -11003.80   |   24285.99    |    24281.91     |
|             AK18_493              |   0.00   |    2     |    0.40 (98.00%)   |   -11003.80   |   24285.99    |    24281.91     |
|              VIC3097              |   0.00   |    2     |    0.25 ( 0.00%)   |   -11003.80   |   24285.99    |    24281.91     |
|             TX5_1294              |   0.00   |    2     |    0.40 (95.00%)   |   -11003.80   |   24285.99    |    24281.91     |
|             TAS1_797              |   0.00   |    2     |   >1000 ( 0.35%)   |   -10997.87   |   24274.14    |    24274.14     |
|             TAS1_797              |   0.00   |    3     |   >1000 ( 0.35%)   |   -10997.87   |   24278.23    |    24274.14     |
|              Node605              |   0.00   |    2     |    0.40 (95.00%)   |   -10997.87   |   24278.22    |    24274.14     |
|              Node531              |   0.00   |    2     |    0.39 (96.55%)   |   -10997.87   |   24278.22    |    24274.14     |
|              Node410              |   0.00   |    2     |    0.25 ( 0.00%)   |   -10997.87   |   24278.22    |    24274.14     |
|              Node428              |   0.00   |    2     |    0.40 (98.00%)   |   -10997.87   |   24278.22    |    24274.14     |
|              Node400              |   0.00   |    2     |    0.40 (98.00%)   |   -10997.87   |   24278.22    |    24274.14     |
|             SP351_195             |   0.00   |    2     |    0.40 (98.00%)   |   -10997.87   |   24278.22    |    24274.14     |
|              BE4_189              |   0.00   |    2     |   0.40 (100.00%)   |   -10997.87   |   24278.22    |    24274.14     |
|              Node73               |   0.00   |    2     |    0.50 ( 2.00%)   |   -10997.87   |   24278.22    |    24274.14     |
|             VIC68_792             |   0.00   |    2     |    0.40 (98.00%)   |   -10997.87   |   24278.22    |    24274.14     |
|              Node119              |   0.00   |    2     |    0.40 (98.00%)   |   -10997.87   |   24278.22    |    24274.14     |
|            SOFIA15593             |   0.00   |    2     |    0.40 (98.00%)   |   -10997.87   |   24278.22    |    24274.14     |
|           TX_12764_483            |   0.00   |    2     |    0.40 (98.00%)   |   -10997.87   |   24278.22    |    24274.14     |
|              KB_288               |   0.00   |    2     |    0.50 ( 2.00%)   |   -10997.87   |   24278.22    |    24274.14     |
|              BK_785               |   0.00   |    2     |    0.50 ( 2.00%)   |   -10997.87   |   24278.22    |    24274.14     |
|              Node150              |   0.00   |    2     |    0.50 ( 2.00%)   |   -10997.87   |   24278.22    |    24274.14     |
|              Node369              |   0.00   |    2     |    0.25 ( 0.00%)   |   -10997.87   |   24278.22    |    24274.14     |
|              Node387              |   0.00   |    2     |    0.39 (96.55%)   |   -10997.87   |   24278.22    |    24274.14     |
|             HI3_1192              |   0.00   |    2     |    0.25 ( 0.00%)   |   -10997.87   |   24278.22    |    24274.14     |
|              SH6_490              |   0.00   |    2     |    0.25 ( 0.00%)   |   -10997.87   |   24278.22    |    24274.14     |
|              OITA83               |   0.00   |    2     |    0.50 ( 2.00%)   |   -10997.87   |   24278.22    |    24274.14     |
|              Node194              |   0.00   |    2     |    0.25 ( 0.00%)   |   -10997.87   |   24278.22    |    24274.14     |
|              Node97               |   0.00   |    2     |    0.24 ( 0.00%)   |   -10997.87   |   24278.22    |    24274.14     |
|              Node95               |   0.00   |    2     |    0.25 ( 0.00%)   |   -10997.87   |   24278.22    |    24274.14     |
|              NJ_185               |   0.00   |    2     |    0.25 ( 0.00%)   |   -10997.87   |   24278.22    |    24274.14     |
|              Node445              |   0.00   |    2     |    0.27 (31.40%)   |   -11003.71   |   24289.89    |    24274.14     |
|              Node175              |   0.00   |    2     |    0.26 ( 0.00%)   |   -10997.87   |   24278.22    |    24274.14     |
|              Node72               |   0.00   |    2     |    0.25 ( 0.00%)   |   -10997.87   |   24278.22    |    24274.14     |
|              Node158              |   0.00   |    2     |    0.25 ( 0.00%)   |   -10997.87   |   24278.22    |    24274.14     |
|               CC485               |   0.00   |    2     |    0.25 ( 0.00%)   |   -10997.87   |   24278.22    |    24274.14     |
|              Node103              |   0.00   |    2     |    0.50 ( 5.00%)   |   -10997.87   |   24278.22    |    24274.14     |
|             BE57_189              |   0.00   |    2     |    0.25 ( 0.00%)   |   -10997.87   |   24278.22    |    24274.14     |
|              Node136              |   0.00   |    2     |    0.75 ( 5.00%)   |   -10997.87   |   24278.22    |    24274.14     |
|              Node53               |   0.00   |    2     |  >1000 (100.00%)   |   -10997.87   |   24278.22    |    24274.14     |
|              Node206              |   0.00   |    2     |    0.25 ( 0.00%)   |   -10997.87   |   24278.22    |    24274.14     |
|              Node51               |   0.00   |    2     |    0.25 ( 2.00%)   |   -11002.92   |   24288.32    |    24274.14     |
|              Node127              |   0.00   |    2     |    0.25 ( 0.00%)   |   -10997.87   |   24278.22    |    24274.14     |
|              Node182              |   0.00   |    2     |    0.25 ( 0.00%)   |   -10997.87   |   24278.22    |    24274.14     |
|             NY64_1293             |   0.00   |    2     |    0.26 ( 0.00%)   |   -10997.87   |   24278.22    |    24274.14     |
|              YG_585               |   0.00   |    2     |  759.02 (100.00%)  |   -10997.87   |   24278.22    |    24274.14     |
|              IL5_195              |   0.00   |    2     |   1.00 (100.00%)   |   -10998.20   |   24278.89    |    24274.14     |
|               SIC89               |   0.00   |    2     |   1.00 (100.00%)   |   -10998.21   |   24278.89    |    24274.14     |
|              Node266              |   0.00   |    2     |   10.87 (94.86%)   |   -10997.91   |   24278.30    |    24274.14     |
|            NCH58_1293             |   0.00   |    2     |  >1000 (100.00%)   |   -10997.87   |   24278.22    |    24274.14     |
|              Node197              |   0.00   |    2     |  29.98 (100.00%)   |   -10997.88   |   24278.25    |    24274.14     |
|             TY6_1287              |   0.00   |    2     |  29.98 (100.00%)   |   -10997.88   |   24278.25    |    24274.14     |
|            AUC10896_97            |   0.00   |    2     |   1.00 (100.00%)   |   -10998.20   |   24278.88    |    24274.14     |
|              Node607              |   0.00   |    2     |  783.36 (100.00%)  |   -10997.87   |   24278.22    |    24274.14     |
|             NE11_395              |   0.00   |    2     |    0.26 ( 0.00%)   |   -10997.87   |   24278.22    |    24274.14     |
|              GM_1185              |   0.00   |    2     |   7.39 (100.00%)   |   -10997.92   |   24278.33    |    24274.14     |
|              LA_1287              |   0.00   |    2     |   1.00 (100.00%)   |   -10998.21   |   24278.90    |    24274.14     |
|              Node147              |   0.00   |    2     |  >1000 (100.00%)   |   -10997.87   |   24278.22    |    24274.14     |
|             FUK11496E             |   0.00   |    2     |    0.25 ( 2.00%)   |   -11003.85   |   24290.18    |    24274.14     |
|               CC893               |   0.00   |    2     |    0.26 ( 0.00%)   |   -10997.87   |   24278.22    |    24274.14     |
|              Node86               |   0.00   |    2     |   1.00 (100.00%)   |   -10998.20   |   24278.89    |    24274.14     |
|              Node141              |   0.00   |    2     |  >1000 (100.00%)   |   -10997.87   |   24278.22    |    24274.14     |
|             SHA16_989             |   0.00   |    2     |  274.32 (96.70%)   |   -10997.87   |   24278.22    |    24274.14     |
|             NJ8_1194              |   0.00   |    2     |    0.25 ( 2.00%)   |   -11004.54   |   24291.56    |    24274.14     |
|              Node495              |   0.00   |    2     |    0.25 ( 2.00%)   |   -11004.12   |   24290.73    |    24274.14     |
|              SHA_887              |   0.00   |    2     |   1.00 (100.00%)   |   -10998.21   |   24278.89    |    24274.14     |
|              Node421              |   0.00   |    2     |   1.00 (100.00%)   |   -10998.20   |   24278.89    |    24274.14     |
|              AK_1284              |   0.00   |    2     |  183.75 (100.00%)  |   -10997.87   |   24278.23    |    24274.14     |
|            DJ3946_1292            |   0.00   |    2     |  >1000 (100.00%)   |   -10997.87   |   24278.22    |    24274.14     |
|              Node209              |   0.00   |    2     |   1.00 (100.00%)   |   -10998.20   |   24278.89    |    24274.14     |
|              Node301              |   0.00   |    2     |   1.00 (100.00%)   |   -10998.20   |   24278.89    |    24274.14     |
|              Node525              |   0.00   |    2     |    0.25 ( 2.00%)   |   -11004.58   |   24291.64    |    24274.14     |
|             GZH11_496             |   0.00   |    2     |    0.26 ( 0.00%)   |   -10997.87   |   24278.22    |    24274.14     |
|              Node450              |   0.00   |    2     |   10.87 (94.86%)   |   -10997.91   |   24278.30    |    24274.14     |
|              Node285              |   0.00   |    2     |  243.78 (100.00%)  |   -10997.87   |   24278.22    |    24274.14     |
|             BR87_596              |   0.00   |    2     |   1.00 (100.00%)   |   -10998.20   |   24278.88    |    24274.14     |
|              Node380              |   0.00   |    2     |  236.48 (97.44%)   |   -10997.87   |   24278.22    |    24274.14     |
|            GNX189_796             |   0.00   |    2     |    0.26 ( 0.00%)   |   -10997.87   |   24278.22    |    24274.14     |
|               Node9               |   0.00   |    2     |    0.26 ( 0.00%)   |   -10997.87   |   24278.22    |    24274.14     |
|              Node487              |   0.00   |    2     |    0.18 (31.40%)   |   -11002.24   |   24286.96    |    24274.14     |
|              Node435              |   0.00   |    2     |  30.07 (100.00%)   |   -10997.88   |   24278.25    |    24274.14     |
|           TX_24753_185            |   0.00   |    2     |   1.00 (100.00%)   |   -10998.20   |   24278.89    |    24274.14     |
|            NCH3332_493            |   0.00   |    2     |   1.00 (100.00%)   |   -10998.20   |   24278.89    |    24274.14     |
|            UMEA2_1192             |   0.00   |    2     |  194.04 (99.92%)   |   -10997.87   |   24278.23    |    24274.14     |
|              Node418              |   0.00   |    2     |   1.00 (100.00%)   |   -10998.20   |   24278.89    |    24274.14     |
|              Node432              |   0.00   |    2     |  >1000 (100.00%)   |   -10997.87   |   24278.22    |    24274.14     |
|          TIANJING55_896           |   0.00   |    2     |    0.26 ( 0.00%)   |   -10997.87   |   24278.22    |    24274.14     |
|              Node35               |   0.00   |    2     |    0.25 ( 2.00%)   |   -11004.57   |   24291.62    |    24274.14     |
|              Node229              |   0.00   |    2     |  >1000 (100.00%)   |   -10997.87   |   24278.22    |    24274.14     |
|             NED37293              |   0.00   |    2     |   10.76 (93.66%)   |   -10997.91   |   24278.30    |    24274.14     |
|              Node651              |   0.00   |    2     |    0.25 ( 0.00%)   |   -10997.87   |   24278.22    |    24274.14     |
|             HK387_797             |   0.00   |    2     |    0.26 ( 0.00%)   |   -10997.87   |   24278.22    |    24274.14     |
|              Node691              |   0.00   |    2     |    0.26 ( 0.00%)   |   -10997.87   |   24278.22    |    24274.14     |
|             SP190_393             |   0.00   |    2     |   58.69 ( 0.00%)   |   -10998.20   |   24278.89    |    24274.14     |
|              Node254              |   0.00   |    2     |    0.18 (31.40%)   |   -11002.95   |   24288.39    |    24274.14     |
|              Node366              |   0.00   |    2     |  100.17 (100.00%)  |   -10997.87   |   24278.23    |    24274.14     |
|             PARIS8395             |   0.00   |    2     |  >1000 (100.00%)   |   -10997.87   |   24278.22    |    24274.14     |
|              Node517              |   0.00   |    2     |    0.26 ( 0.00%)   |   -10997.87   |   24278.22    |    24274.14     |
|             RU58_393              |   0.00   |    2     |   58.69 ( 0.00%)   |   -10998.20   |   24278.89    |    24274.14     |
|              Node198              |   0.00   |    2     |    0.18 (31.40%)   |   -11003.34   |   24289.16    |    24274.14     |
|              PR1_797              |   0.00   |    2     |    0.26 ( 0.00%)   |   -10997.87   |   24278.22    |    24274.14     |
|              Node280              |   0.00   |    2     |  194.04 (99.92%)   |   -10997.87   |   24278.23    |    24274.14     |
|              Node76               |   0.00   |    2     |    0.18 (31.40%)   |   -11002.24   |   24286.97    |    24274.14     |
|              Node313              |   0.00   |    2     |   1.00 (100.00%)   |   -10998.20   |   24278.88    |    24274.14     |
|              Node300              |   0.00   |    2     |   1.00 (100.00%)   |   -10998.20   |   24278.89    |    24274.14     |
|              Node332              |   0.00   |    2     |   1.00 (100.00%)   |   -10998.20   |   24278.89    |    24274.14     |
|              Node680              |   0.00   |    2     |    0.26 ( 0.00%)   |   -10997.87   |   24278.22    |    24274.14     |
|            II236_1193             |   0.00   |    2     |    0.27 (31.40%)   |   -11002.65   |   24287.78    |    24274.14     |
|              BRI2296              |   0.00   |    2     |    0.26 ( 0.00%)   |   -10997.87   |   24278.22    |    24274.14     |
|            KWJ195_1194            |   0.00   |    2     |  263.74 (99.22%)   |   -10997.87   |   24278.22    |    24274.14     |
|              LA6_993              |   0.00   |    2     |   1.00 (100.00%)   |   -10998.20   |   24278.89    |    24274.14     |
|              BR3_496              |   0.00   |    2     |    0.26 ( 0.00%)   |   -10997.87   |   24278.22    |    24274.14     |
|              Node289              |   0.00   |    2     |   58.69 ( 0.00%)   |   -10998.20   |   24278.88    |    24274.14     |
|             PS688_193             |   0.00   |    2     |   1.00 (100.00%)   |   -10998.20   |   24278.88    |    24274.14     |
|             GD04_393              |   0.00   |    2     |    0.18 (31.40%)   |   -11003.13   |   24288.74    |    24274.14     |
|              Node568              |   0.00   |    2     |   1.00 (100.00%)   |   -10998.20   |   24278.89    |    24274.14     |
|              Node437              |   0.00   |    2     |  113.65 (100.00%)  |   -10997.87   |   24278.23    |    24274.14     |
|              Node579              |   0.00   |    2     |    0.26 ( 0.00%)   |   -10997.87   |   24278.22    |    24274.14     |
|              Node609              |   0.00   |    2     |    0.26 ( 0.00%)   |   -10997.87   |   24278.22    |    24274.14     |
|              OH3_195              |   0.00   |    2     |   1.00 (100.00%)   |   -10998.20   |   24278.89    |    24274.14     |
|              Node628              |   0.00   |    2     |    0.26 ( 0.00%)   |   -10997.87   |   24278.22    |    24274.14     |
|              Node601              |   0.00   |    2     |    0.18 (31.40%)   |   -11002.73   |   24287.94    |    24274.14     |
|              Node595              |   0.00   |    2     |    0.18 (31.40%)   |   -11002.73   |   24287.93    |    24274.14     |
|              Node371              |   0.00   |    2     |  >1000 (100.00%)   |   -10997.87   |   24278.22    |    24274.14     |
|              HK1_694              |   0.00   |    2     |  115.63 (100.00%)  |   -10997.87   |   24278.23    |    24274.14     |
|              WV1_395              |   0.00   |    2     |    0.26 ( 0.00%)   |   -10997.87   |   24278.22    |    24274.14     |
|             TH78_397              |   0.00   |    2     |    0.25 ( 2.00%)   |   -11002.73   |   24287.94    |    24274.14     |
|             NY50_1196             |   0.00   |    2     |  824.40 (100.00%)  |   -10997.87   |   24278.22    |    24274.14     |
|           GE578652_295            |   0.00   |    2     |   1.00 (100.00%)   |   -10998.20   |   24278.89    |    24274.14     |
|             AK10_295              |   0.00   |    2     |   1.00 (100.00%)   |   -10998.20   |   24278.88    |    24274.14     |
|              HK3_195              |   0.00   |    2     |  >1000 (100.00%)   |   -10997.87   |   24278.22    |    24274.14     |
|              Node539              |   0.00   |    2     |    0.25 ( 2.00%)   |   -11003.14   |   24288.76    |    24274.14     |
|             NJ8_1296              |   0.00   |    2     |   >1000 (30.97%)   |   -10997.87   |   24278.23    |    24274.14     |
|             BR309_796             |   0.00   |    2     |    0.27 (31.40%)   |   -11002.33   |   24287.14    |    24274.14     |
|              Node491              |   0.00   |    2     |  703.73 (100.00%)  |   -10997.87   |   24278.22    |    24274.14     |
|             GE767_495             |   0.00   |    2     |   >1000 (99.82%)   |   -10997.87   |   24278.22    |    24274.14     |
|              Node12               |   0.00   |    2     |   1.00 (100.00%)   |   -10998.20   |   24278.88    |    24274.14     |
|              Node534              |   0.00   |    2     |  >1000 (100.00%)   |   -10997.87   |   24278.22    |    24274.14     |
|              Node457              |   0.00   |    2     |  30.04 (100.00%)   |   -10997.88   |   24278.25    |    24274.14     |
|             TH79_397              |   0.00   |    2     |    0.25 ( 2.00%)   |   -11002.65   |   24287.79    |    24274.14     |
|              Node71               |   0.00   |    2     |    0.27 (31.40%)   |   -11001.62   |   24285.72    |    24274.14     |
|              Node459              |   0.00   |    2     |  703.73 (100.00%)  |   -10997.87   |   24278.22    |    24274.14     |
|              Node578              |   0.00   |    2     |    0.26 ( 0.00%)   |   -10997.87   |   24278.22    |    24274.14     |
|              Node646              |   0.00   |    2     |    0.25 ( 2.00%)   |   -11004.40   |   24291.28    |    24274.14     |
|            CN10679_997            |   0.00   |    2     |   1.00 (100.00%)   |   -10998.20   |   24278.88    |    24274.14     |
|              Node602              |   0.00   |    2     |  731.61 (100.00%)  |   -10997.87   |   24278.22    |    24274.14     |
|              Node484              |   0.00   |    2     |    0.26 ( 0.00%)   |   -10997.87   |   24278.22    |    24274.14     |
|              BZ2_395              |   0.00   |    2     |    0.26 ( 0.00%)   |   -10997.87   |   24278.22    |    24274.14     |
|             BRIS3596              |   0.00   |    2     |   1.00 (100.00%)   |   -10998.20   |   24278.88    |    24274.14     |
|             AUC5_697              |   0.00   |    2     |   1.00 (100.00%)   |   -10998.20   |   24278.88    |    24274.14     |
|               Node8               |   0.00   |    2     |    0.25 ( 2.00%)   |   -11004.82   |   24292.11    |    24274.14     |
|              Node548              |   0.00   |    2     |    0.26 ( 0.00%)   |   -10997.87   |   24278.22    |    24274.14     |
|              HI2_796              |   0.00   |    2     |   1.00 (100.00%)   |   -10998.20   |   24278.88    |    24274.14     |
|              Node271              |   0.00   |    2     |    0.18 (31.40%)   |   -11002.37   |   24287.22    |    24274.14     |
|              Node501              |   0.00   |    2     |    0.26 ( 0.00%)   |   -10997.87   |   24278.22    |    24274.14     |
|              Node58               |   0.00   |    2     |   >1000 (99.71%)   |   -10997.87   |   24278.22    |    24274.14     |
|              Node42               |   0.00   |    2     |   1.00 (100.00%)   |   -10998.20   |   24278.88    |    24274.14     |
|              Node546              |   0.00   |    2     |  >1000 (100.00%)   |   -10997.87   |   24278.22    |    24274.14     |
|              Node460              |   0.00   |    2     |    0.26 ( 0.00%)   |   -10997.87   |   24278.22    |    24274.14     |
|             CN61_296              |   0.00   |    2     |    0.26 ( 0.00%)   |   -10997.87   |   24278.22    |    24274.14     |
|              Node556              |   0.00   |    2     |   1.00 (100.00%)   |   -10998.20   |   24278.88    |    24274.14     |
|              Node456              |   0.00   |    2     |    0.26 ( 0.00%)   |   -10997.87   |   24278.22    |    24274.14     |
|              Node614              |   0.00   |    2     |    0.18 (31.40%)   |   -11003.42   |   24289.32    |    24274.14     |
|             KO45_296              |   0.00   |    2     |    0.26 ( 0.00%)   |   -10997.87   |   24278.22    |    24274.14     |
|             HK358_796             |   0.00   |    2     |   >1000 (99.78%)   |   -10997.87   |   24278.22    |    24274.14     |
|              Node48               |   0.00   |    2     |  >1000 (100.00%)   |   -10997.87   |   24278.22    |    24274.14     |
|              Node47               |   0.00   |    2     |  920.80 (100.00%)  |   -10997.87   |   24278.22    |    24274.14     |
|             BE17_197              |   0.00   |    2     |    0.25 ( 2.00%)   |   -11003.71   |   24289.91    |    24274.14     |
|              VIC4797              |   0.00   |    2     |   1.00 (100.00%)   |   -10998.20   |   24278.89    |    24274.14     |
|          YOKOHAMA6896_97          |   0.00   |    2     |   1.00 (100.00%)   |   -10998.20   |   24278.88    |    24274.14     |
|              Node621              |   0.00   |    2     |   1.00 (100.00%)   |   -10998.20   |   24278.88    |    24274.14     |
|            WUH359_995             |   0.00   |    2     |  >1000 (100.00%)   |   -10997.87   |   24278.22    |    24274.14     |
|               Node7               |   0.00   |    2     |    0.25 ( 2.00%)   |   -11004.00   |   24290.49    |    24274.14     |
|              Node545              |   0.00   |    2     |    0.26 ( 0.00%)   |   -10997.87   |   24278.22    |    24274.14     |
|              Node54               |   0.00   |    2     |    0.26 ( 0.00%)   |   -10997.87   |   24278.22    |    24274.14     |
|             CA13_1296             |   0.00   |    2     |  >1000 (100.00%)   |   -10997.87   |   24278.22    |    24274.14     |
|              Node520              |   0.00   |    2     |    0.26 ( 0.00%)   |   -10997.87   |   24278.22    |    24274.14     |
|              PA2_297              |   0.00   |    2     |    0.26 ( 0.00%)   |   -10997.87   |   24278.22    |    24274.14     |
|              Node666              |   0.00   |    2     |  >1000 (100.00%)   |   -10997.87   |   24278.22    |    24274.14     |
|              Node667              |   0.00   |    2     |    0.27 (31.40%)   |   -11003.14   |   24288.76    |    24274.14     |
|             BR51_897              |   0.00   |    2     |    0.18 (31.40%)   |   -11002.72   |   24287.93    |    24274.14     |
|              Node394              |   0.00   |    2     |    0.26 ( 0.00%)   |   -10997.87   |   24278.22    |    24274.14     |
|              Node299              |   0.00   |    2     |    0.27 (31.40%)   |   -11002.50   |   24287.49    |    24274.14     |
|              Node268              |   0.00   |    2     |    0.26 ( 0.00%)   |   -10997.87   |   24278.22    |    24274.14     |
|             HAR3_1296             |   0.00   |    2     |    0.25 ( 0.00%)   |   -10997.87   |   24278.22    |    24274.14     |
|              Node228              |   0.00   |    2     |    0.26 ( 0.00%)   |   -10997.87   |   24278.22    |    24274.14     |
|              Node290              |   0.00   |    2     |    0.26 ( 0.00%)   |   -10997.87   |   24278.22    |    24274.14     |
|              Node436              |   0.00   |    2     |    0.26 ( 0.00%)   |   -10997.87   |   24278.22    |    24274.14     |
|              Node38               |   0.00   |    2     |    0.25 ( 2.00%)   |   -11001.96   |   24286.39    |    24274.14     |
|              TD5096               |   0.00   |    2     |    0.27 (31.40%)   |   -11002.03   |   24286.55    |    24274.14     |
|            KA206_1191             |   0.00   |    2     |    0.26 ( 0.00%)   |   -10997.87   |   24278.22    |    24274.14     |
|             BE46_292              |   0.00   |    2     |    0.26 ( 0.00%)   |   -10997.87   |   24278.22    |    24274.14     |
|              VT3_194              |   0.00   |    2     |    0.26 ( 0.00%)   |   -10997.87   |   24278.22    |    24274.14     |
|             NJ10_195              |   0.00   |    2     |    0.26 ( 0.00%)   |   -10997.87   |   24278.22    |    24274.14     |
|             BE32_192              |   0.00   |    2     |    0.26 ( 0.00%)   |   -10997.87   |   24278.22    |    24274.14     |
|              Node678              |   0.00   |    2     |    0.25 ( 2.00%)   |   -11001.63   |   24285.74    |    24274.14     |
|              ST1_193              |   0.00   |    2     |    0.26 ( 0.00%)   |   -10997.87   |   24278.22    |    24274.14     |
|              GA3_393              |   0.00   |    2     |    0.26 ( 0.00%)   |   -10997.87   |   24278.22    |    24274.14     |
|              Node240              |   0.00   |    2     |    0.26 ( 0.00%)   |   -10997.87   |   24278.22    |    24274.14     |
|              Node327              |   0.00   |    2     |    0.26 ( 0.00%)   |   -10997.87   |   24278.22    |    24274.14     |
|             SIC4_593              |   0.00   |    2     |    0.26 ( 0.00%)   |   -10997.87   |   24278.22    |    24274.14     |
|             SP378_195             |   0.00   |    2     |    0.26 ( 0.00%)   |   -10997.87   |   24278.22    |    24274.14     |
|              Node415              |   0.00   |    2     |    0.26 ( 0.00%)   |   -10997.87   |   24278.22    |    24274.14     |
|            MX3255_194             |   0.00   |    2     |    0.26 ( 0.00%)   |   -10997.87   |   24278.22    |    24274.14     |
|             PR1_1090              |   0.00   |    2     |    0.26 ( 0.00%)   |   -10997.87   |   24278.22    |    24274.14     |
|             SHIGA291              |   0.00   |    2     |    0.26 ( 0.00%)   |   -10997.87   |   24278.22    |    24274.14     |
|              Node200              |   0.00   |    2     |    0.26 ( 0.00%)   |   -10997.87   |   24278.22    |    24274.14     |
|              Node146              |   0.00   |    2     |    0.26 ( 0.00%)   |   -10997.87   |   24278.22    |    24274.14     |
|              Node78               |   0.00   |    2     |    0.26 ( 0.00%)   |   -10997.87   |   24278.22    |    24274.14     |
|              Node161              |   0.00   |    2     |    0.26 ( 0.00%)   |   -10997.87   |   24278.22    |    24274.14     |
|               VIC87               |   0.00   |    2     |    0.26 ( 0.00%)   |   -10997.87   |   24278.22    |    24274.14     |
|              GC_987               |   0.00   |    2     |    0.26 ( 0.00%)   |   -10997.87   |   24278.22    |    24274.14     |
|              QL_987               |   0.00   |    2     |    0.26 ( 0.00%)   |   -10997.87   |   24278.22    |    24274.14     |
|              Node80               |   0.00   |    2     |    0.26 ( 0.00%)   |   -10997.87   |   24278.22    |    24274.14     |
|              Node93               |   0.00   |    2     |    0.26 ( 0.00%)   |   -10997.87   |   24278.22    |    24274.14     |
|               CZ86                |   0.00   |    2     |    0.26 ( 0.00%)   |   -10997.87   |   24278.22    |    24274.14     |
|              CB_188               |   0.00   |    2     |    0.26 ( 0.00%)   |   -10997.87   |   24278.22    |    24274.14     |
|              Node180              |   0.00   |    2     |    0.25 ( 0.00%)   |   -10997.87   |   24278.22    |    24274.14     |
|              Node205              |   0.00   |    2     |    0.25 ( 0.00%)   |   -10997.87   |   24278.22    |    24274.14     |
|             NY63_1293             |   0.00   |    2     |    0.25 ( 0.00%)   |   -10997.87   |   24278.22    |    24274.14     |
|            PERTH01_492            |   0.00   |    2     |    0.25 ( 2.00%)   |   -10997.91   |   24278.30    |    24274.14     |
|             GZH8_496              |   0.00   |    2     |    0.25 ( 2.00%)   |   -10997.87   |   24278.22    |    24274.14     |
|              MI_185               |   0.00   |    2     |    0.25 ( 2.00%)   |   -10997.87   |   24278.22    |    24274.14     |
|             NY26_293              |   0.00   |    2     |    0.25 ( 2.00%)   |   -10997.87   |   24278.22    |    24274.14     |
|            NY4295_1194            |   0.00   |    2     |    0.25 ( 2.00%)   |   -10997.87   |   24278.22    |    24274.14     |
|             CA5_1193              |   0.00   |    2     |    0.25 ( 2.00%)   |   -10997.87   |   24278.22    |    24274.14     |
|            NCH12_1193             |   0.00   |    2     |    0.25 ( 2.00%)   |   -10997.87   |   24278.22    |    24274.14     |
|             NY37_1096             |   0.00   |    2     |    0.25 ( 2.00%)   |   -10997.87   |   24278.22    |    24274.14     |
|              IN3_991              |   0.00   |    2     |    0.25 ( 2.00%)   |   -10997.87   |   24278.22    |    24274.14     |
|             CN124_295             |   0.00   |    2     |    0.25 ( 2.00%)   |   -10997.87   |   24278.22    |    24274.14     |
|             HK55_794              |   0.00   |    2     |    0.25 ( 2.00%)   |   -10997.87   |   24278.22    |    24274.14     |
|             KO572_297             |   0.00   |    2     |    0.25 ( 2.00%)   |   -10997.87   |   24278.22    |    24274.14     |
|             KO671_297             |   0.00   |    2     |    0.25 ( 2.00%)   |   -10997.87   |   24278.22    |    24274.14     |
|              GUA_389              |   0.00   |    2     |    0.25 ( 2.00%)   |   -10997.87   |   24278.22    |    24274.14     |
|              AUC596               |   0.00   |    2     |    0.25 ( 2.00%)   |   -10997.87   |   24278.22    |    24274.14     |
|           TX_18088_184            |   0.00   |    2     |    0.25 ( 2.00%)   |   -10997.87   |   24278.22    |    24274.14     |
|             WUZ4_493              |   0.00   |    2     |    0.25 ( 2.00%)   |   -10997.87   |   24278.22    |    24274.14     |
|             HK391_797             |   0.00   |    2     |    0.25 ( 2.00%)   |   -10997.87   |   24278.22    |    24274.14     |
|            JA8695_1294            |   0.00   |    2     |    0.25 ( 2.00%)   |   -10997.87   |   24278.22    |    24274.14     |
|              NY3_293              |   0.00   |    2     |    0.25 ( 2.00%)   |   -10997.87   |   24278.22    |    24274.14     |
|              LA4_893              |   0.00   |    2     |    0.25 ( 2.00%)   |   -10997.87   |   24278.22    |    24274.14     |
|             HEBEI1293             |   0.00   |    2     |    0.25 ( 2.00%)   |   -10997.87   |   24278.22    |    24274.14     |
|              CHR196               |   0.00   |    2     |    0.25 ( 2.00%)   |   -10997.87   |   24278.22    |    24274.14     |
|             SAP_1292              |   0.00   |    2     |    0.25 ( 2.00%)   |   -10997.87   |   24278.22    |    24274.14     |
|            CI2115_696             |   0.00   |    2     |    0.25 ( 2.00%)   |   -10997.87   |   24278.22    |    24274.14     |
|             SAS68_692             |   0.00   |    2     |    0.25 ( 2.00%)   |   -10997.87   |   24278.22    |    24274.14     |
|           FUJIAN133_596           |   0.00   |    2     |    0.25 ( 2.00%)   |   -10997.87   |   24278.22    |    24274.14     |
|              SIC_487              |   0.00   |    2     |    0.25 ( 2.00%)   |   -10997.87   |   24278.22    |    24274.14     |
|              ST_185               |   0.00   |    2     |    0.25 ( 2.00%)   |   -10997.87   |   24278.22    |    24274.14     |
|              SD1_491              |   0.00   |    2     |    0.25 ( 2.00%)   |   -10997.87   |   24278.22    |    24274.14     |
|             SP125_293             |   0.00   |    2     |    0.25 ( 2.00%)   |   -10997.87   |   24278.22    |    24274.14     |
|             NGX10_193             |   0.00   |    2     |    0.25 ( 2.00%)   |   -10997.87   |   24278.22    |    24274.14     |
|              AK2_796              |   0.00   |    2     |    0.25 ( 2.00%)   |   -10997.87   |   24278.22    |    24274.14     |
|            BE353_1289             |   0.00   |    2     |    0.25 ( 2.00%)   |   -10997.87   |   24278.22    |    24274.14     |
|             JOH33_794             |   0.00   |    2     |    0.25 ( 2.00%)   |   -10997.87   |   24278.22    |    24274.14     |
|              SYD697               |   0.00   |    2     |    0.25 ( 2.00%)   |   -10997.87   |   24278.22    |    24274.14     |
|            UMEA1_1192             |   0.00   |    2     |    0.25 ( 2.00%)   |   -10997.87   |   24278.22    |    24274.14     |
|              WA1591               |   0.00   |    2     |    0.25 ( 2.00%)   |   -10997.87   |   24278.22    |    24274.14     |
|             RO182_194             |   0.00   |    2     |    0.25 ( 2.00%)   |   -10997.87   |   24278.22    |    24274.14     |
|             CAR42297              |   0.00   |    2     |    0.25 ( 2.00%)   |   -10997.87   |   24278.22    |    24274.14     |

### Rate class analyses summary
*  527 branches with **1** rate classes
*  15 branches with **2** rate classes

### Annotated Tree
(TIANJING55_896{1},GZH11_496{1},HK357_696{1},SP214_197{1},(((HAR3_1296{1},BE24496_197{1})Node662{1},(((TAS1_797{2},VIC4797{1},VIC3097{1})Node639{1},((RI7_397{1},(((BR51_897{1},BR43_697{1})Node597{1},BR309_796{1})Node596{1},((GQ1014_1096{1},(JOH10_697{1},(NY50_1196{1},(CA13_1296{1},(MN1_497{1},MO10_1196{1})Node614{1},CA10_797{1},NY43_1196{1})Node609{1},JOH9_597{1})Node607{1})Node605{1},((CN101_197{2},PA2_297{1})Node621{1},MO11_1196{1},MOS2_197{1})Node620{1})Node602{1},((WI3_896{1},NY37_1096{1})Node629{1},AK2_796{1})Node628{1},TW523_596{1})Node601{1})Node595{1},SHA9_995{1},(WA596{1},((CNIC22_195{1},((((((((((((ENG88{2},BE4_189{1})Node175{1},(((GC_987{1},SIC_487{1})Node170{1},((((BK_785{1},(YG_585{1},CC_688{2})Node155{1},BK25_785{1},((GM_1185{1},LN_286{1},(ST_185{1},CZ86{1})Node150{1})Node147{1},YH_1085{1})Node146{1})Node141{1},(((TX_12764_483{1},(MS85{1},TX_24753_185{1},TX_25784_385{1})Node97{1})Node95{1},((CAEN184{1},((TX_24752_185{1},MI_185{1},NJ_185{1})Node119{1},CT_385{2})Node118{1},OITA83{1},(TX_18088_184{1},TX_18733_184{1},TX_17988_184{1})Node107{1},(CM_885{1},(GZ3_187{1},TX_12835_583{2})Node114{1})Node112{1})Node103{1},((((VAL_491{2},SH_185{1})Node129{1},US85{1})Node128{1},TX_25887_285{1})Node127{1},AK_1284{1})Node126{1})Node102{1})Node94{1},TG_885{1})Node93{1},((CC185{1},CC485{1})Node137{1},UY3_688{1})Node136{1})Node91{1},(YN_1185{1},FO_1185{1})Node158{1})Node90{1},((GZ187{1},QL_987{1})Node86{1},LA_1287{1},CO_1187{1},SHA_887{1})Node80{1},VIC87{1})Node78{1},(TX_39989_288{1},CB_188{1},(TY6_1287{1},TY5_1287{1})Node164{1},SYD_1287{1})Node161{1})Node76{1},KB_288{1})Node75{1},DL19_389{1})Node73{1},((GZ54_489{1},(SIC89{1},BE57_189{1})Node182{1})Node180{1},ENG64889{1})Node179{1},SHA16_989{1},SHA1_289{1})Node72{1},(GUA39_689{1},GUA_389{1})Node189{1})Node71{1},VIC589{1})Node70{1},BE353_1289{1})Node69{1},((((II236_1193{1},II237_1193{1})Node249{1},KA149_1092{1})Node248{1},EN26191{1},(VIC68_792{1},SP118_293{1},((((UMEA2_1192{1},UMEA1_1192{1})Node230{1},SN8_492{1})Node229{1},DJ3946_1292{1},RU3193{1})Node228{1},TW114391_192{1})Node227{1},BE47_292{1},(VIC29_392{1},WE66_692{1})Node240{1},SAS68_692{1})Node223{1},PS8091{1})Node220{1},SH6_490{1},(((((SOFIA15593{1},(MX3255_194{1},SD1_491{1})Node209{1},SEOUL45_1191{1},WA1591{1})Node206{1},PA09_1191{1})Node205{1},SAS36_592{1})Node204{1},(SHIGA291{1},IN3_991{1})Node200{1},PR1_1090{1})Node198{1},BZ91{1})Node197{1},HW1_291{1})Node194{1})Node68{2},((SN91{1},SH24_890{1})Node255{1},((PERTH01_492{1},PS192SPF{1})Node259{1},HK34_490{1})Node258{1})Node254{1},KA206_1191{1})Node67{1},((NY63_1293{1},FR110994{1},NY64_1293{1})Node319{1},UR46967_294{1})Node318{1},(((((SIC4_593{1},(RU58_393{1},WUZ4_493{1})Node280{1})Node278{1},NGX10_193{1})Node277{1},GD04_393{1})Node276{1},((NCH3332_493{1},NCH12_1193{1})Node271{1},NCH58_1293{1})Node270{1},HAR1592{1})Node268{1},(HEBEI1293{1},HK23_792{1})Node285{1},((SAP_1292{1},PS688_193{1},SHD9_393{1},YOKOHAMA7392{1})Node290{1},NY1393{1})Node289{1},NCH3396_593{1})Node266{1},(((CA271_1192{1},AK9_1192{1},HI3_1192{1},QD53_392{1})Node301{1},KITA93{1},TIANJIN3392{1},VIC193{1},(DJ3109_1291{1},BE32_192{1})Node313{1})Node300{1},BE46_292{1})Node299{1})Node66{2},(((MA1_195{1},NY28_1294{1},((CA5_395{1},JA8695_1294{1})Node332{1},SP378_195{1})Node331{1},PA15_295{1},(LA1_195{1},NJ8_1194{1})Node338{1},CN124_295{1},NJ10_195{1},OH3_195{1},TX5_1294{1},SP351_195{1},IL5_195{1})Node328{1},(HK434_1096{1},(HK1_694{1},HK55_794{1})Node371{1})Node369{1},((PARIS36395{1},HK42_396{1},MEM196_1195{1},PARIS8395{1})Node358{1},NY17_1294{1})Node357{1},(AG3779_1094{1},JOH33_794{1})Node366{1})Node327{1},PA7_1294{1})Node326{1},WA2693{1},((NED37293{1},FR120394{1})Node450{1},(((AKI194{1},RO182_194{1})Node437{1},RO160_194{1},VT3_194{1},SANT7198_894{1})Node436{1},((NY4295_1194{1},NY16_1194{1})Node446{1},NY15_894{1})Node445{1})Node435{1},PA993_1294{1},(CA5_1193{1},WA41_1293{1})Node432{1})Node428{1},ENG22093{1},(CA4_794{1},(SP125_293{1},WY1_1193{1})Node421{1},SP190_393{1},ST1_193{1})Node418{1},(AG3105_693{1},((TH7594{1},BK122_694{1})Node400{1},SN7_694{1})Node399{1},AA393{1},GD27_594{1},NY38_193{1},(GD25_693{1},WUZ1_794{1})Node387{1},UDE44_394{1},NO93{2},(WAIK2093{1},CC893{1})Node394{1})Node380{1},(NY26_293{1},AK18_493{1})Node415{1},GA3_393{1},TX57_1293{1},((LA4_893{1},LA6_993{1})Node411{1},NY3_293{1})Node410{1})Node65{2},HAR3_194{1})Node64{1},(((WV1_395{1},GE578652_295{1})Node491{1},(((BZ18_496{1},BZ8_496{1},BR87_596{1},BR3_496{1},BR45_696{1})Node461{1},BR184_696{1})Node460{1},BR597_796{1})Node459{1},HK3_195{1},(WA186_1294{1},VA25_1294{1})Node487{1},(SN27_595{1},HK38_895{1})Node484{1},JOH295{2},GE767_495{1},NJ11_1294{2},CN147_495{1},SN28_595{1})Node457{1},((KWJ195_1194{1},NE11_395{1},AK10_295{1})Node495{1},CHW995_1294{1})Node494{1})Node456{1},((((ID3_1195{1},CN2796_1295{1})Node534{1},(AK16_995{1},JOH1795{1})Node531{1},JOH5396_97{1},MO6_396{1},(DE3_1195{2},NV1_1195{1})Node525{1},ID4_1195{1})Node520{1},CN17_196{1},(FL4_1195{1},LA5_1195{1})Node506{1},(UK897_696{1},MN6_1195{1})Node517{1},GE491_396{1},CN61_296{1},KO45_296{1},BZ2_395{1})Node502{1},AG4057_795{1},(SHD5_894{1},BE281_1294{1})Node539{1})Node501{1})Node63{1},GNX42_495{1})Node61{1},GZH66_497{1})Node60{1},(((((((TH78_397{1},TH79_397{1})Node569{1},CHR196{1})Node568{1},HI2_796{1},AUC596{1},YOKOHAMA6896_97{1},MN1_1196{1},WE4896{1},DE4_397{1})Node556{1},BK197{1},BRIS3596{1},CAR42297{1},CAR465_896{1})Node548{1},AUC10896_97{1},BRI2296{1})Node547{1},MON318_696{1})Node546{1},((CNIC35_196{1},NCH813_895{1})Node579{1},FUJIAN47_396{1},WUH359_995{1})Node578{1},NCH933_995{1})Node545{1})Node58{1},FR7597{1},TH9496_97{1},FG39_1096{1},NY9_196{1})Node54{1},(FUK11496E{1},FUK11496C{1})Node635{1})Node53{1},JA99_196{1})Node51{1},((((CO11_1196{1},IN1_1196{1})Node652{1},KY2_297{1})Node651{1},NJ8_1296{1})Node650{1},(SHZH43_396{1},WZH1_596{1})Node646{1},GD1_396{1})Node644{1})Node50{1},(TX1196_97{1},(TD5196{1},TD5096{1})Node659{1})Node657{1})Node48{1},((TIANJING51_297{1},SH19_896{1})Node667{1},FUJIAN133_596{1},SANTAFE208_896{1})Node666{1},JOH3_397{1},HK358_796{1})Node47{1},((((SYD497{2},(WE397{1},SYD597{1},CN10679_997{1},SYD697{1},HI1_997{1},AUC5_697{1})Node12{1},HK387_797{1},HK391_797{1},PR1_797{1},SAUS54_797{1},CANBERRA5_897{1})Node10{1},UR41_197{1})Node9{1},SAITAMA8096_97{1})Node8{1},(BE17_197{1},BE62_297{1})Node35{1})Node7{1},(((KO671_297{1},(KO572_297{1},JA416_297{1})Node42{1})Node40{1},CL170_1096{1})Node39{1},SHZH157_796{1})Node38{1},((CORD3278_796{1},(GNX189_796{1},TD4796{1})Node680{1})Node678{1},(AG207_796{1},AG601_796{1})Node683{1})Node677{1},AG39_796{1},(CI2115_696{1},NY55_1296{1})Node691{1},GZH8_496{1})

----

```
|TIANJING55_896 (1)
|GZH11_496 (1)
|HK357_696 (1)
|SP214_197 (1)
|  |HAR3_1296 (1)
| |+Node662 (1)
| ||BE24496_197 (1)
||+Node48 (1)
|||  |TAS1_797 (2)
||| |+Node639 (1)
||| ||VIC4797 (1)
||| ||VIC3097 (1)
||||+Node51 (1)
||||| |RI7_397 (1)
||||| |  |BR51_897 (1)
||||| | |+Node597 (1)
||||| | ||BR43_697 (1)
||||| ||+Node596 (1)
||||| |||BR309_796 (1)
||||| |+Node595 (1)
||||| || |GQ1014_1096 (1)
||||| |||+Node602 (1)
||||| |||||JOH10_697 (1)
||||| ||||+Node605 (1)
||||| ||||||NY50_1196 (1)
||||| |||||+Node607 (1)
||||| |||| ||CA13_1296 (1)
||||| |||| |||MN1_497 (1)
||||| |||| ||+Node614 (1)
||||| |||| |||MO10_1196 (1)
||||| |||| |+Node609 (1)
||||| |||| ||CA10_797 (1)
||||| |||| ||NY43_1196 (1)
||||| |||| |JOH9_597 (1)
||||| |||| |CN101_197 (2)
||||| |||||+Node621 (1)
||||| ||||||PA2_297 (1)
||||| ||||+Node620 (1)
||||| ||| |MO11_1196 (1)
||||| ||| |MOS2_197 (1)
||||| ||+Node601 (1)
||||| | | |WI3_896 (1)
||||| | ||+Node629 (1)
||||| | |||NY37_1096 (1)
||||| | |+Node628 (1)
||||| | ||AK2_796 (1)
||||| | |TW523_596 (1)
||||| |SHA9_995 (1)
||||| ||WA596 (1)
||||| |+Node58 (1)
||||| || |CNIC22_195 (1)
||||| |||+Node61 (1)
||||| ||||           |ENG88 (2)
||||| ||||          |+Node175 (1)
||||| ||||          ||BE4_189 (1)
||||| ||||         |+Node73 (1)
||||| ||||         ||  |GC_987 (1)
||||| ||||         || |+Node170 (1)
||||| ||||         || ||SIC_487 (1)
||||| ||||         |||+Node76 (1)
||||| ||||         ||||   |BK_785 (1)
||||| ||||         ||||   ||YG_585 (1)
||||| ||||         ||||   |+Node155 (1)
||||| ||||         ||||   ||CC_688 (2)
||||| ||||         ||||  |+Node141 (1)
||||| ||||         ||||  ||BK25_785 (1)
||||| ||||         ||||  || |GM_1185 (1)
||||| ||||         ||||  |||+Node147 (1)
||||| ||||         ||||  ||||LN_286 (1)
||||| ||||         ||||  |||||ST_185 (1)
||||| ||||         ||||  ||||+Node150 (1)
||||| ||||         ||||  ||| |CZ86 (1)
||||| ||||         ||||  ||+Node146 (1)
||||| ||||         ||||  | |YH_1085 (1)
||||| ||||         |||| |+Node91 (1)
||||| ||||         |||| ||  |TX_12764_483 (1)
||||| ||||         |||| || |+Node95 (1)
||||| ||||         |||| || |||MS85 (1)
||||| ||||         |||| || ||+Node97 (1)
||||| ||||         |||| || | |TX_24753_185 (1)
||||| ||||         |||| || | |TX_25784_385 (1)
||||| ||||         |||| |||+Node94 (1)
||||| ||||         |||| |||| |CAEN184 (1)
||||| ||||         |||| |||| | |TX_24752_185 (1)
||||| ||||         |||| |||| ||+Node119 (1)
||||| ||||         |||| |||| |||MI_185 (1)
||||| ||||         |||| |||| |||NJ_185 (1)
||||| ||||         |||| |||| |+Node118 (1)
||||| ||||         |||| |||| ||CT_385 (2)
||||| ||||         |||| |||||+Node103 (1)
||||| ||||         |||| ||||||OITA83 (1)
||||| ||||         |||| |||||||TX_18088_184 (1)
||||| ||||         |||| ||||||+Node107 (1)
||||| ||||         |||| |||||||TX_18733_184 (1)
||||| ||||         |||| |||||||TX_17988_184 (1)
||||| ||||         |||| |||||||CM_885 (1)
||||| ||||         |||| ||||||+Node112 (1)
||||| ||||         |||| ||||| ||GZ3_187 (1)
||||| ||||         |||| ||||| |+Node114 (1)
||||| ||||         |||| |||||  |TX_12835_583 (2)
||||| ||||         |||| ||||+Node102 (1)
||||| ||||         |||| ||| |   |VAL_491 (2)
||||| ||||         |||| ||| |  |+Node129 (1)
||||| ||||         |||| ||| |  ||SH_185 (1)
||||| ||||         |||| ||| | |+Node128 (1)
||||| ||||         |||| ||| | ||US85 (1)
||||| ||||         |||| ||| ||+Node127 (1)
||||| ||||         |||| ||| |||TX_25887_285 (1)
||||| ||||         |||| ||| |+Node126 (1)
||||| ||||         |||| |||  |AK_1284 (1)
||||| ||||         |||| ||+Node93 (1)
||||| ||||         |||| |||TG_885 (1)
||||| ||||         |||| || |CC185 (1)
||||| ||||         |||| |||+Node137 (1)
||||| ||||         |||| ||||CC485 (1)
||||| ||||         |||| ||+Node136 (1)
||||| ||||         |||| | |UY3_688 (1)
||||| ||||         |||||+Node90 (1)
||||| ||||         |||||||YN_1185 (1)
||||| ||||         ||||||+Node158 (1)
||||| ||||         ||||| |FO_1185 (1)
||||| ||||         ||||+Node78 (1)
||||| ||||         ||||| |GZ187 (1)
||||| ||||         ||||||+Node86 (1)
||||| ||||         |||||||QL_987 (1)
||||| ||||         ||||||LA_1287 (1)
||||| ||||         |||||+Node80 (1)
||||| ||||         ||||||CO_1187 (1)
||||| ||||         ||||||SHA_887 (1)
||||| ||||         |||||VIC87 (1)
||||| ||||         |||||TX_39989_288 (1)
||||| ||||         |||||CB_188 (1)
||||| ||||         ||||+Node161 (1)
||||| ||||         ||| ||TY6_1287 (1)
||||| ||||         ||| |+Node164 (1)
||||| ||||         ||| ||TY5_1287 (1)
||||| ||||         ||| |SYD_1287 (1)
||||| ||||         ||+Node75 (1)
||||| ||||         |||KB_288 (1)
||||| ||||         ||DL19_389 (1)
||||| ||||         | |GZ54_489 (1)
||||| ||||         ||+Node180 (1)
||||| ||||         ||||SIC89 (1)
||||| ||||         |||+Node182 (1)
||||| ||||         || |BE57_189 (1)
||||| ||||         |+Node179 (1)
||||| ||||         ||ENG64889 (1)
||||| ||||        |+Node72 (1)
||||| ||||        ||SHA16_989 (1)
||||| ||||        ||SHA1_289 (1)
||||| ||||       |+Node71 (1)
||||| ||||       |||GUA39_689 (1)
||||| ||||       ||+Node189 (1)
||||| ||||       | |GUA_389 (1)
||||| ||||      |+Node70 (1)
||||| ||||      ||VIC589 (1)
||||| ||||     |+Node69 (1)
||||| ||||     ||BE353_1289 (1)
||||| ||||    |+Node68 (2)
||||| ||||    ||   |II236_1193 (1)
||||| ||||    ||  |+Node249 (1)
||||| ||||    ||  ||II237_1193 (1)
||||| ||||    || |+Node248 (1)
||||| ||||    || ||KA149_1092 (1)
||||| ||||    || |EN26191 (1)
||||| ||||    |||+Node220 (1)
||||| ||||    |||||VIC68_792 (1)
||||| ||||    |||||SP118_293 (1)
||||| ||||    |||||   |UMEA2_1192 (1)
||||| ||||    |||||  |+Node230 (1)
||||| ||||    |||||  ||UMEA1_1192 (1)
||||| ||||    ||||| |+Node229 (1)
||||| ||||    ||||| ||SN8_492 (1)
||||| ||||    ||||||+Node228 (1)
||||| ||||    |||||||DJ3946_1292 (1)
||||| ||||    |||||||RU3193 (1)
||||| ||||    |||||+Node227 (1)
||||| ||||    ||||||TW114391_192 (1)
||||| ||||    ||||+Node223 (1)
||||| ||||    |||||BE47_292 (1)
||||| ||||    ||||||VIC29_392 (1)
||||| ||||    |||||+Node240 (1)
||||| ||||    ||||||WE66_692 (1)
||||| ||||    |||||SAS68_692 (1)
||||| ||||    ||||PS8091 (1)
||||| ||||    |||SH6_490 (1)
||||| ||||    ||+Node194 (1)
||||| ||||    | |    |SOFIA15593 (1)
||||| ||||    | |    ||MX3255_194 (1)
||||| ||||    | |    |+Node209 (1)
||||| ||||    | |    ||SD1_491 (1)
||||| ||||    | |   |+Node206 (1)
||||| ||||    | |   ||SEOUL45_1191 (1)
||||| ||||    | |   ||WA1591 (1)
||||| ||||    | |  |+Node205 (1)
||||| ||||    | |  ||PA09_1191 (1)
||||| ||||    | | |+Node204 (1)
||||| ||||    | | ||SAS36_592 (1)
||||| ||||    | ||+Node198 (1)
||||| ||||    | ||||SHIGA291 (1)
||||| ||||    | |||+Node200 (1)
||||| ||||    | ||||IN3_991 (1)
||||| ||||    | |||PR1_1090 (1)
||||| ||||    | |+Node197 (1)
||||| ||||    | ||BZ91 (1)
||||| ||||    | |HW1_291 (1)
||||| ||||   |+Node67 (1)
||||| ||||   || |SN91 (1)
||||| ||||   |||+Node255 (1)
||||| ||||   ||||SH24_890 (1)
||||| ||||   ||+Node254 (1)
||||| ||||   ||| |PERTH01_492 (1)
||||| ||||   ||||+Node259 (1)
||||| ||||   |||||PS192SPF (1)
||||| ||||   |||+Node258 (1)
||||| ||||   || |HK34_490 (1)
||||| ||||   ||KA206_1191 (1)
||||| ||||   | |NY63_1293 (1)
||||| ||||   ||+Node319 (1)
||||| ||||   |||FR110994 (1)
||||| ||||   |||NY64_1293 (1)
||||| ||||   |+Node318 (1)
||||| ||||   ||UR46967_294 (1)
||||| ||||  |+Node66 (2)
||||| ||||  ||    |SIC4_593 (1)
||||| ||||  ||   |+Node278 (1)
||||| ||||  ||   |||RU58_393 (1)
||||| ||||  ||   ||+Node280 (1)
||||| ||||  ||   | |WUZ4_493 (1)
||||| ||||  ||  |+Node277 (1)
||||| ||||  ||  ||NGX10_193 (1)
||||| ||||  || |+Node276 (1)
||||| ||||  || ||GD04_393 (1)
||||| ||||  |||+Node268 (1)
||||| ||||  |||| |NCH3332_493 (1)
||||| ||||  |||||+Node271 (1)
||||| ||||  ||||||NCH12_1193 (1)
||||| ||||  ||||+Node270 (1)
||||| ||||  |||||NCH58_1293 (1)
||||| ||||  ||||HAR1592 (1)
||||| ||||  ||||HEBEI1293 (1)
||||| ||||  |||+Node285 (1)
||||| ||||  ||||HK23_792 (1)
||||| ||||  ||+Node266 (1)
||||| ||||  ||| |SAP_1292 (1)
||||| ||||  ||| |PS688_193 (1)
||||| ||||  ||||+Node290 (1)
||||| ||||  |||||SHD9_393 (1)
||||| ||||  |||||YOKOHAMA7392 (1)
||||| ||||  |||+Node289 (1)
||||| ||||  ||||NY1393 (1)
||||| ||||  |||NCH3396_593 (1)
||||| ||||  ||  |CA271_1192 (1)
||||| ||||  ||  |AK9_1192 (1)
||||| ||||  || |+Node301 (1)
||||| ||||  || ||HI3_1192 (1)
||||| ||||  || ||QD53_392 (1)
||||| ||||  || |KITA93 (1)
||||| ||||  |||+Node300 (1)
||||| ||||  ||||TIANJIN3392 (1)
||||| ||||  ||||VIC193 (1)
||||| ||||  |||||DJ3109_1291 (1)
||||| ||||  ||||+Node313 (1)
||||| ||||  ||| |BE32_192 (1)
||||| ||||  ||+Node299 (1)
||||| ||||  | |BE46_292 (1)
||||| ||||  |  |MA1_195 (1)
||||| ||||  |  |NY28_1294 (1)
||||| ||||  |  | |CA5_395 (1)
||||| ||||  |  ||+Node332 (1)
||||| ||||  |  |||JA8695_1294 (1)
||||| ||||  |  |+Node331 (1)
||||| ||||  |  ||SP378_195 (1)
||||| ||||  |  |PA15_295 (1)
||||| ||||  |  ||LA1_195 (1)
||||| ||||  |  |+Node338 (1)
||||| ||||  |  ||NJ8_1194 (1)
||||| ||||  | |+Node328 (1)
||||| ||||  | ||CN124_295 (1)
||||| ||||  | ||NJ10_195 (1)
||||| ||||  | ||OH3_195 (1)
||||| ||||  | ||TX5_1294 (1)
||||| ||||  | ||SP351_195 (1)
||||| ||||  | ||IL5_195 (1)
||||| ||||  | ||HK434_1096 (1)
||||| ||||  | |+Node369 (1)
||||| ||||  | |||HK1_694 (1)
||||| ||||  | ||+Node371 (1)
||||| ||||  | | |HK55_794 (1)
||||| ||||  ||+Node327 (1)
||||| ||||  ||| |PARIS36395 (1)
||||| ||||  ||| |HK42_396 (1)
||||| ||||  ||||+Node358 (1)
||||| ||||  |||||MEM196_1195 (1)
||||| ||||  |||||PARIS8395 (1)
||||| ||||  |||+Node357 (1)
||||| ||||  ||||NY17_1294 (1)
||||| ||||  ||||AG3779_1094 (1)
||||| ||||  |||+Node366 (1)
||||| ||||  || |JOH33_794 (1)
||||| ||||  |+Node326 (1)
||||| ||||  ||PA7_1294 (1)
||||| ||||  |WA2693 (1)
||||| ||||  | |NED37293 (1)
||||| ||||  ||+Node450 (1)
||||| ||||  |||FR120394 (1)
||||| ||||  ||  |AKI194 (1)
||||| ||||  || |+Node437 (1)
||||| ||||  || ||RO182_194 (1)
||||| ||||  || |RO160_194 (1)
||||| ||||  |||+Node436 (1)
||||| ||||  ||||VT3_194 (1)
||||| ||||  ||||SANT7198_894 (1)
||||| ||||  ||+Node435 (1)
||||| ||||  ||| |NY4295_1194 (1)
||||| ||||  ||||+Node446 (1)
||||| ||||  |||||NY16_1194 (1)
||||| ||||  |||+Node445 (1)
||||| ||||  || |NY15_894 (1)
||||| ||||  |+Node428 (1)
||||| ||||  ||PA993_1294 (1)
||||| ||||  |||CA5_1193 (1)
||||| ||||  ||+Node432 (1)
||||| ||||  | |WA41_1293 (1)
||||| ||||  |ENG22093 (1)
||||| |||| |+Node65 (2)
||||| |||| |||CA4_794 (1)
||||| |||| ||||SP125_293 (1)
||||| |||| |||+Node421 (1)
||||| |||| ||||WY1_1193 (1)
||||| |||| ||+Node418 (1)
||||| |||| |||SP190_393 (1)
||||| |||| |||ST1_193 (1)
||||| |||| |||AG3105_693 (1)
||||| |||| ||| |TH7594 (1)
||||| |||| ||||+Node400 (1)
||||| |||| |||||BK122_694 (1)
||||| |||| |||+Node399 (1)
||||| |||| ||||SN7_694 (1)
||||| |||| |||AA393 (1)
||||| |||| |||GD27_594 (1)
||||| |||| ||+Node380 (1)
||||| |||| |||NY38_193 (1)
||||| |||| ||||GD25_693 (1)
||||| |||| |||+Node387 (1)
||||| |||| ||||WUZ1_794 (1)
||||| |||| |||UDE44_394 (1)
||||| |||| |||NO93 (2)
||||| |||| ||||WAIK2093 (1)
||||| |||| |||+Node394 (1)
||||| |||| || |CC893 (1)
||||| |||| |||NY26_293 (1)
||||| |||| ||+Node415 (1)
||||| |||| |||AK18_493 (1)
||||| |||| ||GA3_393 (1)
||||| |||| ||TX57_1293 (1)
||||| |||| || |LA4_893 (1)
||||| |||| |||+Node411 (1)
||||| |||| ||||LA6_993 (1)
||||| |||| ||+Node410 (1)
||||| |||| | |NY3_293 (1)
||||| |||||+Node64 (1)
||||| ||||||HAR3_194 (1)
||||| ||||+Node63 (1)
||||| |||||  |WV1_395 (1)
||||| ||||| |+Node491 (1)
||||| ||||| ||GE578652_295 (1)
||||| ||||| |  |BZ18_496 (1)
||||| ||||| |  |BZ8_496 (1)
||||| ||||| | |+Node461 (1)
||||| ||||| | ||BR87_596 (1)
||||| ||||| | ||BR3_496 (1)
||||| ||||| | ||BR45_696 (1)
||||| ||||| ||+Node460 (1)
||||| ||||| |||BR184_696 (1)
||||| ||||| |+Node459 (1)
||||| ||||| ||BR597_796 (1)
||||| ||||| |HK3_195 (1)
||||| ||||| ||WA186_1294 (1)
||||| ||||| |+Node487 (1)
||||| ||||| ||VA25_1294 (1)
||||| ||||| ||SN27_595 (1)
||||| ||||| |+Node484 (1)
||||| ||||| ||HK38_895 (1)
||||| ||||||+Node457 (1)
||||| |||||||JOH295 (2)
||||| |||||||GE767_495 (1)
||||| |||||||NJ11_1294 (2)
||||| |||||||CN147_495 (1)
||||| |||||||SN28_595 (1)
||||| |||||+Node456 (1)
||||| |||||| |KWJ195_1194 (1)
||||| |||||||+Node495 (1)
||||| ||||||||NE11_395 (1)
||||| ||||||||AK10_295 (1)
||||| ||||||+Node494 (1)
||||| ||||| |CHW995_1294 (1)
||||| |||||   |ID3_1195 (1)
||||| |||||  |+Node534 (1)
||||| |||||  ||CN2796_1295 (1)
||||| |||||  ||AK16_995 (1)
||||| |||||  |+Node531 (1)
||||| |||||  ||JOH1795 (1)
||||| |||||  |JOH5396_97 (1)
||||| ||||| |+Node520 (1)
||||| ||||| ||MO6_396 (1)
||||| ||||| |||DE3_1195 (2)
||||| ||||| ||+Node525 (1)
||||| ||||| |||NV1_1195 (1)
||||| ||||| ||ID4_1195 (1)
||||| ||||| |CN17_196 (1)
||||| ||||| ||FL4_1195 (1)
||||| ||||| |+Node506 (1)
||||| ||||| ||LA5_1195 (1)
||||| ||||| ||UK897_696 (1)
||||| ||||| |+Node517 (1)
||||| ||||| ||MN6_1195 (1)
||||| ||||||+Node502 (1)
||||| |||||||GE491_396 (1)
||||| |||||||CN61_296 (1)
||||| |||||||KO45_296 (1)
||||| |||||||BZ2_395 (1)
||||| |||||+Node501 (1)
||||| |||| |AG4057_795 (1)
||||| |||| ||SHD5_894 (1)
||||| |||| |+Node539 (1)
||||| ||||  |BE281_1294 (1)
||||| ||||GNX42_495 (1)
||||| ||+Node60 (1)
||||| |||GZH66_497 (1)
||||| ||      |TH78_397 (1)
||||| ||     |+Node569 (1)
||||| ||     ||TH79_397 (1)
||||| ||    |+Node568 (1)
||||| ||    ||CHR196 (1)
||||| ||    |HI2_796 (1)
||||| ||    |AUC596 (1)
||||| ||   |+Node556 (1)
||||| ||   ||YOKOHAMA6896_97 (1)
||||| ||   ||MN1_1196 (1)
||||| ||   ||WE4896 (1)
||||| ||   ||DE4_397 (1)
||||| ||   |BK197 (1)
||||| ||  |+Node548 (1)
||||| ||  ||BRIS3596 (1)
||||| ||  ||CAR42297 (1)
||||| ||  ||CAR465_896 (1)
||||| || |+Node547 (1)
||||| || ||AUC10896_97 (1)
||||| || ||BRI2296 (1)
||||| |||+Node546 (1)
||||| ||||MON318_696 (1)
||||| ||+Node545 (1)
||||| | | |CNIC35_196 (1)
||||| | ||+Node579 (1)
||||| | |||NCH813_895 (1)
||||| | |+Node578 (1)
||||| | ||FUJIAN47_396 (1)
||||| | ||WUH359_995 (1)
||||| | |NCH933_995 (1)
||||||+Node54 (1)
|||||||FR7597 (1)
|||||||TH9496_97 (1)
|||||||FG39_1096 (1)
|||||||NY9_196 (1)
|||||+Node53 (1)
|||||||FUK11496E (1)
||||||+Node635 (1)
||||| |FUK11496C (1)
|||||JA99_196 (1)
|||+Node50 (1)
||||   |CO11_1196 (1)
||||  |+Node652 (1)
||||  ||IN1_1196 (1)
|||| |+Node651 (1)
|||| ||KY2_297 (1)
|||||+Node650 (1)
||||||NJ8_1296 (1)
||||+Node644 (1)
||| ||SHZH43_396 (1)
||| |+Node646 (1)
||| ||WZH1_596 (1)
||| |GD1_396 (1)
||||TX1196_97 (1)
|||+Node657 (1)
|| ||TD5196 (1)
|| |+Node659 (1)
||  |TD5096 (1)
|| |TIANJING51_297 (1)
|||+Node667 (1)
||||SH19_896 (1)
||+Node666 (1)
|||FUJIAN133_596 (1)
|||SANTAFE208_896 (1)
|+Node47 (1)
||JOH3_397 (1)
||HK358_796 (1)
|   |SYD497 (2)
|   ||WE397 (1)
|   ||SYD597 (1)
|   ||CN10679_997 (1)
|   |+Node12 (1)
|   ||SYD697 (1)
|   ||HI1_997 (1)
|   ||AUC5_697 (1)
|   |HK387_797 (1)
|  |+Node10 (1)
|  ||HK391_797 (1)
|  ||PR1_797 (1)
|  ||SAUS54_797 (1)
|  ||CANBERRA5_897 (1)
| |+Node9 (1)
| ||UR41_197 (1)
||+Node8 (1)
|||SAITAMA8096_97 (1)
|+Node7 (1)
|||BE17_197 (1)
||+Node35 (1)
| |BE62_297 (1)
|  |KO671_297 (1)
| |+Node40 (1)
| |||KO572_297 (1)
| ||+Node42 (1)
| | |JA416_297 (1)
||+Node39 (1)
|||CL170_1096 (1)
|+Node38 (1)
||SHZH157_796 (1)
| |CORD3278_796 (1)
||+Node678 (1)
||||GNX189_796 (1)
|||+Node680 (1)
|| |TD4796 (1)
|+Node677 (1)
|||AG207_796 (1)
||+Node683 (1)
| |AG601_796 (1)
|AG39_796 (1)
||CI2115_696 (1)
|+Node691 (1)
||NY55_1296 (1)
|GZH8_496 (1)
```


### Improving parameter estimates of the adaptive rate class model
* Log(L) = -10990.89, AIC-c = 24260.19 (1128 estimated parameters)

### Testing selected branches for selection

|              Branch               |  Rates   |     Max. dN/dS     | Sites @ EBF>=100 |      Test LRT      |Uncorrected p-value |
|-----------------------------------|----------|--------------------|------------------|--------------------|--------------------|
|              UY3_688              |     1    |   0.31 (100.00%)   |       N/A        |        0.00        |       1.00000      |
|              Node114              |     1    |   0.17 (100.00%)   |       N/A        |        0.00        |       1.00000      |
|             NY15_894              |     1    |   0.67 (100.00%)   |       N/A        |        0.00        |       1.00000      |
|           TX_39989_288            |     1    |   0.38 (100.00%)   |       N/A        |        0.00        |       1.00000      |
|              JOH295               |     2    |   15.72 ( 3.49%)   |          5       |        3.27        |       0.07278      |
|           SANT7198_894            |     1    |   0.87 (100.00%)   |       N/A        |        0.00        |       1.00000      |
|            JOH5396_97             |     1    |   1.13 (100.00%)   |       N/A        |        0.00        |       0.48859      |
|           TX_25887_285            |     1    |   0.26 (100.00%)   |       N/A        |        0.00        |       1.00000      |
|            PA993_1294             |     1    |   3.01 (100.00%)   |       N/A        |        1.37        |       0.19910      |
|             WUZ1_794              |     1    |   0.46 (100.00%)   |       N/A        |        0.00        |       1.00000      |
|             NY17_1294             |     1    |   0.46 (100.00%)   |       N/A        |        0.00        |       1.00000      |
|              Node220              |     1    |   0.30 (100.00%)   |       N/A        |        0.00        |       1.00000      |
|             GZH66_497             |     1    |   0.22 (100.00%)   |       N/A        |        0.00        |       1.00000      |
|              VIC589               |     1    |   1.13 (100.00%)   |       N/A        |       -0.00        |       0.50000      |
|              Node68               |     2    |   69.61 ( 4.65%)   |          6       |        5.47        |       0.02328      |
|               BK197               |     1    |   0.61 (100.00%)   |       N/A        |        0.00        |       1.00000      |
|              Node639              |     1    |   0.34 (100.00%)   |       N/A        |        0.00        |       1.00000      |
|              RU3193               |     1    |   0.28 (100.00%)   |       N/A        |        0.00        |       1.00000      |
|              Node64               |     1    |   0.92 (100.00%)   |       N/A        |        0.00        |       1.00000      |
|              Node112              |     1    |   0.15 (100.00%)   |       N/A        |        0.00        |       1.00000      |
|             UR41_197              |     1    |  >1000 (100.00%)   |       N/A        |        5.58        |       0.02209      |
|             VA25_1294             |     1    |   0.93 (100.00%)   |       N/A        |        0.00        |       1.00000      |
|              Node326              |     1    |   0.50 (100.00%)   |       N/A        |        0.00        |       1.00000      |
|              CM_885               |     1    |   2.34 (100.00%)   |       N/A        |        0.56        |       0.31746      |
|           TX_12835_583            |     2    |   75.36 ( 1.19%)   |          3       |        4.78        |       0.03325      |
|             NY28_1294             |     1    |  >1000 (100.00%)   |       N/A        |        4.65        |       0.03563      |
|            PARIS36395             |     1    |   0.38 (100.00%)   |       N/A        |        0.00        |       1.00000      |
|             BZ18_496              |     1    |   0.74 (100.00%)   |       N/A        |        0.00        |       1.00000      |
|              Node446              |     1    |   0.75 (100.00%)   |       N/A        |        0.00        |       1.00000      |
|             DE3_1195              |     2    |   >1000 ( 0.95%)   |          3       |       10.77        |       0.00158      |
|             JOH10_697             |     1    |   0.73 (100.00%)   |       N/A        |        0.00        |       1.00000      |
|              Node399              |     1    |   0.74 (100.00%)   |       N/A        |        0.00        |       1.00000      |
|              CT_385               |     2    |  131.92 ( 2.12%)   |          4       |        6.76        |       0.01207      |
|             HAR3_194              |     1    |   1.86 (100.00%)   |       N/A        |        0.34        |       0.36561      |
|            KA149_1092             |     1    |   0.19 (100.00%)   |       N/A        |        0.00        |       1.00000      |
|             JOH9_597              |     1    |  >1000 (100.00%)   |       N/A        |        3.75        |       0.05663      |
|              Node67               |     1    |   0.18 (100.00%)   |       N/A        |        0.00        |       1.00000      |
|              RI7_397              |     1    |   0.37 (100.00%)   |       N/A        |        0.00        |       1.00000      |
|              WA2693               |     1    |   0.37 (100.00%)   |       N/A        |        0.00        |       1.00000      |
|              CA4_794              |     1    |   0.37 (100.00%)   |       N/A        |        0.00        |       1.00000      |
|             SP118_293             |     1    |   0.19 (100.00%)   |       N/A        |        0.00        |       1.00000      |
|           TW114391_192            |     1    |   0.37 (100.00%)   |       N/A        |        0.00        |       1.00000      |
|              Node75               |     1    |   0.38 (100.00%)   |       N/A        |        0.00        |       1.00000      |
|             DL19_389              |     1    |   0.19 (100.00%)   |       N/A        |        0.00        |       1.00000      |
|              Node358              |     1    |   0.73 (100.00%)   |       N/A        |        0.00        |       1.00000      |
|              Node204              |     1    |   0.08 (100.00%)   |       N/A        |        0.00        |       1.00000      |
|              GZ3_187              |     1    |   0.61 (100.00%)   |       N/A        |        0.00        |       1.00000      |
|            BE24496_197            |     1    |   0.09 (100.00%)   |       N/A        |        0.00        |       1.00000      |
|            MEM196_1195            |     1    |   0.26 (100.00%)   |       N/A        |        0.00        |       1.00000      |
|             PA7_1294              |     1    |  >1000 (100.00%)   |       N/A        |        3.09        |       0.07966      |
|            UR46967_294            |     1    |   0.24 (100.00%)   |       N/A        |        0.00        |       1.00000      |
|            WA186_1294             |     1    |  >1000 (100.00%)   |       N/A        |        3.13        |       0.07830      |
|             LA5_1195              |     1    |   0.09 (100.00%)   |       N/A        |        0.00        |       1.00000      |
|           TX_17988_184            |     1    |   1.52 (100.00%)   |       N/A        |        0.13        |       0.42542      |
|              Node662              |     1    |   0.55 (100.00%)   |       N/A        |        0.00        |       1.00000      |
|            AG3779_1094            |     1    |   1.50 (100.00%)   |       N/A        |        0.11        |       0.43323      |
|             WAIK2093              |     1    |   0.56 (100.00%)   |       N/A        |        0.00        |       1.00000      |
|              CC_688               |     2    |  285.22 ( 1.11%)   |          3       |        7.80        |       0.00713      |
|              Node66               |     2    |  202.47 ( 1.29%)   |          3       |        8.05        |       0.00626      |
|             FG39_1096             |     1    |   0.09 (100.00%)   |       N/A        |        0.00        |       1.00000      |
|              GD1_396              |     1    |   0.56 (100.00%)   |       N/A        |        0.00        |       1.00000      |
|              KY2_297              |     1    |   0.09 (100.00%)   |       N/A        |        0.00        |       1.00000      |
|             CA10_797              |     1    |   0.55 (100.00%)   |       N/A        |        0.00        |       1.00000      |
|               SN91                |     1    |   0.56 (100.00%)   |       N/A        |        0.00        |       1.00000      |
|             CN147_495             |     1    |   1.48 (100.00%)   |       N/A        |        0.10        |       0.43687      |
|             NV1_1195              |     1    |   1.49 (100.00%)   |       N/A        |        0.11        |       0.43015      |
|             MN6_1195              |     1    |   0.55 (100.00%)   |       N/A        |        0.00        |       1.00000      |
|             WA41_1293             |     1    |   1.50 (100.00%)   |       N/A        |        0.12        |       0.42901      |
|              FR7597               |     1    |   0.25 (100.00%)   |       N/A        |        0.00        |       1.00000      |
|            AG4057_795             |     1    |   0.55 (100.00%)   |       N/A        |        0.00        |       1.00000      |
|              FO_1185              |     1    |   1.51 (100.00%)   |       N/A        |        0.12        |       0.42730      |
|              KITA93               |     1    |   0.56 (100.00%)   |       N/A        |        0.00        |       1.00000      |
|            AG3105_693             |     1    |   0.56 (100.00%)   |       N/A        |        0.00        |       1.00000      |
|              AKI194               |     1    |   0.56 (100.00%)   |       N/A        |        0.00        |       1.00000      |
|              CA5_395              |     1    |   0.56 (100.00%)   |       N/A        |        0.00        |       1.00000      |
|             UDE44_394             |     1    |   0.25 (100.00%)   |       N/A        |        0.00        |       1.00000      |
|              PS8091               |     1    |   0.09 (100.00%)   |       N/A        |        0.00        |       1.00000      |
|              TG_885               |     1    |   0.57 (100.00%)   |       N/A        |        0.00        |       1.00000      |
|              CO_1187              |     1    |   0.25 (100.00%)   |       N/A        |        0.00        |       1.00000      |
|           TX_24752_185            |     1    |   0.09 (100.00%)   |       N/A        |        0.00        |       1.00000      |
|              Node318              |     1    |   0.57 (100.00%)   |       N/A        |        0.00        |       1.00000      |
|              Node259              |     1    |   0.22 (100.00%)   |       N/A        |        0.00        |       1.00000      |
|              Node179              |     1    |   0.00 (100.00%)   |       N/A        |        0.00        |       1.00000      |
|             GZ54_489              |     1    |   0.64 (100.00%)   |       N/A        |        0.00        |       1.00000      |
|             PA09_1191             |     1    |   0.74 (100.00%)   |       N/A        |        0.00        |       1.00000      |
|             SAS36_592             |     1    |   0.30 (100.00%)   |       N/A        |        0.00        |       1.00000      |
|             ENG64889              |     1    |   0.34 (100.00%)   |       N/A        |        0.00        |       1.00000      |
|             BK122_694             |     1    |   0.12 (100.00%)   |       N/A        |        0.00        |       1.00000      |
|             HK23_792              |     1    |   0.12 (100.00%)   |       N/A        |        0.00        |       1.00000      |
|             FR110994              |     1    |   0.00 (100.00%)   |       N/A        |        0.00        |       1.00000      |
|              DE4_397              |     1    |   0.12 (100.00%)   |       N/A        |        0.00        |       1.00000      |
|             GNX42_495             |     1    |   1.09 (100.00%)   |       N/A        |       -0.01        |       0.50000      |
|            GQ1014_1096            |     1    |   0.12 (100.00%)   |       N/A        |        0.00        |       1.00000      |
|              JOH1795              |     1    |   0.37 (100.00%)   |       N/A        |        0.00        |       1.00000      |
|              Node248              |     1    |   0.12 (100.00%)   |       N/A        |        0.00        |       1.00000      |
|             AG601_796             |     1    |   1.12 (100.00%)   |       N/A        |       -0.09        |       0.50000      |
|             SP214_197             |     1    |   0.37 (100.00%)   |       N/A        |        0.00        |       1.00000      |
|          SANTAFE208_896           |     1    |   0.37 (100.00%)   |       N/A        |        0.00        |       1.00000      |
|              Node126              |     1    |   0.12 (100.00%)   |       N/A        |        0.00        |       1.00000      |
|            CHW995_1294            |     1    |   0.37 (100.00%)   |       N/A        |        0.00        |       1.00000      |
|              Node644              |     1    |   0.37 (100.00%)   |       N/A        |        0.00        |       1.00000      |
|              TH7594               |     1    |   1.12 (100.00%)   |       N/A        |       -0.01        |       0.50000      |
|              Node10               |     1    |  >1000 (100.00%)   |       N/A        |        3.68        |       0.05872      |
|            BE281_1294             |     1    |   0.37 (100.00%)   |       N/A        |        0.00        |       1.00000      |
|             MOS2_197              |     1    |   1.12 (100.00%)   |       N/A        |       -0.01        |       0.50000      |
|              Node128              |     1    |   0.37 (100.00%)   |       N/A        |        0.00        |       1.00000      |
|              SH_185               |     1    |   0.37 (100.00%)   |       N/A        |        0.00        |       1.00000      |
|             BR597_796             |     1    |   0.37 (100.00%)   |       N/A        |        0.00        |       1.00000      |
|              SYD597               |     1    |  >1000 (100.00%)   |       N/A        |        3.80        |       0.05521      |
|              SN7_694              |     1    |   0.37 (100.00%)   |       N/A        |        0.00        |       1.00000      |
|           FUJIAN47_396            |     1    |   0.37 (100.00%)   |       N/A        |        0.00        |       1.00000      |
|           YOKOHAMA7392            |     1    |   0.37 (100.00%)   |       N/A        |        0.00        |       1.00000      |
|              Node569              |     1    |   0.37 (100.00%)   |       N/A        |        0.00        |       1.00000      |
|              YH_1085              |     1    |   1.14 (100.00%)   |       N/A        |       -0.01        |       0.50000      |
|               NO93                |     2    |  128.41 ( 1.06%)   |          2       |        5.40        |       0.02422      |
|             WY1_1193              |     1    |   0.12 (100.00%)   |       N/A        |        0.00        |       1.00000      |
|              VIC193               |     1    |   0.37 (100.00%)   |       N/A        |        0.00        |       1.00000      |
|              CAEN184              |     1    |   1.14 (100.00%)   |       N/A        |       -0.01        |       0.50000      |
|             VIC29_392             |     1    |   0.12 (100.00%)   |       N/A        |        0.00        |       1.00000      |
|             RO160_194             |     1    |   0.37 (100.00%)   |       N/A        |        0.00        |       1.00000      |
|            NCH3396_593            |     1    |   0.37 (100.00%)   |       N/A        |        0.00        |       1.00000      |
|            CNIC22_195             |     1    |   0.37 (100.00%)   |       N/A        |        0.00        |       1.00000      |
|             CN101_197             |     2    |  307.87 ( 0.76%)   |          2       |        7.44        |       0.00856      |
|            NCH813_895             |     1    |   1.12 (100.00%)   |       N/A        |       -0.09        |       0.50000      |
|              Node70               |     1    |   0.13 (100.00%)   |       N/A        |        0.00        |       1.00000      |
|              Node60               |     1    |   0.37 (100.00%)   |       N/A        |        0.00        |       1.00000      |
|              VAL_491              |     2    |  840.60 ( 0.52%)   |          1       |        9.03        |       0.00381      |
|               GZ187               |     1    |   1.14 (100.00%)   |       N/A        |       -0.01        |       0.50000      |
|            CA271_1192             |     1    |   0.12 (100.00%)   |       N/A        |        0.00        |       1.00000      |
|              EN26191              |     1    |   0.37 (100.00%)   |       N/A        |        0.00        |       1.00000      |
|             GUA39_689             |     1    |   0.12 (100.00%)   |       N/A        |        0.00        |       1.00000      |
|              Node164              |     1    |   0.13 (100.00%)   |       N/A        |        0.00        |       1.00000      |
|           SEOUL45_1191            |     1    |   0.13 (100.00%)   |       N/A        |        0.00        |       1.00000      |
|              Node107              |     1    |   0.13 (100.00%)   |       N/A        |        0.00        |       1.00000      |
|             HK42_396              |     1    |   1.10 (100.00%)   |       N/A        |       -0.02        |       0.50000      |
|               US85                |     1    |   0.60 (100.00%)   |       N/A        |        0.00        |       1.00000      |
|              Node65               |     2    |   >1000 ( 0.32%)   |          1       |       11.63        |       0.00103      |
|             TX1196_97             |     1    |   0.18 (100.00%)   |       N/A        |        0.00        |       1.00000      |
|              TD4796               |     1    |   0.74 (100.00%)   |       N/A        |        0.00        |       1.00000      |
|             GD25_693              |     1    |  >1000 (100.00%)   |       N/A        |        1.86        |       0.15268      |
|              MA1_195              |     1    |  >1000 (100.00%)   |       N/A        |        2.99        |       0.08407      |
|              Node137              |     1    |   0.18 (100.00%)   |       N/A        |        0.00        |       1.00000      |
|              Node61               |     1    |   0.18 (100.00%)   |       N/A        |        0.00        |       1.00000      |
|              Node170              |     1    |  >1000 (100.00%)   |       N/A        |        2.65        |       0.10021      |
|              MN1_497              |     1    |   0.18 (100.00%)   |       N/A        |        0.00        |       1.00000      |
|              Node40               |     1    |   0.18 (100.00%)   |       N/A        |        0.00        |       1.00000      |
|              Node506              |     1    |   0.73 (100.00%)   |       N/A        |        0.00        |       1.00000      |
|            SHZH43_396             |     1    |   0.18 (100.00%)   |       N/A        |        0.00        |       1.00000      |
|              Node69               |     1    |  >1000 (100.00%)   |       N/A        |        2.80        |       0.09279      |
|              Node270              |     1    |  >1000 (100.00%)   |       N/A        |        1.82        |       0.15613      |
|             IN1_1196              |     1    |   0.74 (100.00%)   |       N/A        |        0.00        |       1.00000      |
|              SYD497               |     2    |   >1000 ( 0.32%)   |          1       |        9.56        |       0.00291      |
|              TD5196               |     1    |   0.74 (100.00%)   |       N/A        |        0.00        |       1.00000      |
|             CN17_196              |     1    |   0.00 (100.00%)   |       N/A        |        0.00        |       1.00000      |
|              Node683              |     1    |  >1000 (100.00%)   |       N/A        |        1.85        |       0.15331      |
|             BR184_696             |     1    |   0.74 (100.00%)   |       N/A        |        0.00        |       1.00000      |
|             BE62_297              |     1    |   0.18 (100.00%)   |       N/A        |        0.00        |       1.00000      |
|             QD53_392              |     1    |  >1000 (100.00%)   |       N/A        |        2.82        |       0.09210      |
|             HK38_895              |     1    |   0.18 (100.00%)   |       N/A        |        0.00        |       1.00000      |
|             WZH1_596              |     1    |   0.18 (100.00%)   |       N/A        |        0.00        |       1.00000      |
|              Node276              |     1    |  >1000 (100.00%)   |       N/A        |        1.86        |       0.15317      |
|             SN28_595              |     1    |  >1000 (100.00%)   |       N/A        |        0.46        |       0.33845      |
|             WE66_692              |     1    |   0.75 (100.00%)   |       N/A        |        0.00        |       1.00000      |
|             BR45_696              |     1    |   0.18 (100.00%)   |       N/A        |        0.00        |       1.00000      |
|             GD27_594              |     1    |  >1000 (100.00%)   |       N/A        |        2.90        |       0.08819      |
|              Node277              |     1    |   0.75 (100.00%)   |       N/A        |        0.00        |       1.00000      |
|           CORD3278_796            |     1    |   0.74 (100.00%)   |       N/A        |        0.00        |       1.00000      |
|             TX57_1293             |     1    |  >1000 (100.00%)   |       N/A        |        3.02        |       0.08263      |
|             JA416_297             |     1    |   0.74 (100.00%)   |       N/A        |        0.00        |       1.00000      |
|             NY43_1196             |     1    |   0.18 (100.00%)   |       N/A        |        0.00        |       1.00000      |
|              Node328              |     1    |  >1000 (100.00%)   |       N/A        |        1.87        |       0.15234      |
|              WI3_896              |     1    |   0.18 (100.00%)   |       N/A        |        0.00        |       1.00000      |
|             NY55_1296             |     1    |   0.18 (100.00%)   |       N/A        |        0.00        |       1.00000      |
|              Node597              |     1    |   0.74 (100.00%)   |       N/A        |        0.00        |       1.00000      |
|            HK434_1096             |     1    |   0.74 (100.00%)   |       N/A        |        0.00        |       1.00000      |
|             SHA9_995              |     1    |   0.74 (100.00%)   |       N/A        |        0.00        |       1.00000      |
|              Node230              |     1    |   0.00 (100.00%)   |       N/A        |        0.00        |       1.00000      |
|              Node223              |     1    |   0.19 (100.00%)   |       N/A        |        0.00        |       1.00000      |
|              Node494              |     1    |   0.18 (100.00%)   |       N/A        |        0.00        |       1.00000      |
|             BE47_292              |     1    |   0.75 (100.00%)   |       N/A        |        0.00        |       1.00000      |
|              Node502              |     1    |   0.18 (100.00%)   |       N/A        |        0.00        |       1.00000      |
|             NY38_193              |     1    |   0.74 (100.00%)   |       N/A        |        0.00        |       1.00000      |
|             TH9496_97             |     1    |   0.74 (100.00%)   |       N/A        |        0.00        |       1.00000      |
|              Node357              |     1    |   0.19 (100.00%)   |       N/A        |        0.00        |       1.00000      |
|             TW523_596             |     1    |   0.73 (100.00%)   |       N/A        |        0.00        |       1.00000      |
|               WA596               |     1    |   0.18 (100.00%)   |       N/A        |        0.00        |       1.00000      |
|              Node411              |     1    |   0.75 (100.00%)   |       N/A        |        0.00        |       1.00000      |
|             PA15_295              |     1    |   0.18 (100.00%)   |       N/A        |        0.00        |       1.00000      |
|             SHD9_393              |     1    |   0.19 (100.00%)   |       N/A        |        0.00        |       1.00000      |
|              Node635              |     1    |   0.74 (100.00%)   |       N/A        |        0.00        |       1.00000      |
|              Node249              |     1    |   0.19 (100.00%)   |       N/A        |        0.00        |       1.00000      |
|            MON318_696             |     1    |   0.18 (100.00%)   |       N/A        |        0.00        |       1.00000      |
|               MS85                |     1    |   0.76 (100.00%)   |       N/A        |        0.00        |       1.00000      |
|              Node90               |     1    |   0.76 (100.00%)   |       N/A        |        0.00        |       1.00000      |
|             NJ11_1294             |     2    |  318.65 ( 0.37%)   |          1       |        7.22        |       0.00954      |
|            DJ3109_1291            |     1    |   0.00 (100.00%)   |       N/A        |        0.00        |       1.00000      |
|             FR120394              |     1    |   0.19 (100.00%)   |       N/A        |        0.00        |       1.00000      |
|              NY1393               |     1    |   0.19 (100.00%)   |       N/A        |        0.00        |       1.00000      |
|              Node102              |     1    |   0.00 (100.00%)   |       N/A        |        0.00        |       1.00000      |
|             SH24_890              |     1    |   0.19 (100.00%)   |       N/A        |        0.00        |       1.00000      |
|             PS192SPF              |     1    |  >1000 (100.00%)   |       N/A        |        1.84        |       0.15449      |
|               BZ91                |     1    |   0.19 (100.00%)   |       N/A        |        0.00        |       1.00000      |
|              HW1_291              |     1    |   0.00 (100.00%)   |       N/A        |        0.00        |       1.00000      |
|              Node189              |     1    |   0.19 (100.00%)   |       N/A        |        0.00        |       1.00000      |
|              LN_286               |     1    |   0.19 (100.00%)   |       N/A        |        0.00        |       1.00000      |
|              Node118              |     1    |   0.00 (100.00%)   |       N/A        |        0.00        |       1.00000      |
|             SHA1_289              |     1    |   0.00 (100.00%)   |       N/A        |        0.00        |       1.00000      |
|           TX_25784_385            |     1    |   0.00 (100.00%)   |       N/A        |        0.00        |       1.00000      |
|              Node129              |     1    |   0.00 (100.00%)   |       N/A        |        0.00        |       1.00000      |
|             JA99_196              |     1    |   0.47 (100.00%)   |       N/A        |        0.00        |       1.00000      |
|             UK897_696             |     1    |   0.00 (100.00%)   |       N/A        |        0.00        |       1.00000      |
|             AG207_796             |     1    |   0.00 (100.00%)   |       N/A        |        0.00        |       1.00000      |
|              Node63               |     1    |   0.00 (100.00%)   |       N/A        |        0.00        |       1.00000      |
|              Node657              |     1    |   0.00 (100.00%)   |       N/A        |        0.00        |       1.00000      |
|              Node255              |     1    |  >1000 (100.00%)   |       N/A        |        1.24        |       0.21445      |
|            II237_1193             |     1    |  >1000 (100.00%)   |       N/A        |        1.23        |       0.21603      |
|          SAITAMA8096_97           |     1    |   0.00 (100.00%)   |       N/A        |        0.00        |       1.00000      |
|             BK25_785              |     1    |  >1000 (100.00%)   |       N/A        |        1.26        |       0.21173      |
|              BZ8_496              |     1    |   0.00 (100.00%)   |       N/A        |        0.00        |       1.00000      |
|              Node94               |     1    |  >1000 (100.00%)   |       N/A        |        1.23        |       0.21534      |
|              Node39               |     1    |  >1000 (100.00%)   |       N/A        |        1.23        |       0.21523      |
|               CC185               |     1    |  >1000 (100.00%)   |       N/A        |        2.00        |       0.14199      |
|               AA393               |     1    |   0.37 (100.00%)   |       N/A        |        0.00        |       1.00000      |
|              Node677              |     1    |  >1000 (100.00%)   |       N/A        |        1.24        |       0.21447      |
|             NY16_1194             |     1    |  >1000 (100.00%)   |       N/A        |        2.27        |       0.12267      |
|             SYD_1287              |     1    |  >1000 (100.00%)   |       N/A        |        2.44        |       0.11233      |
|             TY5_1287              |     1    |  >1000 (100.00%)   |       N/A        |        1.26        |       0.21206      |
|            CL170_1096             |     1    |   0.37 (100.00%)   |       N/A        |        0.00        |       1.00000      |
|             AG39_796              |     1    |   0.00 (100.00%)   |       N/A        |        0.00        |       1.00000      |
|              Node50               |     1    |   0.37 (100.00%)   |       N/A        |        0.00        |       1.00000      |
|              Node91               |     1    |  >1000 (100.00%)   |       N/A        |        1.25        |       0.21283      |
|           CANBERRA5_897           |     1    |   0.37 (100.00%)   |       N/A        |        0.00        |       1.00000      |
|              Node319              |     1    |   0.37 (100.00%)   |       N/A        |        0.00        |       1.00000      |
|              Node596              |     1    |  >1000 (100.00%)   |       N/A        |        1.24        |       0.21447      |
|              YN_1185              |     1    |  >1000 (100.00%)   |       N/A        |        1.25        |       0.21323      |
|           TX_18733_184            |     1    |  >1000 (100.00%)   |       N/A        |        1.66        |       0.16991      |
|            SHZH157_796            |     1    |  >1000 (100.00%)   |       N/A        |        1.24        |       0.21494      |
|             AK9_1192              |     1    |  >1000 (100.00%)   |       N/A        |        2.18        |       0.12900      |
|              Node227              |     1    |  >1000 (100.00%)   |       N/A        |        1.22        |       0.21675      |
|              Node338              |     1    |  >1000 (100.00%)   |       N/A        |        1.18        |       0.22124      |
|             CO11_1196             |     1    |  >1000 (100.00%)   |       N/A        |        1.22        |       0.21663      |
|              Node155              |     1    |  >1000 (100.00%)   |       N/A        |        1.26        |       0.21182      |
|              Node278              |     1    |  >1000 (100.00%)   |       N/A        |        2.42        |       0.11326      |
|              SN8_492              |     1    |  >1000 (100.00%)   |       N/A        |        2.22        |       0.12605      |
|               WE397               |     1    |   0.37 (100.00%)   |       N/A        |        0.00        |       1.00000      |
|              Node258              |     1    |   0.37 (100.00%)   |       N/A        |        0.00        |       1.00000      |
|              Node331              |     1    |  >1000 (100.00%)   |       N/A        |        2.33        |       0.11867      |
|             AK16_995              |     1    |  >1000 (100.00%)   |       N/A        |        1.22        |       0.21713      |
|             ENG22093              |     1    |  >1000 (100.00%)   |       N/A        |        2.30        |       0.12074      |
|            TIANJIN3392            |     1    |   0.00 (100.00%)   |       N/A        |        0.00        |       1.00000      |
|              HAR1592              |     1    |   0.00 (100.00%)   |       N/A        |        0.00        |       1.00000      |
|             BR43_697              |     1    |   0.37 (100.00%)   |       N/A        |        0.00        |       1.00000      |
|              Node659              |     1    |  >1000 (100.00%)   |       N/A        |        1.21        |       0.21769      |
|             HK357_696             |     1    |   0.37 (100.00%)   |       N/A        |        0.00        |       1.00000      |
|            SAUS54_797             |     1    |   0.37 (100.00%)   |       N/A        |        0.00        |       1.00000      |
|              WE4896               |     1    |  >1000 (100.00%)   |       N/A        |        2.39        |       0.11497      |
|              Node650              |     1    |  >1000 (100.00%)   |       N/A        |        1.24        |       0.21494      |
|             JOH3_397              |     1    |   0.37 (100.00%)   |       N/A        |        0.00        |       1.00000      |
|            CNIC35_196             |     1    |   0.37 (100.00%)   |       N/A        |        0.00        |       1.00000      |
|              Node547              |     1    |   0.00 (100.00%)   |       N/A        |        0.00        |       1.00000      |
|             FUK11496C             |     1    |  >1000 (100.00%)   |       N/A        |        1.24        |       0.21486      |
|              Node652              |     1    |  13.57 (100.00%)   |       N/A        |        0.20        |       0.40236      |
|             MO10_1196             |     1    |   0.37 (100.00%)   |       N/A        |        0.00        |       1.00000      |
|              Node629              |     1    |  >1000 (100.00%)   |       N/A        |        1.20        |       0.21982      |
|             MO11_1196             |     1    |   0.00 (100.00%)   |       N/A        |        0.00        |       1.00000      |
|             ID3_1195              |     1    |   0.37 (100.00%)   |       N/A        |        0.00        |       1.00000      |
|             SN27_595              |     1    |   0.37 (100.00%)   |       N/A        |        0.00        |       1.00000      |
|              MO6_396              |     1    |  >1000 (100.00%)   |       N/A        |        2.10        |       0.13471      |
|              NY9_196              |     1    |  >1000 (100.00%)   |       N/A        |        1.24        |       0.21466      |
|            CN2796_1295            |     1    |   0.37 (100.00%)   |       N/A        |        0.00        |       1.00000      |
|              HI1_997              |     1    |  >1000 (100.00%)   |       N/A        |        2.42        |       0.11327      |
|             SHD5_894              |     1    |  >1000 (100.00%)   |       N/A        |        1.23        |       0.21520      |
|            NCH933_995             |     1    |   0.37 (100.00%)   |       N/A        |        0.00        |       1.00000      |
|              Node461              |     1    |  >1000 (100.00%)   |       N/A        |        1.23        |       0.21557      |
|             ID4_1195              |     1    |   0.37 (100.00%)   |       N/A        |        0.00        |       1.00000      |
|             GE491_396             |     1    |   0.37 (100.00%)   |       N/A        |        0.00        |       1.00000      |
|              Node620              |     1    |   0.37 (100.00%)   |       N/A        |        0.00        |       1.00000      |
|          TIANJING51_297           |     1    |  >1000 (100.00%)   |       N/A        |        1.22        |       0.21728      |
|             SH19_896              |     1    |  >1000 (100.00%)   |       N/A        |        1.23        |       0.21557      |
|             MN1_1196              |     1    |   0.37 (100.00%)   |       N/A        |        0.00        |       1.00000      |
|              LA1_195              |     1    |   0.37 (100.00%)   |       N/A        |        0.00        |       1.00000      |
|               ENG88               |     2    |   >1000 ( 0.34%)   |          1       |       12.21        |       0.00077      |
|             FL4_1195              |     1    |  >1000 (100.00%)   |       N/A        |        1.21        |       0.21803      |
|             HK34_490              |     1    |   0.37 (100.00%)   |       N/A        |        0.00        |       1.00000      |
|            CAR465_896             |     1    |   0.00 (100.00%)   |       N/A        |        0.00        |       1.00000      |
|             AK18_493              |     1    |   0.37 (100.00%)   |       N/A        |        0.00        |       1.00000      |
|              VIC3097              |     1    |   0.00 (100.00%)   |       N/A        |        0.00        |       1.00000      |
|             TX5_1294              |     1    |   0.37 (100.00%)   |       N/A        |        0.00        |       1.00000      |
|             TAS1_797              |     2    |   >1000 ( 0.34%)   |          1       |       11.68        |       0.00100      |
|              Node605              |     1    |   0.37 (100.00%)   |       N/A        |        0.00        |       1.00000      |
|              Node531              |     1    |   0.37 (100.00%)   |       N/A        |        0.00        |       1.00000      |
|              Node410              |     1    |   0.00 (100.00%)   |       N/A        |        0.00        |       1.00000      |
|              Node428              |     1    |   0.37 (100.00%)   |       N/A        |        0.00        |       1.00000      |
|              Node400              |     1    |   0.37 (100.00%)   |       N/A        |        0.00        |       1.00000      |
|             SP351_195             |     1    |   0.37 (100.00%)   |       N/A        |        0.00        |       1.00000      |
|              BE4_189              |     1    |   0.38 (100.00%)   |       N/A        |        0.00        |       1.00000      |
|              Node73               |     1    |   0.38 (100.00%)   |       N/A        |        0.00        |       1.00000      |
|             VIC68_792             |     1    |   0.37 (100.00%)   |       N/A        |        0.00        |       1.00000      |
|              Node119              |     1    |   0.38 (100.00%)   |       N/A        |        0.00        |       1.00000      |
|            SOFIA15593             |     1    |   0.38 (100.00%)   |       N/A        |        0.00        |       1.00000      |
|           TX_12764_483            |     1    |   0.37 (100.00%)   |       N/A        |        0.00        |       1.00000      |
|              KB_288               |     1    |   0.38 (100.00%)   |       N/A        |        0.00        |       1.00000      |
|              BK_785               |     1    |   0.38 (100.00%)   |       N/A        |        0.00        |       1.00000      |
|              Node150              |     1    |   0.38 (100.00%)   |       N/A        |        0.00        |       1.00000      |
|              Node369              |     1    |   0.00 (100.00%)   |       N/A        |        0.00        |       1.00000      |
|              Node387              |     1    |   0.37 (100.00%)   |       N/A        |        0.00        |       1.00000      |
|             HI3_1192              |     1    |   0.00 (100.00%)   |       N/A        |        0.00        |       1.00000      |
|              SH6_490              |     1    |   0.00 (100.00%)   |       N/A        |        0.00        |       1.00000      |
|              OITA83               |     1    |   0.38 (100.00%)   |       N/A        |        0.00        |       1.00000      |
|              Node194              |     1    |   0.00 (100.00%)   |       N/A        |        0.00        |       1.00000      |
|              Node97               |     1    |   0.00 (100.00%)   |       N/A        |        0.00        |       1.00000      |
|              Node95               |     1    |   0.00 (100.00%)   |       N/A        |        0.00        |       1.00000      |
|              NJ_185               |     1    |   0.00 (100.00%)   |       N/A        |        0.00        |       1.00000      |
|              Node445              |     1    |  >1000 (100.00%)   |       N/A        |        1.20        |       0.21950      |
|              Node175              |     1    |   0.00 (100.00%)   |       N/A        |        0.00        |       1.00000      |
|              Node72               |     1    |   0.00 (100.00%)   |       N/A        |        0.00        |       1.00000      |
|              Node158              |     1    |   0.00 (100.00%)   |       N/A        |        0.00        |       1.00000      |
|               CC485               |     1    |   0.00 (100.00%)   |       N/A        |        0.00        |       1.00000      |
|              Node103              |     1    |   0.38 (100.00%)   |       N/A        |        0.00        |       1.00000      |
|             BE57_189              |     1    |   0.00 (100.00%)   |       N/A        |        0.00        |       1.00000      |
|              Node136              |     1    |   0.40 (100.00%)   |       N/A        |        0.00        |       1.00000      |
|              Node53               |     1    |  >1000 (100.00%)   |       N/A        |        1.02        |       0.24204      |
|              Node206              |     1    |   0.00 (100.00%)   |       N/A        |        0.00        |       1.00000      |
|              Node51               |     1    |  >1000 (100.00%)   |       N/A        |        0.72        |       0.28794      |
|              Node127              |     1    |   0.00 (100.00%)   |       N/A        |        0.00        |       1.00000      |
|              Node182              |     1    |   0.00 (100.00%)   |       N/A        |        0.00        |       1.00000      |
|             NY64_1293             |     1    |   0.00 (100.00%)   |       N/A        |        0.00        |       1.00000      |
|              YG_585               |     1    |  >1000 (100.00%)   |       N/A        |        0.62        |       0.30537      |
|              IL5_195              |     1    |  >1000 (100.00%)   |       N/A        |        1.51        |       0.18482      |
|               SIC89               |     1    |  >1000 (100.00%)   |       N/A        |        1.53        |       0.18245      |
|              Node266              |     1    |  >1000 (100.00%)   |       N/A        |        0.61        |       0.30777      |
|            NCH58_1293             |     1    |  >1000 (100.00%)   |       N/A        |        0.60        |       0.30959      |
|              Node197              |     1    |  >1000 (100.00%)   |       N/A        |        0.54        |       0.32184      |
|             TY6_1287              |     1    |  >1000 (100.00%)   |       N/A        |        0.62        |       0.30623      |
|            AUC10896_97            |     1    |  >1000 (100.00%)   |       N/A        |        1.70        |       0.16626      |
|              Node607              |     1    |  >1000 (100.00%)   |       N/A        |        0.61        |       0.30891      |
|             NE11_395              |     1    |   0.00 (100.00%)   |       N/A        |        0.00        |       1.00000      |
|              GM_1185              |     1    |  >1000 (100.00%)   |       N/A        |        0.62        |       0.30613      |
|              LA_1287              |     1    |  >1000 (100.00%)   |       N/A        |        1.75        |       0.16210      |
|              Node147              |     1    |  >1000 (100.00%)   |       N/A        |        0.62        |       0.30650      |
|             FUK11496E             |     1    |  >1000 (100.00%)   |       N/A        |        0.60        |       0.31047      |
|               CC893               |     1    |   0.00 (100.00%)   |       N/A        |        0.00        |       1.00000      |
|              Node86               |     1    |  >1000 (100.00%)   |       N/A        |        1.79        |       0.15839      |
|              Node141              |     1    |  >1000 (100.00%)   |       N/A        |        0.62        |       0.30609      |
|             SHA16_989             |     1    |  >1000 (100.00%)   |       N/A        |        1.79        |       0.15882      |
|             NJ8_1194              |     1    |  >1000 (100.00%)   |       N/A        |        0.61        |       0.30791      |
|              Node495              |     1    |  >1000 (100.00%)   |       N/A        |        0.59        |       0.31246      |
|              SHA_887              |     1    |  >1000 (100.00%)   |       N/A        |        1.57        |       0.17842      |
|              Node421              |     1    |  >1000 (100.00%)   |       N/A        |        1.52        |       0.18376      |
|              AK_1284              |     1    |  >1000 (100.00%)   |       N/A        |        0.50        |       0.32896      |
|            DJ3946_1292            |     1    |  >1000 (100.00%)   |       N/A        |        0.62        |       0.30703      |
|              Node209              |     1    |  >1000 (100.00%)   |       N/A        |        1.57        |       0.17930      |
|              Node301              |     1    |  >1000 (100.00%)   |       N/A        |        1.73        |       0.16361      |
|              Node525              |     1    |  >1000 (100.00%)   |       N/A        |        0.55        |       0.31885      |
|             GZH11_496             |     1    |   0.00 (100.00%)   |       N/A        |        0.00        |       1.00000      |
|              Node450              |     1    |  >1000 (100.00%)   |       N/A        |        0.60        |       0.31008      |
|              Node285              |     1    |  >1000 (100.00%)   |       N/A        |        1.67        |       0.16913      |
|             BR87_596              |     1    |  >1000 (100.00%)   |       N/A        |        1.72        |       0.16527      |
|              Node380              |     1    |  >1000 (100.00%)   |       N/A        |        1.74        |       0.16275      |
|            GNX189_796             |     1    |   0.00 (100.00%)   |       N/A        |        0.00        |       1.00000      |
|               Node9               |     1    |   0.00 (100.00%)   |       N/A        |        0.00        |       1.00000      |
|              Node487              |     1    |  >1000 (100.00%)   |       N/A        |        0.61        |       0.30852      |
|              Node435              |     1    |  >1000 (100.00%)   |       N/A        |        0.61        |       0.30787      |
|           TX_24753_185            |     1    |  >1000 (100.00%)   |       N/A        |        0.96        |       0.25079      |
|            NCH3332_493            |     1    |  >1000 (100.00%)   |       N/A        |        1.80        |       0.15760      |
|            UMEA2_1192             |     1    |  >1000 (100.00%)   |       N/A        |        1.79        |       0.15904      |
|              Node418              |     1    |  >1000 (100.00%)   |       N/A        |        1.60        |       0.17613      |
|              Node432              |     1    |  >1000 (100.00%)   |       N/A        |        0.61        |       0.30755      |
|          TIANJING55_896           |     1    |   0.00 (100.00%)   |       N/A        |        0.00        |       1.00000      |
|              Node35               |     1    |  >1000 (100.00%)   |       N/A        |        0.53        |       0.32394      |
|              Node229              |     1    |  >1000 (100.00%)   |       N/A        |        0.61        |       0.30764      |
|             NED37293              |     1    |  >1000 (100.00%)   |       N/A        |        0.60        |       0.31010      |
|              Node651              |     1    |   0.00 (100.00%)   |       N/A        |        0.00        |       1.00000      |
|             HK387_797             |     1    |   0.00 (100.00%)   |       N/A        |        0.00        |       1.00000      |
|              Node691              |     1    |   0.00 (100.00%)   |       N/A        |        0.00        |       1.00000      |
|             SP190_393             |     1    |  >1000 (100.00%)   |       N/A        |        1.68        |       0.16881      |
|              Node254              |     1    |  >1000 (100.00%)   |       N/A        |        0.51        |       0.32721      |
|              Node366              |     1    |  >1000 (100.00%)   |       N/A        |        0.60        |       0.31023      |
|             PARIS8395             |     1    |  >1000 (100.00%)   |       N/A        |        0.62        |       0.30697      |
|              Node517              |     1    |   0.00 (100.00%)   |       N/A        |        0.00        |       1.00000      |
|             RU58_393              |     1    |  >1000 (100.00%)   |       N/A        |        1.71        |       0.16573      |
|              Node198              |     1    |  >1000 (100.00%)   |       N/A        |        0.60        |       0.30926      |
|              PR1_797              |     1    |   0.00 (100.00%)   |       N/A        |        0.00        |       1.00000      |
|              Node280              |     1    |  >1000 (100.00%)   |       N/A        |        8.59        |       0.00477      |
|              Node76               |     1    |  >1000 (100.00%)   |       N/A        |        0.61        |       0.30778      |
|              Node313              |     1    |  >1000 (100.00%)   |       N/A        |        1.43        |       0.19286      |
|              Node300              |     1    |  >1000 (100.00%)   |       N/A        |        1.80        |       0.15764      |
|              Node332              |     1    |  >1000 (100.00%)   |       N/A        |        1.77        |       0.16060      |
|              Node680              |     1    |   0.00 (100.00%)   |       N/A        |        0.00        |       1.00000      |
|            II236_1193             |     1    |  >1000 (100.00%)   |       N/A        |        0.61        |       0.30754      |
|              BRI2296              |     1    |   0.00 (100.00%)   |       N/A        |        0.00        |       1.00000      |
|            KWJ195_1194            |     1    |  >1000 (100.00%)   |       N/A        |        1.54        |       0.18196      |
|              LA6_993              |     1    |  >1000 (100.00%)   |       N/A        |        1.72        |       0.16508      |
|              BR3_496              |     1    |   0.00 (100.00%)   |       N/A        |        0.00        |       1.00000      |
|              Node289              |     1    |  >1000 (100.00%)   |       N/A        |        1.78        |       0.15931      |
|             PS688_193             |     1    |  >1000 (100.00%)   |       N/A        |        1.80        |       0.15796      |
|             GD04_393              |     1    |  >1000 (100.00%)   |       N/A        |        0.60        |       0.31072      |
|              Node568              |     1    |  >1000 (100.00%)   |       N/A        |        1.68        |       0.16835      |
|              Node437              |     1    |  >1000 (100.00%)   |       N/A        |        1.64        |       0.17263      |
|              Node579              |     1    |   0.00 (100.00%)   |       N/A        |        0.00        |       1.00000      |
|              Node609              |     1    |   0.00 (100.00%)   |       N/A        |        0.00        |       1.00000      |
|              OH3_195              |     1    |  >1000 (100.00%)   |       N/A        |        1.50        |       0.18564      |
|              Node628              |     1    |   0.00 (100.00%)   |       N/A        |        0.00        |       1.00000      |
|              Node601              |     1    |  >1000 (100.00%)   |       N/A        |        0.61        |       0.30874      |
|              Node595              |     1    |  >1000 (100.00%)   |       N/A        |        0.61        |       0.30870      |
|              Node371              |     1    |  >1000 (100.00%)   |       N/A        |        0.60        |       0.31047      |
|              HK1_694              |     1    |  >1000 (100.00%)   |       N/A        |        1.58        |       0.17743      |
|              WV1_395              |     1    |   0.00 (100.00%)   |       N/A        |        0.00        |       1.00000      |
|             TH78_397              |     1    |  >1000 (100.00%)   |       N/A        |        0.61        |       0.30783      |
|             NY50_1196             |     1    |  >1000 (100.00%)   |       N/A        |        0.61        |       0.30825      |
|           GE578652_295            |     1    |  >1000 (100.00%)   |       N/A        |        1.56        |       0.17944      |
|             AK10_295              |     1    |  >1000 (100.00%)   |       N/A        |        1.54        |       0.18197      |
|              HK3_195              |     1    |  >1000 (100.00%)   |       N/A        |        0.61        |       0.30822      |
|              Node539              |     1    |  >1000 (100.00%)   |       N/A        |        0.61        |       0.30836      |
|             NJ8_1296              |     1    |  >1000 (100.00%)   |       N/A        |        0.61        |       0.30810      |
|             BR309_796             |     1    |  >1000 (100.00%)   |       N/A        |        0.61        |       0.30885      |
|              Node491              |     1    |  >1000 (100.00%)   |       N/A        |        0.60        |       0.31075      |
|             GE767_495             |     1    |  >1000 (100.00%)   |       N/A        |        0.61        |       0.30847      |
|              Node12               |     1    |  >1000 (100.00%)   |       N/A        |        1.55        |       0.18071      |
|              Node534              |     1    |  >1000 (100.00%)   |       N/A        |        0.61        |       0.30856      |
|              Node457              |     1    |  >1000 (100.00%)   |       N/A        |        0.61        |       0.30892      |
|             TH79_397              |     1    |  >1000 (100.00%)   |       N/A        |        0.61        |       0.30789      |
|              Node71               |     1    |  >1000 (100.00%)   |       N/A        |        0.60        |       0.30947      |
|              Node459              |     1    |  >1000 (100.00%)   |       N/A        |        0.61        |       0.30888      |
|              Node578              |     1    |   0.00 (100.00%)   |       N/A        |        0.00        |       1.00000      |
|              Node646              |     1    |  >1000 (100.00%)   |       N/A        |        0.60        |       0.30986      |
|            CN10679_997            |     1    |  >1000 (100.00%)   |       N/A        |        1.56        |       0.17963      |
|              Node602              |     1    |  >1000 (100.00%)   |       N/A        |        0.61        |       0.30881      |
|              Node484              |     1    |   0.00 (100.00%)   |       N/A        |        0.00        |       1.00000      |
|              BZ2_395              |     1    |   0.00 (100.00%)   |       N/A        |        0.00        |       1.00000      |
|             BRIS3596              |     1    |  >1000 (100.00%)   |       N/A        |        1.76        |       0.16119      |
|             AUC5_697              |     1    |  >1000 (100.00%)   |       N/A        |        1.87        |       0.15205      |
|               Node8               |     1    |  >1000 (100.00%)   |       N/A        |        0.60        |       0.30929      |
|              Node548              |     1    |   0.00 (100.00%)   |       N/A        |        0.00        |       1.00000      |
|              HI2_796              |     1    |  >1000 (100.00%)   |       N/A        |        1.91        |       0.14891      |
|              Node271              |     1    |  >1000 (100.00%)   |       N/A        |        0.61        |       0.30774      |
|              Node501              |     1    |   0.00 (100.00%)   |       N/A        |        0.00        |       1.00000      |
|              Node58               |     1    |  >1000 (100.00%)   |       N/A        |        0.61        |       0.30838      |
|              Node42               |     1    |  >1000 (100.00%)   |       N/A        |        1.83        |       0.15517      |
|              Node546              |     1    |  >1000 (100.00%)   |       N/A        |        0.60        |       0.30948      |
|              Node460              |     1    |   0.00 (100.00%)   |       N/A        |        0.00        |       1.00000      |
|             CN61_296              |     1    |   0.00 (100.00%)   |       N/A        |        0.00        |       1.00000      |
|              Node556              |     1    |  >1000 (100.00%)   |       N/A        |        1.76        |       0.16113      |
|              Node456              |     1    |   0.00 (100.00%)   |       N/A        |        0.00        |       1.00000      |
|              Node614              |     1    |  >1000 (100.00%)   |       N/A        |        0.60        |       0.30929      |
|             KO45_296              |     1    |   0.00 (100.00%)   |       N/A        |        0.00        |       1.00000      |
|             HK358_796             |     1    |  >1000 (100.00%)   |       N/A        |        0.61        |       0.30865      |
|              Node48               |     1    |  >1000 (100.00%)   |       N/A        |        0.61        |       0.30861      |
|              Node47               |     1    |  >1000 (100.00%)   |       N/A        |        0.61        |       0.30858      |
|             BE17_197              |     1    |  >1000 (100.00%)   |       N/A        |        0.61        |       0.30877      |
|              VIC4797              |     1    |  >1000 (100.00%)   |       N/A        |        0.61        |       0.30861      |
|          YOKOHAMA6896_97          |     1    |  >1000 (100.00%)   |       N/A        |        1.81        |       0.15671      |
|              Node621              |     1    |  >1000 (100.00%)   |       N/A        |        0.89        |       0.26197      |
|            WUH359_995             |     1    |  >1000 (100.00%)   |       N/A        |        0.58        |       0.31324      |
|               Node7               |     1    |  >1000 (100.00%)   |       N/A        |        0.61        |       0.30872      |
|              Node545              |     1    |   0.00 (100.00%)   |       N/A        |        0.00        |       1.00000      |
|              Node54               |     1    |   0.00 (100.00%)   |       N/A        |        0.00        |       1.00000      |
|             CA13_1296             |     1    |  >1000 (100.00%)   |       N/A        |        0.60        |       0.30910      |
|              Node520              |     1    |   0.00 (100.00%)   |       N/A        |        0.00        |       1.00000      |
|              PA2_297              |     1    |   0.00 (100.00%)   |       N/A        |        0.00        |       1.00000      |
|              Node666              |     1    |  >1000 (100.00%)   |       N/A        |        0.53        |       0.32443      |
|              Node667              |     1    |  >1000 (100.00%)   |       N/A        |        0.60        |       0.30924      |
|             BR51_897              |     1    |  >1000 (100.00%)   |       N/A        |        0.60        |       0.30945      |
|              Node394              |     1    |   0.00 (100.00%)   |       N/A        |        0.00        |       1.00000      |
|              Node299              |     1    |  >1000 (100.00%)   |       N/A        |        0.61        |       0.30785      |
|              Node268              |     1    |   0.00 (100.00%)   |       N/A        |        0.00        |       1.00000      |
|             HAR3_1296             |     1    |   0.00 (100.00%)   |       N/A        |        0.00        |       1.00000      |
|              Node228              |     1    |   0.00 (100.00%)   |       N/A        |        0.00        |       1.00000      |
|              Node290              |     1    |   0.00 (100.00%)   |       N/A        |        0.00        |       1.00000      |
|              Node436              |     1    |   0.00 (100.00%)   |       N/A        |        0.00        |       1.00000      |
|              Node38               |     1    |  >1000 (100.00%)   |       N/A        |        0.60        |       0.30929      |
|              TD5096               |     1    |  >1000 (100.00%)   |       N/A        |        0.60        |       0.30955      |
|            KA206_1191             |     1    |   0.00 (100.00%)   |       N/A        |        0.00        |       1.00000      |
|             BE46_292              |     1    |   0.00 (100.00%)   |       N/A        |        0.00        |       1.00000      |
|              VT3_194              |     1    |   0.00 (100.00%)   |       N/A        |        0.00        |       1.00000      |
|             NJ10_195              |     1    |   0.00 (100.00%)   |       N/A        |        0.00        |       1.00000      |
|             BE32_192              |     1    |   0.00 (100.00%)   |       N/A        |        0.00        |       1.00000      |
|              Node678              |     1    |  >1000 (100.00%)   |       N/A        |        0.59        |       0.31273      |
|              ST1_193              |     1    |   0.00 (100.00%)   |       N/A        |        0.00        |       1.00000      |
|              GA3_393              |     1    |   0.00 (100.00%)   |       N/A        |        0.00        |       1.00000      |
|              Node240              |     1    |   0.00 (100.00%)   |       N/A        |        0.00        |       1.00000      |
|              Node327              |     1    |   0.00 (100.00%)   |       N/A        |        0.00        |       1.00000      |
|             SIC4_593              |     1    |   0.00 (100.00%)   |       N/A        |        0.00        |       1.00000      |
|             SP378_195             |     1    |   0.00 (100.00%)   |       N/A        |        0.00        |       1.00000      |
|              Node415              |     1    |   0.00 (100.00%)   |       N/A        |        0.00        |       1.00000      |
|            MX3255_194             |     1    |   0.00 (100.00%)   |       N/A        |        0.00        |       1.00000      |
|             PR1_1090              |     1    |   0.00 (100.00%)   |       N/A        |        0.00        |       1.00000      |
|             SHIGA291              |     1    |   0.00 (100.00%)   |       N/A        |        0.00        |       1.00000      |
|              Node200              |     1    |   0.00 (100.00%)   |       N/A        |        0.00        |       1.00000      |
|              Node146              |     1    |   0.00 (100.00%)   |       N/A        |        0.00        |       1.00000      |
|              Node78               |     1    |   0.00 (100.00%)   |       N/A        |        0.00        |       1.00000      |
|              Node161              |     1    |   0.00 (100.00%)   |       N/A        |        0.00        |       1.00000      |
|               VIC87               |     1    |   0.00 (100.00%)   |       N/A        |        0.00        |       1.00000      |
|              GC_987               |     1    |   0.00 (100.00%)   |       N/A        |        0.00        |       1.00000      |
|              QL_987               |     1    |   0.00 (100.00%)   |       N/A        |        0.00        |       1.00000      |
|              Node80               |     1    |   0.00 (100.00%)   |       N/A        |        0.00        |       1.00000      |
|              Node93               |     1    |   0.00 (100.00%)   |       N/A        |        0.00        |       1.00000      |
|               CZ86                |     1    |   0.00 (100.00%)   |       N/A        |        0.00        |       1.00000      |
|              CB_188               |     1    |   0.00 (100.00%)   |       N/A        |        0.00        |       1.00000      |
|              Node180              |     1    |   0.00 (100.00%)   |       N/A        |        0.00        |       1.00000      |
|              Node205              |     1    |   0.00 (100.00%)   |       N/A        |        0.00        |       1.00000      |
|             NY63_1293             |     1    |   0.00 (100.00%)   |       N/A        |        0.00        |       1.00000      |
|            PERTH01_492            |     1    |  >1000 (100.00%)   |       N/A        |       -0.04        |       0.50000      |
|             GZH8_496              |     1    |   1.00 (100.00%)   |       N/A        |        0.00        |       1.00000      |
|              MI_185               |     1    |   1.00 (100.00%)   |       N/A        |        0.00        |       1.00000      |
|             NY26_293              |     1    |   1.00 (100.00%)   |       N/A        |        0.00        |       1.00000      |
|            NY4295_1194            |     1    |   1.00 (100.00%)   |       N/A        |        0.00        |       1.00000      |
|             CA5_1193              |     1    |   1.00 (100.00%)   |       N/A        |        0.00        |       1.00000      |
|            NCH12_1193             |     1    |   1.00 (100.00%)   |       N/A        |        0.00        |       1.00000      |
|             NY37_1096             |     1    |   1.00 (100.00%)   |       N/A        |        0.00        |       1.00000      |
|              IN3_991              |     1    |   1.00 (100.00%)   |       N/A        |        0.00        |       1.00000      |
|             CN124_295             |     1    |   1.00 (100.00%)   |       N/A        |        0.00        |       1.00000      |
|             HK55_794              |     1    |   1.00 (100.00%)   |       N/A        |        0.00        |       1.00000      |
|             KO572_297             |     1    |   1.00 (100.00%)   |       N/A        |        0.00        |       1.00000      |
|             KO671_297             |     1    |   1.00 (100.00%)   |       N/A        |        0.00        |       1.00000      |
|              GUA_389              |     1    |   1.00 (100.00%)   |       N/A        |        0.00        |       1.00000      |
|              AUC596               |     1    |   1.00 (100.00%)   |       N/A        |        0.00        |       1.00000      |
|           TX_18088_184            |     1    |   1.00 (100.00%)   |       N/A        |        0.00        |       1.00000      |
|             WUZ4_493              |     1    |   1.00 (100.00%)   |       N/A        |        0.00        |       1.00000      |
|             HK391_797             |     1    |   1.00 (100.00%)   |       N/A        |        0.00        |       1.00000      |
|            JA8695_1294            |     1    |   1.00 (100.00%)   |       N/A        |        0.00        |       1.00000      |
|              NY3_293              |     1    |   1.00 (100.00%)   |       N/A        |        0.00        |       1.00000      |
|              LA4_893              |     1    |   1.00 (100.00%)   |       N/A        |        0.00        |       1.00000      |
|             HEBEI1293             |     1    |   1.00 (100.00%)   |       N/A        |        0.00        |       1.00000      |
|              CHR196               |     1    |   1.00 (100.00%)   |       N/A        |        0.00        |       1.00000      |
|             SAP_1292              |     1    |   1.00 (100.00%)   |       N/A        |        0.00        |       1.00000      |
|            CI2115_696             |     1    |   1.00 (100.00%)   |       N/A        |        0.00        |       1.00000      |
|             SAS68_692             |     1    |   1.00 (100.00%)   |       N/A        |        0.00        |       1.00000      |
|           FUJIAN133_596           |     1    |   1.00 (100.00%)   |       N/A        |        0.00        |       1.00000      |
|              SIC_487              |     1    |   1.00 (100.00%)   |       N/A        |        0.00        |       1.00000      |
|              ST_185               |     1    |   1.00 (100.00%)   |       N/A        |        0.00        |       1.00000      |
|              SD1_491              |     1    |   1.00 (100.00%)   |       N/A        |        0.00        |       1.00000      |
|             SP125_293             |     1    |   1.00 (100.00%)   |       N/A        |        0.00        |       1.00000      |
|             NGX10_193             |     1    |   1.00 (100.00%)   |       N/A        |        0.00        |       1.00000      |
|              AK2_796              |     1    |   1.00 (100.00%)   |       N/A        |        0.00        |       1.00000      |
|            BE353_1289             |     1    |   1.00 (100.00%)   |       N/A        |        0.00        |       1.00000      |
|             JOH33_794             |     1    |   1.00 (100.00%)   |       N/A        |        0.00        |       1.00000      |
|              SYD697               |     1    |   1.00 (100.00%)   |       N/A        |        0.00        |       1.00000      |
|            UMEA1_1192             |     1    |   1.00 (100.00%)   |       N/A        |        0.00        |       1.00000      |
|              WA1591               |     1    |   1.00 (100.00%)   |       N/A        |        0.00        |       1.00000      |
|             RO182_194             |     1    |   1.00 (100.00%)   |       N/A        |        0.00        |       1.00000      |
|             CAR42297              |     1    |   1.00 (100.00%)   |       N/A        |        0.00        |       1.00000      |
----
### Adaptive branch site random effects likelihood test 
Likelihood ratio test for episodic diversifying positive selection at Holm-Bonferroni corrected _p =   0.0500_ found **0** branches under selection among **542** tested.


### Annotated Tree
(TIANJING55_896,GZH11_496,HK357_696,SP214_197,(((HAR3_1296,BE24496_197)Node662,(((TAS1_797,VIC4797,VIC3097)Node639,((RI7_397,(((BR51_897,BR43_697)Node597,BR309_796)Node596,((GQ1014_1096,(JOH10_697,(NY50_1196,(CA13_1296,(MN1_497,MO10_1196)Node614,CA10_797,NY43_1196)Node609,JOH9_597)Node607)Node605,((CN101_197,PA2_297)Node621,MO11_1196,MOS2_197)Node620)Node602,((WI3_896,NY37_1096)Node629,AK2_796)Node628,TW523_596)Node601)Node595,SHA9_995,(WA596,((CNIC22_195,((((((((((((ENG88,BE4_189)Node175,(((GC_987,SIC_487)Node170,((((BK_785,(YG_585,CC_688)Node155,BK25_785,((GM_1185,LN_286,(ST_185,CZ86)Node150)Node147,YH_1085)Node146)Node141,(((TX_12764_483,(MS85,TX_24753_185,TX_25784_385)Node97)Node95,((CAEN184,((TX_24752_185,MI_185,NJ_185)Node119,CT_385)Node118,OITA83,(TX_18088_184,TX_18733_184,TX_17988_184)Node107,(CM_885,(GZ3_187,TX_12835_583)Node114)Node112)Node103,((((VAL_491,SH_185)Node129,US85)Node128,TX_25887_285)Node127,AK_1284)Node126)Node102)Node94,TG_885)Node93,((CC185,CC485)Node137,UY3_688)Node136)Node91,(YN_1185,FO_1185)Node158)Node90,((GZ187,QL_987)Node86,LA_1287,CO_1187,SHA_887)Node80,VIC87)Node78,(TX_39989_288,CB_188,(TY6_1287,TY5_1287)Node164,SYD_1287)Node161)Node76,KB_288)Node75,DL19_389)Node73,((GZ54_489,(SIC89,BE57_189)Node182)Node180,ENG64889)Node179,SHA16_989,SHA1_289)Node72,(GUA39_689,GUA_389)Node189)Node71,VIC589)Node70,BE353_1289)Node69,((((II236_1193,II237_1193)Node249,KA149_1092)Node248,EN26191,(VIC68_792,SP118_293,((((UMEA2_1192,UMEA1_1192)Node230,SN8_492)Node229,DJ3946_1292,RU3193)Node228,TW114391_192)Node227,BE47_292,(VIC29_392,WE66_692)Node240,SAS68_692)Node223,PS8091)Node220,SH6_490,(((((SOFIA15593,(MX3255_194,SD1_491)Node209,SEOUL45_1191,WA1591)Node206,PA09_1191)Node205,SAS36_592)Node204,(SHIGA291,IN3_991)Node200,PR1_1090)Node198,BZ91)Node197,HW1_291)Node194)Node68,((SN91,SH24_890)Node255,((PERTH01_492,PS192SPF)Node259,HK34_490)Node258)Node254,KA206_1191)Node67,((NY63_1293,FR110994,NY64_1293)Node319,UR46967_294)Node318,(((((SIC4_593,(RU58_393,WUZ4_493)Node280)Node278,NGX10_193)Node277,GD04_393)Node276,((NCH3332_493,NCH12_1193)Node271,NCH58_1293)Node270,HAR1592)Node268,(HEBEI1293,HK23_792)Node285,((SAP_1292,PS688_193,SHD9_393,YOKOHAMA7392)Node290,NY1393)Node289,NCH3396_593)Node266,(((CA271_1192,AK9_1192,HI3_1192,QD53_392)Node301,KITA93,TIANJIN3392,VIC193,(DJ3109_1291,BE32_192)Node313)Node300,BE46_292)Node299)Node66,(((MA1_195,NY28_1294,((CA5_395,JA8695_1294)Node332,SP378_195)Node331,PA15_295,(LA1_195,NJ8_1194)Node338,CN124_295,NJ10_195,OH3_195,TX5_1294,SP351_195,IL5_195)Node328,(HK434_1096,(HK1_694,HK55_794)Node371)Node369,((PARIS36395,HK42_396,MEM196_1195,PARIS8395)Node358,NY17_1294)Node357,(AG3779_1094,JOH33_794)Node366)Node327,PA7_1294)Node326,WA2693,((NED37293,FR120394)Node450,(((AKI194,RO182_194)Node437,RO160_194,VT3_194,SANT7198_894)Node436,((NY4295_1194,NY16_1194)Node446,NY15_894)Node445)Node435,PA993_1294,(CA5_1193,WA41_1293)Node432)Node428,ENG22093,(CA4_794,(SP125_293,WY1_1193)Node421,SP190_393,ST1_193)Node418,(AG3105_693,((TH7594,BK122_694)Node400,SN7_694)Node399,AA393,GD27_594,NY38_193,(GD25_693,WUZ1_794)Node387,UDE44_394,NO93,(WAIK2093,CC893)Node394)Node380,(NY26_293,AK18_493)Node415,GA3_393,TX57_1293,((LA4_893,LA6_993)Node411,NY3_293)Node410)Node65,HAR3_194)Node64,(((WV1_395,GE578652_295)Node491,(((BZ18_496,BZ8_496,BR87_596,BR3_496,BR45_696)Node461,BR184_696)Node460,BR597_796)Node459,HK3_195,(WA186_1294,VA25_1294)Node487,(SN27_595,HK38_895)Node484,JOH295,GE767_495,NJ11_1294,CN147_495,SN28_595)Node457,((KWJ195_1194,NE11_395,AK10_295)Node495,CHW995_1294)Node494)Node456,((((ID3_1195,CN2796_1295)Node534,(AK16_995,JOH1795)Node531,JOH5396_97,MO6_396,(DE3_1195,NV1_1195)Node525,ID4_1195)Node520,CN17_196,(FL4_1195,LA5_1195)Node506,(UK897_696,MN6_1195)Node517,GE491_396,CN61_296,KO45_296,BZ2_395)Node502,AG4057_795,(SHD5_894,BE281_1294)Node539)Node501)Node63,GNX42_495)Node61,GZH66_497)Node60,(((((((TH78_397,TH79_397)Node569,CHR196)Node568,HI2_796,AUC596,YOKOHAMA6896_97,MN1_1196,WE4896,DE4_397)Node556,BK197,BRIS3596,CAR42297,CAR465_896)Node548,AUC10896_97,BRI2296)Node547,MON318_696)Node546,((CNIC35_196,NCH813_895)Node579,FUJIAN47_396,WUH359_995)Node578,NCH933_995)Node545)Node58,FR7597,TH9496_97,FG39_1096,NY9_196)Node54,(FUK11496E,FUK11496C)Node635)Node53,JA99_196)Node51,((((CO11_1196,IN1_1196)Node652,KY2_297)Node651,NJ8_1296)Node650,(SHZH43_396,WZH1_596)Node646,GD1_396)Node644)Node50,(TX1196_97,(TD5196,TD5096)Node659)Node657)Node48,((TIANJING51_297,SH19_896)Node667,FUJIAN133_596,SANTAFE208_896)Node666,JOH3_397,HK358_796)Node47,((((SYD497,(WE397,SYD597,CN10679_997,SYD697,HI1_997,AUC5_697)Node12,HK387_797,HK391_797,PR1_797,SAUS54_797,CANBERRA5_897)Node10,UR41_197)Node9,SAITAMA8096_97)Node8,(BE17_197,BE62_297)Node35)Node7,(((KO671_297,(KO572_297,JA416_297)Node42)Node40,CL170_1096)Node39,SHZH157_796)Node38,((CORD3278_796,(GNX189_796,TD4796)Node680)Node678,(AG207_796,AG601_796)Node683)Node677,AG39_796,(CI2115_696,NY55_1296)Node691,GZH8_496)

----

```
|TIANJING55_896 (N.S)
|GZH11_496 (N.S)
|HK357_696 (N.S)
|SP214_197 (N.S)
|  |HAR3_1296 (N.S)
| |+Node662 (N.S)
| ||BE24496_197 (N.S)
||+Node48 (N.S)
|||  |TAS1_797 (N.S)
||| |+Node639 (N.S)
||| ||VIC4797 (N.S)
||| ||VIC3097 (N.S)
||||+Node51 (N.S)
||||| |RI7_397 (N.S)
||||| |  |BR51_897 (N.S)
||||| | |+Node597 (N.S)
||||| | ||BR43_697 (N.S)
||||| ||+Node596 (N.S)
||||| |||BR309_796 (N.S)
||||| |+Node595 (N.S)
||||| || |GQ1014_1096 (N.S)
||||| |||+Node602 (N.S)
||||| |||||JOH10_697 (N.S)
||||| ||||+Node605 (N.S)
||||| ||||||NY50_1196 (N.S)
||||| |||||+Node607 (N.S)
||||| |||| ||CA13_1296 (N.S)
||||| |||| |||MN1_497 (N.S)
||||| |||| ||+Node614 (N.S)
||||| |||| |||MO10_1196 (N.S)
||||| |||| |+Node609 (N.S)
||||| |||| ||CA10_797 (N.S)
||||| |||| ||NY43_1196 (N.S)
||||| |||| |JOH9_597 (N.S)
||||| |||| |CN101_197 (N.S)
||||| |||||+Node621 (N.S)
||||| ||||||PA2_297 (N.S)
||||| ||||+Node620 (N.S)
||||| ||| |MO11_1196 (N.S)
||||| ||| |MOS2_197 (N.S)
||||| ||+Node601 (N.S)
||||| | | |WI3_896 (N.S)
||||| | ||+Node629 (N.S)
||||| | |||NY37_1096 (N.S)
||||| | |+Node628 (N.S)
||||| | ||AK2_796 (N.S)
||||| | |TW523_596 (N.S)
||||| |SHA9_995 (N.S)
||||| ||WA596 (N.S)
||||| |+Node58 (N.S)
||||| || |CNIC22_195 (N.S)
||||| |||+Node61 (N.S)
||||| ||||           |ENG88 (N.S)
||||| ||||          |+Node175 (N.S)
||||| ||||          ||BE4_189 (N.S)
||||| ||||         |+Node73 (N.S)
||||| ||||         ||  |GC_987 (N.S)
||||| ||||         || |+Node170 (N.S)
||||| ||||         || ||SIC_487 (N.S)
||||| ||||         |||+Node76 (N.S)
||||| ||||         ||||   |BK_785 (N.S)
||||| ||||         ||||   ||YG_585 (N.S)
||||| ||||         ||||   |+Node155 (N.S)
||||| ||||         ||||   ||CC_688 (N.S)
||||| ||||         ||||  |+Node141 (N.S)
||||| ||||         ||||  ||BK25_785 (N.S)
||||| ||||         ||||  || |GM_1185 (N.S)
||||| ||||         ||||  |||+Node147 (N.S)
||||| ||||         ||||  ||||LN_286 (N.S)
||||| ||||         ||||  |||||ST_185 (N.S)
||||| ||||         ||||  ||||+Node150 (N.S)
||||| ||||         ||||  ||| |CZ86 (N.S)
||||| ||||         ||||  ||+Node146 (N.S)
||||| ||||         ||||  | |YH_1085 (N.S)
||||| ||||         |||| |+Node91 (N.S)
||||| ||||         |||| ||  |TX_12764_483 (N.S)
||||| ||||         |||| || |+Node95 (N.S)
||||| ||||         |||| || |||MS85 (N.S)
||||| ||||         |||| || ||+Node97 (N.S)
||||| ||||         |||| || | |TX_24753_185 (N.S)
||||| ||||         |||| || | |TX_25784_385 (N.S)
||||| ||||         |||| |||+Node94 (N.S)
||||| ||||         |||| |||| |CAEN184 (N.S)
||||| ||||         |||| |||| | |TX_24752_185 (N.S)
||||| ||||         |||| |||| ||+Node119 (N.S)
||||| ||||         |||| |||| |||MI_185 (N.S)
||||| ||||         |||| |||| |||NJ_185 (N.S)
||||| ||||         |||| |||| |+Node118 (N.S)
||||| ||||         |||| |||| ||CT_385 (N.S)
||||| ||||         |||| |||||+Node103 (N.S)
||||| ||||         |||| ||||||OITA83 (N.S)
||||| ||||         |||| |||||||TX_18088_184 (N.S)
||||| ||||         |||| ||||||+Node107 (N.S)
||||| ||||         |||| |||||||TX_18733_184 (N.S)
||||| ||||         |||| |||||||TX_17988_184 (N.S)
||||| ||||         |||| |||||||CM_885 (N.S)
||||| ||||         |||| ||||||+Node112 (N.S)
||||| ||||         |||| ||||| ||GZ3_187 (N.S)
||||| ||||         |||| ||||| |+Node114 (N.S)
||||| ||||         |||| |||||  |TX_12835_583 (N.S)
||||| ||||         |||| ||||+Node102 (N.S)
||||| ||||         |||| ||| |   |VAL_491 (N.S)
||||| ||||         |||| ||| |  |+Node129 (N.S)
||||| ||||         |||| ||| |  ||SH_185 (N.S)
||||| ||||         |||| ||| | |+Node128 (N.S)
||||| ||||         |||| ||| | ||US85 (N.S)
||||| ||||         |||| ||| ||+Node127 (N.S)
||||| ||||         |||| ||| |||TX_25887_285 (N.S)
||||| ||||         |||| ||| |+Node126 (N.S)
||||| ||||         |||| |||  |AK_1284 (N.S)
||||| ||||         |||| ||+Node93 (N.S)
||||| ||||         |||| |||TG_885 (N.S)
||||| ||||         |||| || |CC185 (N.S)
||||| ||||         |||| |||+Node137 (N.S)
||||| ||||         |||| ||||CC485 (N.S)
||||| ||||         |||| ||+Node136 (N.S)
||||| ||||         |||| | |UY3_688 (N.S)
||||| ||||         |||||+Node90 (N.S)
||||| ||||         |||||||YN_1185 (N.S)
||||| ||||         ||||||+Node158 (N.S)
||||| ||||         ||||| |FO_1185 (N.S)
||||| ||||         ||||+Node78 (N.S)
||||| ||||         ||||| |GZ187 (N.S)
||||| ||||         ||||||+Node86 (N.S)
||||| ||||         |||||||QL_987 (N.S)
||||| ||||         ||||||LA_1287 (N.S)
||||| ||||         |||||+Node80 (N.S)
||||| ||||         ||||||CO_1187 (N.S)
||||| ||||         ||||||SHA_887 (N.S)
||||| ||||         |||||VIC87 (N.S)
||||| ||||         |||||TX_39989_288 (N.S)
||||| ||||         |||||CB_188 (N.S)
||||| ||||         ||||+Node161 (N.S)
||||| ||||         ||| ||TY6_1287 (N.S)
||||| ||||         ||| |+Node164 (N.S)
||||| ||||         ||| ||TY5_1287 (N.S)
||||| ||||         ||| |SYD_1287 (N.S)
||||| ||||         ||+Node75 (N.S)
||||| ||||         |||KB_288 (N.S)
||||| ||||         ||DL19_389 (N.S)
||||| ||||         | |GZ54_489 (N.S)
||||| ||||         ||+Node180 (N.S)
||||| ||||         ||||SIC89 (N.S)
||||| ||||         |||+Node182 (N.S)
||||| ||||         || |BE57_189 (N.S)
||||| ||||         |+Node179 (N.S)
||||| ||||         ||ENG64889 (N.S)
||||| ||||        |+Node72 (N.S)
||||| ||||        ||SHA16_989 (N.S)
||||| ||||        ||SHA1_289 (N.S)
||||| ||||       |+Node71 (N.S)
||||| ||||       |||GUA39_689 (N.S)
||||| ||||       ||+Node189 (N.S)
||||| ||||       | |GUA_389 (N.S)
||||| ||||      |+Node70 (N.S)
||||| ||||      ||VIC589 (N.S)
||||| ||||     |+Node69 (N.S)
||||| ||||     ||BE353_1289 (N.S)
||||| ||||    |+Node68 (N.S)
||||| ||||    ||   |II236_1193 (N.S)
||||| ||||    ||  |+Node249 (N.S)
||||| ||||    ||  ||II237_1193 (N.S)
||||| ||||    || |+Node248 (N.S)
||||| ||||    || ||KA149_1092 (N.S)
||||| ||||    || |EN26191 (N.S)
||||| ||||    |||+Node220 (N.S)
||||| ||||    |||||VIC68_792 (N.S)
||||| ||||    |||||SP118_293 (N.S)
||||| ||||    |||||   |UMEA2_1192 (N.S)
||||| ||||    |||||  |+Node230 (N.S)
||||| ||||    |||||  ||UMEA1_1192 (N.S)
||||| ||||    ||||| |+Node229 (N.S)
||||| ||||    ||||| ||SN8_492 (N.S)
||||| ||||    ||||||+Node228 (N.S)
||||| ||||    |||||||DJ3946_1292 (N.S)
||||| ||||    |||||||RU3193 (N.S)
||||| ||||    |||||+Node227 (N.S)
||||| ||||    ||||||TW114391_192 (N.S)
||||| ||||    ||||+Node223 (N.S)
||||| ||||    |||||BE47_292 (N.S)
||||| ||||    ||||||VIC29_392 (N.S)
||||| ||||    |||||+Node240 (N.S)
||||| ||||    ||||||WE66_692 (N.S)
||||| ||||    |||||SAS68_692 (N.S)
||||| ||||    ||||PS8091 (N.S)
||||| ||||    |||SH6_490 (N.S)
||||| ||||    ||+Node194 (N.S)
||||| ||||    | |    |SOFIA15593 (N.S)
||||| ||||    | |    ||MX3255_194 (N.S)
||||| ||||    | |    |+Node209 (N.S)
||||| ||||    | |    ||SD1_491 (N.S)
||||| ||||    | |   |+Node206 (N.S)
||||| ||||    | |   ||SEOUL45_1191 (N.S)
||||| ||||    | |   ||WA1591 (N.S)
||||| ||||    | |  |+Node205 (N.S)
||||| ||||    | |  ||PA09_1191 (N.S)
||||| ||||    | | |+Node204 (N.S)
||||| ||||    | | ||SAS36_592 (N.S)
||||| ||||    | ||+Node198 (N.S)
||||| ||||    | ||||SHIGA291 (N.S)
||||| ||||    | |||+Node200 (N.S)
||||| ||||    | ||||IN3_991 (N.S)
||||| ||||    | |||PR1_1090 (N.S)
||||| ||||    | |+Node197 (N.S)
||||| ||||    | ||BZ91 (N.S)
||||| ||||    | |HW1_291 (N.S)
||||| ||||   |+Node67 (N.S)
||||| ||||   || |SN91 (N.S)
||||| ||||   |||+Node255 (N.S)
||||| ||||   ||||SH24_890 (N.S)
||||| ||||   ||+Node254 (N.S)
||||| ||||   ||| |PERTH01_492 (N.S)
||||| ||||   ||||+Node259 (N.S)
||||| ||||   |||||PS192SPF (N.S)
||||| ||||   |||+Node258 (N.S)
||||| ||||   || |HK34_490 (N.S)
||||| ||||   ||KA206_1191 (N.S)
||||| ||||   | |NY63_1293 (N.S)
||||| ||||   ||+Node319 (N.S)
||||| ||||   |||FR110994 (N.S)
||||| ||||   |||NY64_1293 (N.S)
||||| ||||   |+Node318 (N.S)
||||| ||||   ||UR46967_294 (N.S)
||||| ||||  |+Node66 (N.S)
||||| ||||  ||    |SIC4_593 (N.S)
||||| ||||  ||   |+Node278 (N.S)
||||| ||||  ||   |||RU58_393 (N.S)
||||| ||||  ||   ||+Node280 (N.S)
||||| ||||  ||   | |WUZ4_493 (N.S)
||||| ||||  ||  |+Node277 (N.S)
||||| ||||  ||  ||NGX10_193 (N.S)
||||| ||||  || |+Node276 (N.S)
||||| ||||  || ||GD04_393 (N.S)
||||| ||||  |||+Node268 (N.S)
||||| ||||  |||| |NCH3332_493 (N.S)
||||| ||||  |||||+Node271 (N.S)
||||| ||||  ||||||NCH12_1193 (N.S)
||||| ||||  ||||+Node270 (N.S)
||||| ||||  |||||NCH58_1293 (N.S)
||||| ||||  ||||HAR1592 (N.S)
||||| ||||  ||||HEBEI1293 (N.S)
||||| ||||  |||+Node285 (N.S)
||||| ||||  ||||HK23_792 (N.S)
||||| ||||  ||+Node266 (N.S)
||||| ||||  ||| |SAP_1292 (N.S)
||||| ||||  ||| |PS688_193 (N.S)
||||| ||||  ||||+Node290 (N.S)
||||| ||||  |||||SHD9_393 (N.S)
||||| ||||  |||||YOKOHAMA7392 (N.S)
||||| ||||  |||+Node289 (N.S)
||||| ||||  ||||NY1393 (N.S)
||||| ||||  |||NCH3396_593 (N.S)
||||| ||||  ||  |CA271_1192 (N.S)
||||| ||||  ||  |AK9_1192 (N.S)
||||| ||||  || |+Node301 (N.S)
||||| ||||  || ||HI3_1192 (N.S)
||||| ||||  || ||QD53_392 (N.S)
||||| ||||  || |KITA93 (N.S)
||||| ||||  |||+Node300 (N.S)
||||| ||||  ||||TIANJIN3392 (N.S)
||||| ||||  ||||VIC193 (N.S)
||||| ||||  |||||DJ3109_1291 (N.S)
||||| ||||  ||||+Node313 (N.S)
||||| ||||  ||| |BE32_192 (N.S)
||||| ||||  ||+Node299 (N.S)
||||| ||||  | |BE46_292 (N.S)
||||| ||||  |  |MA1_195 (N.S)
||||| ||||  |  |NY28_1294 (N.S)
||||| ||||  |  | |CA5_395 (N.S)
||||| ||||  |  ||+Node332 (N.S)
||||| ||||  |  |||JA8695_1294 (N.S)
||||| ||||  |  |+Node331 (N.S)
||||| ||||  |  ||SP378_195 (N.S)
||||| ||||  |  |PA15_295 (N.S)
||||| ||||  |  ||LA1_195 (N.S)
||||| ||||  |  |+Node338 (N.S)
||||| ||||  |  ||NJ8_1194 (N.S)
||||| ||||  | |+Node328 (N.S)
||||| ||||  | ||CN124_295 (N.S)
||||| ||||  | ||NJ10_195 (N.S)
||||| ||||  | ||OH3_195 (N.S)
||||| ||||  | ||TX5_1294 (N.S)
||||| ||||  | ||SP351_195 (N.S)
||||| ||||  | ||IL5_195 (N.S)
||||| ||||  | ||HK434_1096 (N.S)
||||| ||||  | |+Node369 (N.S)
||||| ||||  | |||HK1_694 (N.S)
||||| ||||  | ||+Node371 (N.S)
||||| ||||  | | |HK55_794 (N.S)
||||| ||||  ||+Node327 (N.S)
||||| ||||  ||| |PARIS36395 (N.S)
||||| ||||  ||| |HK42_396 (N.S)
||||| ||||  ||||+Node358 (N.S)
||||| ||||  |||||MEM196_1195 (N.S)
||||| ||||  |||||PARIS8395 (N.S)
||||| ||||  |||+Node357 (N.S)
||||| ||||  ||||NY17_1294 (N.S)
||||| ||||  ||||AG3779_1094 (N.S)
||||| ||||  |||+Node366 (N.S)
||||| ||||  || |JOH33_794 (N.S)
||||| ||||  |+Node326 (N.S)
||||| ||||  ||PA7_1294 (N.S)
||||| ||||  |WA2693 (N.S)
||||| ||||  | |NED37293 (N.S)
||||| ||||  ||+Node450 (N.S)
||||| ||||  |||FR120394 (N.S)
||||| ||||  ||  |AKI194 (N.S)
||||| ||||  || |+Node437 (N.S)
||||| ||||  || ||RO182_194 (N.S)
||||| ||||  || |RO160_194 (N.S)
||||| ||||  |||+Node436 (N.S)
||||| ||||  ||||VT3_194 (N.S)
||||| ||||  ||||SANT7198_894 (N.S)
||||| ||||  ||+Node435 (N.S)
||||| ||||  ||| |NY4295_1194 (N.S)
||||| ||||  ||||+Node446 (N.S)
||||| ||||  |||||NY16_1194 (N.S)
||||| ||||  |||+Node445 (N.S)
||||| ||||  || |NY15_894 (N.S)
||||| ||||  |+Node428 (N.S)
||||| ||||  ||PA993_1294 (N.S)
||||| ||||  |||CA5_1193 (N.S)
||||| ||||  ||+Node432 (N.S)
||||| ||||  | |WA41_1293 (N.S)
||||| ||||  |ENG22093 (N.S)
||||| |||| |+Node65 (N.S)
||||| |||| |||CA4_794 (N.S)
||||| |||| ||||SP125_293 (N.S)
||||| |||| |||+Node421 (N.S)
||||| |||| ||||WY1_1193 (N.S)
||||| |||| ||+Node418 (N.S)
||||| |||| |||SP190_393 (N.S)
||||| |||| |||ST1_193 (N.S)
||||| |||| |||AG3105_693 (N.S)
||||| |||| ||| |TH7594 (N.S)
||||| |||| ||||+Node400 (N.S)
||||| |||| |||||BK122_694 (N.S)
||||| |||| |||+Node399 (N.S)
||||| |||| ||||SN7_694 (N.S)
||||| |||| |||AA393 (N.S)
||||| |||| |||GD27_594 (N.S)
||||| |||| ||+Node380 (N.S)
||||| |||| |||NY38_193 (N.S)
||||| |||| ||||GD25_693 (N.S)
||||| |||| |||+Node387 (N.S)
||||| |||| ||||WUZ1_794 (N.S)
||||| |||| |||UDE44_394 (N.S)
||||| |||| |||NO93 (N.S)
||||| |||| ||||WAIK2093 (N.S)
||||| |||| |||+Node394 (N.S)
||||| |||| || |CC893 (N.S)
||||| |||| |||NY26_293 (N.S)
||||| |||| ||+Node415 (N.S)
||||| |||| |||AK18_493 (N.S)
||||| |||| ||GA3_393 (N.S)
||||| |||| ||TX57_1293 (N.S)
||||| |||| || |LA4_893 (N.S)
||||| |||| |||+Node411 (N.S)
||||| |||| ||||LA6_993 (N.S)
||||| |||| ||+Node410 (N.S)
||||| |||| | |NY3_293 (N.S)
||||| |||||+Node64 (N.S)
||||| ||||||HAR3_194 (N.S)
||||| ||||+Node63 (N.S)
||||| |||||  |WV1_395 (N.S)
||||| ||||| |+Node491 (N.S)
||||| ||||| ||GE578652_295 (N.S)
||||| ||||| |  |BZ18_496 (N.S)
||||| ||||| |  |BZ8_496 (N.S)
||||| ||||| | |+Node461 (N.S)
||||| ||||| | ||BR87_596 (N.S)
||||| ||||| | ||BR3_496 (N.S)
||||| ||||| | ||BR45_696 (N.S)
||||| ||||| ||+Node460 (N.S)
||||| ||||| |||BR184_696 (N.S)
||||| ||||| |+Node459 (N.S)
||||| ||||| ||BR597_796 (N.S)
||||| ||||| |HK3_195 (N.S)
||||| ||||| ||WA186_1294 (N.S)
||||| ||||| |+Node487 (N.S)
||||| ||||| ||VA25_1294 (N.S)
||||| ||||| ||SN27_595 (N.S)
||||| ||||| |+Node484 (N.S)
||||| ||||| ||HK38_895 (N.S)
||||| ||||||+Node457 (N.S)
||||| |||||||JOH295 (N.S)
||||| |||||||GE767_495 (N.S)
||||| |||||||NJ11_1294 (N.S)
||||| |||||||CN147_495 (N.S)
||||| |||||||SN28_595 (N.S)
||||| |||||+Node456 (N.S)
||||| |||||| |KWJ195_1194 (N.S)
||||| |||||||+Node495 (N.S)
||||| ||||||||NE11_395 (N.S)
||||| ||||||||AK10_295 (N.S)
||||| ||||||+Node494 (N.S)
||||| ||||| |CHW995_1294 (N.S)
||||| |||||   |ID3_1195 (N.S)
||||| |||||  |+Node534 (N.S)
||||| |||||  ||CN2796_1295 (N.S)
||||| |||||  ||AK16_995 (N.S)
||||| |||||  |+Node531 (N.S)
||||| |||||  ||JOH1795 (N.S)
||||| |||||  |JOH5396_97 (N.S)
||||| ||||| |+Node520 (N.S)
||||| ||||| ||MO6_396 (N.S)
||||| ||||| |||DE3_1195 (N.S)
||||| ||||| ||+Node525 (N.S)
||||| ||||| |||NV1_1195 (N.S)
||||| ||||| ||ID4_1195 (N.S)
||||| ||||| |CN17_196 (N.S)
||||| ||||| ||FL4_1195 (N.S)
||||| ||||| |+Node506 (N.S)
||||| ||||| ||LA5_1195 (N.S)
||||| ||||| ||UK897_696 (N.S)
||||| ||||| |+Node517 (N.S)
||||| ||||| ||MN6_1195 (N.S)
||||| ||||||+Node502 (N.S)
||||| |||||||GE491_396 (N.S)
||||| |||||||CN61_296 (N.S)
||||| |||||||KO45_296 (N.S)
||||| |||||||BZ2_395 (N.S)
||||| |||||+Node501 (N.S)
||||| |||| |AG4057_795 (N.S)
||||| |||| ||SHD5_894 (N.S)
||||| |||| |+Node539 (N.S)
||||| ||||  |BE281_1294 (N.S)
||||| ||||GNX42_495 (N.S)
||||| ||+Node60 (N.S)
||||| |||GZH66_497 (N.S)
||||| ||      |TH78_397 (N.S)
||||| ||     |+Node569 (N.S)
||||| ||     ||TH79_397 (N.S)
||||| ||    |+Node568 (N.S)
||||| ||    ||CHR196 (N.S)
||||| ||    |HI2_796 (N.S)
||||| ||    |AUC596 (N.S)
||||| ||   |+Node556 (N.S)
||||| ||   ||YOKOHAMA6896_97 (N.S)
||||| ||   ||MN1_1196 (N.S)
||||| ||   ||WE4896 (N.S)
||||| ||   ||DE4_397 (N.S)
||||| ||   |BK197 (N.S)
||||| ||  |+Node548 (N.S)
||||| ||  ||BRIS3596 (N.S)
||||| ||  ||CAR42297 (N.S)
||||| ||  ||CAR465_896 (N.S)
||||| || |+Node547 (N.S)
||||| || ||AUC10896_97 (N.S)
||||| || ||BRI2296 (N.S)
||||| |||+Node546 (N.S)
||||| ||||MON318_696 (N.S)
||||| ||+Node545 (N.S)
||||| | | |CNIC35_196 (N.S)
||||| | ||+Node579 (N.S)
||||| | |||NCH813_895 (N.S)
||||| | |+Node578 (N.S)
||||| | ||FUJIAN47_396 (N.S)
||||| | ||WUH359_995 (N.S)
||||| | |NCH933_995 (N.S)
||||||+Node54 (N.S)
|||||||FR7597 (N.S)
|||||||TH9496_97 (N.S)
|||||||FG39_1096 (N.S)
|||||||NY9_196 (N.S)
|||||+Node53 (N.S)
|||||||FUK11496E (N.S)
||||||+Node635 (N.S)
||||| |FUK11496C (N.S)
|||||JA99_196 (N.S)
|||+Node50 (N.S)
||||   |CO11_1196 (N.S)
||||  |+Node652 (N.S)
||||  ||IN1_1196 (N.S)
|||| |+Node651 (N.S)
|||| ||KY2_297 (N.S)
|||||+Node650 (N.S)
||||||NJ8_1296 (N.S)
||||+Node644 (N.S)
||| ||SHZH43_396 (N.S)
||| |+Node646 (N.S)
||| ||WZH1_596 (N.S)
||| |GD1_396 (N.S)
||||TX1196_97 (N.S)
|||+Node657 (N.S)
|| ||TD5196 (N.S)
|| |+Node659 (N.S)
||  |TD5096 (N.S)
|| |TIANJING51_297 (N.S)
|||+Node667 (N.S)
||||SH19_896 (N.S)
||+Node666 (N.S)
|||FUJIAN133_596 (N.S)
|||SANTAFE208_896 (N.S)
|+Node47 (N.S)
||JOH3_397 (N.S)
||HK358_796 (N.S)
|   |SYD497 (N.S)
|   ||WE397 (N.S)
|   ||SYD597 (N.S)
|   ||CN10679_997 (N.S)
|   |+Node12 (N.S)
|   ||SYD697 (N.S)
|   ||HI1_997 (N.S)
|   ||AUC5_697 (N.S)
|   |HK387_797 (N.S)
|  |+Node10 (N.S)
|  ||HK391_797 (N.S)
|  ||PR1_797 (N.S)
|  ||SAUS54_797 (N.S)
|  ||CANBERRA5_897 (N.S)
| |+Node9 (N.S)
| ||UR41_197 (N.S)
||+Node8 (N.S)
|||SAITAMA8096_97 (N.S)
|+Node7 (N.S)
|||BE17_197 (N.S)
||+Node35 (N.S)
| |BE62_297 (N.S)
|  |KO671_297 (N.S)
| |+Node40 (N.S)
| |||KO572_297 (N.S)
| ||+Node42 (N.S)
| | |JA416_297 (N.S)
||+Node39 (N.S)
|||CL170_1096 (N.S)
|+Node38 (N.S)
||SHZH157_796 (N.S)
| |CORD3278_796 (N.S)
||+Node678 (N.S)
||||GNX189_796 (N.S)
|||+Node680 (N.S)
|| |TD4796 (N.S)
|+Node677 (N.S)
|||AG207_796 (N.S)
||+Node683 (N.S)
| |AG601_796 (N.S)
|AG39_796 (N.S)
||CI2115_696 (N.S)
|+Node691 (N.S)
||NY55_1296 (N.S)
|GZH8_496 (N.S)
```

