
Analysis Description
--------------------
SLAC (Single Likelihood Ancestor Counting) uses a maximum likelihood
ancestral state reconstruction and minimum path substitution counting to
estimate site - level dS and dN, and applies a simple binomial - based
test to test if dS differs drom dN. The estimates aggregate information
over all branches, so the signal is derived from pervasive
diversification or conservation. A subset of branches can be selected
for testing as well. Multiple partitions within a NEXUS file are also
supported for recombination - aware analysis. 

- __Requirements__: in-frame codon alignment and a phylogenetic tree

- __Citation__: Not So Different After All: A Comparison of Methods for Detecting Amino
Acid Sites Under Selection (2005). _Mol Biol Evol_ 22 (5): 1208-1222

- __Written by__: Sergei L Kosakovsky Pond and Simon DW Frost

- __Contact Information__: spond@temple.edu

- __Analysis Version__: 2.00


>code => Vertebrate-mtDNA
>Loaded a multiple sequence alignment with **20** sequences, **3331** codons, and **1** partitions from `/Users/alex/Documents/selection-tutorial/data/21-empirical/mammalian_mtDNA.mtnex`

>branches => All

>Select the number of samples used to assess ancestral reconstruction uncertainty [select 0 to skip] (permissible range = [0,100000], default value = 100, integer): 
>samples => 100

>Select the p-value threshold to use when testing for selection (permissible range = [0,1], default value = 0.1): 
>pvalue => 0.1


### Branches to include in the SLAC analysis
Selected 37 branches to include in SLAC calculations: `H_SAPIENS, CHIMPANZEE, BONOBO, Node8, Node6, GORILLA, Node5, BORNEAN_ORANGUTAN, SUMATRAN_ORANGUTAN, Node12, Node4, GIBBON, Node3, HARBOR_SEAL, GREY_SEAL, Node19, CAT, Node18, HORSE, RHINOCEROS, Node23, Node17, COW, FIN_WHALE, BLUE_WHALE, Node28, Node26, Node16, Node2, RAT, MOUSE, Node31, Node1, WALLAROO, OPOSSUM, Node34, PLATYPUS`


### Obtaining branch lengths and nucleotide substitution biases under the nucleotide GTR model

>kill-zero-lengths => Yes
* Log(L) = -106918.75, AIC-c = 213927.53 (45 estimated parameters)
* 1 partition. Total tree length by partition (subs/site)  2.541

### Obtaining the global omega estimate based on relative GTR branch lengths and nucleotide substitution biases
* Log(L) = -93221.96, AIC-c = 186548.00 (52 estimated parameters)
* 1 partition. Total tree length by partition (subs/site)  3.747
* non-synonymous/synonymous rate ratio for *test* =   0.0737

### Performing joint maximum likelihood ancestral state reconstruction

### For partition 1 these sites are significant at p <=0.1

|     Codon      |   Partition    |       S        |       N        |       dS       |       dN       |Selection detected?|
|:--------------:|:--------------:|:--------------:|:--------------:|:--------------:|:--------------:|:-----------------:|
|       4        |       1        |     6.000      |     0.000      |     3.883      |     0.000      |  Neg. p = 0.020   |
|       5        |       1        |     3.000      |     0.000      |     4.095      |     0.000      |  Neg. p = 0.015   |
|       11       |       1        |     6.000      |     0.000      |     6.000      |     0.000      |  Neg. p = 0.001   |
|       13       |       1        |     4.000      |     6.000      |     7.648      |     2.430      |  Neg. p = 0.081   |
|       15       |       1        |     5.000      |     0.000      |     5.000      |     0.000      |  Neg. p = 0.005   |
|       16       |       1        |     11.000     |     4.000      |     10.444     |     2.066      |  Neg. p = 0.003   |
|       18       |       1        |     6.000      |     5.000      |     6.908      |     2.346      |  Neg. p = 0.067   |
|       21       |       1        |     10.000     |     5.000      |     7.412      |     3.042      |  Neg. p = 0.078   |
|       22       |       1        |     7.000      |     1.000      |     9.185      |     0.447      |  Neg. p = 0.000   |
|       25       |       1        |     6.000      |     3.000      |     8.284      |     1.318      |  Neg. p = 0.008   |
|       26       |       1        |     4.000      |     0.000      |     4.000      |     0.000      |  Neg. p = 0.012   |
|       28       |       1        |     7.000      |     6.000      |     7.164      |     2.983      |  Neg. p = 0.095   |
|       29       |       1        |     8.500      |     2.500      |     5.582      |     1.724      |  Neg. p = 0.084   |
|       31       |       1        |     10.000     |     2.000      |     10.000     |     1.007      |  Neg. p = 0.001   |
|       34       |       1        |     5.000      |     4.000      |     6.465      |     1.806      |  Neg. p = 0.056   |
|       36       |       1        |     4.000      |     0.000      |     5.953      |     0.000      |  Neg. p = 0.003   |
|       37       |       1        |     8.000      |     0.000      |     8.000      |     0.000      |  Neg. p = 0.000   |
|       46       |       1        |     8.500      |     7.500      |     10.535     |     3.420      |  Neg. p = 0.027   |
|       48       |       1        |     3.000      |     0.000      |     3.000      |     0.000      |  Neg. p = 0.094   |
|       50       |       1        |     5.500      |     2.500      |     5.634      |     1.237      |  Neg. p = 0.049   |
|       52       |       1        |     8.000      |     5.000      |     8.000      |     2.502      |  Neg. p = 0.035   |
|       53       |       1        |     9.000      |     0.000      |     6.204      |     0.000      |  Neg. p = 0.001   |
|       54       |       1        |     3.000      |     0.000      |     9.028      |     0.000      |  Neg. p = 0.001   |
|       55       |       1        |     8.000      |     3.000      |     6.880      |     1.643      |  Neg. p = 0.024   |
|       57       |       1        |     6.500      |     2.500      |     6.547      |     1.285      |  Neg. p = 0.027   |
|       58       |       1        |     8.000      |     0.000      |     5.225      |     0.000      |  Neg. p = 0.005   |
|       59       |       1        |     7.000      |     1.000      |     10.150     |     0.433      |  Neg. p = 0.000   |
|       61       |       1        |     2.000      |     0.000      |     2.547      |     0.000      |  Neg. p = 0.069   |
|       62       |       1        |     3.000      |     0.000      |     3.868      |     0.000      |  Neg. p = 0.017   |
|       63       |       1        |     6.000      |     4.000      |     6.000      |     2.151      |  Neg. p = 0.095   |
|       65       |       1        |     9.000      |     0.000      |     9.000      |     0.000      |  Neg. p = 0.000   |
|       66       |       1        |     5.000      |     0.000      |     7.102      |     0.000      |  Neg. p = 0.001   |
|       67       |       1        |     9.000      |     1.000      |     7.619      |     0.554      |  Neg. p = 0.002   |
|       68       |       1        |     8.000      |     0.000      |     5.582      |     0.000      |  Neg. p = 0.003   |
|       69       |       1        |     6.000      |     0.000      |     6.000      |     0.000      |  Neg. p = 0.005   |
|       70       |       1        |     6.000      |     1.000      |     5.195      |     0.542      |  Neg. p = 0.015   |
|       71       |       1        |     10.000     |     2.000      |     8.056      |     1.230      |  Neg. p = 0.006   |
|       72       |       1        |     9.000      |     0.000      |     9.000      |     0.000      |  Neg. p = 0.000   |
|       75       |       1        |     7.000      |     0.000      |     9.279      |     0.000      |  Neg. p = 0.000   |
|       76       |       1        |     4.000      |     0.000      |     4.000      |     0.000      |  Neg. p = 0.013   |
|       77       |       1        |     6.000      |     0.000      |     6.000      |     0.000      |  Neg. p = 0.001   |
|       78       |       1        |     10.000     |     0.000      |     10.000     |     0.000      |  Neg. p = 0.000   |
|       79       |       1        |     5.000      |     0.000      |     5.000      |     0.000      |  Neg. p = 0.004   |
|       80       |       1        |     3.000      |     0.000      |     9.035      |     0.000      |  Neg. p = 0.003   |
|       81       |       1        |     7.000      |     0.000      |     4.650      |     0.000      |  Neg. p = 0.008   |
|       82       |       1        |     6.000      |     0.000      |     6.000      |     0.000      |  Neg. p = 0.002   |
|       84       |       1        |     5.000      |     1.000      |     7.463      |     0.429      |  Neg. p = 0.003   |
|       86       |       1        |     7.000      |     2.000      |     7.243      |     1.119      |  Neg. p = 0.011   |
|       87       |       1        |     8.000      |     0.000      |     12.038     |     0.000      |  Neg. p = 0.000   |
|       88       |       1        |     5.000      |     0.000      |     5.000      |     0.000      |  Neg. p = 0.004   |
|       89       |       1        |     4.000      |     0.000      |     5.922      |     0.000      |  Neg. p = 0.003   |
|       90       |       1        |     3.000      |     0.000      |     3.000      |     0.000      |  Neg. p = 0.037   |
|       91       |       1        |     7.000      |     0.000      |     4.312      |     0.000      |  Neg. p = 0.014   |
|       94       |       1        |     7.000      |     2.000      |     7.099      |     1.411      |  Neg. p = 0.029   |
|       95       |       1        |     6.000      |     4.000      |     6.000      |     2.011      |  Neg. p = 0.078   |
|       96       |       1        |     5.000      |     0.000      |     5.000      |     0.000      |  Neg. p = 0.004   |
|       98       |       1        |     8.000      |     0.000      |     5.216      |     0.000      |  Neg. p = 0.005   |
|      100       |       1        |     3.000      |     0.000      |     4.331      |     0.000      |  Neg. p = 0.012   |
|      101       |       1        |     7.000      |     3.000      |     9.137      |     1.348      |  Neg. p = 0.004   |
|      102       |       1        |     9.500      |     1.500      |     6.546      |     1.004      |  Neg. p = 0.017   |
|      103       |       1        |     7.000      |     0.000      |     7.000      |     0.000      |  Neg. p = 0.000   |
|      104       |       1        |     2.000      |     0.000      |     6.149      |     0.000      |  Neg. p = 0.019   |
|      105       |       1        |     5.000      |     0.000      |     5.000      |     0.000      |  Neg. p = 0.013   |
|      106       |       1        |     6.000      |     0.000      |     6.000      |     0.000      |  Neg. p = 0.001   |
|      107       |       1        |     9.000      |     0.000      |     9.000      |     0.000      |  Neg. p = 0.000   |
|      109       |       1        |     9.000      |     5.000      |     9.329      |     2.497      |  Neg. p = 0.015   |
|      110       |       1        |     8.000      |     0.000      |     6.479      |     0.000      |  Neg. p = 0.001   |
|      111       |       1        |     4.000      |     1.000      |     5.674      |     0.436      |  Neg. p = 0.012   |
|      112       |       1        |     11.000     |     0.000      |     11.000     |     0.000      |  Neg. p = 0.000   |
|      113       |       1        |     2.000      |     0.000      |     6.121      |     0.000      |  Neg. p = 0.012   |
|      114       |       1        |     6.000      |     0.000      |     3.833      |     0.000      |  Neg. p = 0.021   |
|      116       |       1        |     6.000      |     1.000      |     7.865      |     0.447      |  Neg. p = 0.001   |
|      117       |       1        |     8.000      |     0.000      |     11.718     |     0.000      |  Neg. p = 0.000   |
|      118       |       1        |     3.000      |     0.000      |     8.853      |     0.000      |  Neg. p = 0.002   |
|      119       |       1        |     6.000      |     0.000      |     6.000      |     0.000      |  Neg. p = 0.001   |
|      120       |       1        |     7.000      |     1.000      |     10.338     |     0.431      |  Neg. p = 0.000   |
|      121       |       1        |     3.000      |     0.000      |     4.471      |     0.000      |  Neg. p = 0.016   |
|      122       |       1        |     5.000      |     0.000      |     3.180      |     0.000      |  Neg. p = 0.040   |
|      123       |       1        |     5.000      |     2.000      |     6.494      |     0.897      |  Neg. p = 0.014   |
|      124       |       1        |     4.000      |     0.000      |     5.142      |     0.000      |  Neg. p = 0.005   |
|      126       |       1        |     10.000     |     0.000      |     10.000     |     0.000      |  Neg. p = 0.000   |
|      128       |       1        |     5.000      |     0.000      |     5.000      |     0.000      |  Neg. p = 0.004   |
|      129       |       1        |     10.500     |     1.500      |     7.083      |     1.011      |  Neg. p = 0.011   |
|      130       |       1        |     5.000      |     0.000      |     5.000      |     0.000      |  Neg. p = 0.004   |
|      131       |       1        |     9.000      |     0.000      |     9.000      |     0.000      |  Neg. p = 0.000   |
|      132       |       1        |     9.000      |     0.000      |     9.000      |     0.000      |  Neg. p = 0.000   |
|      133       |       1        |     6.000      |     0.000      |     3.777      |     0.000      |  Neg. p = 0.023   |
|      134       |       1        |     8.000      |     0.000      |     8.000      |     0.000      |  Neg. p = 0.000   |
|      135       |       1        |     7.000      |     0.000      |     7.000      |     0.000      |  Neg. p = 0.000   |
|      136       |       1        |     4.000      |     0.000      |     5.931      |     0.000      |  Neg. p = 0.003   |
|      137       |       1        |     5.000      |     0.000      |     6.509      |     0.000      |  Neg. p = 0.001   |
|      138       |       1        |     9.000      |     0.000      |     9.000      |     0.000      |  Neg. p = 0.000   |
|      139       |       1        |     4.000      |     0.000      |     4.000      |     0.000      |  Neg. p = 0.012   |
|      140       |       1        |     8.000      |     0.000      |     8.000      |     0.000      |  Neg. p = 0.000   |
|      141       |       1        |     4.000      |     0.000      |     5.948      |     0.000      |  Neg. p = 0.003   |
|      142       |       1        |     7.000      |     0.000      |     4.590      |     0.000      |  Neg. p = 0.009   |
|      143       |       1        |     10.000     |     0.000      |     7.156      |     0.000      |  Neg. p = 0.001   |
|      144       |       1        |     4.000      |     3.000      |     6.864      |     1.246      |  Neg. p = 0.031   |
|      145       |       1        |     5.000      |     0.000      |     7.392      |     0.000      |  Neg. p = 0.001   |
|      146       |       1        |     6.000      |     0.000      |     3.817      |     0.000      |  Neg. p = 0.021   |
|      147       |       1        |     5.000      |     0.000      |     7.074      |     0.000      |  Neg. p = 0.001   |
|      150       |       1        |     6.000      |     2.000      |     6.000      |     1.000      |  Neg. p = 0.020   |
|      151       |       1        |     6.000      |     2.000      |     6.000      |     1.006      |  Neg. p = 0.020   |
|      153       |       1        |     5.000      |     3.000      |     5.000      |     1.500      |  Neg. p = 0.088   |
|      154       |       1        |     7.000      |     2.000      |     5.018      |     1.258      |  Neg. p = 0.062   |
|      157       |       1        |     7.000      |     0.000      |     9.121      |     0.000      |  Neg. p = 0.000   |
|      158       |       1        |     4.500      |     2.500      |     4.811      |     1.218      |  Neg. p = 0.089   |
|      159       |       1        |     6.000      |     1.000      |     8.587      |     0.435      |  Neg. p = 0.001   |
|      161       |       1        |     6.000      |     4.000      |     8.454      |     1.747      |  Neg. p = 0.015   |
|      162       |       1        |     11.000     |     0.000      |     8.897      |     0.000      |  Neg. p = 0.000   |
|      164       |       1        |     5.000      |     0.000      |     3.373      |     0.000      |  Neg. p = 0.030   |
|      165       |       1        |     8.000      |     0.000      |     5.213      |     0.000      |  Neg. p = 0.005   |
|      166       |       1        |     8.000      |     0.000      |     8.000      |     0.000      |  Neg. p = 0.000   |
|      167       |       1        |     6.500      |     5.500      |     9.412      |     2.382      |  Neg. p = 0.023   |
|      168       |       1        |     10.000     |     0.000      |     8.285      |     0.000      |  Neg. p = 0.000   |
|      169       |       1        |     3.000      |     0.000      |     9.135      |     0.000      |  Neg. p = 0.001   |
|      171       |       1        |     10.000     |     2.000      |     10.000     |     1.000      |  Neg. p = 0.001   |
|      172       |       1        |     5.000      |     1.000      |     5.013      |     0.499      |  Neg. p = 0.018   |
|      173       |       1        |     8.000      |     0.000      |     8.000      |     0.000      |  Neg. p = 0.000   |
|      174       |       1        |     7.000      |     3.000      |     5.539      |     1.766      |  Neg. p = 0.077   |
|      175       |       1        |     5.000      |     0.000      |     6.611      |     0.000      |  Neg. p = 0.001   |
|      177       |       1        |     4.000      |     0.000      |     4.000      |     0.000      |  Neg. p = 0.012   |
|      178       |       1        |     5.000      |     0.000      |     6.808      |     0.000      |  Neg. p = 0.001   |
|      179       |       1        |     6.000      |     0.000      |     6.000      |     0.000      |  Neg. p = 0.001   |
|      180       |       1        |     5.000      |     0.000      |     7.410      |     0.000      |  Neg. p = 0.001   |
|      181       |       1        |     5.000      |     0.000      |     5.000      |     0.000      |  Neg. p = 0.004   |
|      182       |       1        |     6.000      |     0.000      |     4.881      |     0.000      |  Neg. p = 0.005   |
|      183       |       1        |     5.000      |     0.000      |     3.080      |     0.000      |  Neg. p = 0.047   |
|      184       |       1        |     6.000      |     0.000      |     6.000      |     0.000      |  Neg. p = 0.001   |
|      186       |       1        |     8.000      |     0.000      |     5.407      |     0.000      |  Neg. p = 0.004   |
|      187       |       1        |     5.000      |     0.000      |     7.375      |     0.000      |  Neg. p = 0.001   |
|      188       |       1        |     8.000      |     0.000      |     5.208      |     0.000      |  Neg. p = 0.005   |
|      189       |       1        |     2.000      |     0.000      |     2.670      |     0.000      |  Neg. p = 0.062   |
|      190       |       1        |     5.000      |     1.000      |     7.267      |     0.433      |  Neg. p = 0.003   |
|      191       |       1        |     4.000      |     0.000      |     5.956      |     0.000      |  Neg. p = 0.003   |
|      193       |       1        |     4.000      |     0.000      |     4.000      |     0.000      |  Neg. p = 0.012   |
|      194       |       1        |     3.000      |     0.000      |     8.652      |     0.000      |  Neg. p = 0.003   |
|      195       |       1        |     5.000      |     0.000      |     3.141      |     0.000      |  Neg. p = 0.044   |
|      196       |       1        |     6.000      |     2.000      |     7.788      |     0.897      |  Neg. p = 0.005   |
|      197       |       1        |     4.000      |     0.000      |     4.000      |     0.000      |  Neg. p = 0.013   |
|      200       |       1        |     3.000      |     0.000      |     7.317      |     0.000      |  Neg. p = 0.010   |
|      202       |       1        |     7.000      |     6.000      |     7.707      |     2.870      |  Neg. p = 0.065   |
|      204       |       1        |     5.000      |     0.000      |     7.066      |     0.000      |  Neg. p = 0.001   |
|      206       |       1        |     9.000      |     2.000      |     8.285      |     1.170      |  Neg. p = 0.005   |
|      208       |       1        |     5.000      |     5.000      |     6.648      |     2.226      |  Neg. p = 0.079   |
|      209       |       1        |     11.500     |     7.500      |     9.046      |     4.390      |  Neg. p = 0.096   |
|      210       |       1        |     7.000      |     4.000      |     7.000      |     2.003      |  Neg. p = 0.039   |
|      212       |       1        |     6.000      |     0.000      |     7.855      |     0.000      |  Neg. p = 0.000   |
|      213       |       1        |     5.500      |     4.500      |     6.610      |     2.077      |  Neg. p = 0.074   |
|      215       |       1        |     7.500      |     4.500      |     9.358      |     2.076      |  Neg. p = 0.013   |
|      216       |       1        |     3.000      |     1.000      |     8.940      |     0.498      |  Neg. p = 0.010   |
|      221       |       1        |     5.000      |     0.000      |     5.000      |     0.000      |  Neg. p = 0.004   |
|      228       |       1        |     4.000      |     3.000      |     5.887      |     1.293      |  Neg. p = 0.051   |
|      229       |       1        |     5.000      |     0.000      |     5.000      |     0.000      |  Neg. p = 0.004   |
|      230       |       1        |     3.000      |     0.000      |     7.426      |     0.000      |  Neg. p = 0.009   |
|      231       |       1        |     7.000      |     0.000      |     4.486      |     0.000      |  Neg. p = 0.011   |
|      232       |       1        |     4.000      |     0.000      |     5.359      |     0.000      |  Neg. p = 0.004   |
|      233       |       1        |     3.000      |     0.000      |     3.000      |     0.000      |  Neg. p = 0.048   |
|      234       |       1        |     7.000      |     0.000      |     7.000      |     0.000      |  Neg. p = 0.000   |
|      235       |       1        |     4.000      |     0.000      |     5.846      |     0.000      |  Neg. p = 0.003   |
|      236       |       1        |     6.000      |     0.000      |     8.847      |     0.000      |  Neg. p = 0.000   |
|      238       |       1        |     5.000      |     0.000      |     6.543      |     0.000      |  Neg. p = 0.001   |
|      239       |       1        |     6.000      |     0.000      |     8.601      |     0.000      |  Neg. p = 0.000   |
|      240       |       1        |     5.000      |     0.000      |     5.000      |     0.000      |  Neg. p = 0.011   |
|      241       |       1        |     4.000      |     0.000      |     4.000      |     0.000      |  Neg. p = 0.012   |
|      242       |       1        |     6.000      |     0.000      |     4.027      |     0.000      |  Neg. p = 0.015   |
|      243       |       1        |     7.000      |     0.000      |     10.299     |     0.000      |  Neg. p = 0.000   |
|      244       |       1        |     11.000     |     0.000      |     7.229      |     0.000      |  Neg. p = 0.001   |
|      245       |       1        |     8.000      |     0.000      |     5.030      |     0.000      |  Neg. p = 0.007   |
|      246       |       1        |     6.000      |     0.000      |     7.977      |     0.000      |  Neg. p = 0.000   |
|      247       |       1        |     6.000      |     0.000      |     6.000      |     0.000      |  Neg. p = 0.002   |
|      248       |       1        |     6.000      |     1.000      |     6.000      |     0.500      |  Neg. p = 0.007   |
|      249       |       1        |     3.000      |     0.000      |     8.908      |     0.000      |  Neg. p = 0.005   |
|      250       |       1        |     6.000      |     0.000      |     6.000      |     0.000      |  Neg. p = 0.001   |
|      251       |       1        |     6.000      |     0.000      |     6.000      |     0.000      |  Neg. p = 0.006   |
|      252       |       1        |     3.500      |     1.500      |     7.316      |     0.598      |  Neg. p = 0.017   |
|      253       |       1        |     6.000      |     3.000      |     5.238      |     1.618      |  Neg. p = 0.080   |
|      254       |       1        |     8.000      |     0.000      |     8.000      |     0.000      |  Neg. p = 0.001   |
|      255       |       1        |     8.000      |     0.000      |     8.000      |     0.000      |  Neg. p = 0.000   |
|      256       |       1        |     5.000      |     1.000      |     5.000      |     0.500      |  Neg. p = 0.018   |
|      257       |       1        |     7.000      |     0.000      |     4.587      |     0.000      |  Neg. p = 0.009   |
|      258       |       1        |     4.000      |     0.000      |     5.461      |     0.000      |  Neg. p = 0.005   |
|      259       |       1        |     6.000      |     3.000      |     6.062      |     1.499      |  Neg. p = 0.041   |
|      260       |       1        |     7.000      |     0.000      |     4.955      |     0.000      |  Neg. p = 0.005   |
|      261       |       1        |     4.000      |     0.000      |     5.188      |     0.000      |  Neg. p = 0.004   |
|      262       |       1        |     6.000      |     0.000      |     6.000      |     0.000      |  Neg. p = 0.002   |
|      263       |       1        |     8.000      |     1.000      |     8.000      |     0.500      |  Neg. p = 0.001   |
|      264       |       1        |     3.000      |     0.000      |     8.859      |     0.000      |  Neg. p = 0.002   |
|      265       |       1        |     11.000     |     0.000      |     7.491      |     0.000      |  Neg. p = 0.000   |
|      266       |       1        |     8.000      |     0.000      |     8.000      |     0.000      |  Neg. p = 0.000   |
|      267       |       1        |     9.000      |     0.000      |     14.806     |     0.000      |  Neg. p = 0.000   |
|      268       |       1        |     7.000      |     0.000      |     7.000      |     0.000      |  Neg. p = 0.000   |
|      269       |       1        |     6.000      |     0.000      |     6.000      |     0.000      |  Neg. p = 0.002   |
|      270       |       1        |     7.000      |     4.000      |     7.553      |     1.939      |  Neg. p = 0.026   |
|      271       |       1        |     11.000     |     0.000      |     7.913      |     0.000      |  Neg. p = 0.000   |
|      273       |       1        |     5.000      |     0.000      |     5.000      |     0.000      |  Neg. p = 0.014   |
|      274       |       1        |     3.000      |     1.000      |     3.874      |     0.449      |  Neg. p = 0.055   |
|      275       |       1        |     6.000      |     0.000      |     8.194      |     0.000      |  Neg. p = 0.000   |
|      276       |       1        |     3.000      |     1.000      |     7.017      |     0.485      |  Neg. p = 0.018   |
|      277       |       1        |     5.000      |     1.000      |     7.114      |     0.435      |  Neg. p = 0.003   |
|      278       |       1        |     5.000      |     0.000      |     7.458      |     0.000      |  Neg. p = 0.001   |
|      279       |       1        |     5.000      |     0.000      |     6.496      |     0.000      |  Neg. p = 0.001   |
|      280       |       1        |     7.000      |     0.000      |     7.000      |     0.000      |  Neg. p = 0.000   |
|      281       |       1        |     7.000      |     4.000      |     9.847      |     1.755      |  Neg. p = 0.006   |
|      282       |       1        |     7.000      |     0.000      |     7.000      |     0.000      |  Neg. p = 0.000   |
|      283       |       1        |     9.000      |     0.000      |     9.000      |     0.000      |  Neg. p = 0.000   |
|      285       |       1        |     3.000      |     0.000      |     3.836      |     0.000      |  Neg. p = 0.018   |
|      286       |       1        |     8.000      |     0.000      |     8.000      |     0.000      |  Neg. p = 0.000   |
|      287       |       1        |     6.000      |     0.000      |     8.111      |     0.000      |  Neg. p = 0.000   |
|      289       |       1        |     2.000      |     0.000      |     5.867      |     0.000      |  Neg. p = 0.013   |
|      290       |       1        |     6.000      |     0.000      |     7.829      |     0.000      |  Neg. p = 0.000   |
|      291       |       1        |     5.000      |     0.000      |     7.442      |     0.000      |  Neg. p = 0.001   |
|      292       |       1        |     7.000      |     0.000      |     9.470      |     0.000      |  Neg. p = 0.000   |
|      293       |       1        |     8.000      |     0.000      |     12.637     |     0.000      |  Neg. p = 0.000   |
|      294       |       1        |     5.000      |     0.000      |     5.000      |     0.000      |  Neg. p = 0.004   |
|      295       |       1        |     8.000      |     0.000      |     12.561     |     0.000      |  Neg. p = 0.000   |
|      296       |       1        |     9.000      |     0.000      |     9.000      |     0.000      |  Neg. p = 0.000   |
|      297       |       1        |     6.000      |     2.000      |     8.591      |     0.870      |  Neg. p = 0.003   |
|      299       |       1        |     3.000      |     0.000      |     3.879      |     0.000      |  Neg. p = 0.017   |
|      300       |       1        |     4.000      |     0.000      |     4.000      |     0.000      |  Neg. p = 0.040   |
|      301       |       1        |     6.000      |     0.000      |     6.000      |     0.000      |  Neg. p = 0.003   |
|      302       |       1        |     6.000      |     0.000      |     8.530      |     0.000      |  Neg. p = 0.000   |
|      303       |       1        |     4.000      |     0.000      |     4.000      |     0.000      |  Neg. p = 0.024   |
|      304       |       1        |     2.000      |     0.000      |     3.018      |     0.000      |  Neg. p = 0.049   |
|      305       |       1        |     3.000      |     0.000      |     7.407      |     0.000      |  Neg. p = 0.009   |
|      306       |       1        |     12.000     |     0.000      |     7.848      |     0.000      |  Neg. p = 0.000   |
|      307       |       1        |     8.000      |     0.000      |     8.000      |     0.000      |  Neg. p = 0.000   |
|      308       |       1        |     9.000      |     0.000      |     9.000      |     0.000      |  Neg. p = 0.000   |
|      309       |       1        |     13.000     |     0.000      |     8.314      |     0.000      |  Neg. p = 0.000   |
|      311       |       1        |     4.000      |     0.000      |     5.123      |     0.000      |  Neg. p = 0.005   |
|      312       |       1        |     4.000      |     0.000      |     4.000      |     0.000      |  Neg. p = 0.032   |
|      313       |       1        |     5.000      |     0.000      |     5.000      |     0.000      |  Neg. p = 0.004   |
|      314       |       1        |     7.000      |     0.000      |     7.000      |     0.000      |  Neg. p = 0.000   |
|      315       |       1        |     5.000      |     0.000      |     6.485      |     0.000      |  Neg. p = 0.001   |
|      316       |       1        |     3.000      |     0.000      |     6.747      |     0.000      |  Neg. p = 0.003   |
|      317       |       1        |     4.000      |     0.000      |     4.000      |     0.000      |  Neg. p = 0.012   |
|      318       |       1        |     3.000      |     0.000      |     4.503      |     0.000      |  Neg. p = 0.011   |
|      319       |       1        |     6.000      |     0.000      |     6.000      |     0.000      |  Neg. p = 0.001   |
|      320       |       1        |     4.000      |     0.000      |     4.000      |     0.000      |  Neg. p = 0.017   |
|      322       |       1        |     3.000      |     0.000      |     3.890      |     0.000      |  Neg. p = 0.017   |
|      323       |       1        |     8.000      |     0.000      |     10.707     |     0.000      |  Neg. p = 0.000   |
|      324       |       1        |     3.000      |     0.000      |     6.858      |     0.000      |  Neg. p = 0.003   |
|      325       |       1        |     2.000      |     0.000      |     3.006      |     0.000      |  Neg. p = 0.062   |
|      326       |       1        |     2.000      |     0.000      |     2.955      |     0.000      |  Neg. p = 0.051   |
|      328       |       1        |     7.000      |     2.000      |     6.608      |     1.034      |  Neg. p = 0.012   |
|      329       |       1        |     14.000     |     2.000      |     12.190     |     1.094      |  Neg. p = 0.000   |
|      330       |       1        |     8.000      |     1.000      |     8.000      |     0.500      |  Neg. p = 0.001   |
|      331       |       1        |     7.000      |     0.000      |     7.000      |     0.000      |  Neg. p = 0.000   |
|      332       |       1        |     7.000      |     0.000      |     7.000      |     0.000      |  Neg. p = 0.001   |
|      333       |       1        |     6.000      |     1.000      |     8.539      |     0.435      |  Neg. p = 0.001   |
|      334       |       1        |     6.000      |     0.000      |     3.863      |     0.000      |  Neg. p = 0.019   |
|      335       |       1        |     11.000     |     2.000      |     9.990      |     1.059      |  Neg. p = 0.001   |
|      336       |       1        |     12.000     |     0.000      |     8.078      |     0.000      |  Neg. p = 0.000   |
|      337       |       1        |     7.500      |     1.500      |     6.835      |     0.810      |  Neg. p = 0.009   |
|      338       |       1        |     5.000      |     1.000      |     5.000      |     0.500      |  Neg. p = 0.018   |
|      339       |       1        |     7.000      |     0.000      |     7.000      |     0.000      |  Neg. p = 0.000   |
|      340       |       1        |     6.000      |     1.000      |     6.000      |     0.551      |  Neg. p = 0.010   |
|      343       |       1        |     3.000      |     0.000      |     8.515      |     0.000      |  Neg. p = 0.002   |
|      344       |       1        |     9.000      |     0.000      |     9.000      |     0.000      |  Neg. p = 0.000   |
|      345       |       1        |     9.000      |     0.000      |     9.000      |     0.000      |  Neg. p = 0.000   |
|      346       |       1        |     7.000      |     0.000      |     7.000      |     0.000      |  Neg. p = 0.000   |
|      347       |       1        |     6.000      |     0.000      |     6.000      |     0.000      |  Neg. p = 0.009   |
|      348       |       1        |     4.000      |     0.000      |     4.000      |     0.000      |  Neg. p = 0.013   |
|      349       |       1        |     6.000      |     0.000      |     6.000      |     0.000      |  Neg. p = 0.002   |
|      350       |       1        |     4.000      |     0.000      |     11.661     |     0.000      |  Neg. p = 0.001   |
|      351       |       1        |     8.000      |     0.000      |     8.000      |     0.000      |  Neg. p = 0.000   |
|      352       |       1        |     6.000      |     0.000      |     6.000      |     0.000      |  Neg. p = 0.001   |
|      353       |       1        |     7.000      |     0.000      |     9.360      |     0.000      |  Neg. p = 0.000   |
|      354       |       1        |     8.000      |     0.000      |     8.000      |     0.000      |  Neg. p = 0.000   |
|      355       |       1        |     5.000      |     0.000      |     5.000      |     0.000      |  Neg. p = 0.004   |
|      356       |       1        |     6.000      |     1.000      |     4.733      |     0.624      |  Neg. p = 0.032   |
|      357       |       1        |     8.000      |     0.000      |     8.000      |     0.000      |  Neg. p = 0.000   |
|      358       |       1        |     7.000      |     0.000      |     7.000      |     0.000      |  Neg. p = 0.003   |
|      359       |       1        |     5.000      |     0.000      |     7.380      |     0.000      |  Neg. p = 0.001   |
|      361       |       1        |     5.000      |     2.000      |     5.000      |     1.004      |  Neg. p = 0.046   |
|      362       |       1        |     3.000      |     0.000      |     3.951      |     0.000      |  Neg. p = 0.016   |
|      363       |       1        |     4.000      |     1.000      |     4.000      |     0.500      |  Neg. p = 0.045   |
|      365       |       1        |     7.000      |     1.000      |     7.000      |     0.500      |  Neg. p = 0.003   |
|      366       |       1        |     5.000      |     0.000      |     5.000      |     0.000      |  Neg. p = 0.006   |
|      367       |       1        |     5.000      |     0.000      |     5.000      |     0.000      |  Neg. p = 0.004   |
|      368       |       1        |     4.000      |     0.000      |     5.723      |     0.000      |  Neg. p = 0.003   |
|      369       |       1        |     6.000      |     0.000      |     3.833      |     0.000      |  Neg. p = 0.021   |
|      370       |       1        |     7.000      |     1.000      |     7.000      |     0.500      |  Neg. p = 0.003   |
|      371       |       1        |     6.000      |     0.000      |     7.939      |     0.000      |  Neg. p = 0.000   |
|      372       |       1        |     7.000      |     0.000      |     10.296     |     0.000      |  Neg. p = 0.000   |
|      373       |       1        |     7.000      |     0.000      |     7.000      |     0.000      |  Neg. p = 0.000   |
|      374       |       1        |     11.000     |     1.000      |     8.270      |     0.607      |  Neg. p = 0.001   |
|      375       |       1        |     4.000      |     0.000      |     5.963      |     0.000      |  Neg. p = 0.002   |
|      376       |       1        |     14.000     |     0.000      |     8.662      |     0.000      |  Neg. p = 0.000   |
|      377       |       1        |     7.000      |     0.000      |     7.000      |     0.000      |  Neg. p = 0.000   |
|      378       |       1        |     8.000      |     0.000      |     8.000      |     0.000      |  Neg. p = 0.001   |
|      379       |       1        |     9.000      |     6.000      |     9.360      |     2.944      |  Neg. p = 0.024   |
|      380       |       1        |     7.000      |     0.000      |     7.000      |     0.000      |  Neg. p = 0.000   |
|      381       |       1        |     6.000      |     0.000      |     6.000      |     0.000      |  Neg. p = 0.002   |
|      382       |       1        |     6.000      |     0.000      |     8.012      |     0.000      |  Neg. p = 0.000   |
|      383       |       1        |     8.000      |     2.000      |     6.251      |     1.246      |  Neg. p = 0.025   |
|      384       |       1        |     10.000     |     0.000      |     10.000     |     0.000      |  Neg. p = 0.000   |
|      385       |       1        |     7.000      |     0.000      |     7.000      |     0.000      |  Neg. p = 0.000   |
|      386       |       1        |     5.000      |     0.000      |     7.433      |     0.000      |  Neg. p = 0.001   |
|      387       |       1        |     7.000      |     0.000      |     10.308     |     0.000      |  Neg. p = 0.000   |
|      388       |       1        |     5.000      |     0.000      |     6.728      |     0.000      |  Neg. p = 0.001   |
|      389       |       1        |     6.000      |     0.000      |     7.861      |     0.000      |  Neg. p = 0.000   |
|      390       |       1        |     6.000      |     0.000      |     6.000      |     0.000      |  Neg. p = 0.001   |
|      391       |       1        |     7.000      |     0.000      |     7.000      |     0.000      |  Neg. p = 0.000   |
|      392       |       1        |     6.000      |     0.000      |     7.753      |     0.000      |  Neg. p = 0.000   |
|      393       |       1        |     6.000      |     0.000      |     7.735      |     0.000      |  Neg. p = 0.000   |
|      394       |       1        |     6.000      |     0.000      |     7.763      |     0.000      |  Neg. p = 0.000   |
|      395       |       1        |     3.000      |     0.000      |     6.090      |     0.000      |  Neg. p = 0.004   |
|      396       |       1        |     2.000      |     0.000      |     5.797      |     0.000      |  Neg. p = 0.020   |
|      397       |       1        |     7.000      |     0.000      |     7.000      |     0.000      |  Neg. p = 0.000   |
|      398       |       1        |     8.000      |     0.000      |     8.000      |     0.000      |  Neg. p = 0.000   |
|      399       |       1        |     6.000      |     0.000      |     6.000      |     0.000      |  Neg. p = 0.001   |
|      400       |       1        |     4.000      |     2.000      |     7.644      |     0.812      |  Neg. p = 0.010   |
|      401       |       1        |     6.000      |     4.000      |     6.000      |     2.032      |  Neg. p = 0.080   |
|      402       |       1        |     3.000      |     0.000      |     8.877      |     0.000      |  Neg. p = 0.003   |
|      403       |       1        |     5.000      |     0.000      |     7.296      |     0.000      |  Neg. p = 0.001   |
|      404       |       1        |     3.000      |     0.000      |     8.450      |     0.000      |  Neg. p = 0.003   |
|      405       |       1        |     12.000     |     0.000      |     12.000     |     0.000      |  Neg. p = 0.000   |
|      406       |       1        |     7.000      |     0.000      |     7.000      |     0.000      |  Neg. p = 0.000   |
|      407       |       1        |     8.000      |     0.000      |     5.474      |     0.000      |  Neg. p = 0.003   |
|      408       |       1        |     3.000      |     0.000      |     4.430      |     0.000      |  Neg. p = 0.012   |
|      409       |       1        |     7.000      |     0.000      |     7.000      |     0.000      |  Neg. p = 0.000   |
|      411       |       1        |     6.000      |     0.000      |     6.000      |     0.000      |  Neg. p = 0.002   |
|      412       |       1        |     4.000      |     1.000      |     4.010      |     0.499      |  Neg. p = 0.045   |
|      413       |       1        |     6.000      |     2.000      |     4.480      |     1.230      |  Neg. p = 0.090   |
|      414       |       1        |     7.000      |     1.000      |     9.196      |     0.447      |  Neg. p = 0.000   |
|      415       |       1        |     4.000      |     0.000      |     4.000      |     0.000      |  Neg. p = 0.013   |
|      416       |       1        |     6.000      |     0.000      |     6.000      |     0.000      |  Neg. p = 0.001   |
|      417       |       1        |     7.000      |     0.000      |     7.000      |     0.000      |  Neg. p = 0.000   |
|      418       |       1        |     9.000      |     0.000      |     5.996      |     0.000      |  Neg. p = 0.002   |
|      419       |       1        |     9.000      |     0.000      |     8.059      |     0.000      |  Neg. p = 0.000   |
|      420       |       1        |     10.000     |     0.000      |     8.276      |     0.000      |  Neg. p = 0.000   |
|      421       |       1        |     11.000     |     0.000      |     7.500      |     0.000      |  Neg. p = 0.000   |
|      422       |       1        |     7.000      |     1.000      |     7.000      |     0.556      |  Neg. p = 0.004   |
|      423       |       1        |     10.000     |     0.000      |     8.653      |     0.000      |  Neg. p = 0.000   |
|      424       |       1        |     3.000      |     0.000      |     3.000      |     0.000      |  Neg. p = 0.037   |
|      425       |       1        |     7.000      |     0.000      |     7.000      |     0.000      |  Neg. p = 0.000   |
|      426       |       1        |     6.000      |     0.000      |     3.952      |     0.000      |  Neg. p = 0.018   |
|      427       |       1        |     4.000      |     0.000      |     4.000      |     0.000      |  Neg. p = 0.012   |
|      428       |       1        |     6.000      |     0.000      |     6.000      |     0.000      |  Neg. p = 0.001   |
|      429       |       1        |     8.000      |     0.000      |     8.000      |     0.000      |  Neg. p = 0.000   |
|      430       |       1        |     8.000      |     0.000      |     10.682     |     0.000      |  Neg. p = 0.000   |
|      431       |       1        |     9.000      |     0.000      |     9.000      |     0.000      |  Neg. p = 0.000   |
|      432       |       1        |     4.000      |     0.000      |     7.818      |     0.000      |  Neg. p = 0.001   |
|      433       |       1        |     7.000      |     0.000      |     4.500      |     0.000      |  Neg. p = 0.010   |
|      434       |       1        |     11.000     |     0.000      |     7.412      |     0.000      |  Neg. p = 0.000   |
|      435       |       1        |     3.000      |     0.000      |     3.000      |     0.000      |  Neg. p = 0.038   |
|      436       |       1        |     4.000      |     0.000      |     5.751      |     0.000      |  Neg. p = 0.003   |
|      437       |       1        |     8.000      |     0.000      |     8.000      |     0.000      |  Neg. p = 0.000   |
|      438       |       1        |     3.000      |     0.000      |     4.478      |     0.000      |  Neg. p = 0.011   |
|      439       |       1        |     7.000      |     0.000      |     4.699      |     0.000      |  Neg. p = 0.008   |
|      440       |       1        |     5.000      |     0.000      |     7.277      |     0.000      |  Neg. p = 0.001   |
|      441       |       1        |     9.000      |     0.000      |     9.000      |     0.000      |  Neg. p = 0.000   |
|      442       |       1        |     8.000      |     0.000      |     8.000      |     0.000      |  Neg. p = 0.000   |
|      443       |       1        |     2.000      |     0.000      |     3.019      |     0.000      |  Neg. p = 0.049   |
|      444       |       1        |     6.000      |     0.000      |     8.807      |     0.000      |  Neg. p = 0.000   |
|      445       |       1        |     3.000      |     0.000      |     4.482      |     0.000      |  Neg. p = 0.011   |
|      446       |       1        |     9.000      |     0.000      |     9.000      |     0.000      |  Neg. p = 0.000   |
|      447       |       1        |     6.000      |     0.000      |     6.000      |     0.000      |  Neg. p = 0.001   |
|      448       |       1        |     8.000      |     0.000      |     8.000      |     0.000      |  Neg. p = 0.002   |
|      449       |       1        |     3.000      |     0.000      |     3.000      |     0.000      |  Neg. p = 0.094   |
|      450       |       1        |     7.000      |     0.000      |     7.000      |     0.000      |  Neg. p = 0.004   |
|      451       |       1        |     5.000      |     0.000      |     7.322      |     0.000      |  Neg. p = 0.001   |
|      452       |       1        |     6.000      |     0.000      |     6.000      |     0.000      |  Neg. p = 0.001   |
|      453       |       1        |     4.000      |     0.000      |     5.860      |     0.000      |  Neg. p = 0.003   |
|      454       |       1        |     8.000      |     0.000      |     5.201      |     0.000      |  Neg. p = 0.005   |
|      455       |       1        |     9.000      |     0.000      |     11.751     |     0.000      |  Neg. p = 0.000   |
|      456       |       1        |     2.000      |     0.000      |     6.140      |     0.000      |  Neg. p = 0.019   |
|      457       |       1        |     5.000      |     0.000      |     7.404      |     0.000      |  Neg. p = 0.001   |
|      458       |       1        |     12.000     |     0.000      |     8.157      |     0.000      |  Neg. p = 0.000   |
|      461       |       1        |     3.000      |     0.000      |     4.197      |     0.000      |  Neg. p = 0.014   |
|      462       |       1        |     6.000      |     0.000      |     7.755      |     0.000      |  Neg. p = 0.000   |
|      463       |       1        |     9.000      |     0.000      |     9.000      |     0.000      |  Neg. p = 0.000   |
|      465       |       1        |     7.000      |     0.000      |     7.000      |     0.000      |  Neg. p = 0.000   |
|      466       |       1        |     3.000      |     0.000      |     8.823      |     0.000      |  Neg. p = 0.002   |
|      467       |       1        |     7.000      |     0.000      |     7.000      |     0.000      |  Neg. p = 0.000   |
|      468       |       1        |     8.000      |     0.000      |     10.414     |     0.000      |  Neg. p = 0.000   |
|      469       |       1        |     2.000      |     0.000      |     2.550      |     0.000      |  Neg. p = 0.068   |
|      470       |       1        |     10.000     |     0.000      |     7.563      |     0.000      |  Neg. p = 0.000   |
|      471       |       1        |     4.000      |     0.000      |     5.924      |     0.000      |  Neg. p = 0.003   |
|      472       |       1        |     10.000     |     0.000      |     6.686      |     0.000      |  Neg. p = 0.001   |
|      473       |       1        |     5.000      |     0.000      |     5.000      |     0.000      |  Neg. p = 0.004   |
|      474       |       1        |     7.000      |     0.000      |     7.000      |     0.000      |  Neg. p = 0.002   |
|      475       |       1        |     5.000      |     0.000      |     6.748      |     0.000      |  Neg. p = 0.001   |
|      476       |       1        |     6.000      |     0.000      |     6.000      |     0.000      |  Neg. p = 0.008   |
|      478       |       1        |     5.000      |     0.000      |     7.232      |     0.000      |  Neg. p = 0.001   |
|      479       |       1        |     4.000      |     0.000      |     4.000      |     0.000      |  Neg. p = 0.016   |
|      480       |       1        |     6.000      |     0.000      |     8.748      |     0.000      |  Neg. p = 0.000   |
|      481       |       1        |     7.500      |     1.500      |     9.530      |     0.678      |  Neg. p = 0.001   |
|      482       |       1        |     5.000      |     0.000      |     5.000      |     0.000      |  Neg. p = 0.004   |
|      483       |       1        |     7.000      |     0.000      |     7.000      |     0.000      |  Neg. p = 0.000   |
|      484       |       1        |     8.000      |     2.000      |     10.488     |     0.990      |  Neg. p = 0.001   |
|      485       |       1        |     4.000      |     0.000      |     5.873      |     0.000      |  Neg. p = 0.004   |
|      486       |       1        |     6.000      |     0.000      |     6.000      |     0.000      |  Neg. p = 0.002   |
|      487       |       1        |     5.000      |     0.000      |     5.000      |     0.000      |  Neg. p = 0.013   |
|      490       |       1        |     2.000      |     0.000      |     6.186      |     0.000      |  Neg. p = 0.012   |
|      491       |       1        |     8.000      |     0.000      |     8.000      |     0.000      |  Neg. p = 0.000   |
|      492       |       1        |     7.000      |     0.000      |     9.514      |     0.000      |  Neg. p = 0.000   |
|      493       |       1        |     8.000      |     0.000      |     8.000      |     0.000      |  Neg. p = 0.000   |
|      494       |       1        |     6.000      |     0.000      |     7.705      |     0.000      |  Neg. p = 0.000   |
|      495       |       1        |     7.000      |     0.000      |     11.446     |     0.000      |  Neg. p = 0.000   |
|      496       |       1        |     7.000      |     0.000      |     7.000      |     0.000      |  Neg. p = 0.002   |
|      497       |       1        |     3.000      |     0.000      |     8.187      |     0.000      |  Neg. p = 0.002   |
|      498       |       1        |     7.000      |     1.000      |     7.016      |     0.499      |  Neg. p = 0.003   |
|      500       |       1        |     7.000      |     1.000      |     7.000      |     0.500      |  Neg. p = 0.003   |
|      501       |       1        |     3.000      |     0.000      |     8.339      |     0.000      |  Neg. p = 0.002   |
|      502       |       1        |     6.500      |     2.500      |     9.657      |     1.081      |  Neg. p = 0.003   |
|      503       |       1        |     5.000      |     0.000      |     5.000      |     0.000      |  Neg. p = 0.005   |
|      504       |       1        |     4.000      |     0.000      |     5.392      |     0.000      |  Neg. p = 0.004   |
|      505       |       1        |     7.000      |     0.000      |     7.000      |     0.000      |  Neg. p = 0.001   |
|      506       |       1        |     5.000      |     0.000      |     7.433      |     0.000      |  Neg. p = 0.001   |
|      507       |       1        |     8.000      |     0.000      |     5.080      |     0.000      |  Neg. p = 0.006   |
|      508       |       1        |     10.000     |     0.000      |     10.000     |     0.000      |  Neg. p = 0.000   |
|      509       |       1        |     5.000      |     0.000      |     6.542      |     0.000      |  Neg. p = 0.001   |
|      510       |       1        |     8.000      |     0.000      |     10.499     |     0.000      |  Neg. p = 0.000   |
|      511       |       1        |     4.000      |     0.000      |     4.000      |     0.000      |  Neg. p = 0.012   |
|      512       |       1        |     2.000      |     0.000      |     6.186      |     0.000      |  Neg. p = 0.028   |
|      513       |       1        |     5.000      |     0.000      |     5.000      |     0.000      |  Neg. p = 0.004   |
|      514       |       1        |     4.000      |     0.000      |     5.977      |     0.000      |  Neg. p = 0.002   |
|      515       |       1        |     6.000      |     0.000      |     8.017      |     0.000      |  Neg. p = 0.000   |
|      516       |       1        |     7.000      |     0.000      |     11.511     |     0.000      |  Neg. p = 0.000   |
|      517       |       1        |     6.000      |     0.000      |     7.897      |     0.000      |  Neg. p = 0.000   |
|      519       |       1        |     4.000      |     0.000      |     4.000      |     0.000      |  Neg. p = 0.012   |
|      520       |       1        |     9.000      |     0.000      |     9.000      |     0.000      |  Neg. p = 0.001   |
|      521       |       1        |     4.000      |     2.000      |     5.971      |     0.867      |  Neg. p = 0.026   |
|      522       |       1        |     4.000      |     0.000      |     5.845      |     0.000      |  Neg. p = 0.003   |
|      523       |       1        |     8.000      |     0.000      |     8.000      |     0.000      |  Neg. p = 0.000   |
|      524       |       1        |     4.000      |     0.000      |     5.917      |     0.000      |  Neg. p = 0.003   |
|      525       |       1        |     3.000      |     0.000      |     3.000      |     0.000      |  Neg. p = 0.038   |
|      527       |       1        |     6.000      |     0.000      |     6.000      |     0.000      |  Neg. p = 0.001   |
|      528       |       1        |     5.000      |     1.000      |     7.302      |     0.498      |  Neg. p = 0.005   |
|      529       |       1        |     5.000      |     0.000      |     7.280      |     0.000      |  Neg. p = 0.001   |
|      530       |       1        |     4.000      |     0.000      |     4.000      |     0.000      |  Neg. p = 0.013   |
|      531       |       1        |     8.000      |     0.000      |     8.000      |     0.000      |  Neg. p = 0.000   |
|      532       |       1        |     6.000      |     0.000      |     6.000      |     0.000      |  Neg. p = 0.001   |
|      533       |       1        |     4.000      |     0.000      |     4.000      |     0.000      |  Neg. p = 0.012   |
|      535       |       1        |     3.000      |     0.000      |     3.879      |     0.000      |  Neg. p = 0.017   |
|      536       |       1        |     6.000      |     0.000      |     7.840      |     0.000      |  Neg. p = 0.000   |
|      537       |       1        |     7.000      |     0.000      |     7.000      |     0.000      |  Neg. p = 0.000   |
|      538       |       1        |     5.000      |     0.000      |     6.644      |     0.000      |  Neg. p = 0.001   |
|      539       |       1        |     9.000      |     0.000      |     9.000      |     0.000      |  Neg. p = 0.000   |
|      540       |       1        |     7.000      |     0.000      |     7.000      |     0.000      |  Neg. p = 0.000   |
|      541       |       1        |     8.000      |     0.000      |     8.000      |     0.000      |  Neg. p = 0.001   |
|      542       |       1        |     7.000      |     0.000      |     7.000      |     0.000      |  Neg. p = 0.000   |
|      543       |       1        |     2.000      |     0.000      |     6.216      |     0.000      |  Neg. p = 0.017   |
|      544       |       1        |     3.000      |     0.000      |     3.000      |     0.000      |  Neg. p = 0.037   |
|      545       |       1        |     8.000      |     0.000      |     11.426     |     0.000      |  Neg. p = 0.000   |
|      546       |       1        |     3.000      |     0.000      |     4.463      |     0.000      |  Neg. p = 0.016   |
|      548       |       1        |     9.000      |     0.000      |     7.064      |     0.000      |  Neg. p = 0.001   |
|      549       |       1        |     8.000      |     0.000      |     8.000      |     0.000      |  Neg. p = 0.000   |
|      550       |       1        |     3.000      |     0.000      |     3.000      |     0.000      |  Neg. p = 0.038   |
|      551       |       1        |     8.000      |     0.000      |     6.457      |     0.000      |  Neg. p = 0.001   |
|      552       |       1        |     6.000      |     0.000      |     8.077      |     0.000      |  Neg. p = 0.000   |
|      553       |       1        |     4.000      |     0.000      |     4.000      |     0.000      |  Neg. p = 0.044   |
|      554       |       1        |     8.000      |     1.000      |     8.631      |     0.587      |  Neg. p = 0.001   |
|      556       |       1        |     5.500      |     2.500      |     7.392      |     1.109      |  Neg. p = 0.015   |
|      558       |       1        |     4.000      |     0.000      |     10.126     |     0.000      |  Neg. p = 0.002   |
|      559       |       1        |     6.000      |     1.000      |     6.000      |     0.502      |  Neg. p = 0.007   |
|      560       |       1        |     6.000      |     1.000      |     6.000      |     0.500      |  Neg. p = 0.007   |
|      561       |       1        |     7.000      |     1.000      |     7.000      |     0.500      |  Neg. p = 0.003   |
|      562       |       1        |     4.000      |     5.000      |     7.168      |     2.062      |  Neg. p = 0.070   |
|      563       |       1        |     7.000      |     1.000      |     5.317      |     0.604      |  Neg. p = 0.016   |
|      566       |       1        |     7.000      |     0.000      |     4.564      |     0.000      |  Neg. p = 0.010   |
|      567       |       1        |     9.000      |     0.000      |     9.000      |     0.000      |  Neg. p = 0.000   |
|      568       |       1        |     5.000      |     0.000      |     6.710      |     0.000      |  Neg. p = 0.001   |
|      569       |       1        |     6.000      |     0.000      |     8.861      |     0.000      |  Neg. p = 0.000   |
|      570       |       1        |     3.000      |     0.000      |     4.370      |     0.000      |  Neg. p = 0.012   |
|      571       |       1        |     8.000      |     0.000      |     6.283      |     0.000      |  Neg. p = 0.001   |
|      572       |       1        |     4.000      |     0.000      |     5.414      |     0.000      |  Neg. p = 0.004   |
|      573       |       1        |     5.000      |     0.000      |     5.000      |     0.000      |  Neg. p = 0.004   |
|      575       |       1        |     9.000      |     0.000      |     9.000      |     0.000      |  Neg. p = 0.000   |
|      576       |       1        |     6.000      |     0.000      |     6.000      |     0.000      |  Neg. p = 0.001   |
|      577       |       1        |     9.000      |     0.000      |     5.667      |     0.000      |  Neg. p = 0.003   |
|      578       |       1        |     10.000     |     0.000      |     10.000     |     0.000      |  Neg. p = 0.000   |
|      579       |       1        |     8.000      |     0.000      |     8.000      |     0.000      |  Neg. p = 0.000   |
|      580       |       1        |     7.000      |     0.000      |     9.394      |     0.000      |  Neg. p = 0.000   |
|      581       |       1        |     8.000      |     0.000      |     8.000      |     0.000      |  Neg. p = 0.000   |
|      582       |       1        |     6.000      |     0.000      |     3.690      |     0.000      |  Neg. p = 0.026   |
|      583       |       1        |     4.000      |     1.000      |     4.000      |     0.500      |  Neg. p = 0.045   |
|      585       |       1        |     5.000      |     0.000      |     5.000      |     0.000      |  Neg. p = 0.007   |
|      586       |       1        |     4.000      |     0.000      |     4.000      |     0.000      |  Neg. p = 0.018   |
|      587       |       1        |     8.000      |     0.000      |     5.810      |     0.000      |  Neg. p = 0.002   |
|      588       |       1        |     8.000      |     0.000      |     10.854     |     0.000      |  Neg. p = 0.000   |
|      589       |       1        |     4.000      |     0.000      |     5.198      |     0.000      |  Neg. p = 0.004   |
|      590       |       1        |     9.000      |     1.000      |     9.079      |     0.498      |  Neg. p = 0.000   |
|      591       |       1        |     9.000      |     0.000      |     7.908      |     0.000      |  Neg. p = 0.000   |
|      592       |       1        |     2.000      |     0.000      |     3.007      |     0.000      |  Neg. p = 0.049   |
|      593       |       1        |     5.000      |     0.000      |     7.257      |     0.000      |  Neg. p = 0.001   |
|      594       |       1        |     5.000      |     0.000      |     5.000      |     0.000      |  Neg. p = 0.004   |
|      595       |       1        |     8.000      |     0.000      |     11.814     |     0.000      |  Neg. p = 0.000   |
|      596       |       1        |     7.000      |     0.000      |     9.361      |     0.000      |  Neg. p = 0.000   |
|      597       |       1        |     7.000      |     0.000      |     7.000      |     0.000      |  Neg. p = 0.000   |
|      598       |       1        |     4.000      |     0.000      |     4.000      |     0.000      |  Neg. p = 0.012   |
|      599       |       1        |     8.000      |     0.000      |     8.000      |     0.000      |  Neg. p = 0.000   |
|      600       |       1        |     5.000      |     0.000      |     7.408      |     0.000      |  Neg. p = 0.001   |
|      601       |       1        |     3.000      |     0.000      |     4.468      |     0.000      |  Neg. p = 0.011   |
|      602       |       1        |     4.000      |     0.000      |     5.961      |     0.000      |  Neg. p = 0.003   |
|      603       |       1        |     3.000      |     0.000      |     3.934      |     0.000      |  Neg. p = 0.021   |
|      604       |       1        |     9.000      |     0.000      |     9.000      |     0.000      |  Neg. p = 0.000   |
|      605       |       1        |     9.000      |     0.000      |     7.138      |     0.000      |  Neg. p = 0.001   |
|      606       |       1        |     5.000      |     0.000      |     5.000      |     0.000      |  Neg. p = 0.006   |
|      607       |       1        |     2.000      |     0.000      |     6.022      |     0.000      |  Neg. p = 0.012   |
|      609       |       1        |     5.000      |     0.000      |     5.000      |     0.000      |  Neg. p = 0.004   |
|      610       |       1        |     4.000      |     0.000      |     4.000      |     0.000      |  Neg. p = 0.012   |
|      611       |       1        |     6.000      |     0.000      |     8.863      |     0.000      |  Neg. p = 0.000   |
|      612       |       1        |     5.000      |     0.000      |     5.000      |     0.000      |  Neg. p = 0.004   |
|      613       |       1        |     4.000      |     0.000      |     5.679      |     0.000      |  Neg. p = 0.003   |
|      614       |       1        |     4.000      |     0.000      |     9.598      |     0.000      |  Neg. p = 0.000   |
|      615       |       1        |     7.000      |     1.000      |     7.000      |     0.688      |  Neg. p = 0.010   |
|      616       |       1        |     6.000      |     0.000      |     6.000      |     0.000      |  Neg. p = 0.004   |
|      617       |       1        |     7.000      |     0.000      |     9.402      |     0.000      |  Neg. p = 0.000   |
|      618       |       1        |     4.000      |     1.000      |     4.170      |     0.490      |  Neg. p = 0.039   |
|      619       |       1        |     3.000      |     0.000      |     4.406      |     0.000      |  Neg. p = 0.012   |
|      621       |       1        |     4.000      |     0.000      |     5.961      |     0.000      |  Neg. p = 0.003   |
|      622       |       1        |     5.000      |     0.000      |     5.000      |     0.000      |  Neg. p = 0.004   |
|      623       |       1        |     6.000      |     0.000      |     3.755      |     0.000      |  Neg. p = 0.024   |
|      624       |       1        |     4.000      |     1.000      |     5.824      |     0.434      |  Neg. p = 0.011   |
|      626       |       1        |     6.000      |     0.000      |     6.000      |     0.000      |  Neg. p = 0.002   |
|      627       |       1        |     4.000      |     2.000      |     5.340      |     0.992      |  Neg. p = 0.050   |
|      628       |       1        |     7.000      |     2.000      |     7.091      |     0.999      |  Neg. p = 0.008   |
|      629       |       1        |     9.000      |     0.000      |     7.508      |     0.000      |  Neg. p = 0.000   |
|      630       |       1        |     5.000      |     5.000      |     7.062      |     2.181      |  Neg. p = 0.063   |
|      634       |       1        |     4.000      |     0.000      |     4.000      |     0.000      |  Neg. p = 0.012   |
|      636       |       1        |     7.000      |     3.000      |     8.789      |     1.361      |  Neg. p = 0.005   |
|      638       |       1        |     8.000      |     0.000      |     10.579     |     0.000      |  Neg. p = 0.000   |
|      640       |       1        |     6.500      |     2.500      |     8.282      |     1.129      |  Neg. p = 0.007   |
|      641       |       1        |     4.000      |     0.000      |     10.541     |     0.000      |  Neg. p = 0.000   |
|      642       |       1        |     5.000      |     0.000      |     6.656      |     0.000      |  Neg. p = 0.001   |
|      643       |       1        |     4.000      |     2.000      |     4.094      |     0.989      |  Neg. p = 0.093   |
|      644       |       1        |     7.000      |     0.000      |     7.000      |     0.000      |  Neg. p = 0.002   |
|      645       |       1        |     5.000      |     0.000      |     5.000      |     0.000      |  Neg. p = 0.004   |
|      646       |       1        |     6.000      |     0.000      |     7.908      |     0.000      |  Neg. p = 0.000   |
|      648       |       1        |     8.000      |     0.000      |     8.000      |     0.000      |  Neg. p = 0.000   |
|      649       |       1        |     3.000      |     0.000      |     4.478      |     0.000      |  Neg. p = 0.011   |
|      650       |       1        |     4.000      |     0.000      |     5.902      |     0.000      |  Neg. p = 0.003   |
|      651       |       1        |     6.000      |     0.000      |     6.000      |     0.000      |  Neg. p = 0.001   |
|      652       |       1        |     3.000      |     0.000      |     9.108      |     0.000      |  Neg. p = 0.003   |
|      653       |       1        |     4.000      |     0.000      |     5.655      |     0.000      |  Neg. p = 0.003   |
|      654       |       1        |     5.000      |     0.000      |     7.461      |     0.000      |  Neg. p = 0.001   |
|      655       |       1        |     8.000      |     0.000      |     5.755      |     0.000      |  Neg. p = 0.002   |
|      656       |       1        |     5.000      |     0.000      |     5.000      |     0.000      |  Neg. p = 0.004   |
|      657       |       1        |     8.000      |     0.000      |     5.041      |     0.000      |  Neg. p = 0.006   |
|      658       |       1        |     8.000      |     2.000      |     8.000      |     1.124      |  Neg. p = 0.006   |
|      659       |       1        |     8.000      |     0.000      |     8.000      |     0.000      |  Neg. p = 0.001   |
|      660       |       1        |     4.000      |     0.000      |     7.807      |     0.000      |  Neg. p = 0.001   |
|      661       |       1        |     6.000      |     0.000      |     6.000      |     0.000      |  Neg. p = 0.001   |
|      662       |       1        |     4.000      |     0.000      |     4.000      |     0.000      |  Neg. p = 0.019   |
|      663       |       1        |     7.000      |     1.000      |     7.018      |     0.524      |  Neg. p = 0.003   |
|      664       |       1        |     5.000      |     0.000      |     7.426      |     0.000      |  Neg. p = 0.001   |
|      665       |       1        |     7.000      |     0.000      |     7.000      |     0.000      |  Neg. p = 0.001   |
|      666       |       1        |     6.000      |     0.000      |     8.812      |     0.000      |  Neg. p = 0.000   |
|      667       |       1        |     4.000      |     0.000      |     5.968      |     0.000      |  Neg. p = 0.004   |
|      669       |       1        |     6.000      |     0.000      |     7.834      |     0.000      |  Neg. p = 0.000   |
|      670       |       1        |     6.000      |     0.000      |     6.000      |     0.000      |  Neg. p = 0.001   |
|      671       |       1        |     7.000      |     0.000      |     10.352     |     0.000      |  Neg. p = 0.000   |
|      672       |       1        |     7.000      |     0.000      |     7.000      |     0.000      |  Neg. p = 0.000   |
|      676       |       1        |     8.000      |     5.000      |     8.710      |     2.405      |  Neg. p = 0.021   |
|      678       |       1        |     5.000      |     0.000      |     5.000      |     0.000      |  Neg. p = 0.006   |
|      679       |       1        |     9.000      |     0.000      |     9.000      |     0.000      |  Neg. p = 0.000   |
|      681       |       1        |     4.000      |     0.000      |     4.000      |     0.000      |  Neg. p = 0.015   |
|      682       |       1        |     5.000      |     0.000      |     5.000      |     0.000      |  Neg. p = 0.007   |
|      683       |       1        |     8.000      |     1.000      |     10.508     |     0.447      |  Neg. p = 0.000   |
|      684       |       1        |     7.000      |     1.000      |     9.121      |     0.448      |  Neg. p = 0.000   |
|      685       |       1        |     4.000      |     0.000      |     4.000      |     0.000      |  Neg. p = 0.017   |
|      686       |       1        |     9.000      |     0.000      |     5.868      |     0.000      |  Neg. p = 0.002   |
|      687       |       1        |     3.000      |     0.000      |     3.000      |     0.000      |  Neg. p = 0.038   |
|      688       |       1        |     4.000      |     0.000      |     4.000      |     0.000      |  Neg. p = 0.012   |
|      689       |       1        |     10.000     |     0.000      |     10.000     |     0.000      |  Neg. p = 0.000   |
|      690       |       1        |     3.500      |     2.500      |     7.764      |     0.985      |  Neg. p = 0.027   |
|      692       |       1        |     2.000      |     0.000      |     5.385      |     0.000      |  Neg. p = 0.015   |
|      693       |       1        |     5.500      |     4.500      |     6.441      |     2.097      |  Neg. p = 0.081   |
|      694       |       1        |     5.000      |     0.000      |     7.437      |     0.000      |  Neg. p = 0.001   |
|      695       |       1        |     4.000      |     2.000      |     8.641      |     0.792      |  Neg. p = 0.007   |
|      696       |       1        |     7.500      |     2.500      |     9.733      |     1.121      |  Neg. p = 0.002   |
|      699       |       1        |     4.000      |     0.000      |     4.000      |     0.000      |  Neg. p = 0.012   |
|      700       |       1        |     7.000      |     0.000      |     10.344     |     0.000      |  Neg. p = 0.000   |
|      701       |       1        |     4.000      |     1.000      |     4.000      |     0.500      |  Neg. p = 0.045   |
|      702       |       1        |     5.000      |     0.000      |     5.000      |     0.000      |  Neg. p = 0.005   |
|      703       |       1        |     2.000      |     0.000      |     5.274      |     0.000      |  Neg. p = 0.024   |
|      706       |       1        |     9.000      |     1.000      |     9.045      |     0.499      |  Neg. p = 0.000   |
|      714       |       1        |     6.000      |     4.000      |     6.068      |     1.993      |  Neg. p = 0.073   |
|      715       |       1        |     7.000      |     1.000      |     9.446      |     0.445      |  Neg. p = 0.000   |
|      716       |       1        |     11.000     |     2.000      |     9.259      |     1.107      |  Neg. p = 0.001   |
|      717       |       1        |     3.000      |     0.000      |     7.132      |     0.000      |  Neg. p = 0.003   |
|      718       |       1        |     2.000      |     0.000      |     6.182      |     0.000      |  Neg. p = 0.028   |
|      719       |       1        |     13.000     |     0.000      |     8.202      |     0.000      |  Neg. p = 0.000   |
|      720       |       1        |     7.000      |     3.000      |     9.155      |     1.396      |  Neg. p = 0.005   |
|      722       |       1        |     4.000      |     0.000      |     5.810      |     0.000      |  Neg. p = 0.003   |
|      723       |       1        |     9.000      |     0.000      |     9.000      |     0.000      |  Neg. p = 0.000   |
|      724       |       1        |     4.000      |     0.000      |     4.000      |     0.000      |  Neg. p = 0.012   |
|      725       |       1        |     5.000      |     0.000      |     5.000      |     0.000      |  Neg. p = 0.004   |
|      726       |       1        |     7.000      |     0.000      |     10.378     |     0.000      |  Neg. p = 0.000   |
|      727       |       1        |     6.000      |     0.000      |     8.858      |     0.000      |  Neg. p = 0.000   |
|      729       |       1        |     6.000      |     0.000      |     7.979      |     0.000      |  Neg. p = 0.000   |
|      732       |       1        |     8.000      |     0.000      |     8.000      |     0.000      |  Neg. p = 0.000   |
|      733       |       1        |     6.000      |     3.000      |     6.152      |     1.497      |  Neg. p = 0.039   |
|      735       |       1        |     4.000      |     0.000      |     5.648      |     0.000      |  Neg. p = 0.003   |
|      736       |       1        |     6.000      |     0.000      |     6.000      |     0.000      |  Neg. p = 0.001   |
|      737       |       1        |     6.000      |     1.000      |     6.000      |     0.503      |  Neg. p = 0.007   |
|      738       |       1        |     7.000      |     0.000      |     7.000      |     0.000      |  Neg. p = 0.001   |
|      739       |       1        |     5.000      |     0.000      |     5.000      |     0.000      |  Neg. p = 0.004   |
|      740       |       1        |     4.000      |     0.000      |     5.358      |     0.000      |  Neg. p = 0.004   |
|      743       |       1        |     4.000      |     0.000      |     11.301     |     0.000      |  Neg. p = 0.000   |
|      744       |       1        |     10.000     |     0.000      |     6.718      |     0.000      |  Neg. p = 0.001   |
|      747       |       1        |     5.000      |     0.000      |     6.542      |     0.000      |  Neg. p = 0.001   |
|      748       |       1        |     6.000      |     0.000      |     7.820      |     0.000      |  Neg. p = 0.000   |
|      749       |       1        |     6.000      |     0.000      |     8.619      |     0.000      |  Neg. p = 0.000   |
|      750       |       1        |     5.000      |     0.000      |     7.398      |     0.000      |  Neg. p = 0.001   |
|      751       |       1        |     4.000      |     1.000      |     4.000      |     0.503      |  Neg. p = 0.046   |
|      752       |       1        |     6.000      |     0.000      |     4.425      |     0.000      |  Neg. p = 0.010   |
|      754       |       1        |     4.000      |     0.000      |     5.328      |     0.000      |  Neg. p = 0.004   |
|      755       |       1        |     8.500      |     1.500      |     9.017      |     0.729      |  Neg. p = 0.001   |
|      756       |       1        |     9.000      |     0.000      |     11.952     |     0.000      |  Neg. p = 0.000   |
|      757       |       1        |     9.000      |     0.000      |     6.164      |     0.000      |  Neg. p = 0.002   |
|      758       |       1        |     5.000      |     0.000      |     6.703      |     0.000      |  Neg. p = 0.001   |
|      760       |       1        |     8.000      |     1.000      |     8.650      |     0.496      |  Neg. p = 0.001   |
|      761       |       1        |     7.000      |     0.000      |     5.432      |     0.000      |  Neg. p = 0.004   |
|      762       |       1        |     6.000      |     0.000      |     6.000      |     0.000      |  Neg. p = 0.001   |
|      763       |       1        |     13.000     |     0.000      |     10.483     |     0.000      |  Neg. p = 0.000   |
|      764       |       1        |     7.000      |     0.000      |     9.420      |     0.000      |  Neg. p = 0.000   |
|      766       |       1        |     7.000      |     1.000      |     8.433      |     0.461      |  Neg. p = 0.001   |
|      769       |       1        |     6.000      |     1.000      |     9.104      |     0.430      |  Neg. p = 0.001   |
|      770       |       1        |     5.000      |     0.000      |     3.535      |     0.000      |  Neg. p = 0.023   |
|      771       |       1        |     4.000      |     0.000      |     4.000      |     0.000      |  Neg. p = 0.013   |
|      772       |       1        |     6.000      |     0.000      |     6.000      |     0.000      |  Neg. p = 0.001   |
|      773       |       1        |     3.000      |     0.000      |     8.757      |     0.000      |  Neg. p = 0.003   |
|      774       |       1        |     8.000      |     0.000      |     5.351      |     0.000      |  Neg. p = 0.004   |
|      775       |       1        |     8.000      |     0.000      |     8.000      |     0.000      |  Neg. p = 0.000   |
|      776       |       1        |     5.000      |     1.000      |     7.223      |     0.433      |  Neg. p = 0.003   |
|      777       |       1        |     7.000      |     1.000      |     7.026      |     0.502      |  Neg. p = 0.003   |
|      779       |       1        |     8.500      |     1.500      |     9.171      |     0.727      |  Neg. p = 0.001   |
|      781       |       1        |     6.000      |     0.000      |     7.909      |     0.000      |  Neg. p = 0.000   |
|      782       |       1        |     7.000      |     0.000      |     7.000      |     0.000      |  Neg. p = 0.000   |
|      783       |       1        |     2.000      |     0.000      |     5.854      |     0.000      |  Neg. p = 0.021   |
|      785       |       1        |     3.000      |     1.000      |     3.542      |     0.465      |  Neg. p = 0.071   |
|      786       |       1        |     6.000      |     0.000      |     11.542     |     0.000      |  Neg. p = 0.000   |
|      787       |       1        |     9.000      |     0.000      |     9.000      |     0.000      |  Neg. p = 0.000   |
|      788       |       1        |     5.500      |     4.500      |     7.455      |     1.989      |  Neg. p = 0.046   |
|      790       |       1        |     9.000      |     0.000      |     9.000      |     0.000      |  Neg. p = 0.000   |
|      791       |       1        |     5.000      |     0.000      |     6.766      |     0.000      |  Neg. p = 0.001   |
|      792       |       1        |     7.000      |     0.000      |     4.896      |     0.000      |  Neg. p = 0.006   |
|      793       |       1        |     8.000      |     0.000      |     8.000      |     0.000      |  Neg. p = 0.000   |
|      794       |       1        |     7.000      |     0.000      |     7.000      |     0.000      |  Neg. p = 0.000   |
|      795       |       1        |     10.000     |     2.000      |     12.686     |     0.904      |  Neg. p = 0.000   |
|      796       |       1        |     5.000      |     0.000      |     7.382      |     0.000      |  Neg. p = 0.001   |
|      797       |       1        |     7.000      |     0.000      |     5.325      |     0.000      |  Neg. p = 0.003   |
|      798       |       1        |     4.000      |     3.000      |     5.112      |     1.353      |  Neg. p = 0.081   |
|      799       |       1        |     9.000      |     1.000      |     6.311      |     0.641      |  Neg. p = 0.007   |
|      800       |       1        |     5.000      |     0.000      |     6.614      |     0.000      |  Neg. p = 0.001   |
|      801       |       1        |     4.000      |     0.000      |     4.000      |     0.000      |  Neg. p = 0.012   |
|      802       |       1        |     11.000     |     0.000      |     9.740      |     0.000      |  Neg. p = 0.000   |
|      803       |       1        |     6.000      |     0.000      |     6.000      |     0.000      |  Neg. p = 0.001   |
|      804       |       1        |     9.000      |     0.000      |     9.000      |     0.000      |  Neg. p = 0.000   |
|      805       |       1        |     8.000      |     0.000      |     6.175      |     0.000      |  Neg. p = 0.002   |
|      806       |       1        |     7.000      |     0.000      |     7.000      |     0.000      |  Neg. p = 0.001   |
|      807       |       1        |     4.000      |     0.000      |     5.368      |     0.000      |  Neg. p = 0.004   |
|      808       |       1        |     9.000      |     0.000      |     8.003      |     0.000      |  Neg. p = 0.000   |
|      809       |       1        |     8.000      |     0.000      |     10.731     |     0.000      |  Neg. p = 0.000   |
|      810       |       1        |     3.000      |     2.000      |     7.482      |     0.776      |  Neg. p = 0.020   |
|      812       |       1        |     5.000      |     0.000      |     7.158      |     0.000      |  Neg. p = 0.001   |
|      813       |       1        |     8.000      |     0.000      |     12.907     |     0.000      |  Neg. p = 0.000   |
|      814       |       1        |     3.000      |     2.000      |     4.251      |     0.872      |  Neg. p = 0.089   |
|      815       |       1        |     5.000      |     1.000      |     6.631      |     0.451      |  Neg. p = 0.005   |
|      816       |       1        |     5.000      |     1.000      |     7.356      |     0.431      |  Neg. p = 0.003   |
|      817       |       1        |     9.000      |     0.000      |     9.000      |     0.000      |  Neg. p = 0.000   |
|      819       |       1        |     9.000      |     4.000      |     7.594      |     2.230      |  Neg. p = 0.031   |
|      820       |       1        |     8.000      |     0.000      |     8.000      |     0.000      |  Neg. p = 0.000   |
|      821       |       1        |     7.000      |     4.000      |     7.734      |     1.909      |  Neg. p = 0.022   |
|      823       |       1        |     7.000      |     3.000      |     7.000      |     1.541      |  Neg. p = 0.022   |
|      825       |       1        |     9.000      |     0.000      |     9.000      |     0.000      |  Neg. p = 0.000   |
|      826       |       1        |     5.000      |     0.000      |     6.562      |     0.000      |  Neg. p = 0.001   |
|      827       |       1        |     4.000      |     0.000      |     8.755      |     0.000      |  Neg. p = 0.001   |
|      828       |       1        |     2.000      |     0.000      |     6.280      |     0.000      |  Neg. p = 0.027   |
|      829       |       1        |     5.000      |     0.000      |     7.346      |     0.000      |  Neg. p = 0.001   |
|      832       |       1        |     3.000      |     0.000      |     4.022      |     0.000      |  Neg. p = 0.020   |
|      833       |       1        |     8.000      |     0.000      |     10.899     |     0.000      |  Neg. p = 0.000   |
|      834       |       1        |     4.000      |     1.000      |     5.286      |     0.498      |  Neg. p = 0.022   |
|      835       |       1        |     10.000     |     1.000      |     10.143     |     0.501      |  Neg. p = 0.000   |
|      836       |       1        |     4.000      |     0.000      |     5.682      |     0.000      |  Neg. p = 0.003   |
|      837       |       1        |     7.000      |     0.000      |     10.157     |     0.000      |  Neg. p = 0.000   |
|      838       |       1        |     3.500      |     1.500      |     7.313      |     0.606      |  Neg. p = 0.018   |
|      839       |       1        |     4.500      |     2.500      |     6.081      |     1.206      |  Neg. p = 0.050   |
|      840       |       1        |     12.000     |     0.000      |     7.461      |     0.000      |  Neg. p = 0.001   |
|      842       |       1        |     7.000      |     0.000      |     9.311      |     0.000      |  Neg. p = 0.000   |
|      843       |       1        |     3.000      |     1.000      |     4.502      |     0.429      |  Neg. p = 0.037   |
|      844       |       1        |     7.000      |     0.000      |     7.000      |     0.000      |  Neg. p = 0.001   |
|      845       |       1        |     6.000      |     0.000      |     8.918      |     0.000      |  Neg. p = 0.000   |
|      846       |       1        |     6.000      |     0.000      |     10.079     |     0.000      |  Neg. p = 0.000   |
|      847       |       1        |     5.000      |     1.000      |     6.739      |     0.443      |  Neg. p = 0.004   |
|      848       |       1        |     4.000      |     0.000      |     4.000      |     0.000      |  Neg. p = 0.012   |
|      849       |       1        |     5.000      |     1.000      |     5.000      |     0.502      |  Neg. p = 0.018   |
|      851       |       1        |     5.000      |     5.000      |     7.924      |     2.120      |  Neg. p = 0.041   |
|      854       |       1        |     3.000      |     0.000      |     3.000      |     0.000      |  Neg. p = 0.037   |
|      855       |       1        |     7.000      |     0.000      |     7.000      |     0.000      |  Neg. p = 0.002   |
|      856       |       1        |     3.000      |     2.000      |     7.464      |     0.827      |  Neg. p = 0.023   |
|      857       |       1        |     10.000     |     0.000      |     6.561      |     0.000      |  Neg. p = 0.001   |
|      858       |       1        |     5.000      |     0.000      |     5.000      |     0.000      |  Neg. p = 0.007   |
|      859       |       1        |     8.000      |     0.000      |     5.736      |     0.000      |  Neg. p = 0.002   |
|      860       |       1        |     8.000      |     0.000      |     5.522      |     0.000      |  Neg. p = 0.003   |
|      862       |       1        |     7.000      |     0.000      |     7.000      |     0.000      |  Neg. p = 0.000   |
|      863       |       1        |     5.000      |     0.000      |     6.973      |     0.000      |  Neg. p = 0.001   |
|      864       |       1        |     8.000      |     0.000      |     11.809     |     0.000      |  Neg. p = 0.000   |
|      866       |       1        |     10.500     |     2.500      |     10.282     |     1.264      |  Neg. p = 0.001   |
|      867       |       1        |     8.000      |     0.000      |     8.000      |     0.000      |  Neg. p = 0.000   |
|      868       |       1        |     11.000     |     0.000      |     8.599      |     0.000      |  Neg. p = 0.000   |
|      869       |       1        |     6.000      |     0.000      |     6.000      |     0.000      |  Neg. p = 0.001   |
|      872       |       1        |     5.167      |     3.833      |     6.721      |     1.722      |  Neg. p = 0.047   |
|      873       |       1        |     5.000      |     1.000      |     5.000      |     0.501      |  Neg. p = 0.018   |
|      874       |       1        |     8.000      |     2.000      |     10.661     |     0.889      |  Neg. p = 0.000   |
|      875       |       1        |     5.000      |     0.000      |     5.000      |     0.000      |  Neg. p = 0.005   |
|      876       |       1        |     6.000      |     1.000      |     9.128      |     0.429      |  Neg. p = 0.001   |
|      877       |       1        |     6.000      |     1.000      |     6.009      |     0.534      |  Neg. p = 0.009   |
|      878       |       1        |     5.000      |     1.000      |     6.806      |     0.441      |  Neg. p = 0.004   |
|      880       |       1        |     8.000      |     0.000      |     8.000      |     0.000      |  Neg. p = 0.000   |
|      882       |       1        |     3.000      |     0.000      |     4.394      |     0.000      |  Neg. p = 0.012   |
|      883       |       1        |     6.000      |     0.000      |     6.000      |     0.000      |  Neg. p = 0.001   |
|      884       |       1        |     14.000     |     1.000      |     10.276     |     0.628      |  Neg. p = 0.000   |
|      885       |       1        |     2.000      |     0.000      |     3.007      |     0.000      |  Neg. p = 0.049   |
|      888       |       1        |     7.000      |     3.000      |     7.000      |     1.500      |  Neg. p = 0.020   |
|      889       |       1        |     11.000     |     3.000      |     11.152     |     1.496      |  Neg. p = 0.001   |
|      890       |       1        |     5.000      |     0.000      |     5.000      |     0.000      |  Neg. p = 0.004   |
|      891       |       1        |     8.000      |     1.000      |     8.000      |     0.543      |  Neg. p = 0.001   |
|      892       |       1        |     8.000      |     1.000      |     5.294      |     0.686      |  Neg. p = 0.022   |
|      893       |       1        |     6.000      |     0.000      |     6.000      |     0.000      |  Neg. p = 0.003   |
|      894       |       1        |     7.000      |     0.000      |     4.452      |     0.000      |  Neg. p = 0.012   |
|      896       |       1        |     5.000      |     1.000      |     5.000      |     0.503      |  Neg. p = 0.018   |
|      897       |       1        |     6.000      |     0.000      |     7.982      |     0.000      |  Neg. p = 0.000   |
|      898       |       1        |     6.000      |     0.000      |     6.000      |     0.000      |  Neg. p = 0.001   |
|      899       |       1        |     2.000      |     0.000      |     2.876      |     0.000      |  Neg. p = 0.054   |
|      900       |       1        |     5.000      |     0.000      |     5.000      |     0.000      |  Neg. p = 0.004   |
|      901       |       1        |     10.000     |     0.000      |     10.000     |     0.000      |  Neg. p = 0.000   |
|      902       |       1        |     7.000      |     0.000      |     7.000      |     0.000      |  Neg. p = 0.001   |
|      903       |       1        |     4.000      |     0.000      |     2.503      |     0.000      |  Neg. p = 0.082   |
|      904       |       1        |     3.000      |     0.000      |     4.449      |     0.000      |  Neg. p = 0.011   |
|      907       |       1        |     6.000      |     0.000      |     6.000      |     0.000      |  Neg. p = 0.001   |
|      910       |       1        |     7.000      |     4.000      |     7.000      |     2.198      |  Neg. p = 0.054   |
|      912       |       1        |     4.000      |     0.000      |     4.000      |     0.000      |  Neg. p = 0.019   |
|      913       |       1        |     3.000      |     0.000      |     3.000      |     0.000      |  Neg. p = 0.037   |
|      914       |       1        |     8.000      |     0.000      |     8.000      |     0.000      |  Neg. p = 0.001   |
|      915       |       1        |     8.000      |     3.000      |     7.074      |     1.697      |  Neg. p = 0.025   |
|      916       |       1        |     7.000      |     3.000      |     10.321     |     1.409      |  Neg. p = 0.003   |
|      917       |       1        |     7.000      |     0.000      |     10.122     |     0.000      |  Neg. p = 0.000   |
|      918       |       1        |     7.000      |     0.000      |     7.000      |     0.000      |  Neg. p = 0.001   |
|      919       |       1        |     2.000      |     0.000      |     5.900      |     0.000      |  Neg. p = 0.021   |
|      920       |       1        |     2.000      |     0.000      |     2.998      |     0.000      |  Neg. p = 0.049   |
|      922       |       1        |     3.000      |     0.000      |     8.076      |     0.000      |  Neg. p = 0.002   |
|      923       |       1        |     3.000      |     0.000      |     4.250      |     0.000      |  Neg. p = 0.013   |
|      924       |       1        |     5.000      |     0.000      |     6.533      |     0.000      |  Neg. p = 0.001   |
|      925       |       1        |     9.000      |     0.000      |     9.000      |     0.000      |  Neg. p = 0.000   |
|      926       |       1        |     5.000      |     1.000      |     5.000      |     0.566      |  Neg. p = 0.026   |
|      927       |       1        |     3.000      |     0.000      |     4.483      |     0.000      |  Neg. p = 0.011   |
|      928       |       1        |     7.000      |     0.000      |     10.346     |     0.000      |  Neg. p = 0.000   |
|      929       |       1        |     3.000      |     0.000      |     4.339      |     0.000      |  Neg. p = 0.017   |
|      930       |       1        |     8.000      |     0.000      |     10.469     |     0.000      |  Neg. p = 0.000   |
|      931       |       1        |     6.000      |     0.000      |     9.630      |     0.000      |  Neg. p = 0.000   |
|      932       |       1        |     7.000      |     0.000      |     7.000      |     0.000      |  Neg. p = 0.000   |
|      933       |       1        |     5.000      |     0.000      |     6.576      |     0.000      |  Neg. p = 0.001   |
|      934       |       1        |     5.000      |     0.000      |     5.000      |     0.000      |  Neg. p = 0.004   |
|      935       |       1        |     4.000      |     0.000      |     2.797      |     0.000      |  Neg. p = 0.052   |
|      936       |       1        |     3.000      |     0.000      |     9.068      |     0.000      |  Neg. p = 0.001   |
|      937       |       1        |     6.000      |     1.000      |     6.202      |     0.512      |  Neg. p = 0.007   |
|      938       |       1        |     8.000      |     3.000      |     8.620      |     1.448      |  Neg. p = 0.005   |
|      939       |       1        |     6.000      |     2.000      |     6.000      |     1.005      |  Neg. p = 0.020   |
|      941       |       1        |     3.000      |     3.000      |     7.492      |     1.399      |  Neg. p = 0.054   |
|      943       |       1        |     4.000      |     0.000      |     5.705      |     0.000      |  Neg. p = 0.003   |
|      944       |       1        |     2.000      |     0.000      |     5.755      |     0.000      |  Neg. p = 0.014   |
|      948       |       1        |     6.000      |     1.000      |     6.000      |     0.516      |  Neg. p = 0.008   |
|      949       |       1        |     5.000      |     0.000      |     6.591      |     0.000      |  Neg. p = 0.001   |
|      950       |       1        |     6.000      |     1.000      |     6.000      |     0.505      |  Neg. p = 0.007   |
|      951       |       1        |     7.000      |     0.000      |     10.241     |     0.000      |  Neg. p = 0.000   |
|      952       |       1        |     7.000      |     0.000      |     10.390     |     0.000      |  Neg. p = 0.000   |
|      954       |       1        |     5.000      |     1.000      |     4.977      |     0.501      |  Neg. p = 0.018   |
|      955       |       1        |     3.000      |     1.000      |     5.088      |     0.437      |  Neg. p = 0.029   |
|      956       |       1        |     6.000      |     0.000      |     6.000      |     0.000      |  Neg. p = 0.001   |
|      957       |       1        |     2.000      |     0.000      |     3.026      |     0.000      |  Neg. p = 0.062   |
|      958       |       1        |     3.000      |     0.000      |     3.000      |     0.000      |  Neg. p = 0.037   |
|      959       |       1        |     6.000      |     0.000      |     14.005     |     0.000      |  Neg. p = 0.000   |
|      960       |       1        |     8.000      |     0.000      |     8.000      |     0.000      |  Neg. p = 0.000   |
|      961       |       1        |     9.000      |     0.000      |     6.332      |     0.000      |  Neg. p = 0.001   |
|      962       |       1        |     5.000      |     0.000      |     5.000      |     0.000      |  Neg. p = 0.004   |
|      964       |       1        |     5.000      |     0.000      |     5.000      |     0.000      |  Neg. p = 0.004   |
|      965       |       1        |     7.000      |     2.000      |     5.238      |     1.212      |  Neg. p = 0.048   |
|      966       |       1        |     4.000      |     0.000      |     4.000      |     0.000      |  Neg. p = 0.019   |
|      967       |       1        |     5.000      |     0.000      |     5.000      |     0.000      |  Neg. p = 0.004   |
|      968       |       1        |     7.000      |     1.000      |     6.952      |     0.503      |  Neg. p = 0.003   |
|      969       |       1        |     7.000      |     0.000      |     4.446      |     0.000      |  Neg. p = 0.011   |
|      970       |       1        |     5.000      |     3.000      |     6.261      |     1.372      |  Neg. p = 0.036   |
|      972       |       1        |     9.000      |     0.000      |     9.000      |     0.000      |  Neg. p = 0.000   |
|      973       |       1        |     4.000      |     0.000      |     4.000      |     0.000      |  Neg. p = 0.013   |
|      974       |       1        |     7.000      |     0.000      |     4.394      |     0.000      |  Neg. p = 0.012   |
|      976       |       1        |     8.000      |     0.000      |     14.021     |     0.000      |  Neg. p = 0.000   |
|      978       |       1        |     7.000      |     0.000      |     10.333     |     0.000      |  Neg. p = 0.000   |
|      979       |       1        |     2.000      |     0.000      |     3.024      |     0.000      |  Neg. p = 0.049   |
|      980       |       1        |     5.000      |     4.000      |     6.722      |     1.809      |  Neg. p = 0.050   |
|      981       |       1        |     3.000      |     2.000      |     4.477      |     0.861      |  Neg. p = 0.078   |
|      984       |       1        |     11.000     |     10.000     |     11.477     |     4.932      |  Neg. p = 0.043   |
|      985       |       1        |     8.000      |     0.000      |     5.210      |     0.000      |  Neg. p = 0.005   |
|      989       |       1        |     6.000      |     1.000      |     6.040      |     0.543      |  Neg. p = 0.009   |
|      992       |       1        |     6.000      |     2.000      |     6.053      |     0.998      |  Neg. p = 0.019   |
|      993       |       1        |     6.000      |     2.000      |     9.303      |     0.851      |  Neg. p = 0.002   |
|      995       |       1        |     8.500      |     1.500      |     5.500      |     1.036      |  Neg. p = 0.041   |
|      996       |       1        |     7.000      |     1.000      |     7.000      |     0.501      |  Neg. p = 0.003   |
|      998       |       1        |     4.000      |     1.000      |     5.881      |     0.498      |  Neg. p = 0.016   |
|      1000      |       1        |     2.000      |     0.000      |     5.218      |     0.000      |  Neg. p = 0.040   |
|      1001      |       1        |     3.000      |     0.000      |     9.057      |     0.000      |  Neg. p = 0.005   |
|      1002      |       1        |     5.000      |     0.000      |     5.000      |     0.000      |  Neg. p = 0.007   |
|      1003      |       1        |     5.000      |     0.000      |     6.529      |     0.000      |  Neg. p = 0.001   |
|      1004      |       1        |     6.000      |     4.000      |     7.322      |     1.835      |  Neg. p = 0.030   |
|      1007      |       1        |     2.000      |     0.000      |     6.354      |     0.000      |  Neg. p = 0.011   |
|      1009      |       1        |     4.000      |     0.000      |     4.000      |     0.000      |  Neg. p = 0.013   |
|      1010      |       1        |     3.000      |     2.000      |     4.504      |     0.926      |  Neg. p = 0.089   |
|      1012      |       1        |     5.000      |     0.000      |     5.000      |     0.000      |  Neg. p = 0.004   |
|      1013      |       1        |     3.000      |     0.000      |     4.515      |     0.000      |  Neg. p = 0.011   |
|      1014      |       1        |     4.000      |     0.000      |     5.706      |     0.000      |  Neg. p = 0.003   |
|      1015      |       1        |     5.000      |     0.000      |     5.000      |     0.000      |  Neg. p = 0.004   |
|      1017      |       1        |     8.000      |     7.000      |     8.985      |     3.318      |  Neg. p = 0.047   |
|      1018      |       1        |     5.000      |     0.000      |     5.000      |     0.000      |  Neg. p = 0.004   |
|      1020      |       1        |     2.000      |     0.000      |     6.156      |     0.000      |  Neg. p = 0.017   |
|      1021      |       1        |     6.000      |     0.000      |     6.000      |     0.000      |  Neg. p = 0.002   |
|      1022      |       1        |     12.000     |     2.000      |     10.075     |     1.115      |  Neg. p = 0.001   |
|      1023      |       1        |     4.000      |     0.000      |     4.000      |     0.000      |  Neg. p = 0.019   |
|      1024      |       1        |     8.000      |     0.000      |     10.436     |     0.000      |  Neg. p = 0.000   |
|      1025      |       1        |     10.000     |     0.000      |     10.000     |     0.000      |  Neg. p = 0.000   |
|      1026      |       1        |     2.000      |     0.000      |     5.949      |     0.000      |  Neg. p = 0.013   |
|      1027      |       1        |     5.000      |     2.000      |     7.272      |     0.865      |  Neg. p = 0.009   |
|      1028      |       1        |     11.000     |     0.000      |     7.500      |     0.000      |  Neg. p = 0.000   |
|      1029      |       1        |     6.000      |     0.000      |     7.734      |     0.000      |  Neg. p = 0.000   |
|      1030      |       1        |     7.000      |     0.000      |     9.171      |     0.000      |  Neg. p = 0.000   |
|      1032      |       1        |     5.000      |     0.000      |     5.000      |     0.000      |  Neg. p = 0.007   |
|      1034      |       1        |     8.000      |     1.000      |     8.053      |     0.498      |  Neg. p = 0.001   |
|      1035      |       1        |     6.000      |     1.000      |     7.592      |     0.455      |  Neg. p = 0.002   |
|      1036      |       1        |     4.000      |     0.000      |     5.929      |     0.000      |  Neg. p = 0.003   |
|      1037      |       1        |     6.000      |     0.000      |     8.699      |     0.000      |  Neg. p = 0.000   |
|      1038      |       1        |     9.000      |     6.000      |     8.820      |     3.038      |  Neg. p = 0.035   |
|      1039      |       1        |     4.000      |     0.000      |     4.000      |     0.000      |  Neg. p = 0.028   |
|      1040      |       1        |     8.000      |     0.000      |     11.458     |     0.000      |  Neg. p = 0.000   |
|      1041      |       1        |     2.000      |     0.000      |     3.016      |     0.000      |  Neg. p = 0.049   |
|      1043      |       1        |     7.000      |     0.000      |     7.000      |     0.000      |  Neg. p = 0.000   |
|      1044      |       1        |     6.000      |     0.000      |     8.900      |     0.000      |  Neg. p = 0.000   |
|      1045      |       1        |     3.000      |     0.000      |     4.261      |     0.000      |  Neg. p = 0.018   |
|      1046      |       1        |     3.000      |     0.000      |     4.260      |     0.000      |  Neg. p = 0.013   |
|      1047      |       1        |     6.000      |     0.000      |     6.000      |     0.000      |  Neg. p = 0.002   |
|      1048      |       1        |     2.000      |     0.000      |     2.998      |     0.000      |  Neg. p = 0.063   |
|      1049      |       1        |     4.000      |     0.000      |     2.541      |     0.000      |  Neg. p = 0.076   |
|      1050      |       1        |     6.000      |     1.000      |     6.000      |     0.500      |  Neg. p = 0.007   |
|      1051      |       1        |     8.000      |     0.000      |     8.000      |     0.000      |  Neg. p = 0.000   |
|      1052      |       1        |     5.000      |     0.000      |     5.000      |     0.000      |  Neg. p = 0.004   |
|      1053      |       1        |     8.000      |     1.000      |     8.277      |     0.492      |  Neg. p = 0.001   |
|      1054      |       1        |     3.000      |     2.000      |     7.029      |     0.835      |  Neg. p = 0.027   |
|      1055      |       1        |     6.000      |     0.000      |     3.814      |     0.000      |  Neg. p = 0.021   |
|      1056      |       1        |     4.000      |     0.000      |     4.000      |     0.000      |  Neg. p = 0.036   |
|      1057      |       1        |     7.000      |     1.000      |     7.000      |     0.613      |  Neg. p = 0.006   |
|      1058      |       1        |     3.000      |     2.000      |     4.449      |     0.861      |  Neg. p = 0.079   |
|      1059      |       1        |     2.000      |     0.000      |     5.933      |     0.000      |  Neg. p = 0.031   |
|      1060      |       1        |     5.000      |     0.000      |     5.000      |     0.000      |  Neg. p = 0.004   |
|      1061      |       1        |     4.000      |     0.000      |     4.000      |     0.000      |  Neg. p = 0.012   |
|      1063      |       1        |     6.000      |     0.000      |     6.000      |     0.000      |  Neg. p = 0.002   |
|      1064      |       1        |     7.000      |     0.000      |     9.189      |     0.000      |  Neg. p = 0.000   |
|      1066      |       1        |     7.000      |     0.000      |     7.000      |     0.000      |  Neg. p = 0.000   |
|      1067      |       1        |     11.000     |     0.000      |     7.436      |     0.000      |  Neg. p = 0.000   |
|      1068      |       1        |     3.000      |     0.000      |     4.446      |     0.000      |  Neg. p = 0.011   |
|      1069      |       1        |     5.000      |     0.000      |     5.000      |     0.000      |  Neg. p = 0.004   |
|      1072      |       1        |     7.000      |     0.000      |     7.000      |     0.000      |  Neg. p = 0.000   |
|      1073      |       1        |     5.000      |     0.000      |     5.000      |     0.000      |  Neg. p = 0.004   |
|      1074      |       1        |     9.000      |     0.000      |     6.362      |     0.000      |  Neg. p = 0.001   |
|      1075      |       1        |     9.000      |     0.000      |     7.219      |     0.000      |  Neg. p = 0.000   |
|      1076      |       1        |     5.000      |     0.000      |     6.680      |     0.000      |  Neg. p = 0.001   |
|      1077      |       1        |     8.000      |     0.000      |     8.000      |     0.000      |  Neg. p = 0.000   |
|      1078      |       1        |     9.000      |     1.000      |     9.000      |     0.520      |  Neg. p = 0.000   |
|      1079      |       1        |     6.000      |     1.000      |     6.494      |     0.482      |  Neg. p = 0.004   |
|      1080      |       1        |     11.000     |     1.000      |     9.164      |     0.561      |  Neg. p = 0.000   |
|      1081      |       1        |     6.000      |     0.000      |     4.067      |     0.000      |  Neg. p = 0.015   |
|      1082      |       1        |     6.000      |     0.000      |     6.000      |     0.000      |  Neg. p = 0.001   |
|      1083      |       1        |     4.000      |     0.000      |     4.000      |     0.000      |  Neg. p = 0.018   |
|      1084      |       1        |     4.000      |     0.000      |     4.000      |     0.000      |  Neg. p = 0.040   |
|      1085      |       1        |     7.000      |     0.000      |     7.000      |     0.000      |  Neg. p = 0.000   |
|      1086      |       1        |     5.000      |     0.000      |     5.000      |     0.000      |  Neg. p = 0.005   |
|      1087      |       1        |     5.000      |     0.000      |     6.446      |     0.000      |  Neg. p = 0.001   |
|      1088      |       1        |     4.000      |     0.000      |     4.000      |     0.000      |  Neg. p = 0.012   |
|      1090      |       1        |     6.000      |     0.000      |     6.000      |     0.000      |  Neg. p = 0.001   |
|      1091      |       1        |     5.000      |     0.000      |     6.766      |     0.000      |  Neg. p = 0.001   |
|      1092      |       1        |     8.000      |     0.000      |     10.718     |     0.000      |  Neg. p = 0.000   |
|      1093      |       1        |     3.000      |     0.000      |     4.511      |     0.000      |  Neg. p = 0.016   |
|      1094      |       1        |     10.000     |     0.000      |     6.617      |     0.000      |  Neg. p = 0.001   |
|      1095      |       1        |     4.000      |     0.000      |     9.056      |     0.000      |  Neg. p = 0.000   |
|      1096      |       1        |     2.000      |     0.000      |     6.004      |     0.000      |  Neg. p = 0.013   |
|      1097      |       1        |     9.000      |     2.000      |     9.508      |     1.156      |  Neg. p = 0.002   |
|      1098      |       1        |     5.000      |     2.000      |     7.493      |     0.862      |  Neg. p = 0.008   |
|      1099      |       1        |     7.000      |     0.000      |     7.000      |     0.000      |  Neg. p = 0.001   |
|      1100      |       1        |     5.000      |     3.000      |     9.168      |     1.435      |  Neg. p = 0.012   |
|      1101      |       1        |     3.000      |     3.000      |     5.826      |     1.373      |  Neg. p = 0.088   |
|      1102      |       1        |     2.000      |     0.000      |     6.005      |     0.000      |  Neg. p = 0.012   |
|      1105      |       1        |     5.000      |     1.000      |     5.000      |     0.500      |  Neg. p = 0.018   |
|      1106      |       1        |     5.000      |     0.000      |     3.171      |     0.000      |  Neg. p = 0.041   |
|      1108      |       1        |     7.000      |     0.000      |     9.361      |     0.000      |  Neg. p = 0.000   |
|      1109      |       1        |     5.000      |     0.000      |     5.000      |     0.000      |  Neg. p = 0.004   |
|      1110      |       1        |     6.000      |     0.000      |     7.829      |     0.000      |  Neg. p = 0.000   |
|      1111      |       1        |     10.000     |     8.000      |     9.305      |     4.485      |  Neg. p = 0.093   |
|      1112      |       1        |     6.000      |     0.000      |     3.741      |     0.000      |  Neg. p = 0.024   |
|      1113      |       1        |     7.000      |     0.000      |     7.000      |     0.000      |  Neg. p = 0.001   |
|      1114      |       1        |     9.000      |     8.000      |     9.590      |     3.886      |  Neg. p = 0.052   |
|      1115      |       1        |     3.000      |     0.000      |     4.458      |     0.000      |  Neg. p = 0.016   |
|      1116      |       1        |     5.000      |     0.000      |     7.184      |     0.000      |  Neg. p = 0.001   |
|      1117      |       1        |     8.000      |     0.000      |     8.000      |     0.000      |  Neg. p = 0.000   |
|      1118      |       1        |     7.000      |     3.000      |     6.490      |     1.569      |  Neg. p = 0.031   |
|      1119      |       1        |     10.000     |     0.000      |     6.683      |     0.000      |  Neg. p = 0.001   |
|      1121      |       1        |     5.000      |     2.000      |     5.022      |     0.998      |  Neg. p = 0.044   |
|      1123      |       1        |     8.000      |     0.000      |     12.138     |     0.000      |  Neg. p = 0.000   |
|      1124      |       1        |     6.000      |     0.000      |     8.892      |     0.000      |  Neg. p = 0.000   |
|      1125      |       1        |     5.000      |     3.000      |     6.507      |     1.443      |  Neg. p = 0.038   |
|      1127      |       1        |     9.000      |     4.000      |     9.000      |     2.002      |  Neg. p = 0.009   |
|      1128      |       1        |     8.000      |     3.000      |     8.000      |     1.591      |  Neg. p = 0.011   |
|      1129      |       1        |     8.000      |     0.000      |     10.586     |     0.000      |  Neg. p = 0.000   |
|      1130      |       1        |     6.000      |     1.000      |     6.000      |     0.501      |  Neg. p = 0.007   |
|      1131      |       1        |     5.000      |     0.000      |     7.322      |     0.000      |  Neg. p = 0.001   |
|      1132      |       1        |     5.000      |     0.000      |     5.000      |     0.000      |  Neg. p = 0.006   |
|      1133      |       1        |     6.000      |     0.000      |     8.728      |     0.000      |  Neg. p = 0.000   |
|      1134      |       1        |     5.000      |     0.000      |     5.000      |     0.000      |  Neg. p = 0.013   |
|      1135      |       1        |     9.000      |     4.000      |     10.425     |     1.872      |  Neg. p = 0.003   |
|      1136      |       1        |     6.000      |     0.000      |     8.934      |     0.000      |  Neg. p = 0.000   |
|      1137      |       1        |     6.000      |     0.000      |     6.000      |     0.000      |  Neg. p = 0.002   |
|      1138      |       1        |     7.000      |     0.000      |     7.000      |     0.000      |  Neg. p = 0.001   |
|      1139      |       1        |     5.000      |     0.000      |     5.000      |     0.000      |  Neg. p = 0.004   |
|      1140      |       1        |     4.000      |     0.000      |     6.007      |     0.000      |  Neg. p = 0.002   |
|      1141      |       1        |     5.000      |     0.000      |     6.589      |     0.000      |  Neg. p = 0.001   |
|      1143      |       1        |     6.000      |     1.000      |     6.000      |     0.500      |  Neg. p = 0.007   |
|      1144      |       1        |     5.000      |     0.000      |     5.000      |     0.000      |  Neg. p = 0.004   |
|      1145      |       1        |     7.000      |     0.000      |     7.000      |     0.000      |  Neg. p = 0.001   |
|      1146      |       1        |     5.000      |     0.000      |     7.385      |     0.000      |  Neg. p = 0.001   |
|      1147      |       1        |     5.000      |     0.000      |     7.211      |     0.000      |  Neg. p = 0.001   |
|      1148      |       1        |     10.000     |     0.000      |     10.000     |     0.000      |  Neg. p = 0.000   |
|      1149      |       1        |     7.000      |     0.000      |     5.881      |     0.000      |  Neg. p = 0.002   |
|      1150      |       1        |     7.000      |     0.000      |     10.329     |     0.000      |  Neg. p = 0.000   |
|      1151      |       1        |     4.000      |     0.000      |     4.000      |     0.000      |  Neg. p = 0.012   |
|      1152      |       1        |     6.000      |     0.000      |     7.840      |     0.000      |  Neg. p = 0.000   |
|      1153      |       1        |     5.000      |     0.000      |     6.525      |     0.000      |  Neg. p = 0.001   |
|      1154      |       1        |     8.000      |     0.000      |     8.000      |     0.000      |  Neg. p = 0.001   |
|      1155      |       1        |     5.000      |     2.000      |     5.000      |     1.107      |  Neg. p = 0.060   |
|      1156      |       1        |     7.000      |     0.000      |     7.000      |     0.000      |  Neg. p = 0.000   |
|      1158      |       1        |     6.000      |     0.000      |     4.186      |     0.000      |  Neg. p = 0.012   |
|      1159      |       1        |     3.000      |     1.000      |     3.620      |     0.461      |  Neg. p = 0.067   |
|      1160      |       1        |     7.500      |     4.500      |     8.046      |     2.176      |  Neg. p = 0.029   |
|      1161      |       1        |     5.000      |     0.000      |     7.360      |     0.000      |  Neg. p = 0.001   |
|      1162      |       1        |     8.000      |     2.000      |     8.068      |     0.996      |  Neg. p = 0.003   |
|      1164      |       1        |     5.000      |     1.000      |     5.012      |     0.513      |  Neg. p = 0.019   |
|      1165      |       1        |     3.000      |     0.000      |     8.721      |     0.000      |  Neg. p = 0.003   |
|      1168      |       1        |     6.000      |     3.000      |     7.930      |     1.350      |  Neg. p = 0.011   |
|      1170      |       1        |     7.000      |     0.000      |     10.393     |     0.000      |  Neg. p = 0.000   |
|      1172      |       1        |     8.000      |     0.000      |     8.000      |     0.000      |  Neg. p = 0.000   |
|      1174      |       1        |     5.000      |     0.000      |     7.301      |     0.000      |  Neg. p = 0.001   |
|      1175      |       1        |     3.000      |     0.000      |     4.504      |     0.000      |  Neg. p = 0.011   |
|      1176      |       1        |     6.000      |     0.000      |     8.881      |     0.000      |  Neg. p = 0.000   |
|      1177      |       1        |     4.000      |     0.000      |     4.000      |     0.000      |  Neg. p = 0.017   |
|      1178      |       1        |     4.000      |     0.000      |     5.178      |     0.000      |  Neg. p = 0.004   |
|      1179      |       1        |     2.000      |     1.000      |     5.950      |     0.383      |  Neg. p = 0.036   |
|      1181      |       1        |     7.000      |     1.000      |     7.000      |     0.500      |  Neg. p = 0.003   |
|      1182      |       1        |     6.000      |     0.000      |     6.000      |     0.000      |  Neg. p = 0.001   |
|      1183      |       1        |     2.000      |     0.000      |     6.133      |     0.000      |  Neg. p = 0.029   |
|      1184      |       1        |     6.000      |     0.000      |     8.894      |     0.000      |  Neg. p = 0.000   |
|      1185      |       1        |     4.000      |     0.000      |     9.602      |     0.000      |  Neg. p = 0.002   |
|      1186      |       1        |     8.000      |     0.000      |     11.710     |     0.000      |  Neg. p = 0.000   |
|      1187      |       1        |     6.000      |     0.000      |     8.851      |     0.000      |  Neg. p = 0.000   |
|      1188      |       1        |     3.000      |     0.000      |     3.000      |     0.000      |  Neg. p = 0.037   |
|      1189      |       1        |     5.000      |     0.000      |     6.807      |     0.000      |  Neg. p = 0.001   |
|      1190      |       1        |     5.000      |     0.000      |     5.000      |     0.000      |  Neg. p = 0.004   |
|      1191      |       1        |     10.000     |     1.000      |     10.079     |     0.498      |  Neg. p = 0.000   |
|      1193      |       1        |     10.000     |     0.000      |     6.857      |     0.000      |  Neg. p = 0.001   |
|      1194      |       1        |     4.000      |     0.000      |     5.801      |     0.000      |  Neg. p = 0.003   |
|      1195      |       1        |     7.000      |     0.000      |     4.522      |     0.000      |  Neg. p = 0.010   |
|      1196      |       1        |     6.000      |     0.000      |     8.719      |     0.000      |  Neg. p = 0.000   |
|      1197      |       1        |     8.000      |     0.000      |     8.000      |     0.000      |  Neg. p = 0.000   |
|      1198      |       1        |     6.000      |     0.000      |     6.000      |     0.000      |  Neg. p = 0.002   |
|      1199      |       1        |     6.000      |     0.000      |     8.870      |     0.000      |  Neg. p = 0.000   |
|      1200      |       1        |     3.000      |     0.000      |     3.964      |     0.000      |  Neg. p = 0.021   |
|      1203      |       1        |     9.000      |     0.000      |     9.000      |     0.000      |  Neg. p = 0.000   |
|      1204      |       1        |     5.000      |     3.000      |     6.730      |     1.331      |  Neg. p = 0.026   |
|      1206      |       1        |     6.000      |     0.000      |     6.000      |     0.000      |  Neg. p = 0.002   |
|      1208      |       1        |     9.000      |     6.000      |     9.109      |     3.000      |  Neg. p = 0.029   |
|      1210      |       1        |     4.000      |     0.000      |     4.000      |     0.000      |  Neg. p = 0.012   |
|      1214      |       1        |     6.000      |     2.000      |     7.117      |     0.943      |  Neg. p = 0.008   |
|      1215      |       1        |     7.000      |     5.000      |     9.718      |     2.194      |  Neg. p = 0.011   |
|      1216      |       1        |     4.000      |     0.000      |     5.966      |     0.000      |  Neg. p = 0.002   |
|      1219      |       1        |     8.000      |     2.000      |     11.340     |     0.872      |  Neg. p = 0.000   |
|      1220      |       1        |     6.000      |     1.000      |     8.840      |     0.431      |  Neg. p = 0.001   |
|      1221      |       1        |     3.000      |     0.000      |     4.455      |     0.000      |  Neg. p = 0.011   |
|      1222      |       1        |     4.000      |     0.000      |     2.801      |     0.000      |  Neg. p = 0.051   |
|      1223      |       1        |     9.000      |     0.000      |     9.000      |     0.000      |  Neg. p = 0.000   |
|      1225      |       1        |     5.000      |     0.000      |     5.000      |     0.000      |  Neg. p = 0.004   |
|      1226      |       1        |     7.000      |     0.000      |     7.000      |     0.000      |  Neg. p = 0.001   |
|      1227      |       1        |     3.000      |     0.000      |     4.517      |     0.000      |  Neg. p = 0.011   |
|      1228      |       1        |     6.000      |     0.000      |     8.890      |     0.000      |  Neg. p = 0.000   |
|      1229      |       1        |     6.000      |     0.000      |     6.000      |     0.000      |  Neg. p = 0.002   |
|      1232      |       1        |     4.000      |     0.000      |     11.155     |     0.000      |  Neg. p = 0.001   |
|      1233      |       1        |     3.000      |     0.000      |     4.477      |     0.000      |  Neg. p = 0.011   |
|      1234      |       1        |     6.000      |     0.000      |     8.825      |     0.000      |  Neg. p = 0.000   |
|      1235      |       1        |     6.000      |     0.000      |     6.000      |     0.000      |  Neg. p = 0.002   |
|      1236      |       1        |     5.000      |     0.000      |     5.000      |     0.000      |  Neg. p = 0.005   |
|      1237      |       1        |     10.000     |     0.000      |     9.081      |     0.000      |  Neg. p = 0.000   |
|      1238      |       1        |     8.000      |     0.000      |     5.381      |     0.000      |  Neg. p = 0.004   |
|      1239      |       1        |     4.000      |     0.000      |     4.000      |     0.000      |  Neg. p = 0.030   |
|      1242      |       1        |     7.000      |     0.000      |     4.608      |     0.000      |  Neg. p = 0.010   |
|      1244      |       1        |     9.000      |     5.000      |     8.756      |     2.547      |  Neg. p = 0.021   |
|      1245      |       1        |     3.000      |     0.000      |     8.553      |     0.000      |  Neg. p = 0.003   |
|      1247      |       1        |     7.000      |     4.000      |     6.218      |     2.147      |  Neg. p = 0.073   |
|      1249      |       1        |     4.000      |     0.000      |     4.000      |     0.000      |  Neg. p = 0.017   |
|      1250      |       1        |     7.000      |     0.000      |     4.482      |     0.000      |  Neg. p = 0.011   |
|      1251      |       1        |     3.000      |     0.000      |     4.487      |     0.000      |  Neg. p = 0.011   |
|      1252      |       1        |     7.000      |     0.000      |     4.611      |     0.000      |  Neg. p = 0.009   |
|      1253      |       1        |     5.000      |     0.000      |     5.000      |     0.000      |  Neg. p = 0.004   |
|      1255      |       1        |     3.000      |     0.000      |     4.461      |     0.000      |  Neg. p = 0.011   |
|      1256      |       1        |     4.000      |     0.000      |     5.996      |     0.000      |  Neg. p = 0.004   |
|      1257      |       1        |     5.000      |     1.000      |     5.000      |     0.516      |  Neg. p = 0.020   |
|      1259      |       1        |     5.000      |     0.000      |     7.296      |     0.000      |  Neg. p = 0.001   |
|      1260      |       1        |     5.000      |     1.000      |     5.000      |     0.503      |  Neg. p = 0.018   |
|      1262      |       1        |     7.000      |     0.000      |     7.000      |     0.000      |  Neg. p = 0.000   |
|      1263      |       1        |     5.000      |     0.000      |     5.000      |     0.000      |  Neg. p = 0.004   |
|      1264      |       1        |     6.000      |     0.000      |     8.861      |     0.000      |  Neg. p = 0.000   |
|      1266      |       1        |     4.000      |     0.000      |     4.000      |     0.000      |  Neg. p = 0.018   |
|      1267      |       1        |     7.000      |     1.000      |     7.375      |     0.488      |  Neg. p = 0.002   |
|      1269      |       1        |     5.000      |     0.000      |     7.188      |     0.000      |  Neg. p = 0.001   |
|      1270      |       1        |     5.000      |     0.000      |     7.494      |     0.000      |  Neg. p = 0.001   |
|      1271      |       1        |     5.000      |     2.000      |     6.712      |     0.888      |  Neg. p = 0.013   |
|      1273      |       1        |     3.000      |     0.000      |     4.478      |     0.000      |  Neg. p = 0.011   |
|      1274      |       1        |     5.000      |     0.000      |     5.000      |     0.000      |  Neg. p = 0.004   |
|      1275      |       1        |     6.000      |     0.000      |     8.898      |     0.000      |  Neg. p = 0.000   |
|      1276      |       1        |     3.000      |     0.000      |     4.455      |     0.000      |  Neg. p = 0.016   |
|      1277      |       1        |     4.000      |     0.000      |     4.000      |     0.000      |  Neg. p = 0.013   |
|      1280      |       1        |     4.000      |     0.000      |     5.921      |     0.000      |  Neg. p = 0.003   |
|      1281      |       1        |     6.000      |     0.000      |     6.000      |     0.000      |  Neg. p = 0.002   |
|      1282      |       1        |     4.000      |     2.000      |     5.856      |     0.975      |  Neg. p = 0.038   |
|      1283      |       1        |     8.500      |     4.500      |     6.769      |     2.591      |  Neg. p = 0.085   |
|      1284      |       1        |     3.000      |     1.000      |     4.465      |     0.432      |  Neg. p = 0.038   |
|      1285      |       1        |     7.000      |     0.000      |     7.000      |     0.000      |  Neg. p = 0.000   |
|      1286      |       1        |     4.000      |     0.000      |     5.967      |     0.000      |  Neg. p = 0.002   |
|      1287      |       1        |     4.000      |     0.000      |     4.000      |     0.000      |  Neg. p = 0.034   |
|      1288      |       1        |     4.000      |     0.000      |     4.000      |     0.000      |  Neg. p = 0.012   |
|      1289      |       1        |     8.000      |     0.000      |     8.000      |     0.000      |  Neg. p = 0.000   |
|      1290      |       1        |     2.000      |     1.000      |     5.246      |     0.384      |  Neg. p = 0.045   |
|      1291      |       1        |     6.000      |     2.000      |     8.742      |     0.864      |  Neg. p = 0.003   |
|      1292      |       1        |     7.000      |     0.000      |     9.165      |     0.000      |  Neg. p = 0.000   |
|      1293      |       1        |     2.000      |     1.000      |     3.447      |     0.414      |  Neg. p = 0.098   |
|      1295      |       1        |     8.500      |     1.500      |     6.170      |     0.930      |  Neg. p = 0.019   |
|      1296      |       1        |     3.000      |     2.000      |     4.514      |     0.892      |  Neg. p = 0.082   |
|      1297      |       1        |     7.667      |     4.333      |     7.399      |     2.212      |  Neg. p = 0.042   |
|      1298      |       1        |     7.000      |     0.000      |     9.471      |     0.000      |  Neg. p = 0.000   |
|      1299      |       1        |     6.000      |     5.000      |     6.890      |     2.350      |  Neg. p = 0.068   |
|      1300      |       1        |     5.000      |     0.000      |     5.000      |     0.000      |  Neg. p = 0.014   |
|      1301      |       1        |     4.000      |     0.000      |     4.000      |     0.000      |  Neg. p = 0.019   |
|      1302      |       1        |     5.000      |     0.000      |     5.000      |     0.000      |  Neg. p = 0.005   |
|      1303      |       1        |     9.000      |     2.000      |     6.681      |     1.218      |  Neg. p = 0.015   |
|      1304      |       1        |     5.000      |     0.000      |     7.344      |     0.000      |  Neg. p = 0.001   |
|      1305      |       1        |     5.000      |     0.000      |     7.258      |     0.000      |  Neg. p = 0.001   |
|      1306      |       1        |     7.000      |     0.000      |     7.000      |     0.000      |  Neg. p = 0.001   |
|      1307      |       1        |     6.000      |     0.000      |     6.000      |     0.000      |  Neg. p = 0.002   |
|      1309      |       1        |     9.000      |     7.000      |     9.050      |     3.493      |  Neg. p = 0.048   |
|      1312      |       1        |     2.000      |     0.000      |     4.771      |     0.000      |  Neg. p = 0.020   |
|      1313      |       1        |     3.000      |     0.000      |     3.000      |     0.000      |  Neg. p = 0.037   |
|      1315      |       1        |     4.000      |     0.000      |     5.827      |     0.000      |  Neg. p = 0.003   |
|      1316      |       1        |     5.000      |     0.000      |     6.456      |     0.000      |  Neg. p = 0.001   |
|      1317      |       1        |     4.000      |     0.000      |     4.000      |     0.000      |  Neg. p = 0.033   |
|      1318      |       1        |     10.000     |     3.000      |     11.213     |     1.423      |  Neg. p = 0.001   |
|      1320      |       1        |     7.000      |     0.000      |     4.744      |     0.000      |  Neg. p = 0.007   |
|      1321      |       1        |     12.000     |     0.000      |     7.805      |     0.000      |  Neg. p = 0.000   |
|      1322      |       1        |     7.000      |     4.000      |     8.439      |     1.855      |  Neg. p = 0.014   |
|      1324      |       1        |     8.000      |     4.000      |     7.969      |     2.004      |  Neg. p = 0.019   |
|      1326      |       1        |     5.000      |     2.000      |     5.131      |     0.988      |  Neg. p = 0.041   |
|      1327      |       1        |     6.000      |     1.000      |     6.000      |     0.504      |  Neg. p = 0.007   |
|      1328      |       1        |     5.000      |     0.000      |     5.000      |     0.000      |  Neg. p = 0.004   |
|      1329      |       1        |     5.000      |     0.000      |     7.427      |     0.000      |  Neg. p = 0.001   |
|      1330      |       1        |     9.000      |     2.000      |     11.124     |     0.917      |  Neg. p = 0.000   |
|      1331      |       1        |     6.000      |     0.000      |     6.000      |     0.000      |  Neg. p = 0.002   |
|      1332      |       1        |     6.000      |     0.000      |     8.630      |     0.000      |  Neg. p = 0.000   |
|      1334      |       1        |     6.000      |     0.000      |     4.285      |     0.000      |  Neg. p = 0.010   |
|      1335      |       1        |     4.000      |     0.000      |     4.000      |     0.000      |  Neg. p = 0.012   |
|      1337      |       1        |     3.000      |     0.000      |     3.000      |     0.000      |  Neg. p = 0.071   |
|      1340      |       1        |     5.000      |     0.000      |     5.000      |     0.000      |  Neg. p = 0.006   |
|      1341      |       1        |     4.000      |     0.000      |     5.957      |     0.000      |  Neg. p = 0.003   |
|      1343      |       1        |     10.000     |     0.000      |     10.000     |     0.000      |  Neg. p = 0.000   |
|      1344      |       1        |     6.000      |     0.000      |     6.000      |     0.000      |  Neg. p = 0.001   |
|      1345      |       1        |     4.000      |     0.000      |     4.000      |     0.000      |  Neg. p = 0.013   |
|      1346      |       1        |     7.000      |     0.000      |     7.000      |     0.000      |  Neg. p = 0.000   |
|      1347      |       1        |     7.000      |     0.000      |     9.120      |     0.000      |  Neg. p = 0.000   |
|      1348      |       1        |     7.000      |     0.000      |     7.000      |     0.000      |  Neg. p = 0.000   |
|      1349      |       1        |     4.000      |     0.000      |     5.952      |     0.000      |  Neg. p = 0.003   |
|      1350      |       1        |     9.000      |     1.000      |     7.475      |     0.560      |  Neg. p = 0.002   |
|      1351      |       1        |     9.000      |     0.000      |     5.715      |     0.000      |  Neg. p = 0.003   |
|      1352      |       1        |     3.000      |     0.000      |     3.000      |     0.000      |  Neg. p = 0.047   |
|      1353      |       1        |     6.000      |     0.000      |     6.000      |     0.000      |  Neg. p = 0.001   |
|      1355      |       1        |     6.000      |     0.000      |     6.000      |     0.000      |  Neg. p = 0.001   |
|      1356      |       1        |     5.000      |     0.000      |     7.404      |     0.000      |  Neg. p = 0.001   |
|      1357      |       1        |     5.000      |     2.000      |     7.163      |     0.869      |  Neg. p = 0.009   |
|      1358      |       1        |     7.000      |     0.000      |     7.000      |     0.000      |  Neg. p = 0.002   |
|      1359      |       1        |     7.000      |     1.000      |     7.048      |     0.501      |  Neg. p = 0.003   |
|      1361      |       1        |     10.000     |     0.000      |     6.482      |     0.000      |  Neg. p = 0.001   |
|      1362      |       1        |     4.000      |     0.000      |     4.000      |     0.000      |  Neg. p = 0.012   |
|      1363      |       1        |     3.000      |     2.000      |     7.880      |     0.829      |  Neg. p = 0.020   |
|      1364      |       1        |     2.000      |     0.000      |     6.182      |     0.000      |  Neg. p = 0.028   |
|      1365      |       1        |     3.000      |     2.000      |     4.071      |     0.884      |  Neg. p = 0.099   |
|      1367      |       1        |     10.000     |     0.000      |     10.000     |     0.000      |  Neg. p = 0.000   |
|      1368      |       1        |     5.000      |     0.000      |     5.000      |     0.000      |  Neg. p = 0.011   |
|      1370      |       1        |     4.000      |     0.000      |     4.000      |     0.000      |  Neg. p = 0.018   |
|      1371      |       1        |     3.000      |     0.000      |     3.000      |     0.000      |  Neg. p = 0.037   |
|      1372      |       1        |     5.000      |     1.000      |     7.232      |     0.433      |  Neg. p = 0.003   |
|      1374      |       1        |     7.000      |     1.000      |     7.000      |     0.500      |  Neg. p = 0.003   |
|      1375      |       1        |     4.000      |     0.000      |     4.000      |     0.000      |  Neg. p = 0.012   |
|      1376      |       1        |     12.000     |     0.000      |     8.536      |     0.000      |  Neg. p = 0.000   |
|      1377      |       1        |     4.000      |     0.000      |     4.000      |     0.000      |  Neg. p = 0.012   |
|      1378      |       1        |     5.000      |     1.000      |     5.000      |     0.579      |  Neg. p = 0.028   |
|      1379      |       1        |     4.000      |     0.000      |     5.692      |     0.000      |  Neg. p = 0.003   |
|      1380      |       1        |     8.000      |     0.000      |     10.645     |     0.000      |  Neg. p = 0.000   |
|      1381      |       1        |     6.000      |     2.000      |     6.000      |     1.000      |  Neg. p = 0.020   |
|      1382      |       1        |     6.000      |     2.000      |     8.232      |     0.881      |  Neg. p = 0.004   |
|      1383      |       1        |     3.000      |     0.000      |     4.482      |     0.000      |  Neg. p = 0.011   |
|      1384      |       1        |     7.000      |     0.000      |     10.260     |     0.000      |  Neg. p = 0.000   |
|      1385      |       1        |     4.000      |     1.000      |     6.088      |     0.427      |  Neg. p = 0.009   |
|      1386      |       1        |     11.000     |     1.000      |     9.182      |     0.557      |  Neg. p = 0.000   |
|      1387      |       1        |     6.000      |     0.000      |     6.000      |     0.000      |  Neg. p = 0.001   |
|      1388      |       1        |     4.000      |     0.000      |     5.950      |     0.000      |  Neg. p = 0.003   |
|      1389      |       1        |     8.000      |     3.000      |     11.073     |     1.317      |  Neg. p = 0.001   |
|      1390      |       1        |     5.500      |     1.500      |     8.029      |     0.648      |  Neg. p = 0.005   |
|      1392      |       1        |     5.000      |     1.000      |     5.000      |     0.500      |  Neg. p = 0.018   |
|      1396      |       1        |     10.000     |     4.000      |     9.929      |     2.007      |  Neg. p = 0.004   |
|      1397      |       1        |     5.000      |     0.000      |     7.381      |     0.000      |  Neg. p = 0.001   |
|      1398      |       1        |     9.000      |     1.000      |     8.264      |     0.526      |  Neg. p = 0.001   |
|      1399      |       1        |     6.500      |     1.500      |     4.386      |     0.992      |  Neg. p = 0.086   |
|      1400      |       1        |     3.000      |     0.000      |     4.506      |     0.000      |  Neg. p = 0.011   |
|      1401      |       1        |     10.000     |     1.000      |     8.487      |     0.554      |  Neg. p = 0.001   |
|      1402      |       1        |     2.000      |     0.000      |     3.002      |     0.000      |  Neg. p = 0.049   |
|      1403      |       1        |     2.000      |     0.000      |     5.986      |     0.000      |  Neg. p = 0.013   |
|      1405      |       1        |     3.000      |     0.000      |     3.000      |     0.000      |  Neg. p = 0.098   |
|      1406      |       1        |     5.000      |     0.000      |     5.000      |     0.000      |  Neg. p = 0.006   |
|      1407      |       1        |     4.000      |     1.000      |     5.959      |     0.431      |  Neg. p = 0.010   |
|      1408      |       1        |     2.000      |     0.000      |     3.011      |     0.000      |  Neg. p = 0.049   |
|      1409      |       1        |     5.000      |     0.000      |     5.000      |     0.000      |  Neg. p = 0.004   |
|      1411      |       1        |     6.000      |     0.000      |     6.000      |     0.000      |  Neg. p = 0.007   |
|      1412      |       1        |     6.000      |     3.000      |     7.084      |     1.406      |  Neg. p = 0.019   |
|      1414      |       1        |     5.000      |     2.000      |     5.000      |     1.014      |  Neg. p = 0.047   |
|      1415      |       1        |     5.000      |     4.000      |     7.556      |     1.720      |  Neg. p = 0.030   |
|      1417      |       1        |     5.000      |     0.000      |     7.415      |     0.000      |  Neg. p = 0.001   |
|      1419      |       1        |     5.000      |     0.000      |     7.416      |     0.000      |  Neg. p = 0.001   |
|      1423      |       1        |     7.000      |     0.000      |     7.000      |     0.000      |  Neg. p = 0.000   |
|      1424      |       1        |     3.000      |     0.000      |     4.503      |     0.000      |  Neg. p = 0.016   |
|      1425      |       1        |     5.000      |     1.000      |     6.572      |     0.499      |  Neg. p = 0.007   |
|      1427      |       1        |     5.000      |     3.000      |     7.073      |     1.309      |  Neg. p = 0.021   |
|      1429      |       1        |     4.000      |     0.000      |     5.757      |     0.000      |  Neg. p = 0.003   |
|      1432      |       1        |     10.000     |     0.000      |     10.000     |     0.000      |  Neg. p = 0.000   |
|      1434      |       1        |     9.000      |     6.000      |     9.453      |     2.935      |  Neg. p = 0.022   |
|      1435      |       1        |     10.500     |     4.500      |     10.137     |     2.299      |  Neg. p = 0.007   |
|      1437      |       1        |     6.000      |     5.000      |     7.335      |     2.291      |  Neg. p = 0.051   |
|      1438      |       1        |     8.000      |     2.000      |     6.457      |     1.174      |  Neg. p = 0.017   |
|      1440      |       1        |     9.000      |     0.000      |     6.193      |     0.000      |  Neg. p = 0.002   |
|      1441      |       1        |     5.000      |     4.000      |     6.170      |     1.841      |  Neg. p = 0.068   |
|      1443      |       1        |     7.000      |     0.000      |     4.709      |     0.000      |  Neg. p = 0.008   |
|      1446      |       1        |     5.000      |     1.000      |     7.335      |     0.431      |  Neg. p = 0.003   |
|      1448      |       1        |     5.000      |     0.000      |     5.000      |     0.000      |  Neg. p = 0.004   |
|      1450      |       1        |     8.500      |     3.500      |     7.444      |     1.886      |  Neg. p = 0.027   |
|      1451      |       1        |     7.000      |     0.000      |     4.564      |     0.000      |  Neg. p = 0.010   |
|      1453      |       1        |     2.000      |     0.000      |     3.003      |     0.000      |  Neg. p = 0.049   |
|      1454      |       1        |     4.000      |     0.000      |     4.000      |     0.000      |  Neg. p = 0.012   |
|      1456      |       1        |     3.000      |     0.000      |     4.530      |     0.000      |  Neg. p = 0.011   |
|      1457      |       1        |     8.000      |     1.000      |     11.859     |     0.489      |  Neg. p = 0.000   |
|      1459      |       1        |     7.000      |     2.000      |     6.382      |     1.064      |  Neg. p = 0.015   |
|      1460      |       1        |     7.000      |     1.000      |     7.000      |     0.500      |  Neg. p = 0.003   |
|      1461      |       1        |     6.000      |     0.000      |     8.856      |     0.000      |  Neg. p = 0.000   |
|      1462      |       1        |     6.000      |     0.000      |     6.000      |     0.000      |  Neg. p = 0.001   |
|      1463      |       1        |     8.000      |     0.000      |     6.350      |     0.000      |  Neg. p = 0.001   |
|      1465      |       1        |     3.000      |     0.000      |     3.000      |     0.000      |  Neg. p = 0.037   |
|      1466      |       1        |     7.000      |     0.000      |     7.000      |     0.000      |  Neg. p = 0.000   |
|      1467      |       1        |     7.000      |     1.000      |     7.000      |     0.500      |  Neg. p = 0.003   |
|      1468      |       1        |     4.000      |     0.000      |     5.358      |     0.000      |  Neg. p = 0.004   |
|      1469      |       1        |     7.000      |     0.000      |     10.186     |     0.000      |  Neg. p = 0.000   |
|      1470      |       1        |     6.000      |     0.000      |     14.026     |     0.000      |  Neg. p = 0.000   |
|      1471      |       1        |     5.000      |     0.000      |     5.000      |     0.000      |  Neg. p = 0.004   |
|      1472      |       1        |     3.000      |     0.000      |     7.721      |     0.000      |  Neg. p = 0.002   |
|      1473      |       1        |     5.000      |     0.000      |     14.376     |     0.000      |  Neg. p = 0.000   |
|      1474      |       1        |     6.000      |     0.000      |     8.662      |     0.000      |  Neg. p = 0.000   |
|      1475      |       1        |     6.000      |     0.000      |     8.890      |     0.000      |  Neg. p = 0.000   |
|      1476      |       1        |     5.000      |     0.000      |     3.140      |     0.000      |  Neg. p = 0.043   |
|      1477      |       1        |     7.000      |     0.000      |     9.105      |     0.000      |  Neg. p = 0.000   |
|      1478      |       1        |     5.000      |     0.000      |     5.000      |     0.000      |  Neg. p = 0.004   |
|      1479      |       1        |     3.000      |     0.000      |     4.490      |     0.000      |  Neg. p = 0.016   |
|      1480      |       1        |     4.000      |     1.000      |     4.000      |     0.500      |  Neg. p = 0.045   |
|      1481      |       1        |     5.000      |     0.000      |     6.807      |     0.000      |  Neg. p = 0.001   |
|      1482      |       1        |     6.000      |     0.000      |     3.963      |     0.000      |  Neg. p = 0.017   |
|      1483      |       1        |     4.000      |     0.000      |     4.000      |     0.000      |  Neg. p = 0.018   |
|      1484      |       1        |     6.000      |     0.000      |     6.000      |     0.000      |  Neg. p = 0.002   |
|      1486      |       1        |     7.000      |     0.000      |     7.000      |     0.000      |  Neg. p = 0.000   |
|      1487      |       1        |     4.000      |     0.000      |     5.970      |     0.000      |  Neg. p = 0.002   |
|      1489      |       1        |     4.000      |     0.000      |     2.425      |     0.000      |  Neg. p = 0.092   |
|      1490      |       1        |     3.000      |     0.000      |     3.000      |     0.000      |  Neg. p = 0.089   |
|      1491      |       1        |     6.000      |     0.000      |     6.000      |     0.000      |  Neg. p = 0.005   |
|      1492      |       1        |     8.000      |     0.000      |     8.000      |     0.000      |  Neg. p = 0.000   |
|      1493      |       1        |     7.000      |     2.000      |     4.711      |     1.342      |  Neg. p = 0.089   |
|      1495      |       1        |     6.000      |     0.000      |     3.919      |     0.000      |  Neg. p = 0.018   |
|      1498      |       1        |     10.000     |     0.000      |     10.000     |     0.000      |  Neg. p = 0.000   |
|      1499      |       1        |     3.000      |     0.000      |     4.490      |     0.000      |  Neg. p = 0.011   |
|      1500      |       1        |     8.000      |     0.000      |     5.637      |     0.000      |  Neg. p = 0.003   |
|      1502      |       1        |     4.000      |     0.000      |     2.848      |     0.000      |  Neg. p = 0.049   |
|      1506      |       1        |     8.000      |     0.000      |     8.000      |     0.000      |  Neg. p = 0.000   |
|      1508      |       1        |     7.000      |     0.000      |     6.318      |     0.000      |  Neg. p = 0.001   |
|      1509      |       1        |     5.000      |     0.000      |     7.300      |     0.000      |  Neg. p = 0.001   |
|      1511      |       1        |     6.000      |     1.000      |     6.000      |     0.516      |  Neg. p = 0.008   |
|      1518      |       1        |     5.000      |     0.000      |     7.262      |     0.000      |  Neg. p = 0.001   |
|      1519      |       1        |     4.000      |     0.000      |     4.000      |     0.000      |  Neg. p = 0.016   |
|      1520      |       1        |     5.000      |     0.000      |     5.000      |     0.000      |  Neg. p = 0.004   |
|      1521      |       1        |     8.000      |     4.000      |     7.923      |     2.020      |  Neg. p = 0.020   |
|      1523      |       1        |     3.000      |     0.000      |     8.602      |     0.000      |  Neg. p = 0.003   |
|      1525      |       1        |     12.000     |     4.000      |     8.136      |     2.636      |  Neg. p = 0.034   |
|      1526      |       1        |     4.000      |     2.000      |     6.004      |     0.899      |  Neg. p = 0.028   |
|      1529      |       1        |     4.000      |     0.000      |     2.491      |     0.000      |  Neg. p = 0.084   |
|      1533      |       1        |     6.000      |     0.000      |     3.987      |     0.000      |  Neg. p = 0.016   |
|      1534      |       1        |     13.000     |     3.000      |     12.178     |     1.557      |  Neg. p = 0.000   |
|      1535      |       1        |     7.000      |     6.000      |     7.671      |     2.882      |  Neg. p = 0.067   |
|      1536      |       1        |     8.000      |     0.000      |     5.454      |     0.000      |  Neg. p = 0.003   |
|      1537      |       1        |     4.000      |     0.000      |     4.000      |     0.000      |  Neg. p = 0.012   |
|      1539      |       1        |     5.000      |     0.000      |     7.378      |     0.000      |  Neg. p = 0.001   |
|      1540      |       1        |     4.000      |     0.000      |     4.000      |     0.000      |  Neg. p = 0.042   |
|      1541      |       1        |     7.000      |     0.000      |     7.000      |     0.000      |  Neg. p = 0.001   |
|      1543      |       1        |     3.000      |     0.000      |     3.000      |     0.000      |  Neg. p = 0.037   |
|      1544      |       1        |     5.000      |     0.000      |     5.000      |     0.000      |  Neg. p = 0.004   |
|      1547      |       1        |     9.000      |     0.000      |     9.000      |     0.000      |  Neg. p = 0.000   |
|      1548      |       1        |     7.000      |     4.000      |     9.060      |     1.861      |  Neg. p = 0.011   |
|      1549      |       1        |     5.500      |     4.500      |     8.291      |     1.926      |  Neg. p = 0.030   |
|      1551      |       1        |     4.500      |     2.500      |     5.974      |     1.113      |  Neg. p = 0.042   |
|      1552      |       1        |     10.000     |     1.000      |     10.026     |     0.556      |  Neg. p = 0.000   |
|      1555      |       1        |     4.000      |     0.000      |     4.000      |     0.000      |  Neg. p = 0.012   |
|      1556      |       1        |     5.000      |     0.000      |     5.000      |     0.000      |  Neg. p = 0.005   |
|      1558      |       1        |     10.750     |     5.250      |     7.992      |     3.349      |  Neg. p = 0.081   |
|      1559      |       1        |     3.000      |     0.000      |     4.512      |     0.000      |  Neg. p = 0.016   |
|      1560      |       1        |     6.000      |     0.000      |     8.840      |     0.000      |  Neg. p = 0.000   |
|      1565      |       1        |     8.000      |     8.000      |     9.734      |     3.674      |  Neg. p = 0.046   |
|      1566      |       1        |     9.000      |     1.000      |     8.005      |     0.536      |  Neg. p = 0.001   |
|      1568      |       1        |     3.000      |     0.000      |     3.000      |     0.000      |  Neg. p = 0.037   |
|      1573      |       1        |     7.000      |     4.000      |     9.053      |     1.801      |  Neg. p = 0.009   |
|      1575      |       1        |     3.000      |     1.000      |     4.487      |     0.429      |  Neg. p = 0.037   |
|      1577      |       1        |     7.000      |     3.000      |     10.351     |     1.298      |  Neg. p = 0.002   |
|      1578      |       1        |     6.000      |     1.000      |     4.362      |     0.622      |  Neg. p = 0.041   |
|      1582      |       1        |     2.000      |     0.000      |     2.914      |     0.000      |  Neg. p = 0.052   |
|      1583      |       1        |     6.500      |     4.500      |     7.001      |     2.179      |  Neg. p = 0.058   |
|      1584      |       1        |     8.000      |     1.000      |     5.581      |     0.646      |  Neg. p = 0.015   |
|      1587      |       1        |     4.000      |     2.000      |     4.870      |     0.918      |  Neg. p = 0.052   |
|      1589      |       1        |     11.000     |     1.000      |     11.000     |     0.500      |  Neg. p = 0.000   |
|      1590      |       1        |     4.500      |     3.500      |     6.380      |     1.525      |  Neg. p = 0.058   |
|      1591      |       1        |     7.000      |     0.000      |     4.683      |     0.000      |  Neg. p = 0.008   |
|      1592      |       1        |     10.000     |     2.000      |     9.098      |     1.063      |  Neg. p = 0.001   |
|      1593      |       1        |     6.000      |     0.000      |     6.000      |     0.000      |  Neg. p = 0.001   |
|      1595      |       1        |     5.000      |     1.000      |     5.000      |     0.500      |  Neg. p = 0.018   |
|      1596      |       1        |     3.000      |     1.000      |     4.441      |     0.430      |  Neg. p = 0.038   |
|      1597      |       1        |     5.000      |     0.000      |     3.270      |     0.000      |  Neg. p = 0.035   |
|      1598      |       1        |     6.000      |     1.000      |     6.168      |     0.497      |  Neg. p = 0.006   |
|      1599      |       1        |     6.000      |     0.000      |     3.830      |     0.000      |  Neg. p = 0.021   |
|      1600      |       1        |     5.833      |     3.167      |     5.806      |     1.587      |  Neg. p = 0.061   |
|      1602      |       1        |     5.000      |     0.000      |     5.000      |     0.000      |  Neg. p = 0.007   |
|      1604      |       1        |     8.000      |     3.000      |     9.645      |     1.382      |  Neg. p = 0.002   |
|      1605      |       1        |     4.000      |     0.000      |     2.486      |     0.000      |  Neg. p = 0.085   |
|      1606      |       1        |     3.000      |     0.000      |     3.000      |     0.000      |  Neg. p = 0.039   |
|      1607      |       1        |     7.000      |     1.000      |     9.212      |     0.499      |  Neg. p = 0.001   |
|      1608      |       1        |     4.000      |     2.000      |     7.842      |     0.808      |  Neg. p = 0.010   |
|      1610      |       1        |     5.000      |     2.000      |     4.515      |     1.059      |  Neg. p = 0.070   |
|      1611      |       1        |     6.000      |     0.000      |     6.000      |     0.000      |  Neg. p = 0.002   |
|      1612      |       1        |     2.000      |     0.000      |     6.283      |     0.000      |  Neg. p = 0.017   |
|      1613      |       1        |     7.000      |     0.000      |     7.000      |     0.000      |  Neg. p = 0.001   |
|      1614      |       1        |     7.000      |     0.000      |     7.000      |     0.000      |  Neg. p = 0.000   |
|      1615      |       1        |     3.000      |     0.000      |     4.491      |     0.000      |  Neg. p = 0.011   |
|      1616      |       1        |     5.500      |     6.500      |     7.784      |     2.834      |  Neg. p = 0.085   |
|      1618      |       1        |     7.000      |     0.000      |     7.000      |     0.000      |  Neg. p = 0.001   |
|      1619      |       1        |     5.000      |     1.000      |     5.000      |     0.500      |  Neg. p = 0.018   |
|      1620      |       1        |     6.000      |     3.000      |     7.979      |     1.483      |  Neg. p = 0.015   |
|      1621      |       1        |     4.000      |     0.000      |     4.000      |     0.000      |  Neg. p = 0.014   |
|      1623      |       1        |     8.000      |     0.000      |     6.526      |     0.000      |  Neg. p = 0.001   |
|      1624      |       1        |     2.000      |     0.000      |     6.011      |     0.000      |  Neg. p = 0.020   |
|      1625      |       1        |     7.000      |     0.000      |     7.000      |     0.000      |  Neg. p = 0.000   |
|      1626      |       1        |     6.000      |     4.000      |     7.994      |     1.778      |  Neg. p = 0.020   |
|      1627      |       1        |     8.000      |     0.000      |     8.000      |     0.000      |  Neg. p = 0.000   |
|      1628      |       1        |     4.000      |     0.000      |     5.351      |     0.000      |  Neg. p = 0.004   |
|      1629      |       1        |     6.000      |     0.000      |     6.000      |     0.000      |  Neg. p = 0.001   |
|      1630      |       1        |     5.000      |     6.000      |     7.102      |     2.619      |  Neg. p = 0.092   |
|      1632      |       1        |     8.000      |     0.000      |     5.537      |     0.000      |  Neg. p = 0.003   |
|      1633      |       1        |     4.000      |     0.000      |     5.966      |     0.000      |  Neg. p = 0.002   |
|      1635      |       1        |     2.000      |     0.000      |     6.348      |     0.000      |  Neg. p = 0.016   |
|      1636      |       1        |     8.000      |     0.000      |     13.106     |     0.000      |  Neg. p = 0.000   |
|      1637      |       1        |     4.000      |     0.000      |     4.000      |     0.000      |  Neg. p = 0.012   |
|      1640      |       1        |     5.000      |     0.000      |     5.000      |     0.000      |  Neg. p = 0.004   |
|      1642      |       1        |     4.000      |     0.000      |     4.000      |     0.000      |  Neg. p = 0.013   |
|      1643      |       1        |     7.000      |     1.000      |     7.000      |     0.537      |  Neg. p = 0.004   |
|      1644      |       1        |     8.000      |     1.000      |     8.000      |     0.554      |  Neg. p = 0.002   |
|      1647      |       1        |     4.500      |     2.500      |     7.334      |     1.054      |  Neg. p = 0.021   |
|      1648      |       1        |     6.000      |     1.000      |     8.448      |     0.451      |  Neg. p = 0.001   |
|      1649      |       1        |     5.000      |     1.000      |     6.891      |     0.440      |  Neg. p = 0.004   |
|      1650      |       1        |     7.500      |     5.500      |     10.680     |     2.395      |  Neg. p = 0.010   |
|      1651      |       1        |     6.000      |     1.000      |     6.000      |     0.500      |  Neg. p = 0.007   |
|      1652      |       1        |     6.000      |     0.000      |     6.000      |     0.000      |  Neg. p = 0.001   |
|      1655      |       1        |     6.000      |     1.000      |     6.000      |     0.502      |  Neg. p = 0.007   |
|      1656      |       1        |     11.000     |     0.000      |     8.118      |     0.000      |  Neg. p = 0.000   |
|      1658      |       1        |     7.500      |     1.500      |     5.211      |     0.962      |  Neg. p = 0.043   |
|      1659      |       1        |     4.000      |     0.000      |     4.000      |     0.000      |  Neg. p = 0.012   |
|      1660      |       1        |     9.000      |     1.000      |     6.357      |     0.637      |  Neg. p = 0.007   |
|      1661      |       1        |     6.833      |     3.167      |     6.291      |     1.689      |  Neg. p = 0.048   |
|      1665      |       1        |     6.000      |     0.000      |     6.000      |     0.000      |  Neg. p = 0.001   |
|      1666      |       1        |     7.000      |     0.000      |     4.848      |     0.000      |  Neg. p = 0.006   |
|      1667      |       1        |     6.000      |     0.000      |     6.000      |     0.000      |  Neg. p = 0.001   |
|      1668      |       1        |     4.000      |     0.000      |     11.135     |     0.000      |  Neg. p = 0.000   |
|      1669      |       1        |     6.000      |     0.000      |     6.000      |     0.000      |  Neg. p = 0.001   |
|      1671      |       1        |     6.000      |     1.000      |     6.000      |     0.500      |  Neg. p = 0.007   |
|      1672      |       1        |     7.000      |     0.000      |     4.929      |     0.000      |  Neg. p = 0.005   |
|      1673      |       1        |     6.500      |     2.500      |     8.952      |     1.099      |  Neg. p = 0.005   |
|      1674      |       1        |     5.000      |     1.000      |     7.357      |     0.431      |  Neg. p = 0.003   |
|      1675      |       1        |     6.000      |     1.000      |     6.219      |     0.495      |  Neg. p = 0.006   |
|      1676      |       1        |     2.000      |     0.000      |     3.010      |     0.000      |  Neg. p = 0.049   |
|      1677      |       1        |     6.000      |     0.000      |     3.843      |     0.000      |  Neg. p = 0.021   |
|      1678      |       1        |     4.000      |     0.000      |     4.000      |     0.000      |  Neg. p = 0.032   |
|      1679      |       1        |     6.000      |     4.000      |     6.174      |     1.973      |  Neg. p = 0.067   |
|      1681      |       1        |     7.000      |     0.000      |     9.881      |     0.000      |  Neg. p = 0.000   |
|      1682      |       1        |     3.500      |     2.500      |     5.735      |     1.049      |  Neg. p = 0.061   |
|      1683      |       1        |     6.000      |     0.000      |     3.770      |     0.000      |  Neg. p = 0.023   |
|      1684      |       1        |     6.000      |     2.000      |     6.000      |     1.004      |  Neg. p = 0.020   |
|      1685      |       1        |     6.000      |     5.000      |     8.335      |     2.210      |  Neg. p = 0.029   |
|      1686      |       1        |     7.000      |     0.000      |     7.000      |     0.000      |  Neg. p = 0.001   |
|      1688      |       1        |     4.000      |     0.000      |     2.508      |     0.000      |  Neg. p = 0.080   |
|      1689      |       1        |     7.000      |     3.000      |     7.000      |     1.533      |  Neg. p = 0.021   |
|      1690      |       1        |     7.000      |     0.000      |     7.000      |     0.000      |  Neg. p = 0.000   |
|      1691      |       1        |     2.000      |     0.000      |     3.008      |     0.000      |  Neg. p = 0.062   |
|      1692      |       1        |     5.000      |     0.000      |     5.000      |     0.000      |  Neg. p = 0.005   |
|      1693      |       1        |     4.000      |     0.000      |     5.847      |     0.000      |  Neg. p = 0.003   |
|      1694      |       1        |     7.000      |     0.000      |     4.750      |     0.000      |  Neg. p = 0.007   |
|      1696      |       1        |     3.000      |     0.000      |     3.000      |     0.000      |  Neg. p = 0.051   |
|      1697      |       1        |     4.000      |     0.000      |     4.000      |     0.000      |  Neg. p = 0.038   |
|      1698      |       1        |     3.000      |     0.000      |     7.094      |     0.000      |  Neg. p = 0.011   |
|      1699      |       1        |     3.000      |     0.000      |     3.000      |     0.000      |  Neg. p = 0.037   |
|      1700      |       1        |     5.000      |     0.000      |     5.000      |     0.000      |  Neg. p = 0.007   |
|      1701      |       1        |     2.000      |     0.000      |     3.014      |     0.000      |  Neg. p = 0.049   |
|      1702      |       1        |     5.000      |     0.000      |     5.000      |     0.000      |  Neg. p = 0.007   |
|      1704      |       1        |     3.000      |     0.000      |     4.337      |     0.000      |  Neg. p = 0.017   |
|      1705      |       1        |     5.000      |     1.000      |     5.000      |     0.502      |  Neg. p = 0.018   |
|      1706      |       1        |     6.000      |     0.000      |     3.691      |     0.000      |  Neg. p = 0.026   |
|      1707      |       1        |     4.500      |     2.500      |     6.556      |     1.081      |  Neg. p = 0.031   |
|      1708      |       1        |     4.000      |     0.000      |     4.000      |     0.000      |  Neg. p = 0.035   |
|      1709      |       1        |     4.000      |     1.000      |     4.000      |     0.500      |  Neg. p = 0.045   |
|      1710      |       1        |     10.000     |     0.000      |     6.139      |     0.000      |  Neg. p = 0.002   |
|      1712      |       1        |     4.000      |     0.000      |     4.000      |     0.000      |  Neg. p = 0.012   |
|      1713      |       1        |     3.000      |     0.000      |     3.000      |     0.000      |  Neg. p = 0.037   |
|      1716      |       1        |     6.000      |     0.000      |     6.000      |     0.000      |  Neg. p = 0.001   |
|      1717      |       1        |     5.000      |     0.000      |     7.486      |     0.000      |  Neg. p = 0.001   |
|      1719      |       1        |     6.000      |     0.000      |     7.822      |     0.000      |  Neg. p = 0.000   |
|      1721      |       1        |     5.000      |     1.000      |     5.066      |     0.497      |  Neg. p = 0.017   |
|      1722      |       1        |     9.000      |     0.000      |     9.000      |     0.000      |  Neg. p = 0.000   |
|      1724      |       1        |     6.000      |     0.000      |     6.000      |     0.000      |  Neg. p = 0.001   |
|      1725      |       1        |     6.000      |     3.000      |     7.678      |     1.354      |  Neg. p = 0.012   |
|      1726      |       1        |     5.000      |     2.000      |     7.186      |     0.870      |  Neg. p = 0.009   |
|      1727      |       1        |     9.000      |     0.000      |     7.634      |     0.000      |  Neg. p = 0.000   |
|      1728      |       1        |     7.000      |     0.000      |     5.169      |     0.000      |  Neg. p = 0.004   |
|      1730      |       1        |     6.000      |     3.000      |     6.505      |     1.445      |  Neg. p = 0.029   |
|      1731      |       1        |     5.000      |     1.000      |     4.091      |     0.564      |  Neg. p = 0.045   |
|      1732      |       1        |     6.000      |     0.000      |     3.813      |     0.000      |  Neg. p = 0.022   |
|      1733      |       1        |     3.000      |     1.000      |     7.270      |     0.388      |  Neg. p = 0.009   |
|      1734      |       1        |     6.000      |     5.000      |     8.748      |     2.239      |  Neg. p = 0.026   |
|      1735      |       1        |     9.000      |     0.000      |     9.000      |     0.000      |  Neg. p = 0.000   |
|      1736      |       1        |     6.000      |     0.000      |     6.000      |     0.000      |  Neg. p = 0.002   |
|      1737      |       1        |     4.000      |     2.000      |     5.806      |     0.876      |  Neg. p = 0.029   |
|      1738      |       1        |     5.000      |     2.000      |     5.392      |     0.966      |  Neg. p = 0.033   |
|      1739      |       1        |     6.000      |     0.000      |     4.116      |     0.000      |  Neg. p = 0.014   |
|      1742      |       1        |     8.000      |     1.000      |     6.027      |     0.603      |  Neg. p = 0.008   |
|      1743      |       1        |     5.500      |     5.500      |     7.659      |     2.410      |  Neg. p = 0.063   |
|      1747      |       1        |     6.000      |     0.000      |     14.105     |     0.000      |  Neg. p = 0.000   |
|      1751      |       1        |     8.000      |     0.000      |     5.027      |     0.000      |  Neg. p = 0.007   |
|      1756      |       1        |     3.000      |     0.000      |     8.913      |     0.000      |  Neg. p = 0.005   |
|      1757      |       1        |     8.000      |     0.000      |     8.000      |     0.000      |  Neg. p = 0.000   |
|      1758      |       1        |     9.000      |     2.000      |     8.057      |     1.149      |  Neg. p = 0.005   |
|      1761      |       1        |     2.000      |     0.000      |     6.156      |     0.000      |  Neg. p = 0.012   |
|      1764      |       1        |     3.000      |     0.000      |     4.499      |     0.000      |  Neg. p = 0.011   |
|      1765      |       1        |     6.000      |     0.000      |     6.000      |     0.000      |  Neg. p = 0.002   |
|      1766      |       1        |     6.000      |     0.000      |     6.000      |     0.000      |  Neg. p = 0.001   |
|      1767      |       1        |     5.000      |     0.000      |     3.129      |     0.000      |  Neg. p = 0.044   |
|      1768      |       1        |     4.000      |     0.000      |     4.000      |     0.000      |  Neg. p = 0.012   |
|      1769      |       1        |     4.000      |     0.000      |     10.937     |     0.000      |  Neg. p = 0.000   |
|      1770      |       1        |     6.000      |     0.000      |     6.000      |     0.000      |  Neg. p = 0.001   |
|      1771      |       1        |     5.000      |     0.000      |     7.377      |     0.000      |  Neg. p = 0.001   |
|      1772      |       1        |     6.000      |     0.000      |     6.000      |     0.000      |  Neg. p = 0.003   |
|      1773      |       1        |     6.000      |     2.000      |     6.000      |     1.000      |  Neg. p = 0.020   |
|      1774      |       1        |     3.000      |     0.000      |     3.000      |     0.000      |  Neg. p = 0.037   |
|      1775      |       1        |     6.000      |     0.000      |     8.166      |     0.000      |  Neg. p = 0.000   |
|      1776      |       1        |     5.000      |     0.000      |     7.450      |     0.000      |  Neg. p = 0.001   |
|      1777      |       1        |     11.000     |     0.000      |     7.739      |     0.000      |  Neg. p = 0.000   |
|      1778      |       1        |     5.000      |     2.000      |     5.000      |     1.007      |  Neg. p = 0.046   |
|      1781      |       1        |     3.000      |     0.000      |     8.928      |     0.000      |  Neg. p = 0.001   |
|      1782      |       1        |     5.000      |     0.000      |     5.000      |     0.000      |  Neg. p = 0.006   |
|      1784      |       1        |     7.000      |     0.000      |     4.688      |     0.000      |  Neg. p = 0.008   |
|      1785      |       1        |     6.000      |     0.000      |     6.000      |     0.000      |  Neg. p = 0.001   |
|      1786      |       1        |     6.000      |     0.000      |     6.000      |     0.000      |  Neg. p = 0.003   |
|      1787      |       1        |     6.000      |     0.000      |     6.000      |     0.000      |  Neg. p = 0.004   |
|      1788      |       1        |     6.000      |     0.000      |     8.172      |     0.000      |  Neg. p = 0.000   |
|      1789      |       1        |     5.000      |     1.000      |     7.486      |     0.429      |  Neg. p = 0.003   |
|      1790      |       1        |     6.833      |     3.167      |     7.082      |     1.556      |  Neg. p = 0.024   |
|      1791      |       1        |     2.000      |     0.000      |     6.070      |     0.000      |  Neg. p = 0.012   |
|      1792      |       1        |     7.000      |     0.000      |     10.134     |     0.000      |  Neg. p = 0.000   |
|      1793      |       1        |     5.000      |     0.000      |     5.000      |     0.000      |  Neg. p = 0.004   |
|      1794      |       1        |     3.000      |     0.000      |     3.000      |     0.000      |  Neg. p = 0.037   |
|      1795      |       1        |     5.000      |     0.000      |     5.000      |     0.000      |  Neg. p = 0.005   |
|      1796      |       1        |     5.000      |     0.000      |     5.000      |     0.000      |  Neg. p = 0.004   |
|      1797      |       1        |     5.000      |     1.000      |     7.363      |     0.431      |  Neg. p = 0.003   |
|      1798      |       1        |     5.000      |     0.000      |     5.000      |     0.000      |  Neg. p = 0.004   |
|      1799      |       1        |     6.000      |     2.000      |     4.624      |     1.183      |  Neg. p = 0.075   |
|      1800      |       1        |     6.000      |     0.000      |     8.918      |     0.000      |  Neg. p = 0.000   |
|      1801      |       1        |     5.000      |     0.000      |     7.451      |     0.000      |  Neg. p = 0.001   |
|      1804      |       1        |     4.000      |     0.000      |     7.561      |     0.000      |  Neg. p = 0.001   |
|      1805      |       1        |     6.000      |     0.000      |     8.891      |     0.000      |  Neg. p = 0.000   |
|      1806      |       1        |     7.000      |     6.000      |     7.530      |     2.902      |  Neg. p = 0.073   |
|      1807      |       1        |     3.000      |     0.000      |     4.494      |     0.000      |  Neg. p = 0.011   |
|      1808      |       1        |     6.000      |     0.000      |     7.843      |     0.000      |  Neg. p = 0.000   |
|      1809      |       1        |     5.000      |     1.000      |     7.196      |     0.434      |  Neg. p = 0.003   |
|      1810      |       1        |     5.000      |     5.000      |     7.866      |     2.125      |  Neg. p = 0.042   |
|      1812      |       1        |     6.000      |     0.000      |     8.871      |     0.000      |  Neg. p = 0.000   |
|      1815      |       1        |     4.000      |     0.000      |     4.000      |     0.000      |  Neg. p = 0.013   |
|      1816      |       1        |     9.000      |     6.000      |     9.000      |     3.009      |  Neg. p = 0.031   |
|      1819      |       1        |     3.000      |     0.000      |     4.426      |     0.000      |  Neg. p = 0.012   |
|      1821      |       1        |     3.000      |     0.000      |     3.000      |     0.000      |  Neg. p = 0.095   |
|      1824      |       1        |     5.000      |     4.000      |     6.855      |     1.818      |  Neg. p = 0.048   |
|      1829      |       1        |     5.000      |     1.000      |     5.000      |     0.502      |  Neg. p = 0.018   |
|      1831      |       1        |     8.500      |     2.500      |     6.564      |     1.480      |  Neg. p = 0.030   |
|      1835      |       1        |     8.000      |     8.000      |     10.123     |     3.714      |  Neg. p = 0.041   |
|      1836      |       1        |     4.000      |     1.000      |     5.516      |     0.440      |  Neg. p = 0.014   |
|      1839      |       1        |     4.000      |     1.000      |     11.219     |     0.464      |  Neg. p = 0.002   |
|      1842      |       1        |     9.000      |     4.000      |     6.837      |     2.387      |  Neg. p = 0.060   |
|      1843      |       1        |     8.000      |     0.000      |     5.506      |     0.000      |  Neg. p = 0.003   |
|      1844      |       1        |     6.000      |     1.000      |     6.000      |     0.510      |  Neg. p = 0.007   |
|      1847      |       1        |     3.000      |     0.000      |     4.493      |     0.000      |  Neg. p = 0.011   |
|      1849      |       1        |     3.000      |     0.000      |     6.951      |     0.000      |  Neg. p = 0.011   |
|      1850      |       1        |     5.000      |     0.000      |     7.160      |     0.000      |  Neg. p = 0.001   |
|      1853      |       1        |     5.000      |     3.000      |     5.000      |     1.521      |  Neg. p = 0.091   |
|      1854      |       1        |     5.000      |     0.000      |     7.383      |     0.000      |  Neg. p = 0.001   |
|      1855      |       1        |     8.000      |     0.000      |     8.000      |     0.000      |  Neg. p = 0.000   |
|      1857      |       1        |     6.000      |     1.000      |     8.769      |     0.432      |  Neg. p = 0.001   |
|      1858      |       1        |     5.000      |     1.000      |     5.007      |     0.560      |  Neg. p = 0.025   |
|      1859      |       1        |     3.000      |     0.000      |     3.990      |     0.000      |  Neg. p = 0.020   |
|      1860      |       1        |     4.000      |     0.000      |     5.955      |     0.000      |  Neg. p = 0.003   |
|      1862      |       1        |     5.000      |     0.000      |     3.584      |     0.000      |  Neg. p = 0.022   |
|      1863      |       1        |     3.000      |     0.000      |     7.214      |     0.000      |  Neg. p = 0.003   |
|      1864      |       1        |     4.000      |     2.000      |     5.966      |     0.864      |  Neg. p = 0.026   |
|      1865      |       1        |     8.000      |     1.000      |     7.337      |     0.526      |  Neg. p = 0.002   |
|      1866      |       1        |     6.000      |     0.000      |     3.831      |     0.000      |  Neg. p = 0.021   |
|      1869      |       1        |     4.000      |     0.000      |     5.969      |     0.000      |  Neg. p = 0.002   |
|      1870      |       1        |     4.000      |     0.000      |     5.961      |     0.000      |  Neg. p = 0.003   |
|      1871      |       1        |     11.000     |     0.000      |     7.121      |     0.000      |  Neg. p = 0.001   |
|      1872      |       1        |     7.000      |     0.000      |     7.000      |     0.000      |  Neg. p = 0.000   |
|      1873      |       1        |     7.000      |     3.000      |     6.193      |     1.609      |  Neg. p = 0.040   |
|      1874      |       1        |     4.000      |     0.000      |     4.000      |     0.000      |  Neg. p = 0.013   |
|      1876      |       1        |     5.000      |     2.000      |     5.000      |     1.000      |  Neg. p = 0.045   |
|      1878      |       1        |     6.000      |     2.000      |     7.633      |     0.903      |  Neg. p = 0.005   |
|      1879      |       1        |     5.000      |     1.000      |     8.028      |     0.424      |  Neg. p = 0.002   |
|      1881      |       1        |     6.000      |     4.000      |     7.831      |     1.898      |  Neg. p = 0.027   |
|      1882      |       1        |     7.000      |     3.000      |     8.929      |     1.354      |  Neg. p = 0.005   |
|      1883      |       1        |     5.500      |     3.500      |     5.603      |     1.786      |  Neg. p = 0.094   |
|      1885      |       1        |     6.000      |     1.000      |     6.000      |     0.500      |  Neg. p = 0.007   |
|      1886      |       1        |     7.000      |     4.000      |     9.219      |     1.785      |  Neg. p = 0.008   |
|      1891      |       1        |     5.500      |     4.500      |     7.304      |     2.003      |  Neg. p = 0.050   |
|      1892      |       1        |     6.000      |     0.000      |     6.000      |     0.000      |  Neg. p = 0.001   |
|      1893      |       1        |     5.000      |     0.000      |     5.000      |     0.000      |  Neg. p = 0.004   |
|      1896      |       1        |     5.000      |     3.000      |     6.461      |     1.360      |  Neg. p = 0.032   |
|      1897      |       1        |     5.000      |     0.000      |     5.000      |     0.000      |  Neg. p = 0.004   |
|      1902      |       1        |     4.000      |     2.000      |     5.226      |     0.895      |  Neg. p = 0.040   |
|      1903      |       1        |     5.000      |     3.000      |     6.844      |     1.323      |  Neg. p = 0.024   |
|      1910      |       1        |     8.000      |     0.000      |     8.000      |     0.000      |  Neg. p = 0.001   |
|      1911      |       1        |     10.000     |     2.000      |     10.000     |     1.005      |  Neg. p = 0.001   |
|      1913      |       1        |     6.500      |     3.500      |     8.281      |     1.581      |  Neg. p = 0.015   |
|      1914      |       1        |     6.000      |     2.000      |     6.011      |     1.004      |  Neg. p = 0.020   |
|      1917      |       1        |     3.000      |     1.000      |     4.434      |     0.500      |  Neg. p = 0.052   |
|      1918      |       1        |     6.000      |     3.000      |     6.275      |     1.505      |  Neg. p = 0.037   |
|      1919      |       1        |     3.000      |     1.000      |     4.485      |     0.429      |  Neg. p = 0.037   |
|      1925      |       1        |     4.500      |     3.500      |     5.945      |     1.563      |  Neg. p = 0.073   |
|      1926      |       1        |     7.000      |     0.000      |     7.000      |     0.000      |  Neg. p = 0.001   |
|      1927      |       1        |     7.000      |     1.000      |     5.729      |     0.574      |  Neg. p = 0.010   |
|      1929      |       1        |     3.000      |     4.000      |     7.160      |     1.558      |  Neg. p = 0.062   |
|      1930      |       1        |     4.000      |     2.000      |     5.997      |     0.876      |  Neg. p = 0.026   |
|      1931      |       1        |     6.000      |     4.000      |     7.941      |     1.791      |  Neg. p = 0.021   |
|      1932      |       1        |     8.000      |     1.000      |     5.547      |     0.650      |  Neg. p = 0.015   |
|      1933      |       1        |     8.000      |     0.000      |     8.000      |     0.000      |  Neg. p = 0.000   |
|      1934      |       1        |     8.000      |     2.000      |     10.588     |     0.891      |  Neg. p = 0.000   |
|      1935      |       1        |     3.000      |     0.000      |     4.508      |     0.000      |  Neg. p = 0.011   |
|      1936      |       1        |     6.000      |     0.000      |     6.000      |     0.000      |  Neg. p = 0.001   |
|      1939      |       1        |     4.500      |     3.500      |     5.933      |     1.566      |  Neg. p = 0.074   |
|      1941      |       1        |     5.000      |     4.000      |     9.019      |     1.887      |  Neg. p = 0.023   |
|      1944      |       1        |     4.000      |     0.000      |     4.000      |     0.000      |  Neg. p = 0.012   |
|      1945      |       1        |     3.000      |     0.000      |     3.000      |     0.000      |  Neg. p = 0.048   |
|      1949      |       1        |     7.000      |     2.000      |     7.000      |     1.012      |  Neg. p = 0.009   |
|      1950      |       1        |     9.000      |     2.000      |     9.000      |     1.007      |  Neg. p = 0.001   |
|      1951      |       1        |     5.000      |     2.000      |     5.881      |     0.932      |  Neg. p = 0.023   |
|      1952      |       1        |     2.000      |     0.000      |     5.784      |     0.000      |  Neg. p = 0.020   |
|      1953      |       1        |     6.000      |     0.000      |     7.840      |     0.000      |  Neg. p = 0.000   |
|      1954      |       1        |     5.000      |     1.000      |     7.213      |     0.433      |  Neg. p = 0.003   |
|      1957      |       1        |     2.000      |     0.000      |     5.999      |     0.000      |  Neg. p = 0.020   |
|      1958      |       1        |     6.000      |     1.000      |     6.000      |     0.501      |  Neg. p = 0.007   |
|      1959      |       1        |     7.000      |     1.000      |     7.000      |     0.501      |  Neg. p = 0.003   |
|      1960      |       1        |     6.000      |     0.000      |     6.000      |     0.000      |  Neg. p = 0.001   |
|      1961      |       1        |     5.000      |     0.000      |     5.000      |     0.000      |  Neg. p = 0.006   |
|      1962      |       1        |     2.000      |     2.000      |     5.435      |     0.764      |  Neg. p = 0.077   |
|      1963      |       1        |     8.000      |     4.000      |     8.200      |     1.976      |  Neg. p = 0.016   |
|      1965      |       1        |     4.000      |     3.000      |     5.955      |     1.298      |  Neg. p = 0.050   |
|      1966      |       1        |     4.000      |     4.000      |     6.571      |     1.683      |  Neg. p = 0.060   |
|      1967      |       1        |     7.000      |     4.000      |     7.121      |     2.058      |  Neg. p = 0.040   |
|      1971      |       1        |     3.000      |     0.000      |     4.475      |     0.000      |  Neg. p = 0.011   |
|      1972      |       1        |     9.000      |     6.000      |     8.843      |     3.085      |  Neg. p = 0.037   |
|      1975      |       1        |     6.500      |     2.500      |     6.430      |     1.369      |  Neg. p = 0.035   |
|      1976      |       1        |     6.000      |     2.000      |     6.256      |     1.238      |  Neg. p = 0.035   |
|      1978      |       1        |     2.000      |     0.000      |     6.004      |     0.000      |  Neg. p = 0.030   |
|      1979      |       1        |     6.000      |     4.000      |     6.197      |     1.973      |  Neg. p = 0.067   |
|      1982      |       1        |     3.000      |     2.000      |     7.305      |     0.942      |  Neg. p = 0.033   |
|      1985      |       1        |     5.000      |     0.000      |     7.321      |     0.000      |  Neg. p = 0.001   |
|      1989      |       1        |     5.500      |     1.500      |     5.302      |     0.867      |  Neg. p = 0.043   |
|      1993      |       1        |     7.000      |     6.000      |     7.492      |     2.934      |  Neg. p = 0.077   |
|      1995      |       1        |     6.000      |     1.000      |     6.000      |     0.501      |  Neg. p = 0.007   |
|      1996      |       1        |     5.000      |     1.000      |     3.510      |     0.646      |  Neg. p = 0.091   |
|      1997      |       1        |     7.000      |     4.000      |     7.030      |     1.996      |  Neg. p = 0.038   |
|      1998      |       1        |     2.000      |     1.000      |     5.627      |     0.380      |  Neg. p = 0.039   |
|      2000      |       1        |     8.000      |     0.000      |     5.200      |     0.000      |  Neg. p = 0.005   |
|      2001      |       1        |     7.000      |     0.000      |     7.000      |     0.000      |  Neg. p = 0.004   |
|      2004      |       1        |     5.000      |     0.000      |     5.000      |     0.000      |  Neg. p = 0.004   |
|      2005      |       1        |     5.000      |     0.000      |     7.207      |     0.000      |  Neg. p = 0.001   |
|      2006      |       1        |     2.000      |     0.000      |     3.015      |     0.000      |  Neg. p = 0.049   |
|      2007      |       1        |     5.000      |     2.000      |     7.472      |     0.865      |  Neg. p = 0.008   |
|      2009      |       1        |     9.000      |     1.000      |     8.543      |     0.515      |  Neg. p = 0.001   |
|      2010      |       1        |     4.000      |     0.000      |     4.000      |     0.000      |  Neg. p = 0.012   |
|      2012      |       1        |     8.000      |     0.000      |     8.000      |     0.000      |  Neg. p = 0.000   |
|      2013      |       1        |     5.833      |     2.167      |     5.848      |     1.088      |  Neg. p = 0.031   |
|      2014      |       1        |     4.000      |     0.000      |     11.579     |     0.000      |  Neg. p = 0.000   |
|      2015      |       1        |     6.000      |     0.000      |     6.000      |     0.000      |  Neg. p = 0.006   |
|      2016      |       1        |     5.500      |     5.500      |     7.264      |     2.461      |  Neg. p = 0.078   |
|      2017      |       1        |     6.000      |     3.000      |     6.000      |     1.551      |  Neg. p = 0.047   |
|      2018      |       1        |     8.000      |     1.000      |     5.199      |     0.689      |  Neg. p = 0.024   |
|      2021      |       1        |     3.000      |     0.000      |     3.000      |     0.000      |  Neg. p = 0.051   |
|      2022      |       1        |     7.000      |     2.000      |     5.742      |     1.132      |  Neg. p = 0.028   |
|      2023      |       1        |     7.000      |     2.000      |     9.223      |     0.892      |  Neg. p = 0.001   |
|      2024      |       1        |     6.000      |     0.000      |     4.139      |     0.000      |  Neg. p = 0.013   |
|      2025      |       1        |     9.000      |     0.000      |     8.101      |     0.000      |  Neg. p = 0.000   |
|      2030      |       1        |     7.500      |     3.500      |     6.095      |     1.992      |  Neg. p = 0.075   |
|      2031      |       1        |     5.000      |     0.000      |     5.000      |     0.000      |  Neg. p = 0.004   |
|      2032      |       1        |     7.000      |     0.000      |     7.000      |     0.000      |  Neg. p = 0.000   |
|      2035      |       1        |     7.000      |     4.000      |     8.946      |     1.804      |  Neg. p = 0.010   |
|      2039      |       1        |     5.000      |     3.000      |     7.432      |     1.289      |  Neg. p = 0.017   |
|      2041      |       1        |     7.000      |     5.000      |     7.108      |     2.537      |  Neg. p = 0.066   |
|      2044      |       1        |     3.000      |     1.000      |     4.486      |     0.429      |  Neg. p = 0.037   |
|      2048      |       1        |     8.000      |     6.000      |     8.012      |     3.014      |  Neg. p = 0.058   |
|      2050      |       1        |     6.000      |     5.000      |     6.339      |     2.436      |  Neg. p = 0.097   |
|      2053      |       1        |     6.000      |     6.000      |     8.059      |     2.663      |  Neg. p = 0.053   |
|      2054      |       1        |     10.000     |     7.000      |     8.910      |     4.128      |  Neg. p = 0.089   |
|      2055      |       1        |     6.000      |     0.000      |     6.000      |     0.000      |  Neg. p = 0.002   |
|      2056      |       1        |     5.000      |     3.000      |     6.325      |     1.359      |  Neg. p = 0.034   |
|      2059      |       1        |     3.000      |     0.000      |     3.000      |     0.000      |  Neg. p = 0.078   |
|      2062      |       1        |     8.500      |     2.500      |     8.701      |     1.719      |  Neg. p = 0.018   |
|      2063      |       1        |     6.000      |     0.000      |     6.000      |     0.000      |  Neg. p = 0.008   |
|      2064      |       1        |     8.000      |     0.000      |     5.458      |     0.000      |  Neg. p = 0.003   |
|      2065      |       1        |     2.000      |     0.000      |     3.005      |     0.000      |  Neg. p = 0.049   |
|      2067      |       1        |     6.000      |     0.000      |     6.000      |     0.000      |  Neg. p = 0.001   |
|      2072      |       1        |     3.000      |     1.000      |     4.420      |     0.431      |  Neg. p = 0.038   |
|      2074      |       1        |     5.000      |     0.000      |     5.000      |     0.000      |  Neg. p = 0.004   |
|      2075      |       1        |     3.000      |     0.000      |     4.490      |     0.000      |  Neg. p = 0.016   |
|      2076      |       1        |     4.000      |     0.000      |     4.000      |     0.000      |  Neg. p = 0.017   |
|      2078      |       1        |     5.000      |     0.000      |     7.312      |     0.000      |  Neg. p = 0.001   |
|      2079      |       1        |     5.000      |     1.000      |     5.000      |     0.500      |  Neg. p = 0.018   |
|      2080      |       1        |     7.000      |     0.000      |     9.548      |     0.000      |  Neg. p = 0.000   |
|      2082      |       1        |     7.000      |     0.000      |     7.000      |     0.000      |  Neg. p = 0.003   |
|      2087      |       1        |     8.000      |     5.000      |     10.374     |     2.244      |  Neg. p = 0.007   |
|      2090      |       1        |     6.000      |     2.000      |     7.954      |     0.986      |  Neg. p = 0.007   |
|      2091      |       1        |     4.000      |     4.000      |     5.928      |     1.736      |  Neg. p = 0.084   |
|      2092      |       1        |     6.000      |     0.000      |     6.000      |     0.000      |  Neg. p = 0.001   |
|      2095      |       1        |     6.000      |     2.000      |     6.514      |     0.967      |  Neg. p = 0.013   |
|      2097      |       1        |     6.000      |     1.000      |     4.926      |     0.563      |  Neg. p = 0.021   |
|      2098      |       1        |     2.000      |     0.000      |     2.957      |     0.000      |  Neg. p = 0.051   |
|      2099      |       1        |     8.000      |     1.000      |     5.666      |     0.644      |  Neg. p = 0.014   |
|      2100      |       1        |     8.000      |     9.000      |     9.411      |     4.198      |  Neg. p = 0.079   |
|      2101      |       1        |     6.000      |     3.000      |     8.564      |     1.307      |  Neg. p = 0.007   |
|      2102      |       1        |     8.000      |     0.000      |     10.506     |     0.000      |  Neg. p = 0.000   |
|      2103      |       1        |     7.500      |     1.500      |     10.643     |     0.654      |  Neg. p = 0.000   |
|      2105      |       1        |     6.500      |     3.500      |     6.900      |     1.751      |  Neg. p = 0.040   |
|      2106      |       1        |     5.000      |     0.000      |     5.000      |     0.000      |  Neg. p = 0.004   |
|      2110      |       1        |     5.000      |     0.000      |     7.472      |     0.000      |  Neg. p = 0.001   |
|      2113      |       1        |     6.000      |     4.000      |     6.610      |     1.912      |  Neg. p = 0.049   |
|      2116      |       1        |     5.000      |     5.000      |     6.699      |     2.241      |  Neg. p = 0.079   |
|      2117      |       1        |     7.000      |     4.000      |     7.131      |     2.034      |  Neg. p = 0.038   |
|      2119      |       1        |     6.000      |     3.000      |     6.102      |     1.491      |  Neg. p = 0.039   |
|      2120      |       1        |     3.000      |     1.000      |     3.581      |     0.494      |  Neg. p = 0.078   |
|      2124      |       1        |     8.000      |     1.000      |     5.682      |     0.641      |  Neg. p = 0.013   |
|      2125      |       1        |     8.000      |     2.000      |     8.000      |     1.097      |  Neg. p = 0.005   |
|      2129      |       1        |     5.000      |     0.000      |     6.730      |     0.000      |  Neg. p = 0.001   |
|      2130      |       1        |     6.000      |     0.000      |     14.049     |     0.000      |  Neg. p = 0.000   |
|      2132      |       1        |     7.000      |     2.000      |     7.000      |     1.002      |  Neg. p = 0.008   |
|      2135      |       1        |     8.000      |     6.000      |     7.861      |     3.046      |  Neg. p = 0.065   |
|      2138      |       1        |     4.667      |     3.333      |     6.721      |     1.446      |  Neg. p = 0.043   |
|      2142      |       1        |     9.000      |     2.000      |     7.468      |     1.128      |  Neg. p = 0.006   |
|      2143      |       1        |     5.000      |     1.000      |     3.649      |     0.619      |  Neg. p = 0.076   |
|      2144      |       1        |     9.000      |     0.000      |     9.000      |     0.000      |  Neg. p = 0.000   |
|      2147      |       1        |     4.000      |     0.000      |     4.000      |     0.000      |  Neg. p = 0.025   |
|      2148      |       1        |     7.000      |     0.000      |     5.908      |     0.000      |  Neg. p = 0.001   |
|      2149      |       1        |     9.000      |     0.000      |     9.000      |     0.000      |  Neg. p = 0.000   |
|      2150      |       1        |     6.000      |     0.000      |     6.000      |     0.000      |  Neg. p = 0.001   |
|      2151      |       1        |     4.000      |     0.000      |     2.508      |     0.000      |  Neg. p = 0.080   |
|      2152      |       1        |     7.000      |     1.000      |     7.000      |     0.528      |  Neg. p = 0.003   |
|      2153      |       1        |     5.000      |     0.000      |     5.000      |     0.000      |  Neg. p = 0.014   |
|      2154      |       1        |     4.000      |     0.000      |     5.352      |     0.000      |  Neg. p = 0.004   |
|      2155      |       1        |     8.667      |     8.333      |     10.886     |     3.850      |  Neg. p = 0.033   |
|      2156      |       1        |     4.000      |     0.000      |     4.000      |     0.000      |  Neg. p = 0.012   |
|      2158      |       1        |     2.000      |     0.000      |     5.778      |     0.000      |  Neg. p = 0.032   |
|      2160      |       1        |     7.000      |     3.000      |     10.158     |     1.298      |  Neg. p = 0.002   |
|      2161      |       1        |     7.500      |     1.500      |     9.241      |     0.689      |  Neg. p = 0.001   |
|      2163      |       1        |     3.000      |     0.000      |     8.705      |     0.000      |  Neg. p = 0.002   |
|      2164      |       1        |     10.000     |     2.000      |     7.716      |     1.185      |  Neg. p = 0.006   |
|      2167      |       1        |     7.000      |     3.000      |     9.220      |     1.340      |  Neg. p = 0.004   |
|      2173      |       1        |     6.000      |     2.000      |     6.000      |     1.004      |  Neg. p = 0.020   |
|      2174      |       1        |     6.000      |     1.000      |     6.138      |     0.498      |  Neg. p = 0.006   |
|      2176      |       1        |     3.000      |     3.000      |     6.342      |     1.193      |  Neg. p = 0.055   |
|      2177      |       1        |     6.000      |     0.000      |     6.000      |     0.000      |  Neg. p = 0.001   |
|      2178      |       1        |     5.500      |     4.500      |     7.185      |     2.020      |  Neg. p = 0.054   |
|      2180      |       1        |     7.000      |     3.000      |     7.000      |     1.500      |  Neg. p = 0.020   |
|      2181      |       1        |     4.000      |     0.000      |     2.704      |     0.000      |  Neg. p = 0.059   |
|      2182      |       1        |     8.000      |     2.000      |     7.336      |     1.053      |  Neg. p = 0.006   |
|      2184      |       1        |     5.000      |     0.000      |     3.387      |     0.000      |  Neg. p = 0.029   |
|      2185      |       1        |     5.000      |     1.000      |     7.395      |     0.471      |  Neg. p = 0.004   |
|      2186      |       1        |     3.000      |     0.000      |     4.512      |     0.000      |  Neg. p = 0.011   |
|      2187      |       1        |     6.000      |     0.000      |     8.781      |     0.000      |  Neg. p = 0.000   |
|      2189      |       1        |     7.000      |     0.000      |     7.000      |     0.000      |  Neg. p = 0.001   |
|      2191      |       1        |     6.000      |     2.000      |     7.527      |     0.908      |  Neg. p = 0.006   |
|      2192      |       1        |     4.000      |     0.000      |     6.002      |     0.000      |  Neg. p = 0.004   |
|      2197      |       1        |     5.000      |     0.000      |     5.000      |     0.000      |  Neg. p = 0.004   |
|      2199      |       1        |     8.000      |     1.000      |     10.589     |     0.446      |  Neg. p = 0.000   |
|      2200      |       1        |     6.000      |     0.000      |     6.000      |     0.000      |  Neg. p = 0.001   |
|      2201      |       1        |     6.000      |     3.000      |     6.680      |     1.465      |  Neg. p = 0.027   |
|      2203      |       1        |     5.000      |     0.000      |     7.412      |     0.000      |  Neg. p = 0.001   |
|      2204      |       1        |     4.000      |     1.000      |     5.999      |     0.430      |  Neg. p = 0.010   |
|      2208      |       1        |     3.000      |     4.000      |     8.244      |     1.859      |  Neg. p = 0.067   |
|      2210      |       1        |     6.000      |     5.000      |     9.715      |     2.536      |  Neg. p = 0.028   |
|      2211      |       1        |     7.750      |     8.250      |     11.206     |     3.705      |  Neg. p = 0.030   |
|      2212      |       1        |     7.000      |     0.000      |     10.326     |     0.000      |  Neg. p = 0.000   |
|      2215      |       1        |     6.000      |     0.000      |     3.806      |     0.000      |  Neg. p = 0.022   |
|      2219      |       1        |     6.000      |     1.000      |     5.190      |     0.542      |  Neg. p = 0.015   |
|      2220      |       1        |     5.000      |     3.000      |     6.034      |     1.384      |  Neg. p = 0.042   |
|      2222      |       1        |     7.500      |     3.500      |     9.608      |     1.577      |  Neg. p = 0.006   |
|      2224      |       1        |     3.000      |     0.000      |     4.513      |     0.000      |  Neg. p = 0.011   |
|      2226      |       1        |     9.000      |     0.000      |     6.051      |     0.000      |  Neg. p = 0.002   |
|      2227      |       1        |     10.000     |     0.000      |     10.000     |     0.000      |  Neg. p = 0.000   |
|      2228      |       1        |     3.000      |     0.000      |     8.456      |     0.000      |  Neg. p = 0.003   |
|      2229      |       1        |     5.000      |     1.000      |     3.780      |     0.599      |  Neg. p = 0.064   |
|      2230      |       1        |     5.000      |     2.000      |     6.722      |     0.907      |  Neg. p = 0.013   |
|      2232      |       1        |     3.000      |     0.000      |     4.440      |     0.000      |  Neg. p = 0.016   |
|      2234      |       1        |     2.000      |     0.000      |     5.949      |     0.000      |  Neg. p = 0.013   |
|      2237      |       1        |     6.000      |     0.000      |     6.000      |     0.000      |  Neg. p = 0.001   |
|      2238      |       1        |     4.000      |     0.000      |     5.327      |     0.000      |  Neg. p = 0.006   |
|      2239      |       1        |     3.000      |     0.000      |     9.017      |     0.000      |  Neg. p = 0.001   |
|      2240      |       1        |     6.000      |     0.000      |     7.804      |     0.000      |  Neg. p = 0.000   |
|      2241      |       1        |     5.000      |     0.000      |     5.000      |     0.000      |  Neg. p = 0.016   |
|      2242      |       1        |     3.000      |     0.000      |     3.937      |     0.000      |  Neg. p = 0.016   |
|      2243      |       1        |     2.000      |     0.000      |     2.892      |     0.000      |  Neg. p = 0.053   |
|      2244      |       1        |     9.000      |     0.000      |     9.000      |     0.000      |  Neg. p = 0.000   |
|      2247      |       1        |     5.000      |     1.000      |     5.000      |     0.558      |  Neg. p = 0.025   |
|      2248      |       1        |     6.000      |     0.000      |     6.000      |     0.000      |  Neg. p = 0.001   |
|      2249      |       1        |     3.000      |     0.000      |     3.000      |     0.000      |  Neg. p = 0.039   |
|      2251      |       1        |     8.000      |     0.000      |     8.000      |     0.000      |  Neg. p = 0.000   |
|      2252      |       1        |     4.000      |     0.000      |     5.966      |     0.000      |  Neg. p = 0.002   |
|      2253      |       1        |     4.000      |     0.000      |     4.000      |     0.000      |  Neg. p = 0.013   |
|      2256      |       1        |     9.000      |     0.000      |     11.755     |     0.000      |  Neg. p = 0.000   |
|      2257      |       1        |     4.000      |     0.000      |     5.942      |     0.000      |  Neg. p = 0.003   |
|      2258      |       1        |     15.000     |     0.000      |     9.787      |     0.000      |  Neg. p = 0.000   |
|      2259      |       1        |     4.500      |     1.500      |     4.554      |     0.746      |  Neg. p = 0.057   |
|      2260      |       1        |     6.000      |     0.000      |     6.000      |     0.000      |  Neg. p = 0.001   |
|      2261      |       1        |     5.000      |     0.000      |     6.660      |     0.000      |  Neg. p = 0.001   |
|      2262      |       1        |     6.000      |     0.000      |     6.000      |     0.000      |  Neg. p = 0.001   |
|      2263      |       1        |     7.000      |     0.000      |     9.399      |     0.000      |  Neg. p = 0.000   |
|      2264      |       1        |     10.000     |     0.000      |     6.576      |     0.000      |  Neg. p = 0.001   |
|      2265      |       1        |     7.000      |     0.000      |     4.576      |     0.000      |  Neg. p = 0.010   |
|      2266      |       1        |     5.000      |     0.000      |     6.573      |     0.000      |  Neg. p = 0.001   |
|      2267      |       1        |     5.000      |     0.000      |     7.501      |     0.000      |  Neg. p = 0.001   |
|      2270      |       1        |     5.000      |     0.000      |     6.472      |     0.000      |  Neg. p = 0.001   |
|      2271      |       1        |     8.000      |     0.000      |     8.000      |     0.000      |  Neg. p = 0.000   |
|      2272      |       1        |     9.000      |     2.000      |     7.971      |     1.071      |  Neg. p = 0.004   |
|      2273      |       1        |     7.000      |     0.000      |     4.440      |     0.000      |  Neg. p = 0.011   |
|      2274      |       1        |     10.000     |     0.000      |     8.018      |     0.000      |  Neg. p = 0.000   |
|      2275      |       1        |     5.000      |     0.000      |     5.000      |     0.000      |  Neg. p = 0.004   |
|      2276      |       1        |     9.000      |     2.000      |     7.672      |     1.100      |  Neg. p = 0.005   |
|      2277      |       1        |     4.000      |     0.000      |     4.000      |     0.000      |  Neg. p = 0.012   |
|      2279      |       1        |     6.000      |     0.000      |     6.000      |     0.000      |  Neg. p = 0.001   |
|      2287      |       1        |     9.000      |     4.000      |     8.852      |     2.033      |  Neg. p = 0.010   |
|      2288      |       1        |     9.000      |     8.000      |     10.060     |     3.827      |  Neg. p = 0.040   |
|      2290      |       1        |     6.000      |     3.000      |     6.000      |     1.546      |  Neg. p = 0.047   |
|      2291      |       1        |     7.500      |     4.500      |     7.011      |     2.445      |  Neg. p = 0.071   |
|      2293      |       1        |     6.000      |     0.000      |     4.207      |     0.000      |  Neg. p = 0.013   |
|      2294      |       1        |     4.000      |     3.000      |     5.598      |     1.316      |  Neg. p = 0.061   |
|      2295      |       1        |     8.000      |     8.000      |     8.689      |     3.875      |  Neg. p = 0.086   |
|      2296      |       1        |     9.000      |     4.000      |     9.075      |     1.998      |  Neg. p = 0.008   |
|      2297      |       1        |     5.000      |     0.000      |     3.087      |     0.000      |  Neg. p = 0.047   |
|      2300      |       1        |     5.000      |     2.000      |     6.218      |     1.033      |  Neg. p = 0.026   |
|      2301      |       1        |     7.000      |     0.000      |     4.344      |     0.000      |  Neg. p = 0.013   |
|      2302      |       1        |     5.000      |     1.000      |     5.000      |     0.500      |  Neg. p = 0.018   |
|      2303      |       1        |     4.000      |     0.000      |     5.479      |     0.000      |  Neg. p = 0.005   |
|      2304      |       1        |     2.000      |     0.000      |     6.107      |     0.000      |  Neg. p = 0.012   |
|      2306      |       1        |     9.500      |     4.500      |     9.594      |     2.300      |  Neg. p = 0.011   |
|      2308      |       1        |     2.000      |     1.000      |     6.035      |     0.464      |  Neg. p = 0.049   |
|      2309      |       1        |     6.000      |     0.000      |     6.000      |     0.000      |  Neg. p = 0.008   |
|      2310      |       1        |     5.000      |     0.000      |     3.723      |     0.000      |  Neg. p = 0.022   |
|      2312      |       1        |     3.000      |     0.000      |     8.698      |     0.000      |  Neg. p = 0.006   |
|      2319      |       1        |     7.000      |     0.000      |     7.000      |     0.000      |  Neg. p = 0.000   |
|      2320      |       1        |     8.000      |     1.000      |     8.000      |     0.510      |  Neg. p = 0.001   |
|      2322      |       1        |     2.000      |     0.000      |     5.883      |     0.000      |  Neg. p = 0.013   |
|      2323      |       1        |     10.000     |     0.000      |     7.003      |     0.000      |  Neg. p = 0.001   |
|      2324      |       1        |     7.000      |     2.000      |     7.278      |     0.986      |  Neg. p = 0.007   |
|      2325      |       1        |     6.000      |     0.000      |     6.000      |     0.000      |  Neg. p = 0.001   |
|      2327      |       1        |     4.000      |     1.000      |     4.057      |     0.499      |  Neg. p = 0.044   |
|      2330      |       1        |     6.000      |     0.000      |     6.000      |     0.000      |  Neg. p = 0.002   |
|      2333      |       1        |     5.000      |     5.000      |     9.138      |     2.207      |  Neg. p = 0.029   |
|      2337      |       1        |     4.000      |     2.000      |     5.528      |     0.879      |  Neg. p = 0.033   |
|      2338      |       1        |     2.000      |     0.000      |     3.017      |     0.000      |  Neg. p = 0.049   |
|      2339      |       1        |     9.000      |     6.000      |     9.017      |     3.017      |  Neg. p = 0.031   |
|      2342      |       1        |     4.000      |     3.000      |     5.727      |     1.412      |  Neg. p = 0.068   |
|      2343      |       1        |     5.000      |     0.000      |     7.422      |     0.000      |  Neg. p = 0.001   |
|      2344      |       1        |     6.000      |     2.000      |     4.369      |     1.229      |  Neg. p = 0.096   |
|      2345      |       1        |     7.500      |     1.500      |     5.583      |     0.925      |  Neg. p = 0.031   |
|      2346      |       1        |     5.500      |     1.500      |     7.911      |     0.651      |  Neg. p = 0.005   |
|      2347      |       1        |     4.000      |     0.000      |     5.979      |     0.000      |  Neg. p = 0.004   |
|      2351      |       1        |     8.000      |     0.000      |     5.131      |     0.000      |  Neg. p = 0.005   |
|      2355      |       1        |     6.000      |     4.000      |     9.354      |     1.836      |  Neg. p = 0.012   |
|      2356      |       1        |     2.000      |     1.000      |     5.302      |     0.488      |  Neg. p = 0.065   |
|      2360      |       1        |     7.000      |     4.000      |     7.704      |     1.913      |  Neg. p = 0.023   |
|      2363      |       1        |     5.000      |     5.000      |     7.398      |     2.227      |  Neg. p = 0.058   |
|      2364      |       1        |     7.000      |     6.000      |     9.747      |     2.733      |  Neg. p = 0.022   |
|      2368      |       1        |     5.000      |     0.000      |     7.306      |     0.000      |  Neg. p = 0.001   |
|      2371      |       1        |     2.000      |     0.000      |     3.018      |     0.000      |  Neg. p = 0.049   |
|      2373      |       1        |     8.000      |     0.000      |     6.064      |     0.000      |  Neg. p = 0.002   |
|      2374      |       1        |     9.000      |     2.000      |     9.000      |     1.035      |  Neg. p = 0.002   |
|      2375      |       1        |     9.000      |     4.000      |     9.286      |     2.001      |  Neg. p = 0.008   |
|      2376      |       1        |     5.000      |     0.000      |     5.000      |     0.000      |  Neg. p = 0.004   |
|      2377      |       1        |     8.000      |     0.000      |     5.659      |     0.000      |  Neg. p = 0.003   |
|      2379      |       1        |     5.500      |     5.500      |     7.615      |     2.418      |  Neg. p = 0.065   |
|      2380      |       1        |     11.000     |     0.000      |     9.171      |     0.000      |  Neg. p = 0.000   |
|      2381      |       1        |     4.000      |     1.000      |     4.000      |     0.503      |  Neg. p = 0.046   |
|      2384      |       1        |     9.000      |     2.000      |     8.175      |     1.058      |  Neg. p = 0.003   |
|      2385      |       1        |     11.000     |     0.000      |     7.237      |     0.000      |  Neg. p = 0.001   |
|      2386      |       1        |     6.000      |     0.000      |     6.000      |     0.000      |  Neg. p = 0.001   |
|      2387      |       1        |     10.000     |     0.000      |     6.738      |     0.000      |  Neg. p = 0.001   |
|      2389      |       1        |     7.000      |     5.000      |     7.760      |     2.390      |  Neg. p = 0.039   |
|      2390      |       1        |     3.000      |     4.000      |     7.644      |     1.542      |  Neg. p = 0.053   |
|      2391      |       1        |     5.000      |     0.000      |     5.000      |     0.000      |  Neg. p = 0.004   |
|      2392      |       1        |     3.000      |     0.000      |     4.544      |     0.000      |  Neg. p = 0.015   |
|      2393      |       1        |     3.000      |     0.000      |     8.240      |     0.000      |  Neg. p = 0.004   |
|      2395      |       1        |     5.000      |     0.000      |     7.296      |     0.000      |  Neg. p = 0.001   |
|      2396      |       1        |     6.000      |     1.000      |     3.928      |     0.687      |  Neg. p = 0.071   |
|      2399      |       1        |     2.000      |     1.000      |     5.637      |     0.385      |  Neg. p = 0.040   |
|      2400      |       1        |     8.000      |     6.000      |     8.257      |     2.969      |  Neg. p = 0.049   |
|      2406      |       1        |     8.000      |     4.000      |     7.489      |     2.072      |  Neg. p = 0.028   |
|      2407      |       1        |     4.000      |     2.000      |     5.960      |     0.993      |  Neg. p = 0.038   |
|      2408      |       1        |     8.000      |     2.000      |     8.898      |     0.952      |  Neg. p = 0.002   |
|      2409      |       1        |     8.000      |     4.000      |     8.235      |     2.019      |  Neg. p = 0.017   |
|      2410      |       1        |     3.500      |     2.500      |     8.862      |     0.965      |  Neg. p = 0.019   |
|      2412      |       1        |     7.500      |     4.500      |     10.607     |     1.963      |  Neg. p = 0.006   |
|      2414      |       1        |     9.000      |     0.000      |     6.476      |     0.000      |  Neg. p = 0.001   |
|      2418      |       1        |     7.000      |     0.000      |     4.564      |     0.000      |  Neg. p = 0.010   |
|      2419      |       1        |     7.000      |     2.000      |     9.235      |     0.894      |  Neg. p = 0.001   |
|      2421      |       1        |     5.000      |     1.000      |     5.000      |     0.503      |  Neg. p = 0.018   |
|      2422      |       1        |     5.000      |     0.000      |     6.668      |     0.000      |  Neg. p = 0.001   |
|      2423      |       1        |     6.000      |     4.000      |     6.086      |     2.024      |  Neg. p = 0.076   |
|      2425      |       1        |     6.833      |     4.167      |     6.926      |     2.116      |  Neg. p = 0.053   |
|      2426      |       1        |     2.000      |     0.000      |     6.136      |     0.000      |  Neg. p = 0.012   |
|      2427      |       1        |     4.000      |     0.000      |     2.446      |     0.000      |  Neg. p = 0.089   |
|      2428      |       1        |     5.000      |     2.000      |     7.480      |     0.858      |  Neg. p = 0.008   |
|      2429      |       1        |     5.167      |     4.833      |     8.188      |     2.059      |  Neg. p = 0.036   |
|      2430      |       1        |     4.000      |     1.000      |     5.192      |     0.450      |  Neg. p = 0.017   |
|      2431      |       1        |     8.000      |     0.000      |     11.327     |     0.000      |  Neg. p = 0.000   |
|      2432      |       1        |     3.000      |     2.000      |     4.338      |     0.866      |  Neg. p = 0.084   |
|      2434      |       1        |     5.000      |     0.000      |     6.652      |     0.000      |  Neg. p = 0.001   |
|      2436      |       1        |     9.000      |     4.000      |     9.000      |     2.000      |  Neg. p = 0.009   |
|      2437      |       1        |     5.000      |     0.000      |     5.000      |     0.000      |  Neg. p = 0.004   |
|      2438      |       1        |     8.000      |     0.000      |     5.695      |     0.000      |  Neg. p = 0.003   |
|      2440      |       1        |     7.000      |     0.000      |     7.000      |     0.000      |  Neg. p = 0.000   |
|      2441      |       1        |     7.000      |     0.000      |     7.000      |     0.000      |  Neg. p = 0.000   |
|      2442      |       1        |     11.000     |     0.000      |     6.973      |     0.000      |  Neg. p = 0.001   |
|      2443      |       1        |     4.000      |     3.000      |     4.829      |     1.381      |  Neg. p = 0.097   |
|      2444      |       1        |     5.000      |     1.000      |     6.535      |     0.447      |  Neg. p = 0.005   |
|      2445      |       1        |     6.000      |     0.000      |     8.055      |     0.000      |  Neg. p = 0.000   |
|      2446      |       1        |     4.000      |     1.000      |     4.000      |     0.500      |  Neg. p = 0.045   |
|      2447      |       1        |     3.000      |     0.000      |     3.000      |     0.000      |  Neg. p = 0.050   |
|      2448      |       1        |     4.000      |     0.000      |     9.917      |     0.000      |  Neg. p = 0.002   |
|      2449      |       1        |     9.000      |     0.000      |     9.000      |     0.000      |  Neg. p = 0.000   |
|      2451      |       1        |     4.000      |     0.000      |     10.261     |     0.000      |  Neg. p = 0.001   |
|      2453      |       1        |     2.000      |     0.000      |     6.122      |     0.000      |  Neg. p = 0.012   |
|      2454      |       1        |     6.000      |     0.000      |     6.000      |     0.000      |  Neg. p = 0.002   |
|      2455      |       1        |     9.000      |     0.000      |     5.855      |     0.000      |  Neg. p = 0.003   |
|      2456      |       1        |     6.000      |     0.000      |     8.873      |     0.000      |  Neg. p = 0.000   |
|      2457      |       1        |     7.000      |     0.000      |     7.000      |     0.000      |  Neg. p = 0.000   |
|      2458      |       1        |     7.000      |     0.000      |     7.000      |     0.000      |  Neg. p = 0.002   |
|      2460      |       1        |     5.000      |     0.000      |     7.355      |     0.000      |  Neg. p = 0.001   |
|      2461      |       1        |     6.000      |     0.000      |     8.825      |     0.000      |  Neg. p = 0.000   |
|      2462      |       1        |     4.000      |     0.000      |     2.447      |     0.000      |  Neg. p = 0.088   |
|      2463      |       1        |     4.000      |     0.000      |     5.746      |     0.000      |  Neg. p = 0.003   |
|      2464      |       1        |     5.000      |     0.000      |     6.718      |     0.000      |  Neg. p = 0.001   |
|      2465      |       1        |     6.000      |     0.000      |     6.000      |     0.000      |  Neg. p = 0.001   |
|      2468      |       1        |     8.000      |     0.000      |     8.000      |     0.000      |  Neg. p = 0.001   |
|      2469      |       1        |     7.000      |     0.000      |     7.000      |     0.000      |  Neg. p = 0.000   |
|      2470      |       1        |     9.000      |     2.000      |     8.262      |     1.054      |  Neg. p = 0.003   |
|      2471      |       1        |     5.000      |     0.000      |     5.000      |     0.000      |  Neg. p = 0.004   |
|      2472      |       1        |     7.000      |     0.000      |     5.427      |     0.000      |  Neg. p = 0.003   |
|      2473      |       1        |     8.000      |     1.000      |     6.956      |     0.580      |  Neg. p = 0.004   |
|      2474      |       1        |     7.000      |     3.000      |     7.650      |     1.439      |  Neg. p = 0.012   |
|      2475      |       1        |     6.000      |     0.000      |     6.000      |     0.000      |  Neg. p = 0.001   |
|      2476      |       1        |     8.000      |     0.000      |     5.337      |     0.000      |  Neg. p = 0.004   |
|      2477      |       1        |     8.500      |     5.500      |     10.394     |     2.525      |  Neg. p = 0.011   |
|      2481      |       1        |     5.500      |     3.500      |     7.593      |     1.547      |  Neg. p = 0.026   |
|      2484      |       1        |     5.000      |     0.000      |     5.000      |     0.000      |  Neg. p = 0.011   |
|      2486      |       1        |     9.000      |     0.000      |     6.020      |     0.000      |  Neg. p = 0.002   |
|      2487      |       1        |     8.000      |     1.000      |     11.518     |     0.434      |  Neg. p = 0.000   |
|      2488      |       1        |     5.000      |     4.000      |     6.989      |     1.752      |  Neg. p = 0.041   |
|      2490      |       1        |     7.000      |     2.000      |     7.000      |     1.000      |  Neg. p = 0.008   |
|      2491      |       1        |     5.000      |     0.000      |     7.114      |     0.000      |  Neg. p = 0.001   |
|      2496      |       1        |     8.000      |     2.000      |     5.395      |     1.357      |  Neg. p = 0.056   |
|      2497      |       1        |     6.000      |     0.000      |     6.000      |     0.000      |  Neg. p = 0.001   |
|      2498      |       1        |     6.000      |     1.000      |     8.105      |     0.458      |  Neg. p = 0.001   |
|      2499      |       1        |     4.000      |     2.000      |     8.017      |     0.805      |  Neg. p = 0.009   |
|      2500      |       1        |     4.000      |     4.000      |     9.598      |     1.561      |  Neg. p = 0.017   |
|      2501      |       1        |     5.000      |     1.000      |     5.000      |     0.504      |  Neg. p = 0.018   |
|      2502      |       1        |     6.000      |     0.000      |     8.752      |     0.000      |  Neg. p = 0.000   |
|      2503      |       1        |     4.500      |     3.500      |     9.174      |     1.402      |  Neg. p = 0.017   |
|      2504      |       1        |     5.000      |     3.000      |     5.245      |     1.466      |  Neg. p = 0.073   |
|      2507      |       1        |     9.000      |     0.000      |     9.000      |     0.000      |  Neg. p = 0.000   |
|      2508      |       1        |     7.000      |     2.000      |     5.634      |     1.185      |  Neg. p = 0.035   |
|      2509      |       1        |     4.000      |     0.000      |     5.313      |     0.000      |  Neg. p = 0.006   |
|      2510      |       1        |     7.000      |     0.000      |     7.000      |     0.000      |  Neg. p = 0.001   |
|      2511      |       1        |     8.000      |     4.000      |     7.602      |     2.057      |  Neg. p = 0.026   |
|      2512      |       1        |     4.000      |     1.000      |     5.966      |     0.430      |  Neg. p = 0.010   |
|      2513      |       1        |     7.000      |     0.000      |     4.807      |     0.000      |  Neg. p = 0.006   |
|      2515      |       1        |     9.000      |     0.000      |     6.285      |     0.000      |  Neg. p = 0.001   |
|      2516      |       1        |     10.000     |     0.000      |     10.000     |     0.000      |  Neg. p = 0.000   |
|      2518      |       1        |     5.000      |     0.000      |     5.000      |     0.000      |  Neg. p = 0.004   |
|      2519      |       1        |     5.000      |     0.000      |     6.473      |     0.000      |  Neg. p = 0.001   |
|      2520      |       1        |     8.000      |     0.000      |     8.000      |     0.000      |  Neg. p = 0.000   |
|      2522      |       1        |     3.000      |     0.000      |     3.000      |     0.000      |  Neg. p = 0.037   |
|      2523      |       1        |     5.000      |     0.000      |     5.000      |     0.000      |  Neg. p = 0.004   |
|      2524      |       1        |     6.000      |     0.000      |     7.765      |     0.000      |  Neg. p = 0.000   |
|      2525      |       1        |     7.000      |     0.000      |     7.000      |     0.000      |  Neg. p = 0.000   |
|      2526      |       1        |     9.000      |     0.000      |     9.000      |     0.000      |  Neg. p = 0.000   |
|      2527      |       1        |     6.000      |     0.000      |     6.000      |     0.000      |  Neg. p = 0.002   |
|      2528      |       1        |     2.000      |     0.000      |     5.659      |     0.000      |  Neg. p = 0.014   |
|      2529      |       1        |     5.500      |     2.500      |     5.665      |     1.232      |  Neg. p = 0.048   |
|      2530      |       1        |     8.000      |     0.000      |     5.890      |     0.000      |  Neg. p = 0.002   |
|      2531      |       1        |     5.000      |     0.000      |     5.000      |     0.000      |  Neg. p = 0.004   |
|      2532      |       1        |     8.000      |     0.000      |     8.000      |     0.000      |  Neg. p = 0.000   |
|      2533      |       1        |     7.000      |     2.000      |     7.811      |     0.951      |  Neg. p = 0.004   |
|      2534      |       1        |     8.000      |     0.000      |     5.870      |     0.000      |  Neg. p = 0.002   |
|      2536      |       1        |     3.000      |     0.000      |     8.833      |     0.000      |  Neg. p = 0.003   |
|      2537      |       1        |     6.000      |     0.000      |     3.951      |     0.000      |  Neg. p = 0.018   |
|      2538      |       1        |     8.000      |     0.000      |     8.000      |     0.000      |  Neg. p = 0.001   |
|      2539      |       1        |     6.000      |     1.000      |     6.029      |     0.517      |  Neg. p = 0.008   |
|      2540      |       1        |     8.000      |     0.000      |     10.474     |     0.000      |  Neg. p = 0.000   |
|      2541      |       1        |     8.000      |     0.000      |     8.000      |     0.000      |  Neg. p = 0.001   |
|      2542      |       1        |     5.000      |     1.000      |     9.223      |     0.409      |  Neg. p = 0.001   |
|      2544      |       1        |     4.000      |     0.000      |     4.000      |     0.000      |  Neg. p = 0.017   |
|      2545      |       1        |     5.000      |     2.000      |     6.021      |     0.922      |  Neg. p = 0.020   |
|      2548      |       1        |     7.000      |     5.000      |     8.570      |     2.291      |  Neg. p = 0.023   |
|      2549      |       1        |     9.000      |     2.000      |     6.743      |     1.208      |  Neg. p = 0.014   |
|      2551      |       1        |     5.000      |     0.000      |     5.000      |     0.000      |  Neg. p = 0.004   |
|      2553      |       1        |     5.000      |     1.000      |     5.000      |     0.507      |  Neg. p = 0.019   |
|      2557      |       1        |     6.000      |     4.000      |     6.072      |     1.997      |  Neg. p = 0.074   |
|      2558      |       1        |     4.000      |     0.000      |     5.959      |     0.000      |  Neg. p = 0.004   |
|      2559      |       1        |     6.000      |     0.000      |     6.000      |     0.000      |  Neg. p = 0.001   |
|      2560      |       1        |     5.000      |     0.000      |     7.417      |     0.000      |  Neg. p = 0.001   |
|      2561      |       1        |     6.500      |     5.500      |     7.867      |     2.535      |  Neg. p = 0.054   |
|      2562      |       1        |     6.167      |     7.833      |     12.170     |     3.153      |  Neg. p = 0.018   |
|      2563      |       1        |     7.000      |     1.000      |     4.956      |     0.635      |  Neg. p = 0.025   |
|      2564      |       1        |     5.000      |     1.000      |     5.000      |     0.505      |  Neg. p = 0.018   |
|      2565      |       1        |     11.833     |     3.167      |     8.033      |     2.103      |  Neg. p = 0.022   |
|      2567      |       1        |     9.000      |     0.000      |     9.000      |     0.000      |  Neg. p = 0.000   |
|      2568      |       1        |     2.000      |     0.000      |     5.998      |     0.000      |  Neg. p = 0.012   |
|      2569      |       1        |     5.000      |     2.000      |     6.962      |     0.876      |  Neg. p = 0.011   |
|      2571      |       1        |     6.000      |     0.000      |     6.000      |     0.000      |  Neg. p = 0.001   |
|      2573      |       1        |     5.000      |     0.000      |     5.000      |     0.000      |  Neg. p = 0.005   |
|      2574      |       1        |     3.000      |     0.000      |     4.475      |     0.000      |  Neg. p = 0.011   |
|      2576      |       1        |     10.000     |     2.000      |     8.019      |     1.231      |  Neg. p = 0.006   |
|      2577      |       1        |     6.000      |     0.000      |     6.000      |     0.000      |  Neg. p = 0.002   |
|      2579      |       1        |     4.000      |     0.000      |     4.000      |     0.000      |  Neg. p = 0.013   |
|      2580      |       1        |     4.000      |     0.000      |     5.668      |     0.000      |  Neg. p = 0.003   |
|      2583      |       1        |     4.000      |     0.000      |     4.000      |     0.000      |  Neg. p = 0.018   |
|      2584      |       1        |     7.000      |     1.000      |     5.550      |     0.577      |  Neg. p = 0.012   |
|      2585      |       1        |     8.000      |     0.000      |     10.523     |     0.000      |  Neg. p = 0.000   |
|      2586      |       1        |     5.000      |     0.000      |     5.000      |     0.000      |  Neg. p = 0.004   |
|      2587      |       1        |     4.000      |     0.000      |     5.987      |     0.000      |  Neg. p = 0.004   |
|      2588      |       1        |     4.000      |     1.000      |     4.000      |     0.515      |  Neg. p = 0.049   |
|      2589      |       1        |     6.000      |     0.000      |     6.000      |     0.000      |  Neg. p = 0.002   |
|      2590      |       1        |     9.000      |     2.000      |     9.061      |     0.997      |  Neg. p = 0.001   |
|      2591      |       1        |     3.000      |     0.000      |     4.528      |     0.000      |  Neg. p = 0.015   |
|      2592      |       1        |     3.000      |     0.000      |     4.499      |     0.000      |  Neg. p = 0.011   |
|      2593      |       1        |     3.000      |     0.000      |     8.525      |     0.000      |  Neg. p = 0.002   |
|      2594      |       1        |     5.000      |     2.000      |     5.000      |     1.000      |  Neg. p = 0.045   |
|      2595      |       1        |     6.000      |     0.000      |     4.335      |     0.000      |  Neg. p = 0.010   |
|      2596      |       1        |     8.000      |     0.000      |     8.000      |     0.000      |  Neg. p = 0.000   |
|      2597      |       1        |     5.000      |     3.000      |     6.863      |     1.321      |  Neg. p = 0.024   |
|      2599      |       1        |     5.000      |     1.000      |     5.000      |     0.501      |  Neg. p = 0.018   |
|      2600      |       1        |     3.000      |     1.000      |     6.300      |     0.398      |  Neg. p = 0.014   |
|      2601      |       1        |     6.000      |     0.000      |     6.000      |     0.000      |  Neg. p = 0.006   |
|      2602      |       1        |     9.000      |     0.000      |     9.000      |     0.000      |  Neg. p = 0.000   |
|      2603      |       1        |     6.000      |     3.000      |     6.012      |     1.507      |  Neg. p = 0.043   |
|      2605      |       1        |     7.000      |     1.000      |     5.016      |     0.627      |  Neg. p = 0.023   |
|      2606      |       1        |     2.000      |     0.000      |     6.143      |     0.000      |  Neg. p = 0.012   |
|      2607      |       1        |     6.500      |     1.500      |     9.064      |     0.657      |  Neg. p = 0.002   |
|      2608      |       1        |     4.000      |     0.000      |     4.000      |     0.000      |  Neg. p = 0.012   |
|      2609      |       1        |     6.000      |     0.000      |     8.923      |     0.000      |  Neg. p = 0.000   |
|      2610      |       1        |     5.000      |     0.000      |     5.000      |     0.000      |  Neg. p = 0.009   |
|      2611      |       1        |     9.000      |     1.000      |     8.272      |     0.526      |  Neg. p = 0.001   |
|      2612      |       1        |     5.000      |     0.000      |     5.000      |     0.000      |  Neg. p = 0.004   |
|      2613      |       1        |     6.000      |     0.000      |     6.000      |     0.000      |  Neg. p = 0.002   |
|      2614      |       1        |     7.000      |     0.000      |     7.000      |     0.000      |  Neg. p = 0.001   |
|      2616      |       1        |     8.000      |     0.000      |     4.944      |     0.000      |  Neg. p = 0.007   |
|      2618      |       1        |     2.000      |     0.000      |     2.943      |     0.000      |  Neg. p = 0.051   |
|      2619      |       1        |     6.000      |     0.000      |     3.688      |     0.000      |  Neg. p = 0.026   |
|      2620      |       1        |     3.000      |     0.000      |     3.000      |     0.000      |  Neg. p = 0.037   |
|      2621      |       1        |     2.000      |     0.000      |     3.020      |     0.000      |  Neg. p = 0.049   |
|      2622      |       1        |     5.000      |     2.000      |     5.000      |     1.114      |  Neg. p = 0.061   |
|      2623      |       1        |     3.000      |     0.000      |     4.496      |     0.000      |  Neg. p = 0.011   |
|      2624      |       1        |     5.000      |     0.000      |     7.441      |     0.000      |  Neg. p = 0.001   |
|      2626      |       1        |     7.000      |     0.000      |     7.000      |     0.000      |  Neg. p = 0.001   |
|      2627      |       1        |     6.833      |     4.167      |     8.163      |     1.927      |  Neg. p = 0.021   |
|      2628      |       1        |     5.000      |     0.000      |     6.787      |     0.000      |  Neg. p = 0.001   |
|      2629      |       1        |     3.000      |     0.000      |     4.454      |     0.000      |  Neg. p = 0.016   |
|      2631      |       1        |     6.000      |     1.000      |     6.484      |     0.482      |  Neg. p = 0.004   |
|      2633      |       1        |     6.000      |     1.000      |     8.523      |     0.436      |  Neg. p = 0.001   |
|      2634      |       1        |     6.000      |     1.000      |     4.393      |     0.613      |  Neg. p = 0.038   |
|      2635      |       1        |     7.000      |     3.000      |     7.000      |     1.500      |  Neg. p = 0.020   |
|      2636      |       1        |     5.000      |     2.000      |     5.592      |     1.142      |  Neg. p = 0.048   |
|      2637      |       1        |     6.000      |     0.000      |     6.000      |     0.000      |  Neg. p = 0.007   |
|      2638      |       1        |     10.000     |     0.000      |     7.281      |     0.000      |  Neg. p = 0.000   |
|      2640      |       1        |     8.833      |     7.167      |     9.850      |     3.422      |  Neg. p = 0.034   |
|      2642      |       1        |     7.000      |     2.000      |     6.933      |     1.008      |  Neg. p = 0.009   |
|      2643      |       1        |     5.000      |     0.000      |     5.000      |     0.000      |  Neg. p = 0.004   |
|      2644      |       1        |     10.000     |     0.000      |     6.408      |     0.000      |  Neg. p = 0.002   |
|      2646      |       1        |     7.000      |     4.000      |     7.455      |     1.991      |  Neg. p = 0.030   |
|      2649      |       1        |     2.000      |     0.000      |     5.672      |     0.000      |  Neg. p = 0.034   |
|      2650      |       1        |     6.000      |     0.000      |     3.988      |     0.000      |  Neg. p = 0.016   |
|      2652      |       1        |     4.000      |     0.000      |     4.000      |     0.000      |  Neg. p = 0.012   |
|      2653      |       1        |     4.000      |     0.000      |     5.937      |     0.000      |  Neg. p = 0.004   |
|      2654      |       1        |     7.000      |     0.000      |     5.029      |     0.000      |  Neg. p = 0.005   |
|      2655      |       1        |     8.000      |     3.000      |     8.000      |     1.501      |  Neg. p = 0.009   |
|      2656      |       1        |     4.000      |     0.000      |     5.921      |     0.000      |  Neg. p = 0.003   |
|      2657      |       1        |     8.000      |     0.000      |     5.628      |     0.000      |  Neg. p = 0.003   |
|      2658      |       1        |     7.000      |     1.000      |     7.000      |     0.506      |  Neg. p = 0.003   |
|      2659      |       1        |     6.000      |     0.000      |     3.915      |     0.000      |  Neg. p = 0.019   |
|      2660      |       1        |     6.000      |     0.000      |     6.000      |     0.000      |  Neg. p = 0.001   |
|      2661      |       1        |     6.000      |     0.000      |     6.000      |     0.000      |  Neg. p = 0.001   |
|      2662      |       1        |     7.500      |     3.500      |     7.455      |     1.791      |  Neg. p = 0.026   |
|      2663      |       1        |     6.000      |     0.000      |     8.646      |     0.000      |  Neg. p = 0.000   |
|      2664      |       1        |     4.000      |     0.000      |     5.849      |     0.000      |  Neg. p = 0.003   |
|      2665      |       1        |     8.000      |     0.000      |     5.223      |     0.000      |  Neg. p = 0.005   |
|      2667      |       1        |     5.000      |     0.000      |     5.000      |     0.000      |  Neg. p = 0.018   |
|      2668      |       1        |     7.000      |     0.000      |     9.900      |     0.000      |  Neg. p = 0.000   |
|      2669      |       1        |     5.000      |     0.000      |     3.749      |     0.000      |  Neg. p = 0.019   |
|      2671      |       1        |     4.000      |     2.000      |     4.121      |     0.986      |  Neg. p = 0.091   |
|      2673      |       1        |     5.000      |     4.000      |     9.781      |     1.613      |  Neg. p = 0.010   |
|      2676      |       1        |     4.000      |     0.000      |     5.638      |     0.000      |  Neg. p = 0.003   |
|      2677      |       1        |     5.000      |     0.000      |     5.000      |     0.000      |  Neg. p = 0.006   |
|      2678      |       1        |     3.000      |     0.000      |     8.818      |     0.000      |  Neg. p = 0.006   |
|      2679      |       1        |     7.000      |     1.000      |     7.000      |     0.573      |  Neg. p = 0.005   |
|      2680      |       1        |     3.000      |     1.000      |     4.488      |     0.429      |  Neg. p = 0.037   |
|      2682      |       1        |     8.000      |     2.000      |     8.000      |     1.005      |  Neg. p = 0.003   |
|      2683      |       1        |     5.000      |     2.000      |     6.631      |     0.890      |  Neg. p = 0.013   |
|      2685      |       1        |     6.000      |     0.000      |     4.687      |     0.000      |  Neg. p = 0.006   |
|      2689      |       1        |     5.000      |     0.000      |     6.789      |     0.000      |  Neg. p = 0.001   |
|      2690      |       1        |     4.000      |     4.000      |     5.821      |     1.734      |  Neg. p = 0.087   |
|      2691      |       1        |     8.000      |     4.000      |     7.506      |     2.070      |  Neg. p = 0.028   |
|      2692      |       1        |     7.000      |     1.000      |     9.259      |     0.446      |  Neg. p = 0.000   |
|      2693      |       1        |     4.000      |     0.000      |     4.000      |     0.000      |  Neg. p = 0.013   |
|      2696      |       1        |     3.000      |     0.000      |     4.532      |     0.000      |  Neg. p = 0.015   |
|      2697      |       1        |     8.000      |     1.000      |     8.000      |     0.515      |  Neg. p = 0.001   |
|      2698      |       1        |     7.000      |     2.000      |     5.389      |     1.179      |  Neg. p = 0.040   |
|      2699      |       1        |     7.000      |     1.000      |     10.259     |     0.498      |  Neg. p = 0.000   |
|      2700      |       1        |     3.000      |     0.000      |     8.639      |     0.000      |  Neg. p = 0.002   |
|      2704      |       1        |     5.000      |     3.000      |     5.019      |     1.505      |  Neg. p = 0.088   |
|      2706      |       1        |     4.000      |     1.000      |     4.264      |     0.581      |  Neg. p = 0.056   |
|      2707      |       1        |     7.000      |     0.000      |     7.000      |     0.000      |  Neg. p = 0.001   |
|      2710      |       1        |     6.000      |     1.000      |     6.000      |     0.502      |  Neg. p = 0.007   |
|      2712      |       1        |     3.000      |     0.000      |     4.489      |     0.000      |  Neg. p = 0.011   |
|      2713      |       1        |     5.000      |     6.000      |     7.544      |     2.569      |  Neg. p = 0.074   |
|      2718      |       1        |     8.000      |     0.000      |     8.000      |     0.000      |  Neg. p = 0.000   |
|      2719      |       1        |     4.000      |     0.000      |     4.000      |     0.000      |  Neg. p = 0.018   |
|      2720      |       1        |     6.000      |     4.000      |     8.715      |     1.732      |  Neg. p = 0.013   |
|      2722      |       1        |     3.000      |     0.000      |     3.000      |     0.000      |  Neg. p = 0.051   |
|      2724      |       1        |     6.500      |     3.500      |     7.949      |     1.610      |  Neg. p = 0.018   |
|      2726      |       1        |     9.000      |     2.000      |     7.482      |     1.121      |  Neg. p = 0.006   |
|      2727      |       1        |     3.000      |     0.000      |     8.614      |     0.000      |  Neg. p = 0.002   |
|      2729      |       1        |     9.500      |     2.500      |     9.841      |     1.234      |  Neg. p = 0.002   |
|      2730      |       1        |     2.000      |     0.000      |     2.998      |     0.000      |  Neg. p = 0.049   |
|      2733      |       1        |     5.000      |     0.000      |     5.000      |     0.000      |  Neg. p = 0.004   |
|      2734      |       1        |     10.000     |     1.000      |     9.370      |     0.519      |  Neg. p = 0.000   |
|      2736      |       1        |     6.000      |     2.000      |     5.797      |     1.020      |  Neg. p = 0.024   |
|      2739      |       1        |     6.500      |     3.500      |     5.987      |     1.829      |  Neg. p = 0.071   |
|      2740      |       1        |     3.000      |     1.000      |     4.492      |     0.430      |  Neg. p = 0.037   |
|      2741      |       1        |     10.000     |     0.000      |     10.000     |     0.000      |  Neg. p = 0.000   |
|      2742      |       1        |     4.000      |     3.000      |     9.335      |     1.404      |  Neg. p = 0.018   |
|      2743      |       1        |     8.000      |     4.000      |     9.657      |     1.849      |  Neg. p = 0.006   |
|      2744      |       1        |     6.500      |     1.500      |     8.423      |     0.673      |  Neg. p = 0.003   |
|      2746      |       1        |     11.000     |     0.000      |     11.000     |     0.000      |  Neg. p = 0.000   |
|      2748      |       1        |     6.000      |     6.000      |     7.547      |     2.722      |  Neg. p = 0.070   |
|      2751      |       1        |     6.000      |     0.000      |     7.786      |     0.000      |  Neg. p = 0.000   |
|      2752      |       1        |     8.000      |     4.000      |     9.207      |     1.880      |  Neg. p = 0.008   |
|      2755      |       1        |     5.000      |     0.000      |     5.000      |     0.000      |  Neg. p = 0.004   |
|      2756      |       1        |     5.000      |     0.000      |     7.308      |     0.000      |  Neg. p = 0.001   |
|      2759      |       1        |     6.000      |     1.000      |     6.000      |     0.523      |  Neg. p = 0.008   |
|      2760      |       1        |     7.000      |     0.000      |     6.613      |     0.000      |  Neg. p = 0.001   |
|      2762      |       1        |     7.000      |     0.000      |     7.000      |     0.000      |  Neg. p = 0.003   |
|      2763      |       1        |     5.000      |     3.000      |     4.888      |     1.525      |  Neg. p = 0.097   |
|      2765      |       1        |     3.000      |     3.000      |     5.511      |     1.226      |  Neg. p = 0.078   |
|      2766      |       1        |     7.000      |     1.000      |     10.147     |     0.494      |  Neg. p = 0.000   |
|      2767      |       1        |     4.000      |     0.000      |     4.000      |     0.000      |  Neg. p = 0.015   |
|      2770      |       1        |     7.000      |     0.000      |     4.442      |     0.000      |  Neg. p = 0.012   |
|      2772      |       1        |     6.000      |     0.000      |     6.000      |     0.000      |  Neg. p = 0.001   |
|      2773      |       1        |     8.000      |     2.000      |     8.000      |     1.015      |  Neg. p = 0.004   |
|      2774      |       1        |     9.000      |     0.000      |     6.083      |     0.000      |  Neg. p = 0.002   |
|      2775      |       1        |     5.000      |     0.000      |     3.336      |     0.000      |  Neg. p = 0.031   |
|      2776      |       1        |     4.000      |     0.000      |     5.987      |     0.000      |  Neg. p = 0.002   |
|      2777      |       1        |     4.000      |     0.000      |     2.473      |     0.000      |  Neg. p = 0.085   |
|      2778      |       1        |     2.000      |     0.000      |     6.182      |     0.000      |  Neg. p = 0.012   |
|      2779      |       1        |     7.000      |     0.000      |     7.000      |     0.000      |  Neg. p = 0.003   |
|      2780      |       1        |     2.000      |     0.000      |     5.297      |     0.000      |  Neg. p = 0.016   |
|      2781      |       1        |     2.000      |     1.000      |     5.857      |     0.378      |  Neg. p = 0.036   |
|      2782      |       1        |     6.000      |     0.000      |     3.922      |     0.000      |  Neg. p = 0.019   |
|      2783      |       1        |     5.000      |     0.000      |     5.000      |     0.000      |  Neg. p = 0.007   |
|      2784      |       1        |     8.500      |     1.500      |     5.803      |     1.002      |  Neg. p = 0.030   |
|      2785      |       1        |     4.000      |     0.000      |     5.633      |     0.000      |  Neg. p = 0.003   |
|      2786      |       1        |     7.000      |     4.000      |     8.234      |     1.861      |  Neg. p = 0.016   |
|      2789      |       1        |     8.000      |     4.000      |     8.000      |     2.034      |  Neg. p = 0.020   |
|      2794      |       1        |     4.000      |     2.000      |     5.976      |     0.859      |  Neg. p = 0.025   |
|      2796      |       1        |     3.000      |     1.000      |     4.406      |     0.431      |  Neg. p = 0.039   |
|      2802      |       1        |     4.000      |     3.000      |     7.741      |     1.213      |  Neg. p = 0.020   |
|      2803      |       1        |     6.167      |     7.833      |     10.801     |     3.238      |  Neg. p = 0.031   |
|      2804      |       1        |     7.000      |     0.000      |     7.000      |     0.000      |  Neg. p = 0.000   |
|      2805      |       1        |     7.000      |     2.000      |     8.413      |     0.923      |  Neg. p = 0.003   |
|      2807      |       1        |     8.000      |     0.000      |     5.343      |     0.000      |  Neg. p = 0.004   |
|      2808      |       1        |     7.000      |     0.000      |     7.000      |     0.000      |  Neg. p = 0.000   |
|      2809      |       1        |     7.000      |     0.000      |     9.242      |     0.000      |  Neg. p = 0.000   |
|      2810      |       1        |     6.000      |     1.000      |     6.000      |     0.500      |  Neg. p = 0.007   |
|      2811      |       1        |     5.000      |     0.000      |     5.000      |     0.000      |  Neg. p = 0.004   |
|      2812      |       1        |     4.000      |     1.000      |     5.656      |     0.436      |  Neg. p = 0.013   |
|      2813      |       1        |     3.500      |     1.500      |     10.387     |     0.574      |  Neg. p = 0.007   |
|      2815      |       1        |     6.000      |     1.000      |     6.000      |     0.546      |  Neg. p = 0.009   |
|      2817      |       1        |     6.000      |     0.000      |     6.000      |     0.000      |  Neg. p = 0.005   |
|      2818      |       1        |     8.000      |     0.000      |     5.093      |     0.000      |  Neg. p = 0.006   |
|      2819      |       1        |     6.000      |     2.000      |     6.000      |     1.006      |  Neg. p = 0.020   |
|      2820      |       1        |     10.000     |     0.000      |     6.472      |     0.000      |  Neg. p = 0.001   |
|      2821      |       1        |     5.000      |     0.000      |     3.132      |     0.000      |  Neg. p = 0.044   |
|      2822      |       1        |     6.000      |     1.000      |     6.000      |     0.500      |  Neg. p = 0.007   |
|      2825      |       1        |     10.000     |     0.000      |     10.000     |     0.000      |  Neg. p = 0.000   |
|      2826      |       1        |     7.000      |     0.000      |     9.489      |     0.000      |  Neg. p = 0.000   |
|      2827      |       1        |     5.000      |     2.000      |     5.045      |     1.002      |  Neg. p = 0.044   |
|      2828      |       1        |     5.000      |     0.000      |     7.009      |     0.000      |  Neg. p = 0.001   |
|      2829      |       1        |     9.000      |     0.000      |     9.000      |     0.000      |  Neg. p = 0.000   |
|      2830      |       1        |     8.500      |     5.500      |     8.097      |     2.836      |  Neg. p = 0.051   |
|      2831      |       1        |     5.000      |     0.000      |     7.435      |     0.000      |  Neg. p = 0.001   |
|      2832      |       1        |     5.000      |     5.000      |     7.511      |     2.461      |  Neg. p = 0.074   |
|      2835      |       1        |     4.000      |     1.000      |     5.986      |     0.429      |  Neg. p = 0.010   |
|      2836      |       1        |     6.000      |     0.000      |     4.849      |     0.000      |  Neg. p = 0.005   |
|      2837      |       1        |     2.000      |     0.000      |     2.998      |     0.000      |  Neg. p = 0.049   |
|      2838      |       1        |     9.000      |     2.000      |     7.518      |     1.114      |  Neg. p = 0.006   |
|      2839      |       1        |     4.000      |     0.000      |     3.022      |     0.000      |  Neg. p = 0.038   |
|      2841      |       1        |     2.000      |     0.000      |     3.004      |     0.000      |  Neg. p = 0.049   |
|      2842      |       1        |     4.500      |     4.500      |     6.388      |     1.960      |  Neg. p = 0.088   |
|      2846      |       1        |     3.000      |     0.000      |     4.309      |     0.000      |  Neg. p = 0.012   |
|      2847      |       1        |     6.000      |     6.000      |     9.036      |     2.570      |  Neg. p = 0.031   |
|      2849      |       1        |     3.000      |     0.000      |     4.500      |     0.000      |  Neg. p = 0.016   |
|      2850      |       1        |     10.000     |     2.000      |     7.963      |     1.153      |  Neg. p = 0.004   |
|      2851      |       1        |     8.000      |     6.000      |     9.447      |     2.824      |  Neg. p = 0.023   |
|      2853      |       1        |     6.000      |     4.000      |     5.837      |     2.045      |  Neg. p = 0.089   |
|      2856      |       1        |     6.000      |     1.000      |     7.823      |     0.450      |  Neg. p = 0.002   |
|      2857      |       1        |     6.000      |     7.000      |     9.013      |     3.003      |  Neg. p = 0.048   |
|      2860      |       1        |     7.500      |     6.500      |     8.520      |     3.344      |  Neg. p = 0.075   |
|      2862      |       1        |     2.000      |     0.000      |     5.672      |     0.000      |  Neg. p = 0.014   |
|      2865      |       1        |     3.000      |     2.000      |     4.144      |     0.879      |  Neg. p = 0.095   |
|      2866      |       1        |     5.000      |     2.000      |     5.000      |     1.106      |  Neg. p = 0.060   |
|      2868      |       1        |     3.000      |     0.000      |     8.640      |     0.000      |  Neg. p = 0.006   |
|      2872      |       1        |     8.000      |     3.000      |     8.000      |     1.510      |  Neg. p = 0.009   |
|      2875      |       1        |     8.000      |     2.000      |     8.000      |     1.011      |  Neg. p = 0.004   |
|      2876      |       1        |     9.500      |     7.500      |     9.906      |     3.676      |  Neg. p = 0.040   |
|      2877      |       1        |     3.000      |     4.000      |     6.935      |     1.855      |  Neg. p = 0.096   |
|      2880      |       1        |     6.000      |     1.000      |     6.232      |     0.492      |  Neg. p = 0.006   |
|      2882      |       1        |     6.000      |     0.000      |     7.854      |     0.000      |  Neg. p = 0.000   |
|      2885      |       1        |     6.000      |     0.000      |     8.890      |     0.000      |  Neg. p = 0.000   |
|      2886      |       1        |     6.750      |     5.250      |     8.884      |     2.613      |  Neg. p = 0.038   |
|      2887      |       1        |     3.000      |     1.000      |     4.506      |     0.431      |  Neg. p = 0.037   |
|      2888      |       1        |     4.000      |     1.000      |     4.000      |     0.562      |  Neg. p = 0.060   |
|      2890      |       1        |     4.000      |     5.000      |     6.376      |     2.115      |  Neg. p = 0.099   |
|      2891      |       1        |     7.000      |     0.000      |     9.264      |     0.000      |  Neg. p = 0.000   |
|      2893      |       1        |     6.000      |     1.000      |     6.000      |     0.507      |  Neg. p = 0.007   |
|      2895      |       1        |     7.000      |     1.000      |     7.000      |     0.500      |  Neg. p = 0.003   |
|      2896      |       1        |     10.000     |     0.000      |     6.544      |     0.000      |  Neg. p = 0.001   |
|      2897      |       1        |     4.000      |     3.000      |     5.807      |     1.308      |  Neg. p = 0.054   |
|      2898      |       1        |     7.000      |     3.000      |     7.211      |     1.478      |  Neg. p = 0.017   |
|      2899      |       1        |     4.000      |     0.000      |     4.000      |     0.000      |  Neg. p = 0.013   |
|      2900      |       1        |     2.000      |     0.000      |     6.090      |     0.000      |  Neg. p = 0.029   |
|      2901      |       1        |     5.000      |     2.000      |     5.000      |     1.059      |  Neg. p = 0.053   |
|      2902      |       1        |     4.000      |     0.000      |     5.242      |     0.000      |  Neg. p = 0.004   |
|      2903      |       1        |     2.000      |     1.000      |     4.222      |     0.399      |  Neg. p = 0.068   |
|      2904      |       1        |     3.000      |     1.000      |     9.402      |     0.390      |  Neg. p = 0.005   |
|      2905      |       1        |     3.000      |     1.000      |     4.248      |     0.436      |  Neg. p = 0.043   |
|      2906      |       1        |     4.000      |     0.000      |     4.000      |     0.000      |  Neg. p = 0.018   |
|      2908      |       1        |     3.000      |     0.000      |     8.419      |     0.000      |  Neg. p = 0.006   |
|      2909      |       1        |     3.000      |     0.000      |     3.960      |     0.000      |  Neg. p = 0.021   |
|      2910      |       1        |     3.000      |     0.000      |     8.853      |     0.000      |  Neg. p = 0.001   |
|      2913      |       1        |     2.000      |     0.000      |     3.009      |     0.000      |  Neg. p = 0.049   |
|      2914      |       1        |     10.000     |     0.000      |     10.000     |     0.000      |  Neg. p = 0.000   |
|      2916      |       1        |     5.000      |     0.000      |     7.447      |     0.000      |  Neg. p = 0.001   |
|      2917      |       1        |     4.000      |     4.000      |     5.664      |     1.747      |  Neg. p = 0.095   |
|      2919      |       1        |     5.000      |     0.000      |     7.442      |     0.000      |  Neg. p = 0.001   |
|      2921      |       1        |     2.000      |     0.000      |     6.032      |     0.000      |  Neg. p = 0.018   |
|      2922      |       1        |     7.000      |     1.000      |     10.392     |     0.499      |  Neg. p = 0.000   |
|      2923      |       1        |     12.000     |     0.000      |     8.074      |     0.000      |  Neg. p = 0.000   |
|      2924      |       1        |     6.500      |     3.500      |     6.783      |     1.716      |  Neg. p = 0.039   |
|      2925      |       1        |     5.500      |     6.500      |     8.318      |     2.787      |  Neg. p = 0.067   |
|      2926      |       1        |     3.000      |     0.000      |     4.519      |     0.000      |  Neg. p = 0.011   |
|      2927      |       1        |     8.000      |     0.000      |     5.836      |     0.000      |  Neg. p = 0.002   |
|      2928      |       1        |     7.000      |     3.000      |     8.482      |     1.379      |  Neg. p = 0.006   |
|      2929      |       1        |     8.000      |     1.000      |     8.061      |     0.499      |  Neg. p = 0.001   |
|      2930      |       1        |     7.000      |     0.000      |     11.128     |     0.000      |  Neg. p = 0.000   |
|      2932      |       1        |     3.000      |     1.000      |     4.327      |     0.434      |  Neg. p = 0.041   |
|      2933      |       1        |     6.000      |     0.000      |     3.959      |     0.000      |  Neg. p = 0.017   |
|      2934      |       1        |     6.000      |     4.000      |     6.113      |     1.982      |  Neg. p = 0.070   |
|      2935      |       1        |     5.000      |     1.000      |     5.000      |     0.530      |  Neg. p = 0.021   |
|      2936      |       1        |     8.000      |     0.000      |     8.000      |     0.000      |  Neg. p = 0.000   |
|      2937      |       1        |     4.000      |     0.000      |     6.024      |     0.000      |  Neg. p = 0.002   |
|      2938      |       1        |     4.000      |     0.000      |     5.985      |     0.000      |  Neg. p = 0.002   |
|      2940      |       1        |     8.000      |     1.000      |     11.518     |     0.434      |  Neg. p = 0.000   |
|      2941      |       1        |     3.000      |     0.000      |     8.637      |     0.000      |  Neg. p = 0.003   |
|      2942      |       1        |     7.000      |     0.000      |     4.956      |     0.000      |  Neg. p = 0.005   |
|      2943      |       1        |     3.000      |     0.000      |     4.525      |     0.000      |  Neg. p = 0.011   |
|      2944      |       1        |     6.000      |     0.000      |     8.751      |     0.000      |  Neg. p = 0.000   |
|      2945      |       1        |     4.000      |     0.000      |     4.000      |     0.000      |  Neg. p = 0.017   |
|      2946      |       1        |     2.000      |     0.000      |     5.572      |     0.000      |  Neg. p = 0.035   |
|      2947      |       1        |     6.000      |     0.000      |     10.798     |     0.000      |  Neg. p = 0.000   |
|      2948      |       1        |     7.000      |     0.000      |     7.000      |     0.000      |  Neg. p = 0.002   |
|      2949      |       1        |     6.000      |     0.000      |     6.000      |     0.000      |  Neg. p = 0.001   |
|      2950      |       1        |     5.000      |     0.000      |     5.000      |     0.000      |  Neg. p = 0.018   |
|      2951      |       1        |     3.000      |     0.000      |     4.166      |     0.000      |  Neg. p = 0.014   |
|      2952      |       1        |     2.000      |     0.000      |     5.994      |     0.000      |  Neg. p = 0.012   |
|      2953      |       1        |     7.000      |     0.000      |     7.000      |     0.000      |  Neg. p = 0.001   |
|      2954      |       1        |     8.000      |     0.000      |     10.682     |     0.000      |  Neg. p = 0.000   |
|      2955      |       1        |     11.000     |     2.000      |     7.270      |     1.365      |  Neg. p = 0.013   |
|      2956      |       1        |     9.000      |     0.000      |     7.136      |     0.000      |  Neg. p = 0.000   |
|      2957      |       1        |     5.000      |     0.000      |     7.156      |     0.000      |  Neg. p = 0.001   |
|      2958      |       1        |     8.000      |     2.000      |     8.217      |     1.388      |  Neg. p = 0.013   |
|      2959      |       1        |     2.000      |     0.000      |     5.999      |     0.000      |  Neg. p = 0.030   |
|      2960      |       1        |     5.000      |     0.000      |     9.898      |     0.000      |  Neg. p = 0.001   |
|      2961      |       1        |     6.000      |     5.000      |     8.893      |     2.431      |  Neg. p = 0.032   |
|      2962      |       1        |     7.000      |     2.000      |     7.000      |     1.383      |  Neg. p = 0.028   |
|      2965      |       1        |     6.000      |     1.000      |     8.768      |     0.432      |  Neg. p = 0.001   |
|      2966      |       1        |     6.000      |     0.000      |     6.000      |     0.000      |  Neg. p = 0.001   |
|      2967      |       1        |     3.000      |     0.000      |     4.500      |     0.000      |  Neg. p = 0.011   |
|      2968      |       1        |     6.000      |     0.000      |     6.000      |     0.000      |  Neg. p = 0.001   |
|      2969      |       1        |     5.000      |     0.000      |     5.000      |     0.000      |  Neg. p = 0.004   |
|      2970      |       1        |     3.000      |     0.000      |     3.000      |     0.000      |  Neg. p = 0.037   |
|      2971      |       1        |     8.000      |     2.000      |     6.967      |     1.080      |  Neg. p = 0.009   |
|      2972      |       1        |     4.000      |     0.000      |     11.025     |     0.000      |  Neg. p = 0.001   |
|      2973      |       1        |     3.000      |     0.000      |     3.000      |     0.000      |  Neg. p = 0.037   |
|      2974      |       1        |     3.000      |     2.000      |     4.359      |     0.865      |  Neg. p = 0.083   |
|      2975      |       1        |     5.000      |     0.000      |     3.424      |     0.000      |  Neg. p = 0.028   |
|      2976      |       1        |     5.000      |     0.000      |     6.673      |     0.000      |  Neg. p = 0.002   |
|      2977      |       1        |     4.000      |     0.000      |     5.929      |     0.000      |  Neg. p = 0.003   |
|      2978      |       1        |     8.000      |     0.000      |     8.000      |     0.000      |  Neg. p = 0.000   |
|      2979      |       1        |     4.000      |     1.000      |     5.794      |     0.433      |  Neg. p = 0.011   |
|      2980      |       1        |     7.000      |     0.000      |     7.000      |     0.000      |  Neg. p = 0.002   |
|      2981      |       1        |     7.000      |     0.000      |     10.288     |     0.000      |  Neg. p = 0.000   |
|      2982      |       1        |     10.000     |     1.000      |     13.640     |     0.441      |  Neg. p = 0.000   |
|      2983      |       1        |     6.000      |     0.000      |     6.000      |     0.000      |  Neg. p = 0.003   |
|      2984      |       1        |     6.000      |     1.000      |     8.414      |     0.437      |  Neg. p = 0.001   |
|      2985      |       1        |     5.000      |     3.000      |     7.725      |     1.276      |  Neg. p = 0.015   |
|      2987      |       1        |     6.000      |     4.000      |     6.000      |     2.023      |  Neg. p = 0.079   |
|      2990      |       1        |     2.000      |     0.000      |     5.329      |     0.000      |  Neg. p = 0.038   |
|      2991      |       1        |     7.000      |     1.000      |     8.691      |     0.456      |  Neg. p = 0.001   |
|      2994      |       1        |     4.000      |     2.000      |     6.008      |     0.857      |  Neg. p = 0.025   |
|      2998      |       1        |     3.000      |     0.000      |     7.996      |     0.000      |  Neg. p = 0.007   |
|      3000      |       1        |     8.000      |     4.000      |     7.500      |     2.069      |  Neg. p = 0.028   |
|      3002      |       1        |     4.000      |     1.000      |     9.917      |     0.494      |  Neg. p = 0.003   |
|      3006      |       1        |     6.000      |     1.000      |     6.000      |     0.500      |  Neg. p = 0.007   |
|      3007      |       1        |     12.000     |     0.000      |     8.187      |     0.000      |  Neg. p = 0.000   |
|      3009      |       1        |     9.000      |     0.000      |     9.000      |     0.000      |  Neg. p = 0.000   |
|      3011      |       1        |     6.500      |     4.500      |     6.470      |     2.261      |  Neg. p = 0.083   |
|      3013      |       1        |     8.000      |     0.000      |     8.000      |     0.000      |  Neg. p = 0.000   |
|      3014      |       1        |     4.000      |     0.000      |     4.000      |     0.000      |  Neg. p = 0.012   |
|      3015      |       1        |     8.000      |     4.000      |     8.000      |     2.018      |  Neg. p = 0.019   |
|      3016      |       1        |     7.000      |     0.000      |     7.000      |     0.000      |  Neg. p = 0.002   |
|      3018      |       1        |     6.000      |     0.000      |     6.000      |     0.000      |  Neg. p = 0.003   |
|      3019      |       1        |     7.000      |     0.000      |     7.000      |     0.000      |  Neg. p = 0.000   |
|      3021      |       1        |     8.000      |     1.000      |     8.816      |     0.479      |  Neg. p = 0.000   |
|      3022      |       1        |     7.000      |     1.000      |     7.079      |     0.536      |  Neg. p = 0.003   |
|      3023      |       1        |     9.000      |     0.000      |     8.644      |     0.000      |  Neg. p = 0.000   |
|      3024      |       1        |     3.000      |     0.000      |     4.515      |     0.000      |  Neg. p = 0.011   |
|      3025      |       1        |     5.000      |     0.000      |     5.000      |     0.000      |  Neg. p = 0.004   |
|      3027      |       1        |     8.000      |     0.000      |     7.055      |     0.000      |  Neg. p = 0.000   |
|      3028      |       1        |     7.000      |     0.000      |     7.000      |     0.000      |  Neg. p = 0.000   |
|      3030      |       1        |     5.000      |     0.000      |     5.000      |     0.000      |  Neg. p = 0.004   |
|      3032      |       1        |     2.000      |     0.000      |     6.190      |     0.000      |  Neg. p = 0.012   |
|      3033      |       1        |     5.000      |     0.000      |     5.000      |     0.000      |  Neg. p = 0.005   |
|      3034      |       1        |     10.000     |     0.000      |     10.000     |     0.000      |  Neg. p = 0.000   |
|      3035      |       1        |     6.000      |     0.000      |     6.000      |     0.000      |  Neg. p = 0.001   |
|      3036      |       1        |     9.000      |     0.000      |     9.000      |     0.000      |  Neg. p = 0.000   |
|      3037      |       1        |     4.000      |     0.000      |     4.000      |     0.000      |  Neg. p = 0.012   |
|      3038      |       1        |     3.000      |     0.000      |     3.000      |     0.000      |  Neg. p = 0.050   |
|      3039      |       1        |     5.000      |     0.000      |     5.000      |     0.000      |  Neg. p = 0.004   |
|      3041      |       1        |     6.000      |     0.000      |     5.468      |     0.000      |  Neg. p = 0.002   |
|      3042      |       1        |     5.000      |     0.000      |     7.430      |     0.000      |  Neg. p = 0.001   |
|      3043      |       1        |     3.000      |     0.000      |     3.000      |     0.000      |  Neg. p = 0.051   |
|      3044      |       1        |     4.000      |     0.000      |     5.864      |     0.000      |  Neg. p = 0.004   |
|      3045      |       1        |     7.000      |     0.000      |     7.000      |     0.000      |  Neg. p = 0.000   |
|      3046      |       1        |     2.000      |     0.000      |     5.676      |     0.000      |  Neg. p = 0.014   |
|      3047      |       1        |     8.000      |     0.000      |     8.000      |     0.000      |  Neg. p = 0.000   |
|      3048      |       1        |     4.000      |     0.000      |     4.000      |     0.000      |  Neg. p = 0.012   |
|      3049      |       1        |     3.000      |     0.000      |     3.000      |     0.000      |  Neg. p = 0.037   |
|      3050      |       1        |     7.000      |     0.000      |     7.000      |     0.000      |  Neg. p = 0.003   |
|      3051      |       1        |     5.000      |     4.000      |     5.980      |     1.849      |  Neg. p = 0.075   |
|      3053      |       1        |     9.000      |     0.000      |     5.737      |     0.000      |  Neg. p = 0.003   |
|      3054      |       1        |     5.000      |     1.000      |     3.477      |     0.640      |  Neg. p = 0.091   |
|      3056      |       1        |     5.000      |     0.000      |     5.000      |     0.000      |  Neg. p = 0.005   |
|      3057      |       1        |     5.000      |     0.000      |     7.475      |     0.000      |  Neg. p = 0.001   |
|      3059      |       1        |     10.000     |     1.000      |     10.032     |     0.499      |  Neg. p = 0.000   |
|      3060      |       1        |     7.000      |     1.000      |     5.113      |     0.619      |  Neg. p = 0.021   |
|      3062      |       1        |     3.000      |     4.000      |     7.440      |     1.582      |  Neg. p = 0.059   |
|      3063      |       1        |     6.000      |     5.000      |     8.754      |     2.200      |  Neg. p = 0.024   |
|      3064      |       1        |     3.000      |     2.000      |     4.420      |     0.864      |  Neg. p = 0.080   |
|      3068      |       1        |     5.000      |     2.000      |     6.868      |     1.084      |  Neg. p = 0.022   |
|      3069      |       1        |     5.000      |     2.000      |     5.000      |     1.010      |  Neg. p = 0.047   |
|      3071      |       1        |     5.500      |     3.500      |     5.925      |     1.694      |  Neg. p = 0.071   |
|      3072      |       1        |     5.000      |     0.000      |     3.193      |     0.000      |  Neg. p = 0.039   |
|      3073      |       1        |     3.000      |     0.000      |     4.498      |     0.000      |  Neg. p = 0.011   |
|      3074      |       1        |     7.000      |     1.000      |     6.091      |     0.589      |  Neg. p = 0.009   |
|      3075      |       1        |     9.000      |     0.000      |     9.000      |     0.000      |  Neg. p = 0.000   |
|      3076      |       1        |     8.000      |     0.000      |     8.000      |     0.000      |  Neg. p = 0.000   |
|      3077      |       1        |     4.500      |     3.500      |     6.548      |     1.516      |  Neg. p = 0.053   |
|      3078      |       1        |     5.000      |     0.000      |     5.000      |     0.000      |  Neg. p = 0.004   |
|      3079      |       1        |     10.000     |     0.000      |     10.000     |     0.000      |  Neg. p = 0.000   |
|      3080      |       1        |     7.000      |     0.000      |     4.507      |     0.000      |  Neg. p = 0.011   |
|      3081      |       1        |     4.000      |     0.000      |     5.968      |     0.000      |  Neg. p = 0.002   |
|      3083      |       1        |     5.000      |     0.000      |     5.000      |     0.000      |  Neg. p = 0.004   |
|      3085      |       1        |     6.000      |     0.000      |     8.691      |     0.000      |  Neg. p = 0.000   |
|      3086      |       1        |     7.000      |     0.000      |     7.000      |     0.000      |  Neg. p = 0.000   |
|      3087      |       1        |     7.000      |     1.000      |     7.194      |     0.493      |  Neg. p = 0.002   |
|      3088      |       1        |     4.000      |     1.000      |     4.092      |     0.497      |  Neg. p = 0.042   |
|      3090      |       1        |     6.000      |     0.000      |     8.756      |     0.000      |  Neg. p = 0.000   |
|      3091      |       1        |     6.000      |     0.000      |     8.874      |     0.000      |  Neg. p = 0.000   |
|      3092      |       1        |     4.000      |     0.000      |     5.921      |     0.000      |  Neg. p = 0.003   |
|      3093      |       1        |     2.000      |     0.000      |     5.676      |     0.000      |  Neg. p = 0.021   |
|      3095      |       1        |     3.000      |     1.000      |     4.291      |     0.435      |  Neg. p = 0.042   |
|      3096      |       1        |     7.000      |     4.000      |     7.731      |     1.910      |  Neg. p = 0.022   |
|      3097      |       1        |     8.000      |     0.000      |     8.000      |     0.000      |  Neg. p = 0.000   |
|      3098      |       1        |     2.000      |     0.000      |     3.008      |     0.000      |  Neg. p = 0.049   |
|      3099      |       1        |     8.000      |     0.000      |     8.000      |     0.000      |  Neg. p = 0.000   |
|      3100      |       1        |     4.000      |     0.000      |     4.000      |     0.000      |  Neg. p = 0.012   |
|      3101      |       1        |     6.000      |     0.000      |     6.000      |     0.000      |  Neg. p = 0.002   |
|      3102      |       1        |     7.000      |     0.000      |     10.110     |     0.000      |  Neg. p = 0.000   |
|      3104      |       1        |     5.000      |     0.000      |     3.077      |     0.000      |  Neg. p = 0.048   |
|      3105      |       1        |     8.000      |     0.000      |     8.000      |     0.000      |  Neg. p = 0.001   |
|      3106      |       1        |     12.000     |     0.000      |     8.374      |     0.000      |  Neg. p = 0.000   |
|      3107      |       1        |     2.000      |     0.000      |     6.059      |     0.000      |  Neg. p = 0.012   |
|      3108      |       1        |     3.000      |     4.000      |     7.087      |     1.559      |  Neg. p = 0.064   |
|      3109      |       1        |     7.000      |     1.000      |     7.000      |     0.500      |  Neg. p = 0.003   |
|      3110      |       1        |     7.000      |     0.000      |     7.000      |     0.000      |  Neg. p = 0.000   |
|      3111      |       1        |     8.000      |     3.000      |     10.152     |     1.359      |  Neg. p = 0.002   |
|      3112      |       1        |     8.000      |     0.000      |     8.000      |     0.000      |  Neg. p = 0.000   |
|      3113      |       1        |     8.000      |     3.000      |     9.341      |     1.404      |  Neg. p = 0.003   |
|      3115      |       1        |     5.000      |     0.000      |     3.215      |     0.000      |  Neg. p = 0.039   |
|      3116      |       1        |     5.000      |     0.000      |     5.000      |     0.000      |  Neg. p = 0.004   |
|      3117      |       1        |     4.000      |     1.000      |     5.930      |     0.430      |  Neg. p = 0.010   |
|      3118      |       1        |     11.000     |     0.000      |     8.784      |     0.000      |  Neg. p = 0.000   |
|      3119      |       1        |     3.000      |     0.000      |     4.337      |     0.000      |  Neg. p = 0.012   |
|      3120      |       1        |     6.000      |     0.000      |     8.075      |     0.000      |  Neg. p = 0.000   |
|      3121      |       1        |     4.000      |     0.000      |     5.978      |     0.000      |  Neg. p = 0.002   |
|      3122      |       1        |     5.000      |     0.000      |     5.000      |     0.000      |  Neg. p = 0.004   |
|      3123      |       1        |     4.000      |     0.000      |     6.021      |     0.000      |  Neg. p = 0.002   |
|      3124      |       1        |     6.000      |     0.000      |     6.000      |     0.000      |  Neg. p = 0.001   |
|      3125      |       1        |     3.000      |     0.000      |     4.515      |     0.000      |  Neg. p = 0.011   |
|      3126      |       1        |     4.000      |     0.000      |     5.946      |     0.000      |  Neg. p = 0.003   |
|      3128      |       1        |     5.000      |     0.000      |     5.000      |     0.000      |  Neg. p = 0.004   |
|      3129      |       1        |     3.500      |     1.500      |     9.571      |     0.572      |  Neg. p = 0.008   |
|      3130      |       1        |     8.000      |     0.000      |     5.224      |     0.000      |  Neg. p = 0.005   |
|      3131      |       1        |     5.000      |     0.000      |     7.412      |     0.000      |  Neg. p = 0.001   |
|      3133      |       1        |     6.000      |     0.000      |     8.039      |     0.000      |  Neg. p = 0.000   |
|      3134      |       1        |     6.000      |     0.000      |     6.000      |     0.000      |  Neg. p = 0.001   |
|      3135      |       1        |     6.000      |     0.000      |     6.000      |     0.000      |  Neg. p = 0.009   |
|      3136      |       1        |     6.000      |     0.000      |     6.000      |     0.000      |  Neg. p = 0.002   |
|      3137      |       1        |     6.000      |     0.000      |     7.995      |     0.000      |  Neg. p = 0.000   |
|      3138      |       1        |     8.000      |     0.000      |     10.703     |     0.000      |  Neg. p = 0.000   |
|      3139      |       1        |     5.000      |     0.000      |     7.277      |     0.000      |  Neg. p = 0.001   |
|      3141      |       1        |     7.000      |     0.000      |     4.732      |     0.000      |  Neg. p = 0.007   |
|      3142      |       1        |     5.500      |     2.500      |     8.037      |     1.081      |  Neg. p = 0.011   |
|      3143      |       1        |     6.000      |     3.000      |     8.547      |     1.305      |  Neg. p = 0.007   |
|      3144      |       1        |     10.000     |     0.000      |     14.776     |     0.000      |  Neg. p = 0.000   |
|      3146      |       1        |     4.000      |     0.000      |     5.712      |     0.000      |  Neg. p = 0.003   |
|      3147      |       1        |     7.000      |     0.000      |     10.266     |     0.000      |  Neg. p = 0.000   |
|      3151      |       1        |     3.000      |     0.000      |     3.000      |     0.000      |  Neg. p = 0.090   |
|      3152      |       1        |     7.500      |     2.500      |     7.790      |     1.845      |  Neg. p = 0.041   |
|      3157      |       1        |     4.000      |     6.000      |     7.565      |     2.446      |  Neg. p = 0.084   |
|      3158      |       1        |     6.000      |     0.000      |     6.000      |     0.000      |  Neg. p = 0.001   |
|      3160      |       1        |     6.000      |     0.000      |     6.000      |     0.000      |  Neg. p = 0.001   |
|      3162      |       1        |     7.000      |     1.000      |     7.000      |     0.504      |  Neg. p = 0.003   |
|      3164      |       1        |     10.000     |     2.000      |     8.915      |     1.073      |  Neg. p = 0.002   |
|      3165      |       1        |     5.500      |     5.500      |     6.835      |     2.506      |  Neg. p = 0.097   |
|      3166      |       1        |     6.500      |     3.500      |     8.062      |     1.596      |  Neg. p = 0.017   |
|      3167      |       1        |     6.000      |     1.000      |     6.085      |     0.726      |  Neg. p = 0.024   |
|      3168      |       1        |     3.000      |     1.000      |     4.496      |     0.496      |  Neg. p = 0.050   |
|      3169      |       1        |     7.000      |     2.000      |     5.017      |     1.251      |  Neg. p = 0.061   |
|      3170      |       1        |     4.000      |     0.000      |     4.000      |     0.000      |  Neg. p = 0.012   |
|      3171      |       1        |     10.000     |     1.000      |     8.832      |     0.540      |  Neg. p = 0.000   |
|      3173      |       1        |     3.000      |     0.000      |     3.000      |     0.000      |  Neg. p = 0.095   |
|      3174      |       1        |     4.000      |     2.000      |     9.020      |     0.787      |  Neg. p = 0.006   |
|      3175      |       1        |     9.000      |     0.000      |     9.000      |     0.000      |  Neg. p = 0.000   |
|      3176      |       1        |     3.000      |     0.000      |     4.486      |     0.000      |  Neg. p = 0.011   |
|      3177      |       1        |     7.000      |     0.000      |     5.987      |     0.000      |  Neg. p = 0.001   |
|      3179      |       1        |     6.000      |     0.000      |     6.000      |     0.000      |  Neg. p = 0.005   |
|      3180      |       1        |     4.000      |     0.000      |     5.945      |     0.000      |  Neg. p = 0.003   |
|      3181      |       1        |     4.000      |     0.000      |     5.985      |     0.000      |  Neg. p = 0.004   |
|      3184      |       1        |     4.000      |     0.000      |     5.931      |     0.000      |  Neg. p = 0.003   |
|      3185      |       1        |     11.000     |     3.000      |     8.397      |     1.817      |  Neg. p = 0.010   |
|      3186      |       1        |     7.000      |     0.000      |     10.273     |     0.000      |  Neg. p = 0.000   |
|      3187      |       1        |     3.000      |     0.000      |     4.295      |     0.000      |  Neg. p = 0.013   |
|      3188      |       1        |     2.000      |     0.000      |     6.122      |     0.000      |  Neg. p = 0.012   |
|      3189      |       1        |     6.000      |     3.000      |     6.000      |     1.500      |  Neg. p = 0.042   |
|      3192      |       1        |     6.000      |     3.000      |     7.068      |     1.424      |  Neg. p = 0.020   |
|      3193      |       1        |     7.000      |     1.000      |     7.184      |     0.533      |  Neg. p = 0.003   |
|      3200      |       1        |     5.000      |     0.000      |     3.088      |     0.000      |  Neg. p = 0.046   |
|      3201      |       1        |     9.500      |     5.500      |     8.806      |     3.052      |  Neg. p = 0.043   |
|      3202      |       1        |     6.500      |     7.500      |     9.330      |     3.270      |  Neg. p = 0.055   |
|      3203      |       1        |     7.000      |     1.000      |     7.018      |     0.500      |  Neg. p = 0.003   |
|      3204      |       1        |     7.000      |     0.000      |     6.106      |     0.000      |  Neg. p = 0.001   |
|      3205      |       1        |     6.500      |     3.500      |     9.276      |     1.522      |  Neg. p = 0.008   |
|      3206      |       1        |     4.000      |     0.000      |     4.000      |     0.000      |  Neg. p = 0.012   |
|      3207      |       1        |     5.000      |     0.000      |     5.000      |     0.000      |  Neg. p = 0.004   |
|      3208      |       1        |     6.000      |     2.000      |     6.000      |     1.008      |  Neg. p = 0.020   |
|      3209      |       1        |     10.000     |     4.000      |     7.668      |     2.378      |  Neg. p = 0.034   |
|      3210      |       1        |     5.000      |     0.000      |     5.000      |     0.000      |  Neg. p = 0.004   |
|      3211      |       1        |     6.000      |     3.000      |     6.439      |     1.500      |  Neg. p = 0.034   |
|      3213      |       1        |     4.000      |     0.000      |     5.919      |     0.000      |  Neg. p = 0.004   |
|      3214      |       1        |     3.000      |     0.000      |     4.495      |     0.000      |  Neg. p = 0.016   |
|      3215      |       1        |     8.000      |     3.000      |     7.959      |     1.507      |  Neg. p = 0.009   |
|      3216      |       1        |     4.000      |     0.000      |     4.000      |     0.000      |  Neg. p = 0.018   |
|      3218      |       1        |     8.000      |     1.000      |     12.517     |     0.424      |  Neg. p = 0.000   |
|      3219      |       1        |     4.000      |     3.000      |     5.402      |     1.396      |  Neg. p = 0.077   |
|      3220      |       1        |     5.000      |     4.000      |     6.706      |     1.783      |  Neg. p = 0.049   |
|      3222      |       1        |     12.000     |     2.000      |     10.137     |     1.102      |  Neg. p = 0.001   |
|      3226      |       1        |     7.000      |     0.000      |     7.000      |     0.000      |  Neg. p = 0.000   |
|      3227      |       1        |     5.000      |     2.000      |     5.059      |     1.113      |  Neg. p = 0.059   |
|      3228      |       1        |     3.000      |     2.000      |     4.470      |     0.862      |  Neg. p = 0.078   |
|      3234      |       1        |     7.000      |     1.000      |     9.225      |     0.446      |  Neg. p = 0.000   |
|      3235      |       1        |     7.000      |     0.000      |     9.383      |     0.000      |  Neg. p = 0.000   |
|      3236      |       1        |     2.000      |     0.000      |     5.880      |     0.000      |  Neg. p = 0.013   |
|      3237      |       1        |     7.000      |     3.000      |     7.000      |     1.500      |  Neg. p = 0.020   |
|      3238      |       1        |     6.000      |     0.000      |     7.911      |     0.000      |  Neg. p = 0.000   |
|      3240      |       1        |     4.000      |     0.000      |     4.000      |     0.000      |  Neg. p = 0.013   |
|      3241      |       1        |     8.000      |     0.000      |     5.182      |     0.000      |  Neg. p = 0.005   |
|      3242      |       1        |     8.000      |     5.000      |     6.866      |     2.744      |  Neg. p = 0.085   |
|      3245      |       1        |     4.000      |     1.000      |     5.883      |     0.500      |  Neg. p = 0.017   |
|      3246      |       1        |     7.000      |     2.000      |     8.278      |     0.930      |  Neg. p = 0.003   |
|      3247      |       1        |     9.000      |     3.000      |     11.197     |     1.368      |  Neg. p = 0.001   |
|      3248      |       1        |     4.000      |     1.000      |     4.000      |     0.500      |  Neg. p = 0.045   |
|      3249      |       1        |     6.000      |     0.000      |     6.000      |     0.000      |  Neg. p = 0.007   |
|      3250      |       1        |     7.000      |     2.000      |     10.058     |     0.885      |  Neg. p = 0.001   |
|      3252      |       1        |     7.500      |     2.500      |     8.439      |     1.189      |  Neg. p = 0.006   |
|      3253      |       1        |     7.000      |     3.000      |     7.035      |     1.523      |  Neg. p = 0.020   |
|      3255      |       1        |     6.000      |     3.000      |     8.078      |     1.348      |  Neg. p = 0.010   |
|      3256      |       1        |     7.000      |     1.000      |     10.188     |     0.432      |  Neg. p = 0.000   |
|      3258      |       1        |     5.000      |     0.000      |     5.000      |     0.000      |  Neg. p = 0.004   |
|      3265      |       1        |     7.000      |     0.000      |     7.000      |     0.000      |  Neg. p = 0.000   |
|      3266      |       1        |     4.000      |     2.000      |     9.163      |     0.784      |  Neg. p = 0.005   |
|      3267      |       1        |     6.000      |     0.000      |     6.000      |     0.000      |  Neg. p = 0.001   |
|      3272      |       1        |     10.500     |     6.500      |     8.557      |     3.719      |  Neg. p = 0.077   |
|      3274      |       1        |     3.000      |     0.000      |     3.000      |     0.000      |  Neg. p = 0.037   |
|      3275      |       1        |     11.000     |     0.000      |     7.480      |     0.000      |  Neg. p = 0.000   |
|      3277      |       1        |     7.000      |     6.000      |     7.632      |     2.882      |  Neg. p = 0.069   |
|      3278      |       1        |     6.000      |     1.000      |     6.000      |     0.504      |  Neg. p = 0.007   |
|      3281      |       1        |     5.000      |     0.000      |     5.000      |     0.000      |  Neg. p = 0.006   |
|      3282      |       1        |     6.000      |     2.000      |     7.678      |     0.901      |  Neg. p = 0.005   |
|      3285      |       1        |     6.000      |     1.000      |     6.000      |     0.507      |  Neg. p = 0.007   |
|      3288      |       1        |     10.000     |     3.000      |     9.767      |     1.526      |  Neg. p = 0.002   |
|      3289      |       1        |     3.000      |     0.000      |     4.487      |     0.000      |  Neg. p = 0.011   |
|      3290      |       1        |     5.500      |     1.500      |     5.509      |     0.769      |  Neg. p = 0.028   |
|      3292      |       1        |     9.500      |     3.500      |     9.557      |     1.771      |  Neg. p = 0.005   |
|      3293      |       1        |     7.000      |     0.000      |     4.855      |     0.000      |  Neg. p = 0.006   |
|      3294      |       1        |     8.000      |     0.000      |     8.000      |     0.000      |  Neg. p = 0.002   |
|      3295      |       1        |     5.000      |     3.000      |     7.455      |     1.437      |  Neg. p = 0.024   |
|      3296      |       1        |     4.000      |     4.000      |     5.980      |     1.791      |  Neg. p = 0.089   |
|      3297      |       1        |     8.000      |     1.000      |     8.000      |     0.500      |  Neg. p = 0.001   |
|      3299      |       1        |     7.500      |     3.500      |     9.878      |     1.562      |  Neg. p = 0.005   |
|      3301      |       1        |     3.000      |     1.000      |     4.339      |     0.433      |  Neg. p = 0.041   |
|      3302      |       1        |     7.000      |     0.000      |     7.000      |     0.000      |  Neg. p = 0.000   |
|      3305      |       1        |     7.000      |     2.000      |     7.000      |     1.004      |  Neg. p = 0.008   |
|      3309      |       1        |     9.000      |     1.000      |     6.563      |     0.621      |  Neg. p = 0.005   |
|      3312      |       1        |     3.000      |     1.000      |     4.057      |     0.500      |  Neg. p = 0.063   |
|      3316      |       1        |     6.000      |     3.000      |     6.000      |     1.500      |  Neg. p = 0.042   |
|      3317      |       1        |     7.500      |     4.500      |     6.678      |     2.578      |  Neg. p = 0.097   |
|      3318      |       1        |     7.000      |     7.000      |     8.299      |     3.279      |  Neg. p = 0.071   |
|      3319      |       1        |     5.000      |     0.000      |     3.236      |     0.000      |  Neg. p = 0.037   |
|      3321      |       1        |     3.000      |     0.000      |     4.492      |     0.000      |  Neg. p = 0.011   |
|      3324      |       1        |     2.000      |     0.000      |     6.176      |     0.000      |  Neg. p = 0.028   |
|      3326      |       1        |     2.000      |     1.000      |     6.383      |     0.380      |  Neg. p = 0.032   |
|      3327      |       1        |     4.000      |     4.000      |     7.827      |     1.868      |  Neg. p = 0.050   |
|      3330      |       1        |     5.000      |     0.000      |     5.000      |     0.000      |  Neg. p = 0.004   |

### Ancestor sampling analysis

>Generating 100 ancestral sequence samples to obtain confidence intervals

Resampling results for partition 1

|     Codon      |   Partition    |    S [median, IQR]    |    N [median, IQR]    |    dS [median, IQR]    |    dN [median, IQR]    |  p-value [median, IQR]  |
|:--------------:|:--------------:|:---------------------:|:---------------------:|:----------------------:|:----------------------:|:-----------------------:|
|       4        |       1        |  10.00 [6.00-15.16]   |   0.00 [0.00-0.16]    |   6.53 [3.88-10.98]    |    0.00 [0.00-0.10]    |    0.00 [0.00-0.02]     |
|       5        |       1        |   5.00 [3.00-11.00]   |   0.00 [0.00-0.00]    |   6.76 [4.10-15.46]    |    0.00 [0.00-0.00]    |    0.00 [0.00-0.01]     |
|       11       |       1        |   8.00 [6.00-13.00]   |   0.00 [0.00-0.00]    |   8.00 [6.00-13.00]    |    0.00 [0.00-0.00]    |    0.00 [0.00-0.00]     |
|       13       |       1        |   5.00 [4.00-8.58]    |   6.00 [6.00-7.58]    |   8.91 [7.27-15.13]    |    2.46 [2.43-3.05]    |    0.05 [0.00-0.10]     |
|       15       |       1        |   6.00 [5.00-12.00]   |   0.00 [0.00-0.00]    |   6.00 [5.00-12.00]    |    0.00 [0.00-0.00]    |    0.00 [0.00-0.00]     |
|       16       |       1        |  13.00 [10.84-17.16]  |   4.00 [3.00-6.00]    |  12.55 [10.24-16.84]   |    2.10 [1.57-3.08]    |    0.00 [0.00-0.01]     |
|       18       |       1        |   8.00 [5.50-11.16]   |   5.00 [5.00-6.58]    |   8.88 [6.48-13.39]    |    2.34 [2.30-3.07]    |    0.03 [0.00-0.16]     |
|       21       |       1        |  11.58 [8.00-17.00]   |   5.50 [5.00-7.05]    |   8.95 [6.03-12.92]    |    3.20 [2.91-4.39]    |    0.04 [0.00-0.24]     |
|       22       |       1        |   7.00 [5.00-11.00]   |   1.00 [1.00-1.00]    |   9.34 [6.52-14.66]    |    0.45 [0.44-0.45]    |    0.00 [0.00-0.01]     |
|       25       |       1        |   8.00 [6.00-12.00]   |   3.00 [3.00-4.00]    |   10.65 [8.28-15.59]   |    1.33 [1.32-1.77]    |    0.00 [0.00-0.01]     |
|       26       |       1        |   6.00 [4.00-9.16]    |   0.00 [0.00-0.00]    |    6.00 [4.00-9.16]    |    0.00 [0.00-0.00]    |    0.00 [0.00-0.01]     |
|       28       |       1        |   8.50 [6.50-11.50]   |   5.50 [4.00-7.08]    |   8.28 [6.79-11.30]    |    2.81 [2.16-3.68]    |    0.04 [0.01-0.16]     |
|       29       |       1        |  10.25 [7.00-16.08]   |   2.50 [2.50-4.00]    |   7.02 [4.72-11.46]    |    1.73 [1.61-2.47]    |    0.03 [0.00-0.17]     |
|       31       |       1        |  11.00 [9.00-15.00]   |   2.00 [2.00-3.00]    |   11.00 [9.00-15.00]   |    1.01 [1.01-1.51]    |    0.00 [0.00-0.00]     |
|       34       |       1        |   4.50 [2.42-9.16]    |   4.50 [3.50-5.50]    |   6.12 [3.28-11.27]    |    2.01 [1.60-2.47]    |    0.14 [0.00-0.46]     |
|       36       |       1        |   5.00 [4.00-9.00]    |   0.00 [0.00-0.00]    |   7.37 [5.95-13.05]    |    0.00 [0.00-0.00]    |    0.00 [0.00-0.00]     |
|       37       |       1        |   9.00 [7.84-13.00]   |   0.00 [0.00-0.00]    |   9.00 [7.84-13.00]    |    0.00 [0.00-0.00]    |    0.00 [0.00-0.00]     |
|       46       |       1        |   9.50 [7.50-13.50]   |   7.50 [7.00-8.50]    |   12.17 [9.40-16.98]   |    3.38 [3.18-3.87]    |    0.01 [0.00-0.05]     |
|       48       |       1        |   3.00 [3.00-7.16]    |   0.00 [0.00-0.00]    |    3.00 [3.00-7.16]    |    0.00 [0.00-0.00]    |    0.08 [0.00-0.09]     |
|       50       |       1        |   7.75 [5.50-12.16]   |   2.50 [2.00-2.50]    |   7.96 [5.63-12.52]    |    1.24 [0.99-1.24]    |    0.01 [0.00-0.05]     |
|       52       |       1        |  10.00 [8.00-14.00]   |   5.00 [5.00-6.00]    |   10.00 [8.00-14.00]   |    2.50 [2.50-3.01]    |    0.01 [0.00-0.06]     |
|       53       |       1        |  12.00 [9.00-16.16]   |   0.00 [0.00-1.00]    |   8.72 [6.20-13.16]    |    0.00 [0.00-0.63]    |    0.00 [0.00-0.00]     |
|       54       |       1        |   4.00 [3.00-9.00]    |   0.00 [0.00-0.00]    |   10.36 [9.03-17.04]   |    0.00 [0.00-0.00]    |    0.00 [0.00-0.00]     |
|       55       |       1        |  11.00 [8.00-14.16]   |   3.00 [1.00-3.16]    |   9.06 [6.83-12.03]    |    1.64 [0.59-1.78]    |    0.00 [0.00-0.02]     |
|       57       |       1        |   8.00 [6.50-13.08]   |   2.50 [2.00-2.50]    |   8.07 [6.55-13.19]    |    1.31 [1.05-1.38]    |    0.01 [0.00-0.03]     |
|       58       |       1        |  11.00 [8.00-15.00]   |   0.00 [0.00-1.00]    |   7.35 [5.23-10.64]    |    0.00 [0.00-0.68]    |    0.00 [0.00-0.00]     |
|       59       |       1        |   9.00 [7.00-13.16]   |   1.00 [1.00-1.00]    |   12.43 [9.36-18.09]   |    0.44 [0.43-0.45]    |    0.00 [0.00-0.00]     |
|       61       |       1        |   2.00 [2.00-6.00]    |   0.00 [0.00-0.00]    |    2.55 [2.55-7.75]    |    0.00 [0.00-0.00]    |    0.07 [0.00-0.07]     |
|       62       |       1        |   3.00 [2.00-7.00]    |   0.00 [0.00-0.00]    |    3.87 [2.61-9.06]    |    0.00 [0.00-0.00]    |    0.02 [0.00-0.07]     |
|       63       |       1        |   7.00 [5.00-12.00]   |   4.00 [4.00-4.00]    |   7.00 [5.00-12.00]    |    2.15 [2.10-2.44]    |    0.05 [0.00-0.17]     |
|       65       |       1        |  12.00 [9.00-16.16]   |   0.00 [0.00-0.00]    |   12.00 [9.00-16.16]   |    0.00 [0.00-0.00]    |    0.00 [0.00-0.00]     |
|       66       |       1        |   7.00 [5.00-11.16]   |   0.00 [0.00-0.00]    |   9.61 [6.97-15.80]    |    0.00 [0.00-0.00]    |    0.00 [0.00-0.00]     |
|       67       |       1        |  11.00 [9.00-15.16]   |   1.00 [0.00-2.16]    |   9.59 [7.62-12.79]    |    0.55 [0.00-1.23]    |    0.00 [0.00-0.00]     |
|       68       |       1        |  11.00 [8.00-14.16]   |   0.00 [0.00-1.00]    |   7.57 [5.54-10.60]    |    0.00 [0.00-0.62]    |    0.00 [0.00-0.00]     |
|       69       |       1        |   7.00 [5.84-12.00]   |   0.00 [0.00-0.00]    |   7.00 [5.84-12.00]    |    0.00 [0.00-0.00]    |    0.00 [0.00-0.01]     |
|       70       |       1        |   8.00 [6.00-12.16]   |   1.00 [1.00-1.50]    |   7.30 [5.08-10.70]    |    0.54 [0.52-0.80]    |    0.00 [0.00-0.02]     |
|       71       |       1        |  12.50 [10.00-17.16]  |   2.00 [1.00-3.00]    |   9.62 [8.06-12.51]    |    1.23 [0.62-1.85]    |    0.00 [0.00-0.01]     |
|       72       |       1        |  12.00 [9.00-17.00]   |   0.00 [0.00-0.00]    |   12.00 [9.00-17.00]   |    0.00 [0.00-0.00]    |    0.00 [0.00-0.00]     |
|       75       |       1        |   7.00 [6.00-11.16]   |   0.00 [0.00-0.00]    |   9.62 [7.87-15.74]    |    0.00 [0.00-0.00]    |    0.00 [0.00-0.00]     |
|       76       |       1        |   5.00 [4.00-10.00]   |   0.00 [0.00-0.00]    |   5.00 [4.00-10.00]    |    0.00 [0.00-0.00]    |    0.00 [0.00-0.01]     |
|       77       |       1        |   8.00 [5.00-10.00]   |   0.00 [0.00-0.00]    |   8.00 [5.00-10.00]    |    0.00 [0.00-0.00]    |    0.00 [0.00-0.00]     |
|       78       |       1        |  13.00 [10.00-15.00]  |   0.00 [0.00-0.00]    |  13.00 [10.00-15.00]   |    0.00 [0.00-0.00]    |    0.00 [0.00-0.00]     |
|       79       |       1        |   7.00 [5.00-11.16]   |   0.00 [0.00-0.00]    |   7.00 [5.00-11.16]    |    0.00 [0.00-0.00]    |    0.00 [0.00-0.00]     |
|       80       |       1        |   4.00 [3.00-8.16]    |   0.00 [0.00-0.00]    |   10.90 [9.04-18.19]   |    0.00 [0.00-0.00]    |    0.00 [0.00-0.00]     |
|       81       |       1        |   8.00 [6.00-12.16]   |   0.00 [0.00-2.16]    |    5.40 [4.09-8.51]    |    0.00 [0.00-1.33]    |    0.01 [0.00-0.06]     |
|       82       |       1        |   8.00 [6.00-12.00]   |   0.00 [0.00-0.00]    |   8.00 [6.00-12.00]    |    0.00 [0.00-0.00]    |    0.00 [0.00-0.00]     |
|       84       |       1        |   7.00 [5.00-12.00]   |   1.00 [1.00-1.00]    |   10.19 [7.46-16.54]   |    0.43 [0.43-0.44]    |    0.00 [0.00-0.00]     |
|       86       |       1        |   8.00 [6.00-14.32]   |   2.00 [2.00-3.00]    |   8.28 [6.21-14.78]    |    1.12 [1.09-1.65]    |    0.00 [0.00-0.03]     |
|       87       |       1        |   8.00 [6.00-11.00]   |   0.00 [0.00-0.00]    |  12.78 [11.33-17.54]   |    0.00 [0.00-0.00]    |    0.00 [0.00-0.00]     |
|       88       |       1        |   7.00 [5.00-11.16]   |   0.00 [0.00-0.00]    |   7.00 [5.00-11.16]    |    0.00 [0.00-0.00]    |    0.00 [0.00-0.00]     |
|       89       |       1        |   6.00 [4.00-11.32]   |   0.00 [0.00-0.00]    |   8.88 [5.92-16.09]    |    0.00 [0.00-0.00]    |    0.00 [0.00-0.00]     |
|       90       |       1        |   5.00 [3.00-10.16]   |   0.00 [0.00-0.00]    |   5.00 [3.00-10.16]    |    0.00 [0.00-0.00]    |    0.00 [0.00-0.04]     |
|       91       |       1        |  10.00 [7.00-18.32]   |   0.00 [0.00-1.00]    |   6.19 [4.31-11.73]    |    0.00 [0.00-0.71]    |    0.00 [0.00-0.01]     |
|       94       |       1        |   8.00 [7.00-12.00]   |   2.00 [2.00-3.00]    |   8.11 [7.09-12.17]    |    1.41 [1.22-1.99]    |    0.01 [0.00-0.04]     |
|       95       |       1        |   9.00 [6.00-13.00]   |   4.00 [4.00-5.00]    |   9.00 [6.00-13.00]    |    2.01 [2.01-2.51]    |    0.01 [0.00-0.08]     |
|       96       |       1        |   6.00 [5.00-11.00]   |   0.00 [0.00-0.00]    |   6.00 [5.00-11.00]    |    0.00 [0.00-0.00]    |    0.00 [0.00-0.00]     |
|       98       |       1        |   9.00 [7.00-13.32]   |   0.00 [0.00-2.00]    |    6.05 [4.98-9.32]    |    0.00 [0.00-1.32]    |    0.00 [0.00-0.03]     |
|      100       |       1        |   5.00 [3.00-9.00]    |   0.00 [0.00-0.00]    |   7.41 [4.26-13.03]    |    0.00 [0.00-0.00]    |    0.00 [0.00-0.01]     |
|      101       |       1        |   8.00 [6.00-12.00]   |   3.00 [3.00-4.00]    |   10.19 [7.74-14.52]   |    1.36 [1.35-1.83]    |    0.00 [0.00-0.01]     |
|      102       |       1        |  11.00 [8.50-16.16]   |   2.00 [1.50-3.50]    |   8.05 [5.75-12.27]    |    1.32 [0.97-2.29]    |    0.01 [0.00-0.04]     |
|      103       |       1        |   8.00 [7.00-13.16]   |   0.00 [0.00-0.00]    |   8.00 [7.00-13.16]    |    0.00 [0.00-0.00]    |    0.00 [0.00-0.00]     |
|      104       |       1        |   2.00 [2.00-6.00]    |   0.00 [0.00-0.00]    |   6.15 [6.15-15.05]    |    0.00 [0.00-0.00]    |    0.02 [0.00-0.02]     |
|      105       |       1        |   6.00 [5.00-12.00]   |   0.00 [0.00-0.00]    |   6.00 [5.00-12.00]    |    0.00 [0.00-0.00]    |    0.01 [0.00-0.01]     |
|      106       |       1        |   7.00 [6.00-13.00]   |   0.00 [0.00-0.00]    |   7.00 [6.00-13.00]    |    0.00 [0.00-0.00]    |    0.00 [0.00-0.00]     |
|      107       |       1        |   9.00 [6.84-12.16]   |   0.00 [0.00-0.00]    |   9.00 [6.84-12.16]    |    0.00 [0.00-0.00]    |    0.00 [0.00-0.00]     |
|      109       |       1        |  10.00 [7.00-14.16]   |   5.00 [5.00-7.00]    |   10.28 [7.21-14.64]   |    2.50 [2.47-3.52]    |    0.01 [0.00-0.06]     |
|      110       |       1        |  11.00 [8.00-14.00]   |   0.00 [0.00-1.00]    |   9.09 [6.48-12.07]    |    0.00 [0.00-0.56]    |    0.00 [0.00-0.00]     |
|      111       |       1        |   6.00 [4.00-10.00]   |   1.00 [1.00-1.00]    |   8.52 [5.64-13.59]    |    0.44 [0.43-0.44]    |    0.00 [0.00-0.01]     |
|      112       |       1        |  13.00 [11.00-16.16]  |   0.00 [0.00-0.00]    |  13.00 [11.00-16.16]   |    0.00 [0.00-0.00]    |    0.00 [0.00-0.00]     |
|      113       |       1        |   2.50 [2.00-6.16]    |   0.00 [0.00-0.00]    |   7.26 [6.12-14.43]    |    0.00 [0.00-0.00]    |    0.01 [0.00-0.01]     |
|      114       |       1        |   8.00 [6.00-14.16]   |   0.00 [0.00-2.00]    |    5.26 [3.83-9.82]    |    0.00 [0.00-1.28]    |    0.01 [0.00-0.03]     |
|      116       |       1        |   6.00 [5.00-11.00]   |   1.00 [1.00-1.00]    |   7.87 [6.48-14.98]    |    0.45 [0.44-0.45]    |    0.00 [0.00-0.01]     |
|      117       |       1        |   9.00 [7.00-12.16]   |   0.00 [0.00-0.00]    |   12.38 [9.85-17.06]   |    0.00 [0.00-0.00]    |    0.00 [0.00-0.00]     |
|      118       |       1        |   5.00 [3.00-10.00]   |   0.00 [0.00-0.00]    |   10.77 [8.85-17.17]   |    0.00 [0.00-0.00]    |    0.00 [0.00-0.00]     |
|      119       |       1        |   9.00 [6.00-13.00]   |   0.00 [0.00-0.00]    |   9.00 [6.00-13.00]    |    0.00 [0.00-0.00]    |    0.00 [0.00-0.00]     |
|      120       |       1        |  10.00 [7.00-14.16]   |   1.00 [1.00-1.00]    |  13.94 [10.34-19.79]   |    0.43 [0.43-0.45]    |    0.00 [0.00-0.00]     |
|      121       |       1        |   4.00 [3.00-10.00]   |   0.00 [0.00-0.00]    |   5.93 [4.47-13.91]    |    0.00 [0.00-0.00]    |    0.00 [0.00-0.02]     |
|      122       |       1        |   7.00 [5.00-13.16]   |   0.00 [0.00-1.00]    |    4.57 [3.18-9.87]    |    0.00 [0.00-0.68]    |    0.01 [0.00-0.04]     |
|      123       |       1        |   7.00 [5.00-11.16]   |   2.00 [2.00-2.16]    |   9.05 [6.39-15.21]    |    0.89 [0.88-0.97]    |    0.00 [0.00-0.02]     |
|      124       |       1        |   5.00 [4.00-9.00]    |   0.00 [0.00-0.00]    |   6.50 [5.14-11.96]    |    0.00 [0.00-0.00]    |    0.00 [0.00-0.00]     |
|      126       |       1        |  13.00 [10.00-16.16]  |   0.00 [0.00-0.00]    |  13.00 [10.00-16.16]   |    0.00 [0.00-0.00]    |    0.00 [0.00-0.00]     |
|      128       |       1        |   8.00 [5.00-12.00]   |   0.00 [0.00-0.00]    |   8.00 [5.00-12.00]    |    0.00 [0.00-0.00]    |    0.00 [0.00-0.00]     |
|      129       |       1        |  13.00 [10.50-17.50]  |   1.50 [1.00-3.50]    |   9.13 [7.08-13.81]    |    1.01 [0.62-2.27]    |    0.00 [0.00-0.03]     |
|      130       |       1        |   7.00 [5.00-13.00]   |   0.00 [0.00-0.00]    |   7.00 [5.00-13.00]    |    0.00 [0.00-0.00]    |    0.00 [0.00-0.00]     |
|      131       |       1        |   9.00 [5.00-11.00]   |   0.00 [0.00-0.00]    |   9.00 [5.00-11.00]    |    0.00 [0.00-0.00]    |    0.00 [0.00-0.00]     |
|      132       |       1        |  10.00 [6.84-12.16]   |   0.00 [0.00-0.00]    |   10.00 [6.84-12.16]   |    0.00 [0.00-0.00]    |    0.00 [0.00-0.00]     |
|      133       |       1        |   8.00 [6.00-13.00]   |   0.00 [0.00-1.00]    |    5.30 [3.78-8.68]    |    0.00 [0.00-0.70]    |    0.00 [0.00-0.02]     |
|      134       |       1        |  10.00 [8.00-14.16]   |   0.00 [0.00-0.00]    |   10.00 [8.00-14.16]   |    0.00 [0.00-0.00]    |    0.00 [0.00-0.00]     |
|      135       |       1        |   9.00 [7.00-14.00]   |   0.00 [0.00-0.00]    |   9.00 [7.00-14.00]    |    0.00 [0.00-0.00]    |    0.00 [0.00-0.00]     |
|      136       |       1        |   5.00 [4.00-9.16]    |   0.00 [0.00-0.00]    |   7.15 [5.78-13.13]    |    0.00 [0.00-0.00]    |    0.00 [0.00-0.00]     |
|      137       |       1        |   5.50 [4.00-9.16]    |   0.00 [0.00-0.00]    |   7.30 [5.25-12.61]    |    0.00 [0.00-0.00]    |    0.00 [0.00-0.00]     |
|      138       |       1        |  10.00 [7.00-13.00]   |   0.00 [0.00-0.00]    |   10.00 [7.00-13.00]   |    0.00 [0.00-0.00]    |    0.00 [0.00-0.00]     |
|      139       |       1        |   4.00 [4.00-7.00]    |   0.00 [0.00-0.00]    |    4.00 [4.00-7.00]    |    0.00 [0.00-0.00]    |    0.01 [0.00-0.01]     |
|      140       |       1        |  11.00 [8.00-15.00]   |   0.00 [0.00-0.00]    |   11.00 [8.00-15.00]   |    0.00 [0.00-0.00]    |    0.00 [0.00-0.00]     |
|      141       |       1        |   5.00 [4.00-9.16]    |   0.00 [0.00-0.00]    |   7.11 [5.69-13.01]    |    0.00 [0.00-0.00]    |    0.00 [0.00-0.00]     |
|      142       |       1        |   9.00 [7.00-13.00]   |   0.00 [0.00-1.00]    |    6.05 [4.50-9.00]    |    0.00 [0.00-0.66]    |    0.00 [0.00-0.01]     |
|      143       |       1        |  11.00 [9.00-16.00]   |   1.00 [0.00-2.00]    |   8.58 [6.64-12.05]    |    0.59 [0.00-1.23]    |    0.00 [0.00-0.01]     |
|      144       |       1        |   5.00 [3.00-8.00]    |   3.00 [3.00-4.00]    |   8.09 [5.41-13.16]    |    1.25 [1.22-1.65]    |    0.01 [0.00-0.08]     |
|      145       |       1        |   6.00 [5.00-10.16]   |   0.00 [0.00-0.00]    |   8.79 [7.39-13.98]    |    0.00 [0.00-0.00]    |    0.00 [0.00-0.00]     |
|      146       |       1        |   7.00 [5.84-13.00]   |   0.00 [0.00-2.00]    |    4.62 [3.75-9.27]    |    0.00 [0.00-1.36]    |    0.02 [0.00-0.11]     |
|      147       |       1        |   8.00 [5.00-12.32]   |   0.00 [0.00-0.00]    |   10.78 [7.07-16.56]   |    0.00 [0.00-0.00]    |    0.00 [0.00-0.00]     |
|      150       |       1        |   9.00 [6.00-13.16]   |   2.00 [2.00-2.00]    |   9.00 [6.00-13.16]    |    1.00 [1.00-1.00]    |    0.00 [0.00-0.02]     |
|      151       |       1        |   8.00 [6.00-12.00]   |   2.00 [2.00-2.16]    |   8.00 [6.00-12.00]    |    1.01 [1.00-1.09]    |    0.00 [0.00-0.02]     |
|      153       |       1        |   7.00 [5.00-13.32]   |   3.00 [3.00-4.00]    |   7.00 [5.00-13.32]    |    1.50 [1.50-2.00]    |    0.02 [0.00-0.09]     |
|      154       |       1        |   8.00 [6.00-14.16]   |   3.00 [2.00-4.00]    |   5.94 [4.51-10.65]    |    1.65 [1.18-2.39]    |    0.05 [0.00-0.16]     |
|      157       |       1        |   9.00 [7.00-13.00]   |   0.00 [0.00-0.00]    |   11.93 [9.12-17.69]   |    0.00 [0.00-0.00]    |    0.00 [0.00-0.00]     |
|      158       |       1        |   6.75 [4.50-11.00]   |   2.00 [2.00-3.00]    |   7.11 [4.81-11.47]    |    0.99 [0.97-1.47]    |    0.01 [0.00-0.09]     |
|      159       |       1        |   8.00 [6.00-11.00]   |   1.00 [1.00-1.00]    |   10.85 [8.37-15.23]   |    0.44 [0.43-0.45]    |    0.00 [0.00-0.00]     |
|      161       |       1        |   8.00 [6.00-11.00]   |   4.00 [4.00-5.00]    |   10.55 [7.98-15.22]   |    1.78 [1.74-2.20]    |    0.00 [0.00-0.02]     |
|      162       |       1        |  12.00 [9.00-14.16]   |   0.00 [0.00-1.16]    |   9.51 [6.13-11.70]    |    0.00 [0.00-0.71]    |    0.00 [0.00-0.00]     |
|      164       |       1        |   6.00 [5.00-13.00]   |   0.00 [0.00-0.00]    |    4.10 [3.28-8.84]    |    0.00 [0.00-0.00]    |    0.01 [0.00-0.03]     |
|      165       |       1        |  12.00 [8.00-17.00]   |   0.00 [0.00-1.00]    |   8.21 [5.21-12.25]    |    0.00 [0.00-0.68]    |    0.00 [0.00-0.01]     |
|      166       |       1        |  11.00 [8.00-15.16]   |   0.00 [0.00-0.00]    |   11.00 [8.00-15.16]   |    0.00 [0.00-0.00]    |    0.00 [0.00-0.00]     |
|      167       |       1        |   8.50 [6.50-13.08]   |   5.50 [5.50-6.50]    |   11.59 [9.26-17.60]   |    2.41 [2.38-2.86]    |    0.01 [0.00-0.03]     |
|      168       |       1        |  11.00 [8.84-15.16]   |   0.00 [0.00-1.00]    |   8.64 [6.42-12.56]    |    0.00 [0.00-0.57]    |    0.00 [0.00-0.00]     |
|      169       |       1        |   3.00 [3.00-9.32]    |   0.00 [0.00-0.00]    |   9.14 [9.14-19.98]    |    0.00 [0.00-0.00]    |    0.00 [0.00-0.00]     |
|      171       |       1        |  11.00 [9.84-14.00]   |   2.00 [2.00-2.00]    |   11.00 [9.84-14.00]   |    1.00 [1.00-1.00]    |    0.00 [0.00-0.00]     |
|      172       |       1        |   6.00 [4.00-12.16]   |   1.00 [1.00-1.00]    |   6.01 [4.01-12.19]    |    0.50 [0.50-0.50]    |    0.01 [0.00-0.04]     |
|      173       |       1        |   8.00 [6.00-11.16]   |   0.00 [0.00-0.00]    |   8.00 [6.00-11.16]    |    0.00 [0.00-0.00]    |    0.00 [0.00-0.00]     |
|      174       |       1        |   9.00 [6.92-14.00]   |   3.00 [3.00-6.00]    |   7.22 [5.53-11.60]    |    1.80 [1.70-3.23]    |    0.04 [0.00-0.17]     |
|      175       |       1        |   6.00 [5.00-11.00]   |   0.00 [0.00-0.00]    |   7.91 [6.53-14.89]    |    0.00 [0.00-0.00]    |    0.00 [0.00-0.00]     |
|      177       |       1        |   5.00 [4.00-11.00]   |   0.00 [0.00-0.00]    |   5.00 [4.00-11.00]    |    0.00 [0.00-0.00]    |    0.00 [0.00-0.01]     |
|      178       |       1        |   6.00 [5.00-9.00]    |   0.00 [0.00-0.00]    |   8.60 [6.81-12.69]    |    0.00 [0.00-0.00]    |    0.00 [0.00-0.00]     |
|      179       |       1        |   8.00 [6.00-12.16]   |   0.00 [0.00-0.00]    |   8.00 [6.00-12.16]    |    0.00 [0.00-0.00]    |    0.00 [0.00-0.00]     |
|      180       |       1        |   6.00 [5.00-10.16]   |   0.00 [0.00-0.00]    |   8.83 [7.22-14.54]    |    0.00 [0.00-0.00]    |    0.00 [0.00-0.00]     |
|      181       |       1        |   7.00 [5.00-12.00]   |   0.00 [0.00-0.00]    |   7.00 [5.00-12.00]    |    0.00 [0.00-0.00]    |    0.00 [0.00-0.00]     |
|      182       |       1        |   8.00 [5.00-12.16]   |   0.00 [0.00-1.00]    |   6.95 [4.07-10.55]    |    0.00 [0.00-0.55]    |    0.00 [0.00-0.01]     |
|      183       |       1        |   7.00 [5.00-14.00]   |   0.00 [0.00-1.00]    |    4.38 [3.08-9.09]    |    0.00 [0.00-0.71]    |    0.01 [0.00-0.05]     |
|      184       |       1        |   7.00 [6.00-11.00]   |   0.00 [0.00-0.00]    |   7.00 [6.00-11.00]    |    0.00 [0.00-0.00]    |    0.00 [0.00-0.00]     |
|      186       |       1        |  10.00 [8.00-14.32]   |   0.00 [0.00-0.00]    |   6.74 [5.41-10.15]    |    0.00 [0.00-0.00]    |    0.00 [0.00-0.00]     |
|      187       |       1        |   6.00 [5.00-10.16]   |   0.00 [0.00-0.00]    |   8.75 [7.19-14.18]    |    0.00 [0.00-0.00]    |    0.00 [0.00-0.00]     |
|      188       |       1        |  10.00 [8.00-17.32]   |   0.00 [0.00-1.00]    |   6.81 [5.21-11.75]    |    0.00 [0.00-0.68]    |    0.00 [0.00-0.01]     |
|      189       |       1        |   3.00 [2.00-7.00]    |   0.00 [0.00-0.00]    |    3.97 [2.67-9.84]    |    0.00 [0.00-0.00]    |    0.02 [0.00-0.06]     |
|      190       |       1        |   7.00 [4.00-10.00]   |   1.00 [1.00-1.00]    |   9.54 [5.63-14.17]    |    0.44 [0.43-0.44]    |    0.00 [0.00-0.01]     |
|      191       |       1        |   5.00 [4.00-11.00]   |   0.00 [0.00-0.00]    |   7.41 [5.96-15.17]    |    0.00 [0.00-0.00]    |    0.00 [0.00-0.00]     |
|      193       |       1        |   4.50 [4.00-10.16]   |   0.00 [0.00-0.00]    |   4.50 [4.00-10.16]    |    0.00 [0.00-0.00]    |    0.01 [0.00-0.01]     |
|      194       |       1        |   4.00 [3.00-8.32]    |   0.00 [0.00-0.00]    |   9.70 [8.65-17.41]    |    0.00 [0.00-0.00]    |    0.00 [0.00-0.00]     |
|      195       |       1        |   8.00 [5.00-15.16]   |   0.00 [0.00-0.16]    |   5.33 [3.14-10.63]    |    0.00 [0.00-0.10]    |    0.00 [0.00-0.04]     |
|      196       |       1        |   7.00 [6.00-10.00]   |   2.00 [2.00-2.00]    |   9.18 [7.79-13.54]    |    0.89 [0.88-0.90]    |    0.00 [0.00-0.00]     |
|      197       |       1        |   4.00 [4.00-9.16]    |   0.00 [0.00-0.00]    |    4.00 [4.00-9.16]    |    0.00 [0.00-0.00]    |    0.01 [0.00-0.01]     |
|      200       |       1        |   3.00 [2.00-6.00]    |   0.00 [0.00-0.00]    |   7.32 [5.23-13.48]    |    0.00 [0.00-0.00]    |    0.01 [0.00-0.04]     |
|      202       |       1        |   7.50 [4.50-11.16]   |   6.50 [6.00-8.00]    |   7.99 [4.84-11.96]    |    3.10 [2.82-3.72]    |    0.07 [0.00-0.35]     |
|      204       |       1        |   7.00 [5.00-11.00]   |   0.00 [0.00-0.00]    |   9.81 [6.94-15.47]    |    0.00 [0.00-0.00]    |    0.00 [0.00-0.00]     |
|      206       |       1        |  10.00 [6.50-13.08]   |   2.00 [2.00-3.58]    |   9.21 [5.64-11.97]    |    1.19 [1.15-2.11]    |    0.00 [0.00-0.07]     |
|      208       |       1        |   6.00 [5.00-10.16]   |   5.00 [5.00-6.00]    |   8.09 [6.49-13.48]    |    2.23 [2.21-2.70]    |    0.03 [0.00-0.11]     |
|      209       |       1        |  13.50 [9.92-17.58]   |   8.00 [6.92-10.00]   |   11.25 [8.70-15.97]   |    4.40 [3.81-5.40]    |    0.03 [0.00-0.17]     |
|      210       |       1        |   9.00 [7.00-12.00]   |   4.00 [4.00-5.00]    |   9.00 [7.00-12.00]    |    2.01 [2.00-2.51]    |    0.01 [0.00-0.04]     |
|      212       |       1        |   7.00 [6.00-11.00]   |   0.00 [0.00-0.00]    |   9.37 [7.85-15.19]    |    0.00 [0.00-0.00]    |    0.00 [0.00-0.00]     |
|      213       |       1        |   6.50 [5.50-10.50]   |   4.50 [4.00-5.50]    |   7.89 [6.61-12.83]    |    2.07 [1.83-2.54]    |    0.03 [0.00-0.08]     |
|      215       |       1        |   8.50 [6.00-11.50]   |   4.50 [4.00-5.00]    |   10.84 [8.20-14.94]   |    2.04 [1.79-2.29]    |    0.00 [0.00-0.02]     |
|      216       |       1        |   4.00 [3.00-9.16]    |   1.00 [1.00-1.16]    |   10.23 [8.90-17.19]   |    0.51 [0.50-0.64]    |    0.00 [0.00-0.01]     |
|      221       |       1        |   5.00 [4.00-12.00]   |   0.00 [0.00-0.00]    |   5.00 [4.00-12.00]    |    0.00 [0.00-0.00]    |    0.00 [0.00-0.01]     |
|      228       |       1        |   4.00 [3.00-9.00]    |   3.00 [3.00-3.00]    |   5.89 [4.36-12.50]    |    1.30 [1.29-1.32]    |    0.05 [0.00-0.14]     |
|      229       |       1        |   6.00 [5.00-12.00]   |   0.00 [0.00-0.00]    |   6.00 [5.00-12.00]    |    0.00 [0.00-0.00]    |    0.00 [0.00-0.00]     |
|      230       |       1        |   3.00 [3.00-9.00]    |   0.00 [0.00-0.00]    |   7.43 [7.43-15.64]    |    0.00 [0.00-0.00]    |    0.01 [0.00-0.01]     |
|      231       |       1        |   9.00 [7.00-14.00]   |   0.00 [0.00-2.00]    |   6.05 [4.49-10.67]    |    0.00 [0.00-1.28]    |    0.01 [0.00-0.04]     |
|      232       |       1        |   4.00 [3.00-9.00]    |   0.00 [0.00-0.00]    |   5.47 [4.05-12.40]    |    0.00 [0.00-0.00]    |    0.00 [0.00-0.01]     |
|      233       |       1        |   4.00 [3.00-8.16]    |   0.00 [0.00-0.00]    |    4.00 [3.00-8.16]    |    0.00 [0.00-0.00]    |    0.02 [0.00-0.05]     |
|      234       |       1        |   8.00 [6.00-12.00]   |   0.00 [0.00-0.00]    |   8.00 [6.00-12.00]    |    0.00 [0.00-0.00]    |    0.00 [0.00-0.00]     |
|      235       |       1        |   5.00 [4.00-9.16]    |   0.00 [0.00-0.00]    |   7.38 [5.59-13.32]    |    0.00 [0.00-0.00]    |    0.00 [0.00-0.00]     |
|      236       |       1        |   7.00 [6.00-10.16]   |   0.00 [0.00-0.00]    |   10.20 [8.62-14.62]   |    0.00 [0.00-0.00]    |    0.00 [0.00-0.00]     |
|      238       |       1        |   6.00 [5.00-10.16]   |   0.00 [0.00-0.00]    |   7.95 [6.54-13.92]    |    0.00 [0.00-0.00]    |    0.00 [0.00-0.00]     |
|      239       |       1        |   8.00 [6.00-11.32]   |   0.00 [0.00-0.00]    |   10.76 [8.25-15.70]   |    0.00 [0.00-0.00]    |    0.00 [0.00-0.00]     |
|      240       |       1        |   7.00 [5.00-13.00]   |   0.00 [0.00-0.00]    |   7.00 [5.00-13.00]    |    0.00 [0.00-0.00]    |    0.00 [0.00-0.01]     |
|      241       |       1        |   7.00 [5.00-12.00]   |   0.00 [0.00-0.00]    |   7.00 [5.00-12.00]    |    0.00 [0.00-0.00]    |    0.00 [0.00-0.00]     |
|      242       |       1        |   8.50 [6.00-13.16]   |   0.00 [0.00-1.00]    |    5.97 [4.03-9.33]    |    0.00 [0.00-0.65]    |    0.00 [0.00-0.02]     |
|      243       |       1        |   8.00 [7.00-11.16]   |   0.00 [0.00-0.00]    |   11.69 [9.47-15.94]   |    0.00 [0.00-0.00]    |    0.00 [0.00-0.00]     |
|      244       |       1        |  12.00 [10.84-17.16]  |   1.00 [0.00-2.00]    |   8.52 [7.17-11.97]    |    0.64 [0.00-1.34]    |    0.00 [0.00-0.01]     |
|      245       |       1        |  12.00 [8.00-18.16]   |   0.00 [0.00-0.16]    |   8.63 [5.03-13.01]    |    0.00 [0.00-0.10]    |    0.00 [0.00-0.01]     |
|      246       |       1        |   7.00 [5.00-12.16]   |   0.00 [0.00-0.00]    |   9.37 [6.59-16.82]    |    0.00 [0.00-0.00]    |    0.00 [0.00-0.00]     |
|      247       |       1        |   8.00 [5.00-11.16]   |   0.00 [0.00-0.00]    |   8.00 [5.00-11.16]    |    0.00 [0.00-0.00]    |    0.00 [0.00-0.00]     |
|      248       |       1        |   8.00 [6.00-12.16]   |   1.00 [1.00-1.00]    |   8.00 [6.00-12.16]    |    0.50 [0.50-0.50]    |    0.00 [0.00-0.01]     |
|      249       |       1        |   4.00 [3.00-8.32]    |   0.00 [0.00-0.00]    |   10.20 [8.91-17.92]   |    0.00 [0.00-0.00]    |    0.00 [0.00-0.01]     |
|      250       |       1        |   8.00 [6.00-11.00]   |   0.00 [0.00-0.00]    |   8.00 [6.00-11.00]    |    0.00 [0.00-0.00]    |    0.00 [0.00-0.00]     |
|      251       |       1        |   7.00 [6.00-11.16]   |   0.00 [0.00-0.00]    |   7.00 [6.00-11.16]    |    0.00 [0.00-0.00]    |    0.00 [0.00-0.01]     |
|      252       |       1        |   4.00 [3.50-7.66]    |   1.50 [1.00-1.50]    |   8.41 [7.30-15.70]    |    0.60 [0.40-0.61]    |    0.00 [0.00-0.02]     |
|      253       |       1        |   9.00 [6.00-13.16]   |   3.00 [3.00-4.00]    |   7.86 [5.24-11.68]    |    1.62 [1.62-2.16]    |    0.01 [0.00-0.08]     |
|      254       |       1        |   8.00 [6.00-12.32]   |   0.00 [0.00-0.00]    |   8.00 [6.00-12.32]    |    0.00 [0.00-0.00]    |    0.00 [0.00-0.00]     |
|      255       |       1        |  10.00 [7.00-15.00]   |   0.00 [0.00-0.00]    |   10.00 [7.00-15.00]   |    0.00 [0.00-0.00]    |    0.00 [0.00-0.00]     |
|      256       |       1        |   6.00 [5.00-11.32]   |   1.00 [1.00-1.00]    |   6.00 [5.00-11.32]    |    0.50 [0.50-0.50]    |    0.01 [0.00-0.02]     |
|      257       |       1        |   9.00 [7.00-14.00]   |   0.00 [0.00-1.00]    |    6.21 [4.59-9.67]    |    0.00 [0.00-0.68]    |    0.00 [0.00-0.01]     |
|      258       |       1        |   6.00 [4.00-10.16]   |   0.00 [0.00-0.00]    |   8.17 [5.46-14.19]    |    0.00 [0.00-0.00]    |    0.00 [0.00-0.01]     |
|      259       |       1        |   8.00 [6.00-12.16]   |   3.00 [2.00-4.00]    |   8.09 [6.06-12.35]    |    1.50 [1.00-2.02]    |    0.01 [0.00-0.04]     |
|      260       |       1        |   9.00 [7.00-13.16]   |   0.00 [0.00-2.00]    |    6.58 [4.95-9.97]    |    0.00 [0.00-1.17]    |    0.00 [0.00-0.02]     |
|      261       |       1        |   4.00 [3.00-9.32]    |   0.00 [0.00-0.00]    |   5.19 [3.93-13.00]    |    0.00 [0.00-0.00]    |    0.00 [0.00-0.02]     |
|      262       |       1        |   8.00 [6.00-13.16]   |   0.00 [0.00-0.00]    |   8.00 [6.00-13.16]    |    0.00 [0.00-0.00]    |    0.00 [0.00-0.00]     |
|      263       |       1        |  11.00 [8.00-14.00]   |   1.00 [1.00-1.00]    |   11.00 [8.00-14.00]   |    0.50 [0.50-0.50]    |    0.00 [0.00-0.00]     |
|      264       |       1        |   3.00 [3.00-7.00]    |   0.00 [0.00-0.00]    |   8.86 [8.86-17.18]    |    0.00 [0.00-0.00]    |    0.00 [0.00-0.00]     |
|      265       |       1        |  14.00 [11.00-18.00]  |   0.00 [0.00-2.16]    |   10.10 [7.65-13.39]   |    0.00 [0.00-1.40]    |    0.00 [0.00-0.00]     |
|      266       |       1        |   9.00 [7.00-14.16]   |   0.00 [0.00-0.00]    |   9.00 [7.00-14.16]    |    0.00 [0.00-0.00]    |    0.00 [0.00-0.00]     |
|      267       |       1        |   9.00 [5.00-12.16]   |   0.00 [0.00-0.00]    |  15.67 [14.03-21.58]   |    0.00 [0.00-0.00]    |    0.00 [0.00-0.00]     |
|      268       |       1        |   9.00 [7.00-11.16]   |   0.00 [0.00-0.00]    |   9.00 [7.00-11.16]    |    0.00 [0.00-0.00]    |    0.00 [0.00-0.00]     |
|      269       |       1        |   8.00 [6.00-12.00]   |   0.00 [0.00-0.00]    |   8.00 [6.00-12.00]    |    0.00 [0.00-0.00]    |    0.00 [0.00-0.00]     |
|      270       |       1        |   8.00 [7.00-12.16]   |   4.00 [4.00-4.50]    |   8.63 [7.55-13.12]    |    1.94 [1.94-2.19]    |    0.01 [0.00-0.03]     |
|      271       |       1        |  12.00 [11.00-17.00]  |   0.00 [0.00-1.16]    |   9.10 [7.91-13.02]    |    0.00 [0.00-0.73]    |    0.00 [0.00-0.00]     |
|      273       |       1        |   5.00 [5.00-11.00]   |   0.00 [0.00-0.00]    |   5.00 [5.00-11.00]    |    0.00 [0.00-0.00]    |    0.01 [0.00-0.01]     |
|      274       |       1        |   4.00 [3.00-9.16]    |   1.00 [1.00-1.00]    |   5.15 [3.87-12.49]    |    0.45 [0.44-0.45]    |    0.02 [0.00-0.06]     |
|      275       |       1        |   6.00 [4.00-12.00]   |   0.00 [0.00-0.00]    |   8.72 [5.61-16.34]    |    0.00 [0.00-0.00]    |    0.00 [0.00-0.00]     |
|      276       |       1        |   4.00 [3.00-7.16]    |   1.00 [1.00-1.00]    |   9.36 [7.02-15.38]    |    0.49 [0.48-0.52]    |    0.00 [0.00-0.02]     |
|      277       |       1        |   7.00 [4.00-10.00]   |   1.00 [1.00-1.00]    |   9.39 [5.62-13.69]    |    0.44 [0.43-0.45]    |    0.00 [0.00-0.01]     |
|      278       |       1        |   6.00 [5.00-11.16]   |   0.00 [0.00-0.00]    |   8.86 [7.46-16.08]    |    0.00 [0.00-0.00]    |    0.00 [0.00-0.00]     |
|      279       |       1        |   6.00 [4.00-10.16]   |   0.00 [0.00-0.00]    |   7.75 [5.24-14.28]    |    0.00 [0.00-0.00]    |    0.00 [0.00-0.00]     |
|      280       |       1        |   9.00 [7.00-13.32]   |   0.00 [0.00-0.00]    |   9.00 [7.00-13.32]    |    0.00 [0.00-0.00]    |    0.00 [0.00-0.00]     |
|      281       |       1        |   8.00 [6.84-11.50]   |   4.00 [3.50-4.00]    |   11.11 [8.83-15.12]   |    1.77 [1.55-1.81]    |    0.00 [0.00-0.01]     |
|      282       |       1        |   9.00 [6.84-12.63]   |   0.00 [0.00-0.00]    |   9.00 [6.84-12.63]    |    0.00 [0.00-0.00]    |    0.00 [0.00-0.00]     |
|      283       |       1        |  10.00 [8.00-13.00]   |   0.00 [0.00-0.00]    |   10.00 [8.00-13.00]   |    0.00 [0.00-0.00]    |    0.00 [0.00-0.00]     |
|      285       |       1        |   4.00 [3.00-8.00]    |   0.00 [0.00-0.00]    |   5.15 [3.84-10.64]    |    0.00 [0.00-0.00]    |    0.00 [0.00-0.02]     |
|      286       |       1        |   9.00 [7.00-13.16]   |   0.00 [0.00-0.00]    |   9.00 [7.00-13.16]    |    0.00 [0.00-0.00]    |    0.00 [0.00-0.00]     |
|      287       |       1        |   8.00 [6.00-11.16]   |   0.00 [0.00-0.00]    |   10.71 [8.11-15.72]   |    0.00 [0.00-0.00]    |    0.00 [0.00-0.00]     |
|      289       |       1        |   2.00 [2.00-5.16]    |   0.00 [0.00-0.00]    |   5.87 [5.87-13.91]    |    0.00 [0.00-0.00]    |    0.01 [0.00-0.01]     |
|      290       |       1        |   8.00 [6.00-11.00]   |   0.00 [0.00-0.00]    |   10.66 [7.83-15.11]   |    0.00 [0.00-0.00]    |    0.00 [0.00-0.00]     |
|      291       |       1        |   6.00 [5.00-11.00]   |   0.00 [0.00-0.00]    |   8.84 [7.25-15.42]    |    0.00 [0.00-0.00]    |    0.00 [0.00-0.00]     |
|      292       |       1        |   7.00 [6.00-11.16]   |   0.00 [0.00-0.00]    |   10.31 [8.19-15.84]   |    0.00 [0.00-0.00]    |    0.00 [0.00-0.00]     |
|      293       |       1        |   8.00 [6.00-11.00]   |   0.00 [0.00-0.00]    |  13.38 [11.72-17.28]   |    0.00 [0.00-0.00]    |    0.00 [0.00-0.00]     |
|      294       |       1        |   6.00 [5.00-11.00]   |   0.00 [0.00-0.00]    |   6.00 [5.00-11.00]    |    0.00 [0.00-0.00]    |    0.00 [0.00-0.00]     |
|      295       |       1        |   9.00 [7.84-11.00]   |   0.00 [0.00-0.00]    |  14.05 [12.56-16.59]   |    0.00 [0.00-0.00]    |    0.00 [0.00-0.00]     |
|      296       |       1        |  11.00 [8.00-14.16]   |   0.00 [0.00-0.00]    |   11.00 [8.00-14.16]   |    0.00 [0.00-0.00]    |    0.00 [0.00-0.00]     |
|      297       |       1        |   7.00 [6.00-11.16]   |   2.00 [2.00-3.00]    |   10.60 [8.44-16.90]   |    0.87 [0.85-1.29]    |    0.00 [0.00-0.00]     |
|      299       |       1        |   4.50 [3.00-10.00]   |   0.00 [0.00-0.00]    |   5.81 [3.88-13.26]    |    0.00 [0.00-0.00]    |    0.00 [0.00-0.02]     |
|      300       |       1        |   5.00 [4.00-9.32]    |   0.00 [0.00-0.00]    |    5.00 [4.00-9.32]    |    0.00 [0.00-0.00]    |    0.02 [0.00-0.04]     |
|      301       |       1        |   6.00 [5.00-12.00]   |   0.00 [0.00-0.00]    |   6.00 [5.00-12.00]    |    0.00 [0.00-0.00]    |    0.00 [0.00-0.01]     |
|      302       |       1        |   7.00 [5.00-11.16]   |   0.00 [0.00-0.00]    |   9.61 [6.76-15.36]    |    0.00 [0.00-0.00]    |    0.00 [0.00-0.00]     |
|      303       |       1        |   6.00 [4.00-11.00]   |   0.00 [0.00-0.00]    |   6.00 [4.00-11.00]    |    0.00 [0.00-0.00]    |    0.00 [0.00-0.02]     |
|      304       |       1        |   3.00 [2.00-9.00]    |   0.00 [0.00-0.00]    |   4.49 [3.02-12.67]    |    0.00 [0.00-0.00]    |    0.01 [0.00-0.05]     |
|      305       |       1        |   3.00 [3.00-7.16]    |   0.00 [0.00-0.00]    |   7.41 [7.41-14.86]    |    0.00 [0.00-0.00]    |    0.01 [0.00-0.01]     |
|      306       |       1        |  14.00 [11.00-17.00]  |   0.00 [0.00-2.16]    |   8.92 [7.20-11.26]    |    0.00 [0.00-1.54]    |    0.00 [0.00-0.01]     |
|      307       |       1        |  11.00 [8.00-15.00]   |   0.00 [0.00-0.00]    |   11.00 [8.00-15.00]   |    0.00 [0.00-0.00]    |    0.00 [0.00-0.00]     |
|      308       |       1        |  10.00 [8.00-14.16]   |   0.00 [0.00-0.00]    |   10.00 [8.00-14.16]   |    0.00 [0.00-0.00]    |    0.00 [0.00-0.00]     |
|      309       |       1        |  16.00 [13.00-22.00]  |   1.00 [0.00-2.00]    |   11.06 [8.29-14.77]   |    0.64 [0.00-1.27]    |    0.00 [0.00-0.00]     |
|      311       |       1        |   5.00 [4.00-8.16]    |   0.00 [0.00-0.00]    |   6.47 [5.12-10.85]    |    0.00 [0.00-0.00]    |    0.00 [0.00-0.00]     |
|      312       |       1        |   5.00 [4.00-11.00]   |   0.00 [0.00-0.00]    |   5.00 [4.00-11.00]    |    0.00 [0.00-0.00]    |    0.01 [0.00-0.03]     |
|      313       |       1        |   7.00 [5.00-12.00]   |   0.00 [0.00-0.00]    |   7.00 [5.00-12.00]    |    0.00 [0.00-0.00]    |    0.00 [0.00-0.00]     |
|      314       |       1        |   9.00 [7.00-13.00]   |   0.00 [0.00-0.00]    |   9.00 [7.00-13.00]    |    0.00 [0.00-0.00]    |    0.00 [0.00-0.00]     |
|      315       |       1        |   6.00 [5.00-11.00]   |   0.00 [0.00-0.00]    |   7.85 [6.48-14.83]    |    0.00 [0.00-0.00]    |    0.00 [0.00-0.00]     |
|      316       |       1        |   3.00 [3.00-7.32]    |   0.00 [0.00-0.00]    |   6.75 [6.75-14.02]    |    0.00 [0.00-0.00]    |    0.00 [0.00-0.00]     |
|      317       |       1        |   4.00 [4.00-10.16]   |   0.00 [0.00-0.00]    |   4.00 [4.00-10.16]    |    0.00 [0.00-0.00]    |    0.01 [0.00-0.01]     |
|      318       |       1        |   4.00 [3.00-10.00]   |   0.00 [0.00-0.00]    |   5.95 [4.50-13.98]    |    0.00 [0.00-0.00]    |    0.00 [0.00-0.01]     |
|      319       |       1        |   8.00 [6.00-12.00]   |   0.00 [0.00-0.00]    |   8.00 [6.00-12.00]    |    0.00 [0.00-0.00]    |    0.00 [0.00-0.00]     |
|      320       |       1        |   4.50 [4.00-10.16]   |   0.00 [0.00-0.00]    |   4.50 [4.00-10.16]    |    0.00 [0.00-0.00]    |    0.01 [0.00-0.02]     |
|      322       |       1        |   4.00 [3.00-9.16]    |   0.00 [0.00-0.00]    |   5.19 [3.89-12.21]    |    0.00 [0.00-0.00]    |    0.00 [0.00-0.02]     |
|      323       |       1        |  10.00 [8.00-13.16]   |   0.00 [0.00-0.00]    |  13.59 [10.71-18.67]   |    0.00 [0.00-0.00]    |    0.00 [0.00-0.00]     |
|      324       |       1        |   3.00 [3.00-8.00]    |   0.00 [0.00-0.00]    |   8.32 [6.86-14.56]    |    0.00 [0.00-0.00]    |    0.00 [0.00-0.00]     |
|      325       |       1        |   3.00 [2.00-8.00]    |   0.00 [0.00-0.00]    |   4.46 [3.01-11.47]    |    0.00 [0.00-0.00]    |    0.02 [0.00-0.06]     |
|      326       |       1        |   3.00 [2.00-6.00]    |   0.00 [0.00-0.00]    |    4.40 [2.90-8.66]    |    0.00 [0.00-0.00]    |    0.01 [0.00-0.05]     |
|      328       |       1        |   9.00 [7.00-13.16]   |   2.00 [0.84-3.00]    |   8.60 [6.61-12.32]    |    1.03 [0.44-1.56]    |    0.00 [0.00-0.01]     |
|      329       |       1        |  15.00 [11.84-18.16]  |   2.00 [0.00-4.00]    |  12.60 [10.39-15.98]   |    1.16 [0.00-2.18]    |    0.00 [0.00-0.00]     |
|      330       |       1        |  11.00 [8.00-15.00]   |   1.00 [1.00-1.00]    |   11.00 [8.00-15.00]   |    0.50 [0.50-0.50]    |    0.00 [0.00-0.00]     |
|      331       |       1        |   8.00 [7.00-12.32]   |   0.00 [0.00-0.00]    |   8.00 [7.00-12.32]    |    0.00 [0.00-0.00]    |    0.00 [0.00-0.00]     |
|      332       |       1        |   8.00 [6.00-13.00]   |   0.00 [0.00-0.00]    |   8.00 [6.00-13.00]    |    0.00 [0.00-0.00]    |    0.00 [0.00-0.00]     |
|      333       |       1        |   8.00 [6.00-11.00]   |   1.00 [1.00-2.00]    |   10.76 [8.32-15.34]   |    0.44 [0.43-0.88]    |    0.00 [0.00-0.00]     |
|      334       |       1        |   9.00 [6.00-13.32]   |   0.00 [0.00-1.00]    |   6.24 [3.86-10.68]    |    0.00 [0.00-0.63]    |    0.00 [0.00-0.02]     |
|      335       |       1        |  14.00 [11.00-18.00]  |   1.00 [0.00-3.00]    |   11.85 [8.60-14.96]   |    0.61 [0.00-1.66]    |    0.00 [0.00-0.00]     |
|      336       |       1        |  14.00 [12.00-19.00]  |   0.00 [0.00-2.00]    |   9.86 [8.04-13.70]    |    0.00 [0.00-1.19]    |    0.00 [0.00-0.00]     |
|      337       |       1        |  10.50 [6.50-15.00]   |   1.50 [1.00-3.08]    |   9.07 [6.23-12.34]    |    0.81 [0.55-1.70]    |    0.00 [0.00-0.04]     |
|      338       |       1        |   7.00 [5.00-11.32]   |   1.00 [1.00-1.00]    |   7.00 [5.00-11.32]    |    0.50 [0.50-0.50]    |    0.00 [0.00-0.02]     |
|      339       |       1        |   8.00 [6.00-13.32]   |   0.00 [0.00-0.00]    |   8.00 [6.00-13.32]    |    0.00 [0.00-0.00]    |    0.00 [0.00-0.00]     |
|      340       |       1        |   8.00 [6.00-13.00]   |   1.00 [1.00-1.00]    |   8.00 [6.00-13.00]    |    0.53 [0.51-0.55]    |    0.00 [0.00-0.01]     |
|      343       |       1        |   4.00 [3.00-8.16]    |   0.00 [0.00-0.00]    |   10.99 [8.52-16.97]   |    0.00 [0.00-0.00]    |    0.00 [0.00-0.00]     |
|      344       |       1        |  11.00 [8.00-15.00]   |   0.00 [0.00-0.00]    |   11.00 [8.00-15.00]   |    0.00 [0.00-0.00]    |    0.00 [0.00-0.00]     |
|      345       |       1        |  11.00 [9.00-14.16]   |   0.00 [0.00-0.00]    |   11.00 [9.00-14.16]   |    0.00 [0.00-0.00]    |    0.00 [0.00-0.00]     |
|      346       |       1        |   9.00 [7.00-13.00]   |   0.00 [0.00-0.00]    |   9.00 [7.00-13.00]    |    0.00 [0.00-0.00]    |    0.00 [0.00-0.00]     |
|      347       |       1        |   7.00 [6.00-13.47]   |   0.00 [0.00-0.00]    |   7.00 [6.00-13.47]    |    0.00 [0.00-0.00]    |    0.00 [0.00-0.01]     |
|      348       |       1        |   4.00 [4.00-8.16]    |   0.00 [0.00-0.00]    |    4.00 [4.00-8.16]    |    0.00 [0.00-0.00]    |    0.01 [0.00-0.01]     |
|      349       |       1        |   8.00 [6.00-13.00]   |   0.00 [0.00-0.00]    |   8.00 [6.00-13.00]    |    0.00 [0.00-0.00]    |    0.00 [0.00-0.00]     |
|      350       |       1        |   5.00 [4.00-13.00]   |   0.00 [0.00-0.00]    |  13.29 [11.66-21.68]   |    0.00 [0.00-0.00]    |    0.00 [0.00-0.00]     |
|      351       |       1        |   9.00 [7.00-14.00]   |   0.00 [0.00-0.00]    |   9.00 [7.00-14.00]    |    0.00 [0.00-0.00]    |    0.00 [0.00-0.00]     |
|      352       |       1        |   7.00 [6.00-11.32]   |   0.00 [0.00-0.00]    |   7.00 [6.00-11.32]    |    0.00 [0.00-0.00]    |    0.00 [0.00-0.00]     |
|      353       |       1        |   8.00 [7.00-12.16]   |   0.00 [0.00-0.00]    |   10.81 [9.24-17.02]   |    0.00 [0.00-0.00]    |    0.00 [0.00-0.00]     |
|      354       |       1        |   9.00 [8.00-13.00]   |   0.00 [0.00-0.00]    |   9.00 [8.00-13.00]    |    0.00 [0.00-0.00]    |    0.00 [0.00-0.00]     |
|      355       |       1        |   8.00 [5.00-13.16]   |   0.00 [0.00-0.00]    |   8.00 [5.00-13.16]    |    0.00 [0.00-0.00]    |    0.00 [0.00-0.00]     |
|      356       |       1        |   9.00 [6.00-14.00]   |   1.00 [0.00-2.16]    |    6.52 [4.49-9.98]    |    0.62 [0.00-1.38]    |    0.00 [0.00-0.04]     |
|      357       |       1        |   9.00 [7.00-13.00]   |   0.00 [0.00-0.00]    |   9.00 [7.00-13.00]    |    0.00 [0.00-0.00]    |    0.00 [0.00-0.00]     |
|      358       |       1        |   8.00 [7.00-11.16]   |   0.00 [0.00-0.00]    |   8.00 [7.00-11.16]    |    0.00 [0.00-0.00]    |    0.00 [0.00-0.00]     |
|      359       |       1        |   8.00 [5.00-11.16]   |   0.00 [0.00-0.00]    |   11.18 [7.38-16.12]   |    0.00 [0.00-0.00]    |    0.00 [0.00-0.00]     |
|      361       |       1        |   8.50 [5.00-14.00]   |   2.00 [2.00-2.16]    |   8.50 [5.00-14.00]    |    1.00 [1.00-1.09]    |    0.00 [0.00-0.05]     |
|      362       |       1        |   4.00 [3.00-8.16]    |   0.00 [0.00-0.00]    |   5.33 [3.95-11.24]    |    0.00 [0.00-0.00]    |    0.00 [0.00-0.02]     |
|      363       |       1        |   4.00 [4.00-10.00]   |   1.00 [1.00-1.00]    |   4.00 [4.00-10.00]    |    0.50 [0.50-0.50]    |    0.05 [0.00-0.05]     |
|      365       |       1        |   9.00 [7.00-14.00]   |   1.00 [1.00-1.00]    |   9.00 [7.00-14.00]    |    0.50 [0.50-0.50]    |    0.00 [0.00-0.00]     |
|      366       |       1        |   8.00 [5.84-13.00]   |   0.00 [0.00-0.00]    |   8.00 [5.84-13.00]    |    0.00 [0.00-0.00]    |    0.00 [0.00-0.00]     |
|      367       |       1        |   7.00 [5.00-13.00]   |   0.00 [0.00-0.00]    |   7.00 [5.00-13.00]    |    0.00 [0.00-0.00]    |    0.00 [0.00-0.00]     |
|      368       |       1        |   6.00 [4.00-9.32]    |   0.00 [0.00-0.00]    |   8.14 [5.62-13.19]    |    0.00 [0.00-0.00]    |    0.00 [0.00-0.00]     |
|      369       |       1        |   9.00 [6.00-15.00]   |   0.00 [0.00-1.00]    |   6.11 [3.83-10.75]    |    0.00 [0.00-0.67]    |    0.00 [0.00-0.02]     |
|      370       |       1        |   8.50 [7.00-14.16]   |   1.00 [1.00-2.00]    |   8.50 [7.00-14.16]    |    0.50 [0.50-1.00]    |    0.00 [0.00-0.00]     |
|      371       |       1        |   7.00 [5.00-12.00]   |   0.00 [0.00-0.00]    |   9.17 [6.51-16.64]    |    0.00 [0.00-0.00]    |    0.00 [0.00-0.00]     |
|      372       |       1        |   9.00 [7.00-12.16]   |   0.00 [0.00-0.00]    |   12.16 [9.68-17.04]   |    0.00 [0.00-0.00]    |    0.00 [0.00-0.00]     |
|      373       |       1        |   9.00 [7.00-14.00]   |   0.00 [0.00-0.00]    |   9.00 [7.00-14.00]    |    0.00 [0.00-0.00]    |    0.00 [0.00-0.00]     |
|      374       |       1        |  14.00 [12.00-18.00]  |   1.00 [0.00-3.00]    |   11.09 [8.61-15.07]   |    0.57 [0.00-1.66]    |    0.00 [0.00-0.00]     |
|      375       |       1        |   5.00 [4.00-9.16]    |   0.00 [0.00-0.00]    |   7.07 [5.70-13.35]    |    0.00 [0.00-0.00]    |    0.00 [0.00-0.00]     |
|      376       |       1        |  16.00 [12.84-20.00]  |   0.00 [0.00-0.00]    |   10.26 [8.00-12.84]   |    0.00 [0.00-0.00]    |    0.00 [0.00-0.00]     |
|      377       |       1        |   8.00 [7.00-13.16]   |   0.00 [0.00-0.00]    |   8.00 [7.00-13.16]    |    0.00 [0.00-0.00]    |    0.00 [0.00-0.00]     |
|      378       |       1        |  10.00 [8.00-14.16]   |   0.00 [0.00-0.00]    |   10.00 [8.00-14.16]   |    0.00 [0.00-0.00]    |    0.00 [0.00-0.00]     |
|      379       |       1        |  10.00 [8.00-13.08]   |   5.50 [5.00-6.58]    |   10.34 [8.27-13.59]   |    2.70 [2.43-3.22]    |    0.01 [0.00-0.05]     |
|      380       |       1        |   7.00 [5.00-10.16]   |   0.00 [0.00-0.00]    |   7.00 [5.00-10.16]    |    0.00 [0.00-0.00]    |    0.00 [0.00-0.00]     |
|      381       |       1        |   7.00 [5.00-11.16]   |   0.00 [0.00-0.00]    |   7.00 [5.00-11.16]    |    0.00 [0.00-0.00]    |    0.00 [0.00-0.00]     |
|      382       |       1        |   8.00 [6.00-12.32]   |   0.00 [0.00-0.00]    |   10.51 [7.85-16.78]   |    0.00 [0.00-0.00]    |    0.00 [0.00-0.00]     |
|      383       |       1        |   9.00 [6.00-14.00]   |   1.00 [0.00-2.00]    |   6.25 [4.40-10.51]    |    0.65 [0.00-1.31]    |    0.00 [0.00-0.11]     |
|      384       |       1        |  10.00 [9.00-12.00]   |   0.00 [0.00-0.00]    |   10.00 [9.00-12.00]   |    0.00 [0.00-0.00]    |    0.00 [0.00-0.00]     |
|      385       |       1        |   8.00 [6.00-13.00]   |   0.00 [0.00-0.00]    |   8.00 [6.00-13.00]    |    0.00 [0.00-0.00]    |    0.00 [0.00-0.00]     |
|      386       |       1        |   7.00 [5.00-12.16]   |   0.00 [0.00-0.00]    |   10.16 [7.43-16.64]   |    0.00 [0.00-0.00]    |    0.00 [0.00-0.00]     |
|      387       |       1        |   9.00 [7.00-12.16]   |   0.00 [0.00-0.00]    |   12.22 [9.86-16.63]   |    0.00 [0.00-0.00]    |    0.00 [0.00-0.00]     |
|      388       |       1        |   5.00 [4.00-9.00]    |   0.00 [0.00-0.00]    |   6.88 [5.43-12.38]    |    0.00 [0.00-0.00]    |    0.00 [0.00-0.00]     |
|      389       |       1        |   8.00 [6.00-12.00]   |   0.00 [0.00-0.00]    |   10.70 [7.86-16.75]   |    0.00 [0.00-0.00]    |    0.00 [0.00-0.00]     |
|      390       |       1        |   8.00 [5.00-12.32]   |   0.00 [0.00-0.00]    |   8.00 [5.00-12.32]    |    0.00 [0.00-0.00]    |    0.00 [0.00-0.00]     |
|      391       |       1        |  10.00 [7.00-14.00]   |   0.00 [0.00-0.00]    |   10.00 [7.00-14.00]   |    0.00 [0.00-0.00]    |    0.00 [0.00-0.00]     |
|      392       |       1        |   7.00 [6.00-12.16]   |   0.00 [0.00-0.00]    |   9.19 [7.75-17.02]    |    0.00 [0.00-0.00]    |    0.00 [0.00-0.00]     |
|      393       |       1        |   7.00 [6.00-11.16]   |   0.00 [0.00-0.00]    |   9.11 [7.73-15.35]    |    0.00 [0.00-0.00]    |    0.00 [0.00-0.00]     |
|      394       |       1        |   7.00 [6.00-11.00]   |   0.00 [0.00-0.00]    |   9.17 [7.76-14.93]    |    0.00 [0.00-0.00]    |    0.00 [0.00-0.00]     |
|      395       |       1        |   3.00 [3.00-6.00]    |   0.00 [0.00-0.00]    |   7.75 [6.09-11.23]    |    0.00 [0.00-0.00]    |    0.00 [0.00-0.00]     |
|      396       |       1        |   2.00 [2.00-6.16]    |   0.00 [0.00-0.00]    |   5.80 [5.80-13.89]    |    0.00 [0.00-0.00]    |    0.02 [0.00-0.02]     |
|      397       |       1        |   8.00 [6.84-13.16]   |   0.00 [0.00-0.00]    |   8.00 [6.84-13.16]    |    0.00 [0.00-0.00]    |    0.00 [0.00-0.00]     |
|      398       |       1        |  11.00 [8.00-14.16]   |   0.00 [0.00-0.00]    |   11.00 [8.00-14.16]   |    0.00 [0.00-0.00]    |    0.00 [0.00-0.00]     |
|      399       |       1        |   8.00 [6.00-13.00]   |   0.00 [0.00-0.00]    |   8.00 [6.00-13.00]    |    0.00 [0.00-0.00]    |    0.00 [0.00-0.00]     |
|      400       |       1        |   5.00 [4.00-8.16]    |   2.00 [2.00-2.00]    |   9.18 [7.64-13.98]    |    0.82 [0.79-0.85]    |    0.00 [0.00-0.01]     |
|      401       |       1        |   7.00 [5.00-12.00]   |   4.00 [4.00-5.00]    |   7.00 [5.00-12.00]    |    2.05 [2.03-2.54]    |    0.04 [0.00-0.16]     |
|      402       |       1        |   4.00 [3.00-9.00]    |   0.00 [0.00-0.00]    |   10.87 [8.88-17.26]   |    0.00 [0.00-0.00]    |    0.00 [0.00-0.00]     |
|      403       |       1        |   7.00 [5.00-11.16]   |   0.00 [0.00-0.00]    |   9.82 [7.30-15.83]    |    0.00 [0.00-0.00]    |    0.00 [0.00-0.00]     |
|      404       |       1        |   3.00 [3.00-9.00]    |   0.00 [0.00-0.00]    |   8.45 [8.45-14.63]    |    0.00 [0.00-0.00]    |    0.00 [0.00-0.00]     |
|      405       |       1        |  13.00 [11.00-16.32]  |   0.00 [0.00-0.00]    |  13.00 [11.00-16.32]   |    0.00 [0.00-0.00]    |    0.00 [0.00-0.00]     |
|      406       |       1        |   9.00 [7.00-13.00]   |   0.00 [0.00-0.00]    |   9.00 [7.00-13.00]    |    0.00 [0.00-0.00]    |    0.00 [0.00-0.00]     |
|      407       |       1        |  11.00 [8.00-16.00]   |   0.00 [0.00-1.16]    |   7.53 [5.47-11.77]    |    0.00 [0.00-0.73]    |    0.00 [0.00-0.00]     |
|      408       |       1        |   4.00 [3.00-10.00]   |   0.00 [0.00-0.00]    |   5.98 [4.43-14.23]    |    0.00 [0.00-0.00]    |    0.00 [0.00-0.01]     |
|      409       |       1        |   9.00 [7.00-13.00]   |   0.00 [0.00-0.00]    |   9.00 [7.00-13.00]    |    0.00 [0.00-0.00]    |    0.00 [0.00-0.00]     |
|      411       |       1        |   8.00 [6.00-12.16]   |   0.00 [0.00-0.00]    |   8.00 [6.00-12.16]    |    0.00 [0.00-0.00]    |    0.00 [0.00-0.00]     |
|      412       |       1        |   5.00 [4.00-10.00]   |   1.00 [1.00-1.00]    |   5.01 [4.01-10.02]    |    0.50 [0.50-0.50]    |    0.02 [0.00-0.04]     |
|      413       |       1        |   8.00 [5.84-13.32]   |   2.00 [2.00-4.00]    |   6.06 [4.40-10.35]    |    1.22 [1.17-2.32]    |    0.03 [0.00-0.17]     |
|      414       |       1        |   8.00 [5.00-12.58]   |   1.00 [1.00-1.08]    |   10.38 [6.57-16.92]   |    0.45 [0.44-0.48]    |    0.00 [0.00-0.00]     |
|      415       |       1        |   5.00 [4.00-10.16]   |   0.00 [0.00-0.00]    |   5.00 [4.00-10.16]    |    0.00 [0.00-0.00]    |    0.00 [0.00-0.01]     |
|      416       |       1        |   8.00 [6.00-13.32]   |   0.00 [0.00-0.00]    |   8.00 [6.00-13.32]    |    0.00 [0.00-0.00]    |    0.00 [0.00-0.00]     |
|      417       |       1        |   9.00 [7.00-13.00]   |   0.00 [0.00-0.00]    |   9.00 [7.00-13.00]    |    0.00 [0.00-0.00]    |    0.00 [0.00-0.00]     |
|      418       |       1        |  11.00 [9.00-15.16]   |   1.00 [0.00-2.16]    |   7.38 [5.90-11.32]    |    0.64 [0.00-1.40]    |    0.00 [0.00-0.01]     |
|      419       |       1        |  10.00 [8.00-14.00]   |   0.00 [0.00-0.00]    |   9.24 [6.72-12.94]    |    0.00 [0.00-0.00]    |    0.00 [0.00-0.00]     |
|      420       |       1        |  11.00 [9.00-15.00]   |   0.00 [0.00-2.00]    |   9.92 [7.45-13.10]    |    0.00 [0.00-1.05]    |    0.00 [0.00-0.00]     |
|      421       |       1        |  13.00 [11.00-16.00]  |   1.00 [0.00-3.00]    |   9.37 [7.25-12.40]    |    0.63 [0.00-1.83]    |    0.00 [0.00-0.01]     |
|      422       |       1        |   8.00 [7.00-13.16]   |   1.00 [1.00-1.00]    |   8.00 [7.00-13.16]    |    0.56 [0.53-0.56]    |    0.00 [0.00-0.00]     |
|      423       |       1        |  10.00 [9.00-15.00]   |   0.00 [0.00-1.00]    |   8.96 [7.09-12.58]    |    0.00 [0.00-0.58]    |    0.00 [0.00-0.00]     |
|      424       |       1        |   4.00 [3.00-10.00]   |   0.00 [0.00-0.00]    |   4.00 [3.00-10.00]    |    0.00 [0.00-0.00]    |    0.01 [0.00-0.04]     |
|      425       |       1        |   8.00 [7.00-13.16]   |   0.00 [0.00-0.00]    |   8.00 [7.00-13.16]    |    0.00 [0.00-0.00]    |    0.00 [0.00-0.00]     |
|      426       |       1        |   8.00 [6.00-12.16]   |   0.00 [0.00-1.00]    |    6.10 [3.95-8.82]    |    0.00 [0.00-0.67]    |    0.01 [0.00-0.02]     |
|      427       |       1        |   5.00 [4.00-10.16]   |   0.00 [0.00-0.00]    |   5.00 [4.00-10.16]    |    0.00 [0.00-0.00]    |    0.00 [0.00-0.01]     |
|      428       |       1        |   8.00 [6.00-15.00]   |   0.00 [0.00-0.00]    |   8.00 [6.00-15.00]    |    0.00 [0.00-0.00]    |    0.00 [0.00-0.00]     |
|      429       |       1        |   9.00 [7.00-13.00]   |   0.00 [0.00-0.00]    |   9.00 [7.00-13.00]    |    0.00 [0.00-0.00]    |    0.00 [0.00-0.00]     |
|      430       |       1        |   8.00 [6.00-12.00]   |   0.00 [0.00-0.00]    |   10.96 [7.95-16.55]   |    0.00 [0.00-0.00]    |    0.00 [0.00-0.00]     |
|      431       |       1        |  11.00 [8.00-15.00]   |   0.00 [0.00-0.00]    |   11.00 [8.00-15.00]   |    0.00 [0.00-0.00]    |    0.00 [0.00-0.00]     |
|      432       |       1        |   5.00 [4.00-7.16]    |   0.00 [0.00-0.00]    |   9.35 [7.82-12.79]    |    0.00 [0.00-0.00]    |    0.00 [0.00-0.00]     |
|      433       |       1        |   8.50 [7.00-13.00]   |   0.00 [0.00-2.00]    |    5.89 [4.50-9.43]    |    0.00 [0.00-1.29]    |    0.00 [0.00-0.02]     |
|      434       |       1        |  13.00 [11.00-19.00]  |   0.00 [0.00-3.00]    |   9.68 [7.29-13.41]    |    0.00 [0.00-1.83]    |    0.00 [0.00-0.00]     |
|      435       |       1        |   3.00 [3.00-7.16]    |   0.00 [0.00-0.00]    |    3.00 [3.00-7.16]    |    0.00 [0.00-0.00]    |    0.04 [0.00-0.04]     |
|      436       |       1        |   6.00 [4.00-12.16]   |   0.00 [0.00-0.00]    |   8.69 [5.75-16.80]    |    0.00 [0.00-0.00]    |    0.00 [0.00-0.00]     |
|      437       |       1        |  11.00 [8.00-14.16]   |   0.00 [0.00-0.00]    |   11.00 [8.00-14.16]   |    0.00 [0.00-0.00]    |    0.00 [0.00-0.00]     |
|      438       |       1        |   3.00 [3.00-9.16]    |   0.00 [0.00-0.00]    |   4.48 [4.28-13.28]    |    0.00 [0.00-0.00]    |    0.01 [0.00-0.01]     |
|      439       |       1        |   9.00 [7.00-14.00]   |   0.00 [0.00-2.00]    |    6.15 [4.56-9.56]    |    0.00 [0.00-1.28]    |    0.00 [0.00-0.02]     |
|      440       |       1        |   8.00 [5.00-11.16]   |   0.00 [0.00-0.00]    |   10.84 [7.28-15.63]   |    0.00 [0.00-0.00]    |    0.00 [0.00-0.00]     |
|      441       |       1        |  12.00 [9.00-15.16]   |   0.00 [0.00-0.00]    |   12.00 [9.00-15.16]   |    0.00 [0.00-0.00]    |    0.00 [0.00-0.00]     |
|      442       |       1        |  10.00 [7.00-14.16]   |   0.00 [0.00-0.00]    |   10.00 [7.00-14.16]   |    0.00 [0.00-0.00]    |    0.00 [0.00-0.00]     |
|      443       |       1        |   3.00 [2.00-8.00]    |   0.00 [0.00-0.00]    |   4.47 [3.02-11.81]    |    0.00 [0.00-0.00]    |    0.01 [0.00-0.05]     |
|      444       |       1        |   7.00 [5.00-10.32]   |   0.00 [0.00-0.00]    |   10.15 [6.88-14.63]   |    0.00 [0.00-0.00]    |    0.00 [0.00-0.00]     |
|      445       |       1        |   3.00 [3.00-9.00]    |   0.00 [0.00-0.00]    |   4.48 [4.29-12.50]    |    0.00 [0.00-0.00]    |    0.01 [0.00-0.01]     |
|      446       |       1        |  11.00 [9.00-15.16]   |   0.00 [0.00-0.00]    |   11.00 [9.00-15.16]   |    0.00 [0.00-0.00]    |    0.00 [0.00-0.00]     |
|      447       |       1        |   9.00 [6.00-15.00]   |   0.00 [0.00-0.00]    |   9.00 [6.00-15.00]    |    0.00 [0.00-0.00]    |    0.00 [0.00-0.00]     |
|      448       |       1        |   9.00 [6.00-12.00]   |   0.00 [0.00-0.00]    |   9.00 [6.00-12.00]    |    0.00 [0.00-0.00]    |    0.00 [0.00-0.01]     |
|      449       |       1        |   4.00 [3.00-9.16]    |   0.00 [0.00-0.00]    |    4.00 [3.00-9.16]    |    0.00 [0.00-0.00]    |    0.04 [0.00-0.09]     |
|      450       |       1        |   9.00 [7.00-14.00]   |   0.00 [0.00-0.00]    |   9.00 [7.00-14.00]    |    0.00 [0.00-0.00]    |    0.00 [0.00-0.00]     |
|      451       |       1        |   8.00 [5.00-13.00]   |   0.00 [0.00-0.00]    |   10.96 [7.31-17.92]   |    0.00 [0.00-0.00]    |    0.00 [0.00-0.00]     |
|      452       |       1        |   9.00 [6.00-12.32]   |   0.00 [0.00-0.00]    |   9.00 [6.00-12.32]    |    0.00 [0.00-0.00]    |    0.00 [0.00-0.00]     |
|      453       |       1        |   6.50 [4.00-11.00]   |   0.00 [0.00-0.00]    |   9.35 [5.76-15.30]    |    0.00 [0.00-0.00]    |    0.00 [0.00-0.00]     |
|      454       |       1        |  11.00 [8.00-15.00]   |   0.00 [0.00-1.00]    |    7.09 [5.18-9.95]    |    0.00 [0.00-0.66]    |    0.00 [0.00-0.01]     |
|      455       |       1        |  10.00 [9.00-13.32]   |   0.00 [0.00-0.00]    |  14.19 [11.75-18.36]   |    0.00 [0.00-0.00]    |    0.00 [0.00-0.00]     |
|      456       |       1        |   2.00 [2.00-5.16]    |   0.00 [0.00-0.00]    |   6.14 [6.14-14.41]    |    0.00 [0.00-0.00]    |    0.02 [0.00-0.02]     |
|      457       |       1        |   6.00 [4.00-9.47]    |   0.00 [0.00-0.00]    |   8.57 [5.84-13.39]    |    0.00 [0.00-0.00]    |    0.00 [0.00-0.00]     |
|      458       |       1        |  14.00 [11.00-18.32]  |   0.00 [0.00-2.00]    |   10.13 [7.53-13.75]   |    0.00 [0.00-1.28]    |    0.00 [0.00-0.00]     |
|      461       |       1        |   4.00 [2.00-10.00]   |   0.00 [0.00-0.00]    |   5.66 [2.82-13.82]    |    0.00 [0.00-0.00]    |    0.00 [0.00-0.06]     |
|      462       |       1        |   7.00 [6.00-12.32]   |   0.00 [0.00-0.00]    |   9.21 [7.75-16.74]    |    0.00 [0.00-0.00]    |    0.00 [0.00-0.00]     |
|      463       |       1        |  11.00 [9.00-15.00]   |   0.00 [0.00-0.00]    |   11.00 [9.00-15.00]   |    0.00 [0.00-0.00]    |    0.00 [0.00-0.00]     |
|      465       |       1        |  10.00 [7.00-13.16]   |   0.00 [0.00-0.00]    |   10.00 [7.00-13.16]   |    0.00 [0.00-0.00]    |    0.00 [0.00-0.00]     |
|      466       |       1        |   3.00 [3.00-6.32]    |   0.00 [0.00-0.00]    |   8.82 [8.82-16.67]    |    0.00 [0.00-0.00]    |    0.00 [0.00-0.00]     |
|      467       |       1        |  10.00 [7.00-14.16]   |   0.00 [0.00-0.00]    |   10.00 [7.00-14.16]   |    0.00 [0.00-0.00]    |    0.00 [0.00-0.00]     |
|      468       |       1        |  10.50 [8.00-14.16]   |   0.00 [0.00-0.00]    |  14.38 [10.41-19.44]   |    0.00 [0.00-0.00]    |    0.00 [0.00-0.00]     |
|      469       |       1        |   3.00 [2.00-8.16]    |   0.00 [0.00-0.00]    |   3.85 [2.55-10.96]    |    0.00 [0.00-0.00]    |    0.02 [0.00-0.07]     |
|      470       |       1        |  11.00 [9.00-15.16]   |   1.00 [0.00-2.00]    |   8.64 [7.09-12.17]    |    0.60 [0.00-1.22]    |    0.00 [0.00-0.01]     |
|      471       |       1        |   4.00 [3.00-9.16]    |   0.00 [0.00-0.00]    |   5.92 [4.38-12.98]    |    0.00 [0.00-0.00]    |    0.00 [0.00-0.01]     |
|      472       |       1        |  10.00 [9.00-15.00]   |   0.00 [0.00-2.00]    |   6.83 [6.30-10.55]    |    0.00 [0.00-1.30]    |    0.00 [0.00-0.02]     |
|      473       |       1        |   7.00 [5.00-12.00]   |   0.00 [0.00-0.00]    |   7.00 [5.00-12.00]    |    0.00 [0.00-0.00]    |    0.00 [0.00-0.00]     |
|      474       |       1        |   9.00 [7.00-13.16]   |   0.00 [0.00-0.00]    |   9.00 [7.00-13.16]    |    0.00 [0.00-0.00]    |    0.00 [0.00-0.00]     |
|      475       |       1        |   6.00 [5.00-11.16]   |   0.00 [0.00-0.00]    |   8.60 [6.75-15.38]    |    0.00 [0.00-0.00]    |    0.00 [0.00-0.00]     |
|      476       |       1        |   7.00 [6.00-11.00]   |   0.00 [0.00-0.00]    |   7.00 [6.00-11.00]    |    0.00 [0.00-0.00]    |    0.00 [0.00-0.01]     |
|      478       |       1        |   6.00 [4.00-11.16]   |   0.00 [0.00-0.00]    |   8.60 [5.60-15.38]    |    0.00 [0.00-0.00]    |    0.00 [0.00-0.00]     |
|      479       |       1        |   6.00 [3.00-10.16]   |   0.00 [0.00-0.00]    |   6.00 [3.00-10.16]    |    0.00 [0.00-0.00]    |    0.00 [0.00-0.05]     |
|      480       |       1        |   8.00 [6.00-11.00]   |   0.00 [0.00-0.00]    |   11.37 [8.75-15.51]   |    0.00 [0.00-0.00]    |    0.00 [0.00-0.00]     |
|      481       |       1        |   8.50 [6.50-11.58]   |   1.50 [1.00-1.50]    |   11.34 [8.46-15.48]   |    0.66 [0.44-0.68]    |    0.00 [0.00-0.00]     |
|      482       |       1        |   7.00 [5.00-11.00]   |   0.00 [0.00-0.00]    |   7.00 [5.00-11.00]    |    0.00 [0.00-0.00]    |    0.00 [0.00-0.00]     |
|      483       |       1        |   9.00 [7.00-14.00]   |   0.00 [0.00-0.00]    |   9.00 [7.00-14.00]    |    0.00 [0.00-0.00]    |    0.00 [0.00-0.00]     |
|      484       |       1        |   9.00 [8.00-12.00]   |   2.00 [2.00-2.00]    |  12.94 [10.49-16.73]   |    0.99 [0.98-0.99]    |    0.00 [0.00-0.00]     |
|      485       |       1        |   5.00 [3.00-9.00]    |   0.00 [0.00-0.00]    |   7.29 [4.35-13.11]    |    0.00 [0.00-0.00]    |    0.00 [0.00-0.02]     |
|      486       |       1        |   6.50 [5.00-11.00]   |   0.00 [0.00-0.00]    |   6.50 [5.00-11.00]    |    0.00 [0.00-0.00]    |    0.00 [0.00-0.01]     |
|      487       |       1        |   7.00 [5.00-13.00]   |   0.00 [0.00-0.00]    |   7.00 [5.00-13.00]    |    0.00 [0.00-0.00]    |    0.00 [0.00-0.01]     |
|      490       |       1        |   2.00 [2.00-6.16]    |   0.00 [0.00-0.00]    |   6.19 [6.19-15.14]    |    0.00 [0.00-0.00]    |    0.01 [0.00-0.01]     |
|      491       |       1        |  10.00 [8.00-13.00]   |   0.00 [0.00-0.00]    |   10.00 [8.00-13.00]   |    0.00 [0.00-0.00]    |    0.00 [0.00-0.00]     |
|      492       |       1        |   8.00 [6.84-12.00]   |   0.00 [0.00-0.00]    |   11.27 [9.22-16.33]   |    0.00 [0.00-0.00]    |    0.00 [0.00-0.00]     |
|      493       |       1        |  10.00 [7.00-14.00]   |   0.00 [0.00-0.00]    |   10.00 [7.00-14.00]   |    0.00 [0.00-0.00]    |    0.00 [0.00-0.00]     |
|      494       |       1        |   7.00 [6.00-13.16]   |   0.00 [0.00-0.00]    |   9.13 [7.70-18.14]    |    0.00 [0.00-0.00]    |    0.00 [0.00-0.00]     |
|      495       |       1        |   7.00 [5.00-9.16]    |   0.00 [0.00-0.00]    |  11.68 [10.20-16.11]   |    0.00 [0.00-0.00]    |    0.00 [0.00-0.00]     |
|      496       |       1        |   9.00 [7.00-14.00]   |   0.00 [0.00-0.00]    |   9.00 [7.00-14.00]    |    0.00 [0.00-0.00]    |    0.00 [0.00-0.00]     |
|      497       |       1        |   4.00 [3.00-10.00]   |   0.00 [0.00-0.00]    |   10.01 [8.19-16.33]   |    0.00 [0.00-0.00]    |    0.00 [0.00-0.00]     |
|      498       |       1        |   9.00 [7.00-14.16]   |   1.00 [1.00-1.00]    |   9.02 [7.02-14.19]    |    0.50 [0.50-0.50]    |    0.00 [0.00-0.00]     |
|      500       |       1        |   7.00 [7.00-12.16]   |   1.00 [1.00-1.16]    |   7.00 [7.00-12.16]    |    0.50 [0.50-0.58]    |    0.00 [0.00-0.00]     |
|      501       |       1        |   3.00 [3.00-9.16]    |   0.00 [0.00-0.00]    |   8.34 [8.34-16.42]    |    0.00 [0.00-0.00]    |    0.00 [0.00-0.00]     |
|      502       |       1        |   6.50 [5.50-9.08]    |   2.50 [2.00-2.58]    |   10.74 [9.66-13.27]   |    1.08 [0.86-1.15]    |    0.00 [0.00-0.00]     |
|      503       |       1        |   7.00 [5.00-11.16]   |   0.00 [0.00-0.00]    |   7.00 [5.00-11.16]    |    0.00 [0.00-0.00]    |    0.00 [0.00-0.00]     |
|      504       |       1        |   6.00 [4.00-10.16]   |   0.00 [0.00-0.00]    |   8.28 [5.39-14.16]    |    0.00 [0.00-0.00]    |    0.00 [0.00-0.00]     |
|      505       |       1        |  10.00 [8.00-15.16]   |   0.00 [0.00-0.00]    |   10.00 [8.00-15.16]   |    0.00 [0.00-0.00]    |    0.00 [0.00-0.00]     |
|      506       |       1        |   7.00 [5.00-10.16]   |   0.00 [0.00-0.00]    |   9.81 [7.31-14.47]    |    0.00 [0.00-0.00]    |    0.00 [0.00-0.00]     |
|      507       |       1        |  11.00 [7.00-15.16]   |   0.00 [0.00-1.00]    |   7.28 [4.63-10.19]    |    0.00 [0.00-0.69]    |    0.00 [0.00-0.01]     |
|      508       |       1        |  12.00 [9.00-16.00]   |   0.00 [0.00-0.00]    |   12.00 [9.00-16.00]   |    0.00 [0.00-0.00]    |    0.00 [0.00-0.00]     |
|      509       |       1        |   6.50 [5.00-11.00]   |   0.00 [0.00-0.00]    |   8.80 [6.54-14.71]    |    0.00 [0.00-0.00]    |    0.00 [0.00-0.00]     |
|      510       |       1        |   9.00 [7.00-14.16]   |   0.00 [0.00-0.00]    |   12.10 [9.27-19.78]   |    0.00 [0.00-0.00]    |    0.00 [0.00-0.00]     |
|      511       |       1        |   5.00 [4.00-8.00]    |   0.00 [0.00-0.00]    |    5.00 [4.00-8.00]    |    0.00 [0.00-0.00]    |    0.00 [0.00-0.01]     |
|      512       |       1        |   2.00 [2.00-6.00]    |   0.00 [0.00-0.00]    |   6.19 [6.19-15.14]    |    0.00 [0.00-0.00]    |    0.03 [0.00-0.03]     |
|      513       |       1        |   7.00 [5.00-12.00]   |   0.00 [0.00-0.00]    |   7.00 [5.00-12.00]    |    0.00 [0.00-0.00]    |    0.00 [0.00-0.00]     |
|      514       |       1        |   5.00 [4.00-10.16]   |   0.00 [0.00-0.00]    |   7.42 [5.98-14.46]    |    0.00 [0.00-0.00]    |    0.00 [0.00-0.00]     |
|      515       |       1        |   7.00 [6.00-11.16]   |   0.00 [0.00-0.00]    |   9.89 [8.02-15.24]    |    0.00 [0.00-0.00]    |    0.00 [0.00-0.00]     |
|      516       |       1        |   7.00 [4.00-9.00]    |   0.00 [0.00-0.00]    |  11.51 [10.27-15.48]   |    0.00 [0.00-0.00]    |    0.00 [0.00-0.00]     |
|      517       |       1        |   8.00 [6.00-11.00]   |   0.00 [0.00-0.00]    |   10.54 [7.90-14.62]   |    0.00 [0.00-0.00]    |    0.00 [0.00-0.00]     |
|      519       |       1        |   5.00 [4.00-8.16]    |   0.00 [0.00-0.00]    |    5.00 [4.00-8.16]    |    0.00 [0.00-0.00]    |    0.00 [0.00-0.01]     |
|      520       |       1        |  12.00 [9.00-15.16]   |   0.00 [0.00-0.00]    |   12.00 [9.00-15.16]   |    0.00 [0.00-0.00]    |    0.00 [0.00-0.00]     |
|      521       |       1        |   4.00 [3.84-11.00]   |   2.00 [2.00-3.00]    |   6.71 [4.95-12.57]    |    0.89 [0.85-1.25]    |    0.02 [0.00-0.06]     |
|      522       |       1        |   5.00 [3.00-9.16]    |   0.00 [0.00-0.00]    |   7.00 [4.24-13.20]    |    0.00 [0.00-0.00]    |    0.00 [0.00-0.01]     |
|      523       |       1        |  10.00 [7.00-13.00]   |   0.00 [0.00-0.00]    |   10.00 [7.00-13.00]   |    0.00 [0.00-0.00]    |    0.00 [0.00-0.00]     |
|      524       |       1        |   5.00 [4.00-9.16]    |   0.00 [0.00-0.00]    |   7.28 [5.77-13.32]    |    0.00 [0.00-0.00]    |    0.00 [0.00-0.00]     |
|      525       |       1        |   4.00 [3.00-7.16]    |   0.00 [0.00-0.00]    |    4.00 [3.00-7.16]    |    0.00 [0.00-0.00]    |    0.01 [0.00-0.04]     |
|      527       |       1        |   7.00 [5.00-11.00]   |   0.00 [0.00-0.00]    |   7.00 [5.00-11.00]    |    0.00 [0.00-0.00]    |    0.00 [0.00-0.00]     |
|      528       |       1        |   6.00 [4.00-11.16]   |   1.00 [1.00-1.16]    |   8.70 [5.95-15.59]    |    0.50 [0.50-0.58]    |    0.00 [0.00-0.02]     |
|      529       |       1        |   6.00 [4.00-9.00]    |   0.00 [0.00-0.00]    |   8.28 [5.64-12.82]    |    0.00 [0.00-0.00]    |    0.00 [0.00-0.00]     |
|      530       |       1        |   5.00 [4.00-11.00]   |   0.00 [0.00-0.00]    |   5.00 [4.00-11.00]    |    0.00 [0.00-0.00]    |    0.00 [0.00-0.01]     |
|      531       |       1        |  10.00 [7.00-14.00]   |   0.00 [0.00-0.00]    |   10.00 [7.00-14.00]   |    0.00 [0.00-0.00]    |    0.00 [0.00-0.00]     |
|      532       |       1        |   9.00 [5.00-13.16]   |   0.00 [0.00-0.00]    |   9.00 [5.00-13.16]    |    0.00 [0.00-0.00]    |    0.00 [0.00-0.00]     |
|      533       |       1        |   6.00 [4.00-9.00]    |   0.00 [0.00-0.00]    |    6.00 [4.00-9.00]    |    0.00 [0.00-0.00]    |    0.00 [0.00-0.01]     |
|      535       |       1        |   4.00 [3.00-9.32]    |   0.00 [0.00-0.00]    |   5.26 [3.88-12.61]    |    0.00 [0.00-0.00]    |    0.00 [0.00-0.02]     |
|      536       |       1        |   7.00 [6.00-11.16]   |   0.00 [0.00-0.00]    |   9.48 [7.84-15.61]    |    0.00 [0.00-0.00]    |    0.00 [0.00-0.00]     |
|      537       |       1        |   8.00 [7.00-11.00]   |   0.00 [0.00-0.00]    |   8.00 [7.00-11.00]    |    0.00 [0.00-0.00]    |    0.00 [0.00-0.00]     |
|      538       |       1        |   6.00 [4.00-10.16]   |   0.00 [0.00-0.00]    |   7.91 [5.38-14.02]    |    0.00 [0.00-0.00]    |    0.00 [0.00-0.00]     |
|      539       |       1        |  10.00 [9.00-15.00]   |   0.00 [0.00-0.00]    |   10.00 [9.00-15.00]   |    0.00 [0.00-0.00]    |    0.00 [0.00-0.00]     |
|      540       |       1        |   9.00 [7.00-13.16]   |   0.00 [0.00-0.00]    |   9.00 [7.00-13.16]    |    0.00 [0.00-0.00]    |    0.00 [0.00-0.00]     |
|      541       |       1        |   9.00 [8.00-13.00]   |   0.00 [0.00-0.00]    |   9.00 [8.00-13.00]    |    0.00 [0.00-0.00]    |    0.00 [0.00-0.00]     |
|      542       |       1        |   8.00 [6.00-13.16]   |   0.00 [0.00-0.00]    |   8.00 [6.00-13.16]    |    0.00 [0.00-0.00]    |    0.00 [0.00-0.00]     |
|      543       |       1        |   2.00 [2.00-5.00]    |   0.00 [0.00-0.00]    |   6.22 [6.22-13.83]    |    0.00 [0.00-0.00]    |    0.02 [0.00-0.02]     |
|      544       |       1        |   4.00 [3.00-8.16]    |   0.00 [0.00-0.00]    |    4.00 [3.00-8.16]    |    0.00 [0.00-0.00]    |    0.01 [0.00-0.04]     |
|      545       |       1        |   9.00 [7.00-12.00]   |   0.00 [0.00-0.00]    |   12.04 [9.29-16.70]   |    0.00 [0.00-0.00]    |    0.00 [0.00-0.00]     |
|      546       |       1        |   4.00 [3.00-10.16]   |   0.00 [0.00-0.00]    |   5.87 [4.46-13.92]    |    0.00 [0.00-0.00]    |    0.00 [0.00-0.02]     |
|      548       |       1        |  11.00 [8.00-14.16]   |   0.00 [0.00-2.00]    |   8.84 [6.78-11.33]    |    0.00 [0.00-1.21]    |    0.00 [0.00-0.00]     |
|      549       |       1        |   9.00 [7.00-13.16]   |   0.00 [0.00-0.00]    |   9.00 [7.00-13.16]    |    0.00 [0.00-0.00]    |    0.00 [0.00-0.00]     |
|      550       |       1        |   5.00 [3.00-8.00]    |   0.00 [0.00-0.00]    |    5.00 [3.00-8.00]    |    0.00 [0.00-0.00]    |    0.00 [0.00-0.04]     |
|      551       |       1        |  10.00 [7.00-14.00]   |   1.00 [0.00-2.00]    |   8.42 [6.10-12.62]    |    0.56 [0.00-1.11]    |    0.00 [0.00-0.02]     |
|      552       |       1        |   7.00 [5.00-10.16]   |   0.00 [0.00-0.00]    |   9.37 [6.62-14.15]    |    0.00 [0.00-0.00]    |    0.00 [0.00-0.00]     |
|      553       |       1        |   5.00 [4.00-11.00]   |   0.00 [0.00-0.00]    |   5.00 [4.00-11.00]    |    0.00 [0.00-0.00]    |    0.02 [0.00-0.04]     |
|      554       |       1        |  10.00 [8.00-13.16]   |   1.00 [1.00-1.00]    |   10.66 [8.61-14.15]   |    0.59 [0.54-0.66]    |    0.00 [0.00-0.00]     |
|      556       |       1        |   8.50 [5.50-14.00]   |   2.50 [2.00-4.00]    |   11.28 [7.39-17.87]   |    1.11 [0.89-1.75]    |    0.00 [0.00-0.02]     |
|      558       |       1        |   6.00 [4.00-10.00]   |   0.00 [0.00-0.00]    |  12.80 [10.10-16.87]   |    0.00 [0.00-0.00]    |    0.00 [0.00-0.00]     |
|      559       |       1        |   6.50 [5.00-10.16]   |   1.00 [1.00-1.00]    |   6.50 [5.00-10.16]    |    0.50 [0.50-0.51]    |    0.00 [0.00-0.02]     |
|      560       |       1        |   8.00 [6.00-12.16]   |   1.00 [1.00-1.00]    |   8.00 [6.00-12.16]    |    0.50 [0.50-0.50]    |    0.00 [0.00-0.01]     |
|      561       |       1        |   8.50 [7.00-11.16]   |   1.00 [1.00-1.00]    |   8.50 [7.00-11.16]    |    0.50 [0.50-0.50]    |    0.00 [0.00-0.00]     |
|      562       |       1        |   5.00 [4.00-10.08]   |   5.00 [5.00-6.00]    |   8.95 [7.17-12.97]    |    2.17 [2.03-2.66]    |    0.03 [0.00-0.07]     |
|      563       |       1        |  10.00 [7.00-14.16]   |   1.00 [1.00-3.00]    |   7.77 [5.32-11.18]    |    0.60 [0.56-1.74]    |    0.00 [0.00-0.02]     |
|      566       |       1        |  10.00 [7.00-16.00]   |   0.00 [0.00-1.00]    |   6.89 [4.56-10.82]    |    0.00 [0.00-0.71]    |    0.00 [0.00-0.01]     |
|      567       |       1        |  10.00 [8.00-15.16]   |   0.00 [0.00-0.00]    |   10.00 [8.00-15.16]   |    0.00 [0.00-0.00]    |    0.00 [0.00-0.00]     |
|      568       |       1        |   6.00 [5.00-9.16]    |   0.00 [0.00-0.00]    |   8.03 [6.71-13.29]    |    0.00 [0.00-0.00]    |    0.00 [0.00-0.00]     |
|      569       |       1        |   9.00 [6.00-12.00]   |   0.00 [0.00-0.00]    |   12.52 [8.78-16.68]   |    0.00 [0.00-0.00]    |    0.00 [0.00-0.00]     |
|      570       |       1        |   3.00 [3.00-9.32]    |   0.00 [0.00-0.00]    |   4.43 [4.37-12.94]    |    0.00 [0.00-0.00]    |    0.01 [0.00-0.01]     |
|      571       |       1        |  10.00 [7.84-15.00]   |   0.00 [0.00-2.00]    |   7.47 [6.23-11.19]    |    0.00 [0.00-1.20]    |    0.00 [0.00-0.02]     |
|      572       |       1        |   5.00 [4.00-9.00]    |   0.00 [0.00-0.00]    |   6.99 [5.41-12.62]    |    0.00 [0.00-0.00]    |    0.00 [0.00-0.00]     |
|      573       |       1        |   6.00 [5.00-11.00]   |   0.00 [0.00-0.00]    |   6.00 [5.00-11.00]    |    0.00 [0.00-0.00]    |    0.00 [0.00-0.00]     |
|      575       |       1        |  11.00 [9.00-14.00]   |   0.00 [0.00-0.00]    |   11.00 [9.00-14.00]   |    0.00 [0.00-0.00]    |    0.00 [0.00-0.00]     |
|      576       |       1        |   9.00 [6.00-12.00]   |   0.00 [0.00-0.00]    |   9.00 [6.00-12.00]    |    0.00 [0.00-0.00]    |    0.00 [0.00-0.00]     |
|      577       |       1        |  12.00 [9.00-17.00]   |   0.00 [0.00-1.00]    |   8.03 [5.67-11.96]    |    0.00 [0.00-0.69]    |    0.00 [0.00-0.00]     |
|      578       |       1        |  11.00 [8.84-15.16]   |   0.00 [0.00-0.00]    |   11.00 [8.84-15.16]   |    0.00 [0.00-0.00]    |    0.00 [0.00-0.00]     |
|      579       |       1        |  10.00 [8.00-14.16]   |   0.00 [0.00-0.00]    |   10.00 [8.00-14.16]   |    0.00 [0.00-0.00]    |    0.00 [0.00-0.00]     |
|      580       |       1        |   9.00 [7.00-13.00]   |   0.00 [0.00-0.00]    |   12.18 [9.39-18.10]   |    0.00 [0.00-0.00]    |    0.00 [0.00-0.00]     |
|      581       |       1        |   8.50 [6.00-12.00]   |   0.00 [0.00-0.00]    |   8.50 [6.00-12.00]    |    0.00 [0.00-0.00]    |    0.00 [0.00-0.00]     |
|      582       |       1        |   7.00 [5.00-13.32]   |   0.00 [0.00-0.00]    |    4.43 [3.08-9.39]    |    0.00 [0.00-0.00]    |    0.01 [0.00-0.05]     |
|      583       |       1        |   7.00 [4.00-12.00]   |   1.00 [1.00-1.00]    |   7.00 [4.00-12.00]    |    0.50 [0.50-0.50]    |    0.00 [0.00-0.05]     |
|      585       |       1        |   5.00 [5.00-11.16]   |   0.00 [0.00-0.00]    |   5.00 [5.00-11.16]    |    0.00 [0.00-0.00]    |    0.01 [0.00-0.01]     |
|      586       |       1        |   5.00 [4.00-9.16]    |   0.00 [0.00-0.00]    |    5.00 [4.00-9.16]    |    0.00 [0.00-0.00]    |    0.01 [0.00-0.02]     |
|      587       |       1        |  11.00 [8.00-16.16]   |   0.00 [0.00-1.16]    |   7.63 [5.81-12.47]    |    0.00 [0.00-0.75]    |    0.00 [0.00-0.01]     |
|      588       |       1        |   9.00 [6.00-12.00]   |   0.00 [0.00-0.00]    |   12.08 [8.14-16.93]   |    0.00 [0.00-0.00]    |    0.00 [0.00-0.00]     |
|      589       |       1        |   5.00 [4.00-8.16]    |   0.00 [0.00-0.00]    |   6.62 [5.20-11.13]    |    0.00 [0.00-0.00]    |    0.00 [0.00-0.00]     |
|      590       |       1        |  12.00 [9.00-14.16]   |   1.00 [1.00-1.50]    |   12.11 [9.08-14.31]   |    0.50 [0.50-0.74]    |    0.00 [0.00-0.00]     |
|      591       |       1        |  11.00 [8.00-14.32]   |   0.00 [0.00-1.16]    |   9.40 [7.03-12.57]    |    0.00 [0.00-0.63]    |    0.00 [0.00-0.00]     |
|      592       |       1        |   2.00 [2.00-8.00]    |   0.00 [0.00-0.00]    |   3.01 [3.01-11.53]    |    0.00 [0.00-0.00]    |    0.05 [0.00-0.05]     |
|      593       |       1        |   6.00 [5.00-11.16]   |   0.00 [0.00-0.00]    |   8.81 [6.96-15.95]    |    0.00 [0.00-0.00]    |    0.00 [0.00-0.00]     |
|      594       |       1        |   7.00 [5.00-12.00]   |   0.00 [0.00-0.00]    |   7.00 [5.00-12.00]    |    0.00 [0.00-0.00]    |    0.00 [0.00-0.00]     |
|      595       |       1        |  10.00 [8.00-14.16]   |   0.00 [0.00-0.00]    |  13.47 [10.76-19.34]   |    0.00 [0.00-0.00]    |    0.00 [0.00-0.00]     |
|      596       |       1        |   8.00 [6.00-11.16]   |   0.00 [0.00-0.00]    |   10.86 [7.96-15.49]   |    0.00 [0.00-0.00]    |    0.00 [0.00-0.00]     |
|      597       |       1        |   9.00 [7.00-12.16]   |   0.00 [0.00-0.00]    |   9.00 [7.00-12.16]    |    0.00 [0.00-0.00]    |    0.00 [0.00-0.00]     |
|      598       |       1        |   5.00 [4.00-10.00]   |   0.00 [0.00-0.00]    |   5.00 [4.00-10.00]    |    0.00 [0.00-0.00]    |    0.00 [0.00-0.01]     |
|      599       |       1        |  10.00 [8.00-14.16]   |   0.00 [0.00-0.00]    |   10.00 [8.00-14.16]   |    0.00 [0.00-0.00]    |    0.00 [0.00-0.00]     |
|      600       |       1        |   7.00 [5.00-10.00]   |   0.00 [0.00-0.00]    |   10.12 [7.41-14.33]   |    0.00 [0.00-0.00]    |    0.00 [0.00-0.00]     |
|      601       |       1        |   4.00 [3.00-11.00]   |   0.00 [0.00-0.00]    |   5.90 [4.47-15.36]    |    0.00 [0.00-0.00]    |    0.00 [0.00-0.01]     |
|      602       |       1        |   5.00 [4.00-10.00]   |   0.00 [0.00-0.00]    |   7.39 [5.96-14.23]    |    0.00 [0.00-0.00]    |    0.00 [0.00-0.00]     |
|      603       |       1        |   3.00 [3.00-7.16]    |   0.00 [0.00-0.00]    |    3.93 [3.86-9.56]    |    0.00 [0.00-0.00]    |    0.02 [0.00-0.02]     |
|      604       |       1        |  10.00 [8.00-14.00]   |   0.00 [0.00-0.00]    |   10.00 [8.00-14.00]   |    0.00 [0.00-0.00]    |    0.00 [0.00-0.00]     |
|      605       |       1        |  11.00 [9.00-16.16]   |   0.00 [0.00-0.16]    |   8.19 [6.61-10.82]    |    0.00 [0.00-0.11]    |    0.00 [0.00-0.00]     |
|      606       |       1        |   8.00 [5.00-13.00]   |   0.00 [0.00-0.00]    |   8.00 [5.00-13.00]    |    0.00 [0.00-0.00]    |    0.00 [0.00-0.01]     |
|      607       |       1        |   2.00 [2.00-7.32]    |   0.00 [0.00-0.00]    |   6.02 [6.02-14.81]    |    0.00 [0.00-0.00]    |    0.01 [0.00-0.01]     |
|      609       |       1        |   5.50 [5.00-10.00]   |   0.00 [0.00-0.00]    |   5.50 [5.00-10.00]    |    0.00 [0.00-0.00]    |    0.00 [0.00-0.00]     |
|      610       |       1        |   5.00 [4.00-10.00]   |   0.00 [0.00-0.00]    |   5.00 [4.00-10.00]    |    0.00 [0.00-0.00]    |    0.00 [0.00-0.01]     |
|      611       |       1        |   7.00 [6.00-11.16]   |   0.00 [0.00-0.00]    |   10.22 [8.48-15.90]   |    0.00 [0.00-0.00]    |    0.00 [0.00-0.00]     |
|      612       |       1        |   7.00 [5.00-10.00]   |   0.00 [0.00-0.00]    |   7.00 [5.00-10.00]    |    0.00 [0.00-0.00]    |    0.00 [0.00-0.00]     |
|      613       |       1        |   5.00 [4.00-9.16]    |   0.00 [0.00-0.00]    |   7.21 [5.68-12.81]    |    0.00 [0.00-0.00]    |    0.00 [0.00-0.00]     |
|      614       |       1        |   7.00 [4.00-10.16]   |   0.00 [0.00-0.00]    |   13.13 [9.60-16.89]   |    0.00 [0.00-0.00]    |    0.00 [0.00-0.00]     |
|      615       |       1        |  10.00 [7.00-14.00]   |   1.00 [1.00-1.00]    |   10.00 [7.00-14.00]   |    0.67 [0.65-0.75]    |    0.00 [0.00-0.01]     |
|      616       |       1        |   7.00 [5.00-11.00]   |   0.00 [0.00-0.00]    |   7.00 [5.00-11.00]    |    0.00 [0.00-0.00]    |    0.00 [0.00-0.01]     |
|      617       |       1        |   7.00 [6.00-11.16]   |   0.00 [0.00-0.00]    |   10.23 [8.13-15.69]   |    0.00 [0.00-0.00]    |    0.00 [0.00-0.00]     |
|      618       |       1        |   7.00 [4.00-11.00]   |   1.00 [1.00-2.00]    |   7.27 [4.17-11.48]    |    0.49 [0.49-0.98]    |    0.00 [0.00-0.08]     |
|      619       |       1        |   5.00 [3.00-9.16]    |   0.00 [0.00-0.00]    |   7.16 [4.41-13.09]    |    0.00 [0.00-0.00]    |    0.00 [0.00-0.01]     |
|      621       |       1        |   5.00 [4.00-10.32]   |   0.00 [0.00-0.00]    |   7.35 [5.91-14.90]    |    0.00 [0.00-0.00]    |    0.00 [0.00-0.00]     |
|      622       |       1        |   8.00 [5.00-12.00]   |   0.00 [0.00-0.00]    |   8.00 [5.00-12.00]    |    0.00 [0.00-0.00]    |    0.00 [0.00-0.00]     |
|      623       |       1        |   8.00 [6.00-14.16]   |   0.00 [0.00-0.16]    |    5.38 [3.76-9.89]    |    0.00 [0.00-0.11]    |    0.01 [0.00-0.02]     |
|      624       |       1        |   4.00 [3.00-8.16]    |   1.00 [1.00-1.00]    |   5.68 [4.18-11.61]    |    0.44 [0.43-0.44]    |    0.01 [0.00-0.05]     |
|      626       |       1        |   8.00 [6.00-12.16]   |   0.00 [0.00-0.00]    |   8.00 [6.00-12.16]    |    0.00 [0.00-0.00]    |    0.00 [0.00-0.00]     |
|      627       |       1        |   6.00 [4.00-11.16]   |   2.00 [2.00-2.00]    |   7.92 [5.34-15.19]    |    0.99 [0.99-0.99]    |    0.01 [0.00-0.05]     |
|      628       |       1        |   9.00 [7.00-13.16]   |   2.00 [2.00-3.50]    |   9.06 [7.09-13.32]    |    1.00 [1.00-1.73]    |    0.00 [0.00-0.01]     |
|      629       |       1        |   9.00 [7.00-14.00]   |   0.00 [0.00-1.16]    |   7.61 [5.96-11.52]    |    0.00 [0.00-0.67]    |    0.00 [0.00-0.01]     |
|      630       |       1        |   7.00 [5.00-11.16]   |   5.00 [5.00-6.00]    |   10.05 [6.95-15.86]   |    2.18 [2.15-2.60]    |    0.01 [0.00-0.07]     |
|      634       |       1        |   5.00 [4.00-9.16]    |   0.00 [0.00-0.00]    |    5.00 [4.00-9.16]    |    0.00 [0.00-0.00]    |    0.00 [0.00-0.01]     |
|      636       |       1        |   8.00 [6.00-12.00]   |   3.00 [3.00-4.00]    |   10.16 [7.72-16.02]   |    1.35 [1.33-1.81]    |    0.00 [0.00-0.01]     |
|      638       |       1        |   8.00 [6.00-12.16]   |   0.00 [0.00-0.00]    |   10.83 [8.10-16.68]   |    0.00 [0.00-0.00]    |    0.00 [0.00-0.00]     |
|      640       |       1        |   8.50 [5.50-11.50]   |   2.50 [2.50-2.50]    |   10.83 [6.95-15.43]   |    1.12 [1.10-1.13]    |    0.00 [0.00-0.02]     |
|      641       |       1        |   4.00 [4.00-10.16]   |   0.00 [0.00-0.00]    |  12.00 [10.54-18.57]   |    0.00 [0.00-0.00]    |    0.00 [0.00-0.00]     |
|      642       |       1        |   7.00 [5.00-11.00]   |   0.00 [0.00-0.00]    |   9.59 [6.66-15.45]    |    0.00 [0.00-0.00]    |    0.00 [0.00-0.00]     |
|      643       |       1        |   5.00 [4.00-9.16]    |   2.00 [2.00-2.08]    |    5.12 [4.09-9.42]    |    0.99 [0.98-1.03]    |    0.04 [0.00-0.09]     |
|      644       |       1        |   8.00 [7.00-12.00]   |   0.00 [0.00-0.00]    |   8.00 [7.00-12.00]    |    0.00 [0.00-0.00]    |    0.00 [0.00-0.00]     |
|      645       |       1        |   6.00 [5.00-11.00]   |   0.00 [0.00-0.00]    |   6.00 [5.00-11.00]    |    0.00 [0.00-0.00]    |    0.00 [0.00-0.00]     |
|      646       |       1        |   8.00 [6.00-11.32]   |   0.00 [0.00-0.00]    |   10.56 [7.91-15.81]   |    0.00 [0.00-0.00]    |    0.00 [0.00-0.00]     |
|      648       |       1        |  11.00 [8.00-15.16]   |   0.00 [0.00-0.00]    |   11.00 [8.00-15.16]   |    0.00 [0.00-0.00]    |    0.00 [0.00-0.00]     |
|      649       |       1        |   3.00 [3.00-8.16]    |   0.00 [0.00-0.00]    |   4.48 [4.28-11.60]    |    0.00 [0.00-0.00]    |    0.01 [0.00-0.01]     |
|      650       |       1        |   6.00 [4.00-10.00]   |   0.00 [0.00-0.00]    |   8.38 [5.90-14.26]    |    0.00 [0.00-0.00]    |    0.00 [0.00-0.00]     |
|      651       |       1        |   8.00 [5.00-11.16]   |   0.00 [0.00-0.00]    |   8.00 [5.00-11.16]    |    0.00 [0.00-0.00]    |    0.00 [0.00-0.00]     |
|      652       |       1        |   4.00 [3.00-7.32]    |   0.00 [0.00-0.00]    |   11.13 [9.11-17.25]   |    0.00 [0.00-0.00]    |    0.00 [0.00-0.00]     |
|      653       |       1        |   6.00 [4.00-10.00]   |   0.00 [0.00-0.00]    |   8.52 [5.55-13.64]    |    0.00 [0.00-0.00]    |    0.00 [0.00-0.00]     |
|      654       |       1        |   6.50 [5.00-12.00]   |   0.00 [0.00-0.00]    |   9.53 [7.40-16.91]    |    0.00 [0.00-0.00]    |    0.00 [0.00-0.00]     |
|      655       |       1        |  10.00 [8.00-14.00]   |   0.00 [0.00-1.00]    |   7.91 [5.75-10.94]    |    0.00 [0.00-0.60]    |    0.00 [0.00-0.00]     |
|      656       |       1        |   7.00 [5.00-11.16]   |   0.00 [0.00-0.00]    |   7.00 [5.00-11.16]    |    0.00 [0.00-0.00]    |    0.00 [0.00-0.00]     |
|      657       |       1        |  10.50 [8.00-17.00]   |   0.00 [0.00-2.00]    |   6.89 [5.04-12.04]    |    0.00 [0.00-1.34]    |    0.00 [0.00-0.03]     |
|      658       |       1        |  11.00 [8.00-15.00]   |   2.00 [2.00-2.00]    |   11.00 [8.00-15.00]   |    1.07 [1.03-1.12]    |    0.00 [0.00-0.01]     |
|      659       |       1        |  10.00 [9.00-15.32]   |   0.00 [0.00-0.00]    |   10.00 [9.00-15.32]   |    0.00 [0.00-0.00]    |    0.00 [0.00-0.00]     |
|      660       |       1        |   6.00 [4.00-9.00]    |   0.00 [0.00-0.00]    |   10.18 [7.81-14.83]   |    0.00 [0.00-0.00]    |    0.00 [0.00-0.00]     |
|      661       |       1        |   8.00 [5.00-13.00]   |   0.00 [0.00-0.00]    |   8.00 [5.00-13.00]    |    0.00 [0.00-0.00]    |    0.00 [0.00-0.00]     |
|      662       |       1        |   5.00 [4.00-11.00]   |   0.00 [0.00-0.00]    |   5.00 [4.00-11.00]    |    0.00 [0.00-0.00]    |    0.01 [0.00-0.02]     |
|      663       |       1        |   9.00 [7.00-13.00]   |   1.00 [1.00-1.00]    |   9.02 [7.02-13.04]    |    0.52 [0.51-0.56]    |    0.00 [0.00-0.00]     |
|      664       |       1        |   6.00 [5.00-11.16]   |   0.00 [0.00-0.00]    |   8.84 [7.24-15.99]    |    0.00 [0.00-0.00]    |    0.00 [0.00-0.00]     |
|      665       |       1        |   9.00 [7.00-14.00]   |   0.00 [0.00-0.00]    |   9.00 [7.00-14.00]    |    0.00 [0.00-0.00]    |    0.00 [0.00-0.00]     |
|      666       |       1        |   8.00 [5.00-12.16]   |   0.00 [0.00-0.00]    |   11.24 [7.25-16.84]   |    0.00 [0.00-0.00]    |    0.00 [0.00-0.00]     |
|      667       |       1        |   5.00 [4.00-9.00]    |   0.00 [0.00-0.00]    |   7.38 [5.97-12.81]    |    0.00 [0.00-0.00]    |    0.00 [0.00-0.00]     |
|      669       |       1        |   7.00 [6.00-11.00]   |   0.00 [0.00-0.00]    |   9.31 [7.83-14.73]    |    0.00 [0.00-0.00]    |    0.00 [0.00-0.00]     |
|      670       |       1        |   8.00 [6.00-12.00]   |   0.00 [0.00-0.00]    |   8.00 [6.00-12.00]    |    0.00 [0.00-0.00]    |    0.00 [0.00-0.00]     |
|      671       |       1        |   8.50 [6.00-12.16]   |   0.00 [0.00-0.00]    |   11.95 [8.75-17.01]   |    0.00 [0.00-0.00]    |    0.00 [0.00-0.00]     |
|      672       |       1        |   9.00 [7.00-13.00]   |   0.00 [0.00-0.00]    |   9.00 [7.00-13.00]    |    0.00 [0.00-0.00]    |    0.00 [0.00-0.00]     |
|      676       |       1        |   8.00 [7.00-12.16]   |   5.00 [5.00-6.08]    |   8.80 [7.49-13.32]    |    2.41 [2.39-2.95]    |    0.02 [0.00-0.05]     |
|      678       |       1        |   7.00 [5.00-11.16]   |   0.00 [0.00-0.00]    |   7.00 [5.00-11.16]    |    0.00 [0.00-0.00]    |    0.00 [0.00-0.01]     |
|      679       |       1        |  10.50 [9.00-14.16]   |   0.00 [0.00-0.00]    |   10.50 [9.00-14.16]   |    0.00 [0.00-0.00]    |    0.00 [0.00-0.00]     |
|      681       |       1        |   6.00 [4.00-11.16]   |   0.00 [0.00-0.00]    |   6.00 [4.00-11.16]    |    0.00 [0.00-0.00]    |    0.00 [0.00-0.01]     |
|      682       |       1        |   5.00 [5.00-10.00]   |   0.00 [0.00-0.00]    |   5.00 [5.00-10.00]    |    0.00 [0.00-0.00]    |    0.01 [0.00-0.01]     |
|      683       |       1        |   9.00 [7.00-12.16]   |   1.00 [1.00-1.00]    |   12.41 [9.36-16.76]   |    0.44 [0.43-0.45]    |    0.00 [0.00-0.00]     |
|      684       |       1        |   9.00 [7.00-13.00]   |   1.00 [1.00-1.00]    |   12.57 [9.12-17.83]   |    0.44 [0.43-0.45]    |    0.00 [0.00-0.00]     |
|      685       |       1        |   4.00 [4.00-10.16]   |   0.00 [0.00-0.00]    |   4.00 [4.00-10.16]    |    0.00 [0.00-0.00]    |    0.02 [0.00-0.02]     |
|      686       |       1        |  12.00 [8.84-17.16]   |   0.50 [0.00-2.00]    |   8.07 [5.70-13.03]    |    0.29 [0.00-1.30]    |    0.00 [0.00-0.01]     |
|      687       |       1        |   4.00 [3.00-9.16]    |   0.00 [0.00-0.00]    |    4.00 [3.00-9.16]    |    0.00 [0.00-0.00]    |    0.01 [0.00-0.04]     |
|      688       |       1        |   4.00 [4.00-10.00]   |   0.00 [0.00-0.00]    |   4.00 [4.00-10.00]    |    0.00 [0.00-0.00]    |    0.01 [0.00-0.01]     |
|      689       |       1        |  12.00 [10.00-16.00]  |   0.00 [0.00-0.00]    |  12.00 [10.00-16.00]   |    0.00 [0.00-0.00]    |    0.00 [0.00-0.00]     |
|      690       |       1        |   3.50 [2.50-5.00]    |   2.50 [2.00-3.58]    |   7.76 [5.85-10.03]    |    0.99 [0.80-1.44]    |    0.03 [0.00-0.12]     |
|      692       |       1        |   2.00 [2.00-6.16]    |   0.00 [0.00-0.00]    |   5.38 [5.38-13.30]    |    0.00 [0.00-0.00]    |    0.02 [0.00-0.02]     |
|      693       |       1        |   7.50 [5.42-10.16]   |   4.50 [4.00-6.08]    |   8.93 [6.38-12.50]    |    2.09 [1.83-2.87]    |    0.02 [0.00-0.11]     |
|      694       |       1        |   6.00 [4.00-9.16]    |   0.00 [0.00-0.00]    |   8.29 [5.87-13.47]    |    0.00 [0.00-0.00]    |    0.00 [0.00-0.00]     |
|      695       |       1        |   5.00 [3.00-8.16]    |   2.00 [2.00-3.00]    |   9.98 [6.73-16.77]    |    0.79 [0.78-1.22]    |    0.00 [0.00-0.05]     |
|      696       |       1        |   7.50 [6.34-11.66]   |   2.50 [2.50-3.00]    |   10.20 [8.38-16.15]   |    1.11 [1.09-1.35]    |    0.00 [0.00-0.01]     |
|      699       |       1        |   7.00 [4.00-11.00]   |   0.00 [0.00-0.00]    |   7.00 [4.00-11.00]    |    0.00 [0.00-0.00]    |    0.00 [0.00-0.01]     |
|      700       |       1        |  10.00 [7.00-14.00]   |   0.00 [0.00-0.00]    |  13.84 [10.17-19.66]   |    0.00 [0.00-0.00]    |    0.00 [0.00-0.00]     |
|      701       |       1        |   5.00 [4.00-10.00]   |   1.00 [1.00-2.00]    |   5.00 [4.00-10.00]    |    0.50 [0.50-1.00]    |    0.02 [0.00-0.05]     |
|      702       |       1        |   6.00 [5.00-12.00]   |   0.00 [0.00-0.00]    |   6.00 [5.00-12.00]    |    0.00 [0.00-0.00]    |    0.00 [0.00-0.01]     |
|      703       |       1        |   2.00 [2.00-9.00]    |   0.00 [0.00-0.00]    |   5.27 [5.27-16.85]    |    0.00 [0.00-0.00]    |    0.02 [0.00-0.02]     |
|      706       |       1        |   9.00 [9.00-12.00]   |   1.00 [1.00-1.50]    |   9.04 [9.04-12.05]    |    0.50 [0.50-0.75]    |    0.00 [0.00-0.00]     |
|      714       |       1        |   8.00 [6.00-11.00]   |   4.00 [4.00-4.16]    |   8.09 [6.07-11.13]    |    1.99 [1.99-2.07]    |    0.02 [0.00-0.07]     |
|      715       |       1        |   7.00 [6.00-10.16]   |   1.00 [1.00-1.00]    |   9.90 [8.20-14.36]    |    0.44 [0.43-0.45]    |    0.00 [0.00-0.00]     |
|      716       |       1        |  11.25 [8.00-14.00]   |   2.50 [2.00-4.00]    |   9.56 [6.12-12.67]    |    1.43 [1.09-2.21]    |    0.00 [0.00-0.05]     |
|      717       |       1        |   3.00 [2.00-4.32]    |   0.00 [0.00-0.00]    |    7.13 [5.09-9.65]    |    0.00 [0.00-0.00]    |    0.00 [0.00-0.02]     |
|      718       |       1        |   3.00 [2.00-6.16]    |   0.00 [0.00-0.00]    |   7.91 [6.18-15.49]    |    0.00 [0.00-0.00]    |    0.01 [0.00-0.03]     |
|      719       |       1        |  14.00 [12.00-18.16]  |   0.00 [0.00-1.16]    |   9.01 [7.59-11.88]    |    0.00 [0.00-0.85]    |    0.00 [0.00-0.00]     |
|      720       |       1        |   8.00 [6.84-11.00]   |   3.00 [3.00-4.00]    |   10.69 [9.05-15.28]   |    1.39 [1.36-1.89]    |    0.00 [0.00-0.01]     |
|      722       |       1        |   6.00 [4.00-11.00]   |   0.00 [0.00-0.00]    |   8.18 [5.66-15.12]    |    0.00 [0.00-0.00]    |    0.00 [0.00-0.00]     |
|      723       |       1        |  10.00 [8.00-13.00]   |   0.00 [0.00-0.00]    |   10.00 [8.00-13.00]   |    0.00 [0.00-0.00]    |    0.00 [0.00-0.00]     |
|      724       |       1        |   7.00 [4.00-11.16]   |   0.00 [0.00-0.00]    |   7.00 [4.00-11.16]    |    0.00 [0.00-0.00]    |    0.00 [0.00-0.01]     |
|      725       |       1        |   7.00 [5.00-10.16]   |   0.00 [0.00-0.00]    |   7.00 [5.00-10.16]    |    0.00 [0.00-0.00]    |    0.00 [0.00-0.00]     |
|      726       |       1        |  10.00 [7.00-13.00]   |   0.00 [0.00-0.00]    |  13.62 [10.21-18.24]   |    0.00 [0.00-0.00]    |    0.00 [0.00-0.00]     |
|      727       |       1        |   8.00 [5.00-13.00]   |   0.00 [0.00-0.00]    |   11.39 [7.28-17.57]   |    0.00 [0.00-0.00]    |    0.00 [0.00-0.00]     |
|      729       |       1        |   8.00 [6.00-11.16]   |   0.00 [0.00-0.00]    |   10.93 [7.98-15.31]   |    0.00 [0.00-0.00]    |    0.00 [0.00-0.00]     |
|      732       |       1        |  10.00 [8.00-14.00]   |   0.00 [0.00-0.00]    |   10.00 [8.00-14.00]   |    0.00 [0.00-0.00]    |    0.00 [0.00-0.00]     |
|      733       |       1        |   7.00 [6.00-11.16]   |   3.00 [3.00-4.00]    |   7.56 [5.93-11.48]    |    1.50 [1.47-2.00]    |    0.02 [0.00-0.05]     |
|      735       |       1        |   6.00 [4.00-10.16]   |   0.00 [0.00-0.00]    |   8.23 [5.65-13.89]    |    0.00 [0.00-0.00]    |    0.00 [0.00-0.00]     |
|      736       |       1        |   8.00 [6.00-12.00]   |   0.00 [0.00-0.00]    |   8.00 [6.00-12.00]    |    0.00 [0.00-0.00]    |    0.00 [0.00-0.00]     |
|      737       |       1        |   6.00 [5.00-11.16]   |   1.00 [1.00-2.00]    |   6.00 [5.00-11.16]    |    0.50 [0.50-1.01]    |    0.01 [0.00-0.02]     |
|      738       |       1        |  10.00 [7.00-14.00]   |   0.00 [0.00-0.00]    |   10.00 [7.00-14.00]   |    0.00 [0.00-0.00]    |    0.00 [0.00-0.00]     |
|      739       |       1        |   5.00 [4.00-12.00]   |   0.00 [0.00-0.00]    |   5.00 [4.00-12.00]    |    0.00 [0.00-0.00]    |    0.00 [0.00-0.01]     |
|      740       |       1        |   4.00 [3.00-8.00]    |   0.00 [0.00-0.00]    |   5.47 [4.05-11.06]    |    0.00 [0.00-0.00]    |    0.00 [0.00-0.02]     |
|      743       |       1        |   5.00 [4.00-11.00]   |   0.00 [0.00-0.00]    |  12.85 [11.30-19.06]   |    0.00 [0.00-0.00]    |    0.00 [0.00-0.00]     |
|      744       |       1        |  13.00 [10.00-18.00]  |   1.00 [0.00-4.00]    |   9.72 [6.72-13.70]    |    0.59 [0.00-2.36]    |    0.00 [0.00-0.01]     |
|      747       |       1        |   7.00 [5.00-9.16]    |   0.00 [0.00-0.00]    |   9.34 [6.54-12.76]    |    0.00 [0.00-0.00]    |    0.00 [0.00-0.00]     |
|      748       |       1        |   7.00 [6.00-12.00]   |   0.00 [0.00-0.00]    |   9.32 [7.82-15.86]    |    0.00 [0.00-0.00]    |    0.00 [0.00-0.00]     |
|      749       |       1        |   8.00 [6.00-12.16]   |   0.00 [0.00-0.00]    |   11.53 [8.45-17.21]   |    0.00 [0.00-0.00]    |    0.00 [0.00-0.00]     |
|      750       |       1        |   7.00 [5.00-11.16]   |   0.00 [0.00-0.00]    |   10.09 [7.40-16.02]   |    0.00 [0.00-0.00]    |    0.00 [0.00-0.00]     |
|      751       |       1        |   5.00 [4.00-10.00]   |   1.00 [1.00-1.00]    |   5.00 [4.00-10.00]    |    0.50 [0.50-0.50]    |    0.02 [0.00-0.05]     |
|      752       |       1        |   8.50 [6.00-12.16]   |   0.00 [0.00-1.00]    |    6.38 [4.43-9.40]    |    0.00 [0.00-0.62]    |    0.00 [0.00-0.01]     |
|      754       |       1        |   5.00 [4.00-10.16]   |   0.00 [0.00-0.00]    |   6.78 [5.33-14.11]    |    0.00 [0.00-0.00]    |    0.00 [0.00-0.00]     |
|      755       |       1        |  12.00 [8.50-17.00]   |   1.00 [1.00-1.50]    |   12.93 [9.06-18.17]   |    0.49 [0.48-0.73]    |    0.00 [0.00-0.00]     |
|      756       |       1        |  10.00 [7.00-13.00]   |   0.00 [0.00-0.00]    |  13.78 [10.09-17.74]   |    0.00 [0.00-0.00]    |    0.00 [0.00-0.00]     |
|      757       |       1        |  11.00 [9.00-16.00]   |   0.00 [0.00-2.00]    |   8.03 [6.16-12.07]    |    0.00 [0.00-1.25]    |    0.00 [0.00-0.00]     |
|      758       |       1        |   5.00 [4.00-9.00]    |   0.00 [0.00-0.00]    |   6.87 [5.43-12.57]    |    0.00 [0.00-0.00]    |    0.00 [0.00-0.00]     |
|      760       |       1        |  10.00 [8.00-13.00]   |   1.00 [1.00-1.58]    |   10.80 [8.65-14.04]   |    0.50 [0.49-0.81]    |    0.00 [0.00-0.00]     |
|      761       |       1        |   7.00 [5.00-11.16]   |   0.00 [0.00-1.00]    |    5.43 [3.41-8.19]    |    0.00 [0.00-0.62]    |    0.00 [0.00-0.03]     |
|      762       |       1        |   8.00 [6.00-13.16]   |   0.00 [0.00-0.00]    |   8.00 [6.00-13.16]    |    0.00 [0.00-0.00]    |    0.00 [0.00-0.00]     |
|      763       |       1        |  13.00 [11.00-16.00]  |   0.00 [0.00-2.00]    |   10.47 [9.06-12.81]   |    0.00 [0.00-1.19]    |    0.00 [0.00-0.00]     |
|      764       |       1        |   7.00 [5.00-10.32]   |   0.00 [0.00-0.00]    |   9.69 [6.73-14.55]    |    0.00 [0.00-0.00]    |    0.00 [0.00-0.00]     |
|      766       |       1        |   9.00 [7.00-14.00]   |   1.00 [1.00-1.00]    |   10.78 [8.43-17.22]   |    0.46 [0.45-0.46]    |    0.00 [0.00-0.00]     |
|      769       |       1        |   7.00 [5.00-10.00]   |   1.00 [1.00-1.00]    |   10.32 [8.34-13.31]   |    0.44 [0.41-0.46]    |    0.00 [0.00-0.00]     |
|      770       |       1        |   7.00 [5.00-11.00]   |   0.00 [0.00-1.00]    |    5.49 [3.53-9.07]    |    0.00 [0.00-0.59]    |    0.00 [0.00-0.02]     |
|      771       |       1        |   5.50 [4.00-9.16]    |   0.00 [0.00-0.00]    |    5.50 [4.00-9.16]    |    0.00 [0.00-0.00]    |    0.00 [0.00-0.01]     |
|      772       |       1        |   6.00 [5.00-11.00]   |   0.00 [0.00-0.00]    |   6.00 [5.00-11.00]    |    0.00 [0.00-0.00]    |    0.00 [0.00-0.00]     |
|      773       |       1        |   3.00 [3.00-9.16]    |   0.00 [0.00-0.00]    |   8.76 [8.76-17.20]    |    0.00 [0.00-0.00]    |    0.00 [0.00-0.00]     |
|      774       |       1        |  10.00 [8.00-16.00]   |   0.00 [0.00-2.00]    |   6.90 [5.35-11.46]    |    0.00 [0.00-1.19]    |    0.00 [0.00-0.00]     |
|      775       |       1        |  10.00 [7.00-14.00]   |   0.00 [0.00-0.00]    |   10.00 [7.00-14.00]   |    0.00 [0.00-0.00]    |    0.00 [0.00-0.00]     |
|      776       |       1        |   8.00 [5.84-12.00]   |   1.00 [1.00-1.16]    |   10.94 [8.06-16.70]   |    0.44 [0.43-0.51]    |    0.00 [0.00-0.00]     |
|      777       |       1        |   8.00 [7.00-13.16]   |   1.00 [1.00-1.00]    |   8.03 [7.03-13.21]    |    0.50 [0.50-0.50]    |    0.00 [0.00-0.00]     |
|      779       |       1        |  10.00 [8.00-15.00]   |   1.00 [1.00-1.50]    |   10.75 [8.55-15.88]   |    0.49 [0.48-0.73]    |    0.00 [0.00-0.00]     |
|      781       |       1        |   8.00 [6.00-12.00]   |   0.00 [0.00-0.00]    |   10.72 [7.91-16.63]   |    0.00 [0.00-0.00]    |    0.00 [0.00-0.00]     |
|      782       |       1        |   9.00 [6.00-13.16]   |   0.00 [0.00-0.00]    |   9.00 [6.00-13.16]    |    0.00 [0.00-0.00]    |    0.00 [0.00-0.00]     |
|      783       |       1        |   3.00 [2.00-6.16]    |   0.00 [0.00-0.00]    |   8.39 [5.85-15.17]    |    0.00 [0.00-0.00]    |    0.00 [0.00-0.02]     |
|      785       |       1        |   4.00 [3.00-9.00]    |   1.00 [1.00-1.00]    |   4.72 [3.54-10.57]    |    0.47 [0.47-0.47]    |    0.02 [0.00-0.07]     |
|      786       |       1        |   7.00 [4.00-11.00]   |   0.00 [0.00-0.00]    |  13.95 [10.55-18.79]   |    0.00 [0.00-0.00]    |    0.00 [0.00-0.00]     |
|      787       |       1        |  11.00 [9.00-15.00]   |   0.00 [0.00-0.00]    |   11.00 [9.00-15.00]   |    0.00 [0.00-0.00]    |    0.00 [0.00-0.00]     |
|      788       |       1        |   7.50 [5.50-10.50]   |   4.50 [4.00-5.50]    |   9.98 [7.42-13.90]    |    2.00 [1.78-2.47]    |    0.01 [0.00-0.05]     |
|      790       |       1        |  12.00 [9.00-16.16]   |   0.00 [0.00-0.00]    |   12.00 [9.00-16.16]   |    0.00 [0.00-0.00]    |    0.00 [0.00-0.00]     |
|      791       |       1        |   5.00 [4.00-9.16]    |   0.00 [0.00-0.00]    |   6.94 [5.46-12.61]    |    0.00 [0.00-0.00]    |    0.00 [0.00-0.00]     |
|      792       |       1        |  10.00 [7.00-16.00]   |   0.00 [0.00-2.00]    |   6.68 [4.90-11.19]    |    0.00 [0.00-1.24]    |    0.00 [0.00-0.01]     |
|      793       |       1        |   9.00 [7.00-13.16]   |   0.00 [0.00-0.00]    |   9.00 [7.00-13.16]    |    0.00 [0.00-0.00]    |    0.00 [0.00-0.00]     |
|      794       |       1        |   7.00 [5.00-11.00]   |   0.00 [0.00-0.00]    |   7.00 [5.00-11.00]    |    0.00 [0.00-0.00]    |    0.00 [0.00-0.00]     |
|      795       |       1        |  11.50 [9.50-15.00]   |   2.00 [2.00-3.58]    |  14.40 [11.95-18.40]   |    0.92 [0.90-1.62]    |    0.00 [0.00-0.00]     |
|      796       |       1        |   6.00 [5.00-11.00]   |   0.00 [0.00-0.00]    |   8.75 [7.06-15.38]    |    0.00 [0.00-0.00]    |    0.00 [0.00-0.00]     |
|      797       |       1        |  11.00 [7.00-15.16]   |   0.00 [0.00-1.16]    |   7.98 [5.33-11.61]    |    0.00 [0.00-0.73]    |    0.00 [0.00-0.01]     |
|      798       |       1        |   6.00 [4.00-10.16]   |   3.00 [3.00-3.58]    |   7.95 [5.11-12.70]    |    1.36 [1.34-1.61]    |    0.01 [0.00-0.08]     |
|      799       |       1        |  11.00 [9.00-16.16]   |   1.00 [1.00-2.08]    |   8.13 [6.31-12.45]    |    0.63 [0.58-1.29]    |    0.00 [0.00-0.01]     |
|      800       |       1        |   7.00 [5.00-13.16]   |   0.00 [0.00-0.00]    |   9.11 [6.61-17.84]    |    0.00 [0.00-0.00]    |    0.00 [0.00-0.00]     |
|      801       |       1        |   7.00 [4.00-11.16]   |   0.00 [0.00-0.00]    |   7.00 [4.00-11.16]    |    0.00 [0.00-0.00]    |    0.00 [0.00-0.01]     |
|      802       |       1        |  12.00 [10.00-17.16]  |   0.00 [0.00-1.00]    |   10.63 [8.67-15.29]   |    0.00 [0.00-0.53]    |    0.00 [0.00-0.00]     |
|      803       |       1        |   8.00 [6.00-12.16]   |   0.00 [0.00-0.00]    |   8.00 [6.00-12.16]    |    0.00 [0.00-0.00]    |    0.00 [0.00-0.00]     |
|      804       |       1        |  13.00 [9.00-17.00]   |   0.00 [0.00-0.00]    |   13.00 [9.00-17.00]   |    0.00 [0.00-0.00]    |    0.00 [0.00-0.00]     |
|      805       |       1        |   9.00 [7.00-15.16]   |   0.00 [0.00-1.00]    |   6.75 [5.26-11.16]    |    0.00 [0.00-0.63]    |    0.00 [0.00-0.01]     |
|      806       |       1        |   9.00 [7.00-12.16]   |   0.00 [0.00-0.00]    |   9.00 [7.00-12.16]    |    0.00 [0.00-0.00]    |    0.00 [0.00-0.00]     |
|      807       |       1        |   5.00 [4.00-9.16]    |   0.00 [0.00-0.00]    |   6.76 [5.37-13.08]    |    0.00 [0.00-0.00]    |    0.00 [0.00-0.00]     |
|      808       |       1        |  10.00 [8.00-14.16]   |   0.00 [0.00-0.16]    |   8.89 [7.08-12.91]    |    0.00 [0.00-0.08]    |    0.00 [0.00-0.00]     |
|      809       |       1        |  10.00 [8.00-13.00]   |   0.00 [0.00-0.00]    |  13.56 [10.73-18.19]   |    0.00 [0.00-0.00]    |    0.00 [0.00-0.00]     |
|      810       |       1        |   4.00 [3.00-7.16]    |   2.00 [2.00-2.00]    |   8.87 [7.48-14.76]    |    0.79 [0.78-0.84]    |    0.01 [0.00-0.02]     |
|      812       |       1        |   7.00 [5.00-11.16]   |   0.00 [0.00-0.00]    |   9.88 [7.16-15.67]    |    0.00 [0.00-0.00]    |    0.00 [0.00-0.00]     |
|      813       |       1        |   9.00 [6.00-11.00]   |   0.00 [0.00-0.00]    |  14.35 [12.91-18.32]   |    0.00 [0.00-0.00]    |    0.00 [0.00-0.00]     |
|      814       |       1        |   4.00 [3.00-9.16]    |   2.00 [2.00-3.00]    |   5.60 [4.25-12.38]    |    0.87 [0.87-1.32]    |    0.03 [0.00-0.09]     |
|      815       |       1        |   7.00 [5.00-10.32]   |   1.00 [1.00-2.00]    |   9.32 [6.63-14.27]    |    0.45 [0.44-0.90]    |    0.00 [0.00-0.01]     |
|      816       |       1        |   7.00 [5.00-11.16]   |   1.00 [1.00-1.16]    |   10.22 [7.17-15.93]   |    0.43 [0.43-0.51]    |    0.00 [0.00-0.00]     |
|      817       |       1        |  10.00 [8.00-13.16]   |   0.00 [0.00-0.00]    |   10.00 [8.00-13.16]   |    0.00 [0.00-0.00]    |    0.00 [0.00-0.00]     |
|      819       |       1        |  13.00 [9.00-17.16]   |   3.00 [2.00-5.16]    |   10.69 [7.65-14.81]   |    1.68 [1.12-2.93]    |    0.00 [0.00-0.04]     |
|      820       |       1        |  11.00 [8.00-15.00]   |   0.00 [0.00-0.00]    |   11.00 [8.00-15.00]   |    0.00 [0.00-0.00]    |    0.00 [0.00-0.00]     |
|      821       |       1        |   9.00 [6.92-13.16]   |   4.00 [4.00-5.00]    |   10.45 [7.72-15.19]   |    1.91 [1.86-2.37]    |    0.00 [0.00-0.04]     |
|      823       |       1        |   9.00 [7.00-12.00]   |   3.00 [3.00-4.00]    |   9.00 [7.00-12.00]    |    1.54 [1.54-2.06]    |    0.01 [0.00-0.04]     |
|      825       |       1        |  11.00 [9.00-15.00]   |   0.00 [0.00-0.00]    |   11.00 [9.00-15.00]   |    0.00 [0.00-0.00]    |    0.00 [0.00-0.00]     |
|      826       |       1        |   6.00 [5.00-11.00]   |   0.00 [0.00-0.00]    |   7.93 [6.56-15.03]    |    0.00 [0.00-0.00]    |    0.00 [0.00-0.00]     |
|      827       |       1        |   4.00 [3.00-8.00]    |   0.00 [0.00-0.00]    |   8.76 [8.50-13.97]    |    0.00 [0.00-0.00]    |    0.00 [0.00-0.00]     |
|      828       |       1        |   2.00 [2.00-6.00]    |   0.00 [0.00-0.00]    |   6.28 [6.28-14.88]    |    0.00 [0.00-0.00]    |    0.03 [0.00-0.03]     |
|      829       |       1        |   6.00 [5.00-11.16]   |   0.00 [0.00-0.00]    |   8.73 [7.16-15.91]    |    0.00 [0.00-0.00]    |    0.00 [0.00-0.00]     |
|      832       |       1        |   4.00 [3.00-10.00]   |   0.00 [0.00-0.00]    |   5.42 [4.02-14.20]    |    0.00 [0.00-0.00]    |    0.01 [0.00-0.02]     |
|      833       |       1        |   8.00 [7.00-11.00]   |   0.00 [0.00-0.00]    |  11.70 [10.90-15.23]   |    0.00 [0.00-0.00]    |    0.00 [0.00-0.00]     |
|      834       |       1        |   6.00 [4.00-10.16]   |   1.00 [1.00-1.00]    |   7.99 [5.29-14.11]    |    0.50 [0.50-0.50]    |    0.00 [0.00-0.02]     |
|      835       |       1        |  11.00 [10.00-15.00]  |   1.00 [1.00-1.00]    |  11.16 [10.10-15.19]   |    0.50 [0.50-0.50]    |    0.00 [0.00-0.00]     |
|      836       |       1        |   6.00 [4.00-9.00]    |   0.00 [0.00-0.00]    |   8.30 [5.68-12.94]    |    0.00 [0.00-0.00]    |    0.00 [0.00-0.00]     |
|      837       |       1        |   8.00 [6.00-12.16]   |   0.00 [0.00-0.00]    |   10.98 [8.43-17.16]   |    0.00 [0.00-0.00]    |    0.00 [0.00-0.00]     |
|      838       |       1        |   4.50 [3.50-8.50]    |   1.50 [1.00-1.58]    |   9.42 [7.31-16.18]    |    0.61 [0.41-0.66]    |    0.00 [0.00-0.02]     |
|      839       |       1        |   5.00 [4.50-10.66]   |   2.50 [2.00-2.66]    |   6.65 [5.94-13.94]    |    1.21 [0.96-1.30]    |    0.04 [0.00-0.05]     |
|      840       |       1        |  15.00 [12.00-19.00]  |   0.00 [0.00-0.16]    |   9.67 [7.84-12.53]    |    0.00 [0.00-0.11]    |    0.00 [0.00-0.00]     |
|      842       |       1        |   7.00 [5.00-10.16]   |   0.00 [0.00-0.00]    |   9.31 [6.62-14.60]    |    0.00 [0.00-0.00]    |    0.00 [0.00-0.00]     |
|      843       |       1        |   4.00 [3.00-9.00]    |   1.00 [1.00-1.00]    |   5.94 [4.50-12.82]    |    0.43 [0.43-0.44]    |    0.01 [0.00-0.04]     |
|      844       |       1        |  10.00 [7.00-14.00]   |   0.00 [0.00-0.00]    |   10.00 [7.00-14.00]   |    0.00 [0.00-0.00]    |    0.00 [0.00-0.00]     |
|      845       |       1        |   7.50 [6.00-11.00]   |   0.00 [0.00-0.00]    |   10.79 [8.53-15.94]   |    0.00 [0.00-0.00]    |    0.00 [0.00-0.00]     |
|      846       |       1        |   7.00 [5.00-9.16]    |   0.00 [0.00-0.00]    |  11.41 [10.08-14.86]   |    0.00 [0.00-0.00]    |    0.00 [0.00-0.00]     |
|      847       |       1        |   6.00 [5.00-10.16]   |   1.00 [1.00-1.00]    |   8.07 [6.74-13.51]    |    0.44 [0.44-0.45]    |    0.00 [0.00-0.00]     |
|      848       |       1        |   6.00 [4.00-10.16]   |   0.00 [0.00-0.00]    |   6.00 [4.00-10.16]    |    0.00 [0.00-0.00]    |    0.00 [0.00-0.01]     |
|      849       |       1        |   6.00 [5.00-11.16]   |   1.00 [1.00-1.00]    |   6.00 [5.00-11.16]    |    0.50 [0.50-0.50]    |    0.01 [0.00-0.02]     |
|      851       |       1        |   6.50 [4.00-13.00]   |   5.00 [5.00-6.00]    |   9.95 [6.16-19.48]    |    2.13 [2.12-2.57]    |    0.01 [0.00-0.15]     |
|      854       |       1        |   3.00 [3.00-7.16]    |   0.00 [0.00-0.00]    |    3.00 [3.00-7.16]    |    0.00 [0.00-0.00]    |    0.04 [0.00-0.04]     |
|      855       |       1        |   9.00 [7.00-14.00]   |   0.00 [0.00-0.00]    |   9.00 [7.00-14.00]    |    0.00 [0.00-0.00]    |    0.00 [0.00-0.00]     |
|      856       |       1        |   3.00 [2.84-7.00]    |   2.00 [2.00-3.00]    |   7.46 [7.01-16.33]    |    0.83 [0.83-1.24]    |    0.02 [0.00-0.08]     |
|      857       |       1        |  14.00 [10.00-18.00]  |   0.00 [0.00-1.00]    |   10.41 [6.56-14.17]   |    0.00 [0.00-0.60]    |    0.00 [0.00-0.00]     |
|      858       |       1        |   6.00 [5.00-11.16]   |   0.00 [0.00-0.00]    |   6.00 [5.00-11.16]    |    0.00 [0.00-0.00]    |    0.00 [0.00-0.01]     |
|      859       |       1        |  10.00 [7.00-14.00]   |   0.00 [0.00-2.16]    |   7.76 [5.30-10.41]    |    0.00 [0.00-1.31]    |    0.00 [0.00-0.02]     |
|      860       |       1        |  10.00 [8.00-14.16]   |   0.00 [0.00-1.00]    |   7.64 [5.51-10.49]    |    0.00 [0.00-0.64]    |    0.00 [0.00-0.00]     |
|      862       |       1        |  10.00 [7.00-14.00]   |   0.00 [0.00-0.00]    |   10.00 [7.00-14.00]   |    0.00 [0.00-0.00]    |    0.00 [0.00-0.00]     |
|      863       |       1        |   7.00 [5.00-11.16]   |   0.00 [0.00-0.00]    |   9.40 [6.66-15.69]    |    0.00 [0.00-0.00]    |    0.00 [0.00-0.00]     |
|      864       |       1        |  10.00 [8.00-14.00]   |   0.00 [0.00-0.00]    |  14.48 [11.51-19.43]   |    0.00 [0.00-0.00]    |    0.00 [0.00-0.00]     |
|      866       |       1        |  11.00 [8.50-15.58]   |   2.50 [2.00-2.50]    |   10.89 [8.37-15.36]   |    1.26 [1.01-1.26]    |    0.00 [0.00-0.01]     |
|      867       |       1        |  11.00 [8.00-14.16]   |   0.00 [0.00-0.00]    |   11.00 [8.00-14.16]   |    0.00 [0.00-0.00]    |    0.00 [0.00-0.00]     |
|      868       |       1        |  13.00 [10.00-17.16]  |   1.00 [0.00-3.00]    |   10.37 [8.36-14.98]   |    0.55 [0.00-1.59]    |    0.00 [0.00-0.00]     |
|      869       |       1        |   7.00 [6.00-12.00]   |   0.00 [0.00-0.00]    |   7.00 [6.00-12.00]    |    0.00 [0.00-0.00]    |    0.00 [0.00-0.00]     |
|      872       |       1        |   6.67 [5.00-10.38]   |   3.50 [3.00-5.00]    |   8.44 [6.45-13.42]    |    1.59 [1.36-2.26]    |    0.01 [0.00-0.06]     |
|      873       |       1        |   5.00 [5.00-9.16]    |   1.00 [1.00-2.00]    |    5.00 [5.00-9.16]    |    0.50 [0.50-1.00]    |    0.02 [0.00-0.02]     |
|      874       |       1        |   8.00 [7.00-12.00]   |   2.00 [2.00-2.00]    |   10.66 [8.72-15.18]   |    0.90 [0.89-0.91]    |    0.00 [0.00-0.00]     |
|      875       |       1        |   8.00 [5.00-10.00]   |   0.00 [0.00-0.00]    |   8.00 [5.00-10.00]    |    0.00 [0.00-0.00]    |    0.00 [0.00-0.00]     |
|      876       |       1        |   6.00 [4.00-8.00]    |   1.00 [1.00-1.00]    |   9.13 [7.39-12.28]    |    0.43 [0.41-0.44]    |    0.00 [0.00-0.00]     |
|      877       |       1        |   6.50 [5.00-11.00]   |   1.00 [1.00-1.00]    |    6.01 [4.70-9.50]    |    0.55 [0.53-0.59]    |    0.01 [0.00-0.03]     |
|      878       |       1        |   7.00 [5.00-10.00]   |   1.00 [1.00-2.00]    |   9.07 [6.81-13.19]    |    0.44 [0.44-0.88]    |    0.00 [0.00-0.01]     |
|      880       |       1        |  10.00 [8.00-13.16]   |   0.00 [0.00-0.00]    |   10.00 [8.00-13.16]   |    0.00 [0.00-0.00]    |    0.00 [0.00-0.00]     |
|      882       |       1        |   4.00 [3.00-10.16]   |   0.00 [0.00-0.00]    |   5.97 [4.39-14.68]    |    0.00 [0.00-0.00]    |    0.00 [0.00-0.01]     |
|      883       |       1        |   8.00 [6.00-13.16]   |   0.00 [0.00-0.00]    |   8.00 [6.00-13.16]    |    0.00 [0.00-0.00]    |    0.00 [0.00-0.00]     |
|      884       |       1        |  15.00 [12.00-20.00]  |   1.75 [1.00-4.00]    |   11.68 [9.35-15.81]   |    1.06 [0.59-2.20]    |    0.00 [0.00-0.00]     |
|      885       |       1        |   2.00 [1.00-7.16]    |   0.00 [0.00-0.00]    |   3.01 [1.48-10.60]    |    0.00 [0.00-0.00]    |    0.05 [0.00-0.22]     |
|      888       |       1        |   9.00 [7.00-12.16]   |   3.00 [3.00-4.00]    |   9.00 [7.00-12.16]    |    1.50 [1.50-2.00]    |    0.00 [0.00-0.02]     |
|      889       |       1        |  13.00 [9.84-16.08]   |   3.00 [3.00-4.50]    |  13.10 [10.00-16.28]   |    1.50 [1.50-2.20]    |    0.00 [0.00-0.00]     |
|      890       |       1        |   6.00 [5.00-10.16]   |   0.00 [0.00-0.00]    |   6.00 [5.00-10.16]    |    0.00 [0.00-0.00]    |    0.00 [0.00-0.00]     |
|      891       |       1        |  11.00 [8.00-15.00]   |   1.00 [1.00-2.00]    |   11.00 [8.00-15.00]   |    0.52 [0.51-1.03]    |    0.00 [0.00-0.00]     |
|      892       |       1        |  12.00 [8.00-19.32]   |   1.00 [1.00-2.08]    |   8.58 [5.29-13.72]    |    0.69 [0.63-1.44]    |    0.00 [0.00-0.03]     |
|      893       |       1        |   8.00 [6.00-13.00]   |   0.00 [0.00-0.00]    |   8.00 [6.00-13.00]    |    0.00 [0.00-0.00]    |    0.00 [0.00-0.00]     |
|      894       |       1        |   7.00 [6.00-13.00]   |   0.00 [0.00-1.00]    |    4.93 [4.16-9.39]    |    0.00 [0.00-0.70]    |    0.01 [0.00-0.06]     |
|      896       |       1        |   7.00 [5.00-12.32]   |   1.00 [1.00-2.00]    |   7.00 [5.00-12.32]    |    0.50 [0.50-1.01]    |    0.00 [0.00-0.02]     |
|      897       |       1        |   7.00 [6.00-12.00]   |   0.00 [0.00-0.00]    |   9.56 [7.98-16.58]    |    0.00 [0.00-0.00]    |    0.00 [0.00-0.00]     |
|      898       |       1        |   9.00 [5.00-13.16]   |   0.00 [0.00-0.00]    |   9.00 [5.00-13.16]    |    0.00 [0.00-0.00]    |    0.00 [0.00-0.00]     |
|      899       |       1        |   4.00 [2.00-8.16]    |   0.00 [0.00-0.00]    |   5.80 [2.88-11.38]    |    0.00 [0.00-0.00]    |    0.00 [0.00-0.05]     |
|      900       |       1        |   5.00 [4.00-10.32]   |   0.00 [0.00-0.00]    |   5.00 [4.00-10.32]    |    0.00 [0.00-0.00]    |    0.00 [0.00-0.01]     |
|      901       |       1        |  11.50 [9.00-15.00]   |   0.00 [0.00-0.00]    |   11.50 [9.00-15.00]   |    0.00 [0.00-0.00]    |    0.00 [0.00-0.00]     |
|      902       |       1        |   9.00 [7.00-12.00]   |   0.00 [0.00-0.00]    |   9.00 [7.00-12.00]    |    0.00 [0.00-0.00]    |    0.00 [0.00-0.00]     |
|      903       |       1        |   5.00 [4.00-10.16]   |   0.00 [0.00-1.00]    |    3.21 [2.50-6.97]    |    0.00 [0.00-0.70]    |    0.04 [0.00-0.09]     |
|      904       |       1        |   5.00 [3.00-9.00]    |   0.00 [0.00-0.00]    |   7.27 [4.39-12.73]    |    0.00 [0.00-0.00]    |    0.00 [0.00-0.01]     |
|      907       |       1        |   8.00 [5.00-11.32]   |   0.00 [0.00-0.00]    |   8.00 [5.00-11.32]    |    0.00 [0.00-0.00]    |    0.00 [0.00-0.00]     |
|      910       |       1        |   8.00 [7.00-13.16]   |   4.00 [4.00-5.16]    |   8.00 [7.00-13.16]    |    2.18 [2.10-2.82]    |    0.03 [0.00-0.06]     |
|      912       |       1        |   5.00 [4.00-11.00]   |   0.00 [0.00-0.00]    |   5.00 [4.00-11.00]    |    0.00 [0.00-0.00]    |    0.01 [0.00-0.02]     |
|      913       |       1        |   3.00 [3.00-9.16]    |   0.00 [0.00-0.00]    |    3.00 [3.00-9.16]    |    0.00 [0.00-0.00]    |    0.04 [0.00-0.04]     |
|      914       |       1        |   9.00 [7.84-13.00]   |   0.00 [0.00-0.00]    |   9.00 [7.84-13.00]    |    0.00 [0.00-0.00]    |    0.00 [0.00-0.00]     |
|      915       |       1        |  11.00 [7.92-15.00]   |   3.00 [2.00-3.58]    |   8.57 [7.01-11.37]    |    1.70 [1.16-2.07]    |    0.00 [0.00-0.04]     |
|      916       |       1        |   9.00 [7.00-13.16]   |   3.00 [3.00-4.00]    |   12.22 [9.53-18.79]   |    1.42 [1.41-1.94]    |    0.00 [0.00-0.01]     |
|      917       |       1        |   9.00 [6.00-12.16]   |   0.00 [0.00-0.00]    |   12.13 [8.40-16.52]   |    0.00 [0.00-0.00]    |    0.00 [0.00-0.00]     |
|      918       |       1        |   9.00 [7.00-13.00]   |   0.00 [0.00-0.00]    |   9.00 [7.00-13.00]    |    0.00 [0.00-0.00]    |    0.00 [0.00-0.00]     |
|      919       |       1        |   2.00 [2.00-5.16]    |   0.00 [0.00-0.00]    |   5.90 [5.90-13.56]    |    0.00 [0.00-0.00]    |    0.02 [0.00-0.02]     |
|      920       |       1        |   2.00 [2.00-8.00]    |   0.00 [0.00-0.00]    |   3.00 [2.92-11.74]    |    0.00 [0.00-0.00]    |    0.05 [0.00-0.05]     |
|      922       |       1        |   5.00 [3.00-9.16]    |   0.00 [0.00-0.00]    |   11.48 [8.08-16.78]   |    0.00 [0.00-0.00]    |    0.00 [0.00-0.00]     |
|      923       |       1        |   4.50 [3.00-9.00]    |   0.00 [0.00-0.00]    |   6.37 [4.25-12.47]    |    0.00 [0.00-0.00]    |    0.00 [0.00-0.01]     |
|      924       |       1        |   6.00 [5.00-9.16]    |   0.00 [0.00-0.00]    |   8.41 [6.53-12.58]    |    0.00 [0.00-0.00]    |    0.00 [0.00-0.00]     |
|      925       |       1        |  10.00 [8.00-13.00]   |   0.00 [0.00-0.00]    |   10.00 [8.00-13.00]   |    0.00 [0.00-0.00]    |    0.00 [0.00-0.00]     |
|      926       |       1        |   7.00 [5.00-11.00]   |   1.00 [1.00-1.00]    |   7.00 [5.00-11.00]    |    0.56 [0.54-0.57]    |    0.00 [0.00-0.03]     |
|      927       |       1        |   3.50 [3.00-8.00]    |   0.00 [0.00-0.00]    |   5.08 [4.29-11.43]    |    0.00 [0.00-0.00]    |    0.01 [0.00-0.01]     |
|      928       |       1        |   9.00 [7.00-13.00]   |   0.00 [0.00-0.00]    |   12.09 [9.84-18.42]   |    0.00 [0.00-0.00]    |    0.00 [0.00-0.00]     |
|      929       |       1        |   5.00 [3.00-9.16]    |   0.00 [0.00-0.00]    |   7.13 [4.34-12.80]    |    0.00 [0.00-0.00]    |    0.00 [0.00-0.02]     |
|      930       |       1        |   8.00 [6.00-11.00]   |   0.00 [0.00-0.00]    |   10.76 [8.16-14.63]   |    0.00 [0.00-0.00]    |    0.00 [0.00-0.00]     |
|      931       |       1        |   7.00 [6.00-10.16]   |   0.00 [0.00-0.00]    |   11.45 [9.63-14.71]   |    0.00 [0.00-0.00]    |    0.00 [0.00-0.00]     |
|      932       |       1        |   9.00 [7.00-14.00]   |   0.00 [0.00-0.00]    |   9.00 [7.00-14.00]    |    0.00 [0.00-0.00]    |    0.00 [0.00-0.00]     |
|      933       |       1        |   5.00 [4.00-11.16]   |   0.00 [0.00-0.00]    |   6.58 [5.18-15.45]    |    0.00 [0.00-0.00]    |    0.00 [0.00-0.00]     |
|      934       |       1        |   7.00 [5.00-13.00]   |   0.00 [0.00-0.00]    |   7.00 [5.00-13.00]    |    0.00 [0.00-0.00]    |    0.00 [0.00-0.00]     |
|      935       |       1        |   7.00 [4.00-10.16]   |   0.00 [0.00-1.00]    |    5.16 [2.71-7.68]    |    0.00 [0.00-0.61]    |    0.00 [0.00-0.06]     |
|      936       |       1        |   4.00 [3.00-7.16]    |   0.00 [0.00-0.00]    |   10.99 [9.07-17.59]   |    0.00 [0.00-0.00]    |    0.00 [0.00-0.00]     |
|      937       |       1        |   7.00 [6.00-11.16]   |   1.00 [1.00-2.00]    |   7.65 [6.16-11.40]    |    0.52 [0.50-1.05]    |    0.00 [0.00-0.02]     |
|      938       |       1        |  11.00 [8.00-15.00]   |   3.00 [3.00-4.00]    |   11.76 [8.62-16.15]   |    1.45 [1.45-1.93]    |    0.00 [0.00-0.01]     |
|      939       |       1        |   8.00 [6.00-11.16]   |   2.00 [2.00-2.16]    |   8.00 [6.00-11.16]    |    1.00 [1.00-1.09]    |    0.00 [0.00-0.02]     |
|      941       |       1        |   3.00 [2.50-6.74]    |   3.00 [3.00-4.08]    |   7.49 [6.23-14.86]    |    1.40 [1.40-1.93]    |    0.05 [0.00-0.15]     |
|      943       |       1        |   6.00 [4.00-9.16]    |   0.00 [0.00-0.00]    |   8.20 [5.57-12.83]    |    0.00 [0.00-0.00]    |    0.00 [0.00-0.00]     |
|      944       |       1        |   2.00 [2.00-7.16]    |   0.00 [0.00-0.00]    |   5.75 [5.75-14.12]    |    0.00 [0.00-0.00]    |    0.01 [0.00-0.01]     |
|      948       |       1        |   7.00 [5.00-10.16]   |   1.00 [1.00-1.00]    |   7.00 [5.00-10.16]    |    0.51 [0.51-0.52]    |    0.00 [0.00-0.02]     |
|      949       |       1        |   7.00 [5.00-10.16]   |   0.00 [0.00-0.00]    |   9.24 [6.59-14.28]    |    0.00 [0.00-0.00]    |    0.00 [0.00-0.00]     |
|      950       |       1        |   7.00 [6.00-12.00]   |   1.00 [1.00-1.00]    |   7.00 [6.00-12.00]    |    0.50 [0.50-0.50]    |    0.00 [0.00-0.01]     |
|      951       |       1        |  10.00 [7.00-12.32]   |   0.00 [0.00-0.00]    |  13.20 [10.21-17.45]   |    0.00 [0.00-0.00]    |    0.00 [0.00-0.00]     |
|      952       |       1        |   9.00 [7.00-13.16]   |   0.00 [0.00-0.00]    |  13.16 [10.39-18.44]   |    0.00 [0.00-0.00]    |    0.00 [0.00-0.00]     |
|      954       |       1        |   7.00 [5.00-11.00]   |   1.00 [1.00-1.00]    |   6.97 [4.98-10.95]    |    0.50 [0.50-0.50]    |    0.00 [0.00-0.02]     |
|      955       |       1        |   4.00 [3.00-9.16]    |   1.00 [1.00-1.00]    |   6.73 [5.09-14.73]    |    0.44 [0.44-0.44]    |    0.01 [0.00-0.03]     |
|      956       |       1        |   8.00 [6.00-13.16]   |   0.00 [0.00-0.00]    |   8.00 [6.00-13.16]    |    0.00 [0.00-0.00]    |    0.00 [0.00-0.00]     |
|      957       |       1        |   3.00 [2.00-8.32]    |   0.00 [0.00-0.00]    |   4.51 [3.03-12.19]    |    0.00 [0.00-0.00]    |    0.02 [0.00-0.06]     |
|      958       |       1        |   4.00 [3.00-10.00]   |   0.00 [0.00-0.00]    |   4.00 [3.00-10.00]    |    0.00 [0.00-0.00]    |    0.01 [0.00-0.04]     |
|      959       |       1        |   6.00 [4.00-10.16]   |   0.00 [0.00-0.00]    |  14.01 [11.77-18.54]   |    0.00 [0.00-0.00]    |    0.00 [0.00-0.00]     |
|      960       |       1        |   9.00 [7.00-12.00]   |   0.00 [0.00-0.00]    |   9.00 [7.00-12.00]    |    0.00 [0.00-0.00]    |    0.00 [0.00-0.00]     |
|      961       |       1        |  11.00 [8.00-15.32]   |   0.00 [0.00-1.00]    |   7.74 [5.30-11.35]    |    0.00 [0.00-0.61]    |    0.00 [0.00-0.00]     |
|      962       |       1        |   6.00 [5.00-10.16]   |   0.00 [0.00-0.00]    |   6.00 [5.00-10.16]    |    0.00 [0.00-0.00]    |    0.00 [0.00-0.00]     |
|      964       |       1        |   8.00 [5.00-11.16]   |   0.00 [0.00-0.00]    |   8.00 [5.00-11.16]    |    0.00 [0.00-0.00]    |    0.00 [0.00-0.00]     |
|      965       |       1        |  10.00 [7.00-14.00]   |   2.00 [2.00-3.08]    |   7.70 [5.24-11.63]    |    1.20 [1.11-1.79]    |    0.01 [0.00-0.05]     |
|      966       |       1        |   4.00 [4.00-9.16]    |   0.00 [0.00-0.00]    |    4.00 [4.00-9.16]    |    0.00 [0.00-0.00]    |    0.02 [0.00-0.02]     |
|      967       |       1        |   7.00 [5.00-11.00]   |   0.00 [0.00-0.00]    |   7.00 [5.00-11.00]    |    0.00 [0.00-0.00]    |    0.00 [0.00-0.00]     |
|      968       |       1        |   8.00 [6.00-11.00]   |   1.00 [0.00-1.00]    |   7.96 [5.96-10.61]    |    0.50 [0.00-0.51]    |    0.00 [0.00-0.01]     |
|      969       |       1        |   9.00 [6.84-14.00]   |   0.00 [0.00-2.00]    |    5.87 [4.37-9.84]    |    0.00 [0.00-1.25]    |    0.01 [0.00-0.06]     |
|      970       |       1        |   6.00 [5.00-9.16]    |   3.00 [3.00-5.00]    |   7.91 [6.20-11.58]    |    1.37 [1.33-2.22]    |    0.01 [0.00-0.06]     |
|      972       |       1        |  11.00 [9.00-16.00]   |   0.00 [0.00-0.00]    |   11.00 [9.00-16.00]   |    0.00 [0.00-0.00]    |    0.00 [0.00-0.00]     |
|      973       |       1        |   6.00 [4.00-12.16]   |   0.00 [0.00-0.00]    |   6.00 [4.00-12.16]    |    0.00 [0.00-0.00]    |    0.00 [0.00-0.01]     |
|      974       |       1        |   9.00 [7.00-16.00]   |   0.00 [0.00-1.16]    |   6.00 [4.39-10.67]    |    0.00 [0.00-0.79]    |    0.00 [0.00-0.01]     |
|      976       |       1        |   8.00 [5.00-12.00]   |   0.00 [0.00-0.00]    |  14.52 [12.85-18.81]   |    0.00 [0.00-0.00]    |    0.00 [0.00-0.00]     |
|      978       |       1        |   8.00 [7.00-12.16]   |   0.00 [0.00-0.00]    |   11.67 [9.61-17.31]   |    0.00 [0.00-0.00]    |    0.00 [0.00-0.00]     |
|      979       |       1        |   3.00 [2.00-7.16]    |   0.00 [0.00-0.00]    |   4.50 [3.02-10.56]    |    0.00 [0.00-0.00]    |    0.01 [0.00-0.05]     |
|      980       |       1        |   6.00 [5.00-10.00]   |   4.00 [4.00-5.00]    |   8.16 [6.72-13.90]    |    1.80 [1.77-2.27]    |    0.02 [0.00-0.05]     |
|      981       |       1        |   4.00 [3.00-8.00]    |   2.00 [2.00-2.00]    |   5.66 [4.28-11.53]    |    0.86 [0.86-0.88]    |    0.03 [0.00-0.09]     |
|      984       |       1        |  12.79 [9.50-17.01]   |  10.00 [9.00-12.08]   |  13.11 [10.24-17.03]   |    5.00 [4.51-5.99]    |    0.02 [0.00-0.11]     |
|      985       |       1        |  12.00 [8.84-16.00]   |   0.00 [0.00-2.00]    |   8.31 [5.61-11.58]    |    0.00 [0.00-1.35]    |    0.00 [0.00-0.00]     |
|      989       |       1        |   8.00 [6.00-12.16]   |   1.00 [1.00-1.00]    |   8.05 [6.04-12.23]    |    0.56 [0.53-0.65]    |    0.00 [0.00-0.01]     |
|      992       |       1        |   9.00 [6.84-13.16]   |   2.00 [2.00-2.37]    |   9.08 [6.90-13.27]    |    1.00 [1.00-1.19]    |    0.00 [0.00-0.01]     |
|      993       |       1        |   7.00 [5.84-12.00]   |   2.00 [2.00-3.58]    |   10.67 [8.42-16.67]   |    0.86 [0.85-1.56]    |    0.00 [0.00-0.01]     |
|      995       |       1        |  12.00 [8.50-17.16]   |   1.00 [1.00-1.58]    |   8.39 [5.50-12.33]    |    0.65 [0.61-1.08]    |    0.00 [0.00-0.04]     |
|      996       |       1        |   9.00 [7.00-12.00]   |   1.00 [1.00-1.00]    |   9.00 [7.00-12.00]    |    0.50 [0.50-0.50]    |    0.00 [0.00-0.00]     |
|      998       |       1        |   6.00 [4.00-10.16]   |   1.00 [1.00-1.00]    |   8.80 [5.88-14.41]    |    0.50 [0.50-0.50]    |    0.00 [0.00-0.02]     |
|      1000      |       1        |   2.00 [2.00-6.16]    |   0.00 [0.00-0.00]    |   5.22 [5.22-13.24]    |    0.00 [0.00-0.00]    |    0.04 [0.00-0.04]     |
|      1001      |       1        |   3.00 [3.00-9.00]    |   0.00 [0.00-0.00]    |   9.06 [9.06-19.49]    |    0.00 [0.00-0.00]    |    0.01 [0.00-0.01]     |
|      1002      |       1        |   6.00 [5.00-10.16]   |   0.00 [0.00-0.00]    |   6.00 [5.00-10.16]    |    0.00 [0.00-0.00]    |    0.00 [0.00-0.01]     |
|      1003      |       1        |   7.00 [5.00-10.00]   |   0.00 [0.00-0.00]    |   9.31 [6.53-13.76]    |    0.00 [0.00-0.00]    |    0.00 [0.00-0.00]     |
|      1004      |       1        |   8.00 [6.00-12.66]   |   4.00 [3.50-4.58]    |   9.87 [7.26-15.70]    |    1.83 [1.59-2.08]    |    0.00 [0.00-0.04]     |
|      1007      |       1        |   2.00 [2.00-6.00]    |   0.00 [0.00-0.00]    |   6.35 [6.35-15.18]    |    0.00 [0.00-0.00]    |    0.01 [0.00-0.01]     |
|      1009      |       1        |   5.00 [4.00-9.16]    |   0.00 [0.00-0.00]    |    5.00 [4.00-9.16]    |    0.00 [0.00-0.00]    |    0.00 [0.00-0.01]     |
|      1010      |       1        |   3.00 [2.00-9.16]    |   2.00 [2.00-3.16]    |   4.50 [2.96-12.97]    |    0.93 [0.93-1.49]    |    0.09 [0.00-0.26]     |
|      1012      |       1        |   7.00 [5.00-11.00]   |   0.00 [0.00-0.00]    |   7.00 [5.00-11.00]    |    0.00 [0.00-0.00]    |    0.00 [0.00-0.00]     |
|      1013      |       1        |   4.00 [3.00-8.00]    |   0.00 [0.00-0.00]    |   5.97 [4.51-11.72]    |    0.00 [0.00-0.00]    |    0.00 [0.00-0.01]     |
|      1014      |       1        |   6.00 [4.00-10.00]   |   0.00 [0.00-0.00]    |   8.79 [5.71-13.98]    |    0.00 [0.00-0.00]    |    0.00 [0.00-0.00]     |
|      1015      |       1        |   6.50 [5.00-10.16]   |   0.00 [0.00-0.00]    |   6.50 [5.00-10.16]    |    0.00 [0.00-0.00]    |    0.00 [0.00-0.00]     |
|      1017      |       1        |   9.75 [8.00-14.00]   |   7.00 [7.00-9.08]    |   10.61 [8.76-15.63]   |    3.33 [3.28-4.35]    |    0.02 [0.00-0.07]     |
|      1018      |       1        |   6.00 [5.00-11.16]   |   0.00 [0.00-0.00]    |   6.00 [5.00-11.16]    |    0.00 [0.00-0.00]    |    0.00 [0.00-0.00]     |
|      1020      |       1        |   2.00 [2.00-8.00]    |   0.00 [0.00-0.00]    |   6.16 [6.16-16.67]    |    0.00 [0.00-0.00]    |    0.02 [0.00-0.02]     |
|      1021      |       1        |  10.00 [6.00-15.32]   |   0.00 [0.00-0.00]    |   10.00 [6.00-15.32]   |    0.00 [0.00-0.00]    |    0.00 [0.00-0.00]     |
|      1022      |       1        |  15.00 [12.00-18.16]  |   2.00 [0.84-3.00]    |   12.42 [9.55-15.86]   |    1.12 [0.46-1.75]    |    0.00 [0.00-0.00]     |
|      1023      |       1        |   5.00 [4.00-9.16]    |   0.00 [0.00-0.00]    |    5.00 [4.00-9.16]    |    0.00 [0.00-0.00]    |    0.01 [0.00-0.02]     |
|      1024      |       1        |  10.00 [8.00-13.16]   |   0.00 [0.00-0.00]    |  13.29 [10.44-18.25]   |    0.00 [0.00-0.00]    |    0.00 [0.00-0.00]     |
|      1025      |       1        |  11.00 [8.84-16.00]   |   0.00 [0.00-0.00]    |   11.00 [8.84-16.00]   |    0.00 [0.00-0.00]    |    0.00 [0.00-0.00]     |
|      1026      |       1        |   2.00 [2.00-4.16]    |   0.00 [0.00-0.00]    |   5.95 [5.95-11.36]    |    0.00 [0.00-0.00]    |    0.01 [0.00-0.01]     |
|      1027      |       1        |   6.50 [5.00-12.00]   |   2.00 [2.00-2.16]    |   9.15 [7.15-16.59]    |    0.87 [0.86-0.96]    |    0.00 [0.00-0.01]     |
|      1028      |       1        |  13.00 [10.00-19.00]  |   1.00 [0.00-3.00]    |   9.40 [7.01-12.96]    |    0.63 [0.00-1.78]    |    0.00 [0.00-0.01]     |
|      1029      |       1        |   7.00 [6.00-13.16]   |   0.00 [0.00-0.00]    |   9.09 [7.73-17.60]    |    0.00 [0.00-0.00]    |    0.00 [0.00-0.00]     |
|      1030      |       1        |   7.00 [5.00-10.16]   |   0.00 [0.00-0.00]    |   9.52 [6.69-14.05]    |    0.00 [0.00-0.00]    |    0.00 [0.00-0.00]     |
|      1032      |       1        |   5.00 [5.00-9.00]    |   0.00 [0.00-0.00]    |    5.00 [5.00-9.00]    |    0.00 [0.00-0.00]    |    0.01 [0.00-0.01]     |
|      1034      |       1        |  10.00 [8.00-14.00]   |   1.00 [1.00-1.50]    |   10.07 [8.05-14.08]   |    0.50 [0.50-0.75]    |    0.00 [0.00-0.00]     |
|      1035      |       1        |   7.00 [4.00-9.16]    |   1.00 [1.00-2.00]    |   8.46 [4.93-11.57]    |    0.46 [0.45-0.90]    |    0.00 [0.00-0.02]     |
|      1036      |       1        |   6.00 [4.00-10.16]   |   0.00 [0.00-0.00]    |   8.52 [5.93-14.43]    |    0.00 [0.00-0.00]    |    0.00 [0.00-0.00]     |
|      1037      |       1        |   7.00 [5.00-11.00]   |   0.00 [0.00-0.00]    |   10.02 [7.00-15.57]   |    0.00 [0.00-0.00]    |    0.00 [0.00-0.00]     |
|      1038      |       1        |  11.00 [8.92-14.08]   |   6.00 [5.50-8.50]    |   10.53 [8.67-13.70]   |    3.04 [2.83-4.24]    |    0.02 [0.00-0.06]     |
|      1039      |       1        |   6.00 [4.00-10.00]   |   0.00 [0.00-0.00]    |   6.00 [4.00-10.00]    |    0.00 [0.00-0.00]    |    0.01 [0.00-0.03]     |
|      1040      |       1        |  10.00 [8.00-13.00]   |   0.00 [0.00-0.00]    |  13.26 [10.63-17.88]   |    0.00 [0.00-0.00]    |    0.00 [0.00-0.00]     |
|      1041      |       1        |   2.00 [2.00-9.00]    |   0.00 [0.00-0.00]    |   3.02 [3.02-13.08]    |    0.00 [0.00-0.00]    |    0.05 [0.00-0.05]     |
|      1043      |       1        |   9.00 [7.00-14.16]   |   0.00 [0.00-0.00]    |   9.00 [7.00-14.16]    |    0.00 [0.00-0.00]    |    0.00 [0.00-0.00]     |
|      1044      |       1        |   9.00 [6.00-12.16]   |   0.00 [0.00-0.00]    |   12.48 [8.90-16.80]   |    0.00 [0.00-0.00]    |    0.00 [0.00-0.00]     |
|      1045      |       1        |   4.00 [3.00-9.00]    |   0.00 [0.00-0.00]    |   5.87 [4.26-12.60]    |    0.00 [0.00-0.00]    |    0.00 [0.00-0.02]     |
|      1046      |       1        |   4.00 [3.00-10.00]   |   0.00 [0.00-0.00]    |   5.72 [4.19-13.51]    |    0.00 [0.00-0.00]    |    0.00 [0.00-0.01]     |
|      1047      |       1        |   7.00 [6.00-11.32]   |   0.00 [0.00-0.00]    |   7.00 [6.00-11.32]    |    0.00 [0.00-0.00]    |    0.00 [0.00-0.00]     |
|      1048      |       1        |   2.00 [2.00-5.16]    |   0.00 [0.00-0.00]    |    3.00 [2.92-7.66]    |    0.00 [0.00-0.00]    |    0.06 [0.00-0.07]     |
|      1049      |       1        |   7.00 [4.00-11.16]   |   0.00 [0.00-1.00]    |    4.56 [2.54-8.21]    |    0.00 [0.00-0.66]    |    0.01 [0.00-0.08]     |
|      1050      |       1        |   6.00 [4.00-10.32]   |   1.00 [1.00-2.00]    |   6.00 [4.00-10.32]    |    0.50 [0.50-1.00]    |    0.01 [0.00-0.05]     |
|      1051      |       1        |  10.50 [8.00-15.16]   |   0.00 [0.00-0.00]    |   10.50 [8.00-15.16]   |    0.00 [0.00-0.00]    |    0.00 [0.00-0.00]     |
|      1052      |       1        |   6.00 [4.00-11.16]   |   0.00 [0.00-0.00]    |   6.00 [4.00-11.16]    |    0.00 [0.00-0.00]    |    0.00 [0.00-0.01]     |
|      1053      |       1        |   9.00 [7.00-13.16]   |   1.00 [1.00-1.58]    |   9.31 [7.24-13.60]    |    0.49 [0.49-0.78]    |    0.00 [0.00-0.00]     |
|      1054      |       1        |   3.00 [2.84-10.00]   |   2.00 [2.00-3.00]    |   7.03 [6.36-16.18]    |    0.84 [0.82-1.24]    |    0.03 [0.00-0.07]     |
|      1055      |       1        |   7.00 [6.00-12.00]   |   0.00 [0.00-1.00]    |    4.66 [3.77-7.84]    |    0.00 [0.00-0.69]    |    0.01 [0.00-0.04]     |
|      1056      |       1        |   6.00 [4.00-10.00]   |   0.00 [0.00-0.00]    |   6.00 [4.00-10.00]    |    0.00 [0.00-0.00]    |    0.01 [0.00-0.04]     |
|      1057      |       1        |   8.00 [7.00-12.00]   |   1.00 [1.00-1.00]    |   8.00 [7.00-12.00]    |    0.63 [0.58-0.75]    |    0.00 [0.00-0.01]     |
|      1058      |       1        |   4.00 [3.00-11.00]   |   2.00 [2.00-2.16]    |   5.88 [4.45-15.27]    |    0.86 [0.86-0.95]    |    0.03 [0.00-0.08]     |
|      1059      |       1        |   2.00 [2.00-6.16]    |   0.00 [0.00-0.00]    |   6.31 [5.93-15.00]    |    0.00 [0.00-0.00]    |    0.03 [0.00-0.03]     |
|      1060      |       1        |   6.00 [4.00-10.16]   |   0.00 [0.00-0.00]    |   6.00 [4.00-10.16]    |    0.00 [0.00-0.00]    |    0.00 [0.00-0.01]     |
|      1061      |       1        |   5.00 [4.00-10.00]   |   0.00 [0.00-0.00]    |   5.00 [4.00-10.00]    |    0.00 [0.00-0.00]    |    0.00 [0.00-0.01]     |
|      1063      |       1        |   8.00 [6.00-13.00]   |   0.00 [0.00-0.00]    |   8.00 [6.00-13.00]    |    0.00 [0.00-0.00]    |    0.00 [0.00-0.00]     |
|      1064      |       1        |   9.00 [7.00-13.16]   |   0.00 [0.00-0.00]    |   12.20 [9.19-17.99]   |    0.00 [0.00-0.00]    |    0.00 [0.00-0.00]     |
|      1066      |       1        |   9.00 [6.84-13.00]   |   0.00 [0.00-0.00]    |   9.00 [6.84-13.00]    |    0.00 [0.00-0.00]    |    0.00 [0.00-0.00]     |
|      1067      |       1        |  12.50 [11.00-17.00]  |   1.00 [0.00-3.00]    |   8.92 [7.20-12.08]    |    0.62 [0.00-1.77]    |    0.00 [0.00-0.01]     |
|      1068      |       1        |   4.00 [3.00-10.16]   |   0.00 [0.00-0.00]    |   5.95 [4.45-14.41]    |    0.00 [0.00-0.00]    |    0.00 [0.00-0.01]     |
|      1069      |       1        |   8.00 [5.00-12.00]   |   0.00 [0.00-0.00]    |   8.00 [5.00-12.00]    |    0.00 [0.00-0.00]    |    0.00 [0.00-0.00]     |
|      1072      |       1        |  10.00 [7.00-14.16]   |   0.00 [0.00-0.00]    |   10.00 [7.00-14.16]   |    0.00 [0.00-0.00]    |    0.00 [0.00-0.00]     |
|      1073      |       1        |   7.00 [5.00-10.00]   |   0.00 [0.00-0.00]    |   7.00 [5.00-10.00]    |    0.00 [0.00-0.00]    |    0.00 [0.00-0.00]     |
|      1074      |       1        |  11.00 [8.00-17.00]   |   1.00 [0.00-2.00]    |   8.96 [6.31-14.04]    |    0.54 [0.00-1.11]    |    0.00 [0.00-0.01]     |
|      1075      |       1        |  10.00 [8.00-15.00]   |   0.00 [0.00-2.00]    |   8.02 [5.79-12.14]    |    0.00 [0.00-1.14]    |    0.00 [0.00-0.00]     |
|      1076      |       1        |   5.00 [4.00-10.16]   |   0.00 [0.00-0.00]    |   6.79 [5.39-14.13]    |    0.00 [0.00-0.00]    |    0.00 [0.00-0.00]     |
|      1077      |       1        |  10.00 [7.00-13.32]   |   0.00 [0.00-0.00]    |   10.00 [7.00-13.32]   |    0.00 [0.00-0.00]    |    0.00 [0.00-0.00]     |
|      1078      |       1        |  11.00 [9.00-14.16]   |   1.00 [1.00-1.00]    |   11.00 [9.00-14.16]   |    0.53 [0.51-0.56]    |    0.00 [0.00-0.00]     |
|      1079      |       1        |   8.00 [6.00-13.00]   |   1.00 [1.00-2.00]    |   8.66 [6.49-13.97]    |    0.48 [0.48-0.97]    |    0.00 [0.00-0.00]     |
|      1080      |       1        |  14.00 [11.00-17.00]  |   1.00 [0.00-2.00]    |   11.63 [9.11-14.71]   |    0.56 [0.00-1.12]    |    0.00 [0.00-0.00]     |
|      1081      |       1        |   8.50 [6.00-15.00]   |   0.00 [0.00-1.00]    |   5.93 [4.07-10.93]    |    0.00 [0.00-0.62]    |    0.00 [0.00-0.01]     |
|      1082      |       1        |   7.00 [6.00-12.00]   |   0.00 [0.00-0.00]    |   7.00 [6.00-12.00]    |    0.00 [0.00-0.00]    |    0.00 [0.00-0.00]     |
|      1083      |       1        |   5.00 [4.00-10.16]   |   0.00 [0.00-0.00]    |   5.00 [4.00-10.16]    |    0.00 [0.00-0.00]    |    0.01 [0.00-0.02]     |
|      1084      |       1        |   4.00 [4.00-10.16]   |   0.00 [0.00-0.00]    |   4.00 [4.00-10.16]    |    0.00 [0.00-0.00]    |    0.04 [0.00-0.04]     |
|      1085      |       1        |  10.00 [7.00-15.00]   |   0.00 [0.00-0.00]    |   10.00 [7.00-15.00]   |    0.00 [0.00-0.00]    |    0.00 [0.00-0.00]     |
|      1086      |       1        |   7.00 [5.00-12.00]   |   0.00 [0.00-0.00]    |   7.00 [5.00-12.00]    |    0.00 [0.00-0.00]    |    0.00 [0.00-0.01]     |
|      1087      |       1        |   6.00 [5.00-10.00]   |   0.00 [0.00-0.00]    |   7.81 [6.45-13.45]    |    0.00 [0.00-0.00]    |    0.00 [0.00-0.00]     |
|      1088      |       1        |   7.00 [4.00-12.16]   |   0.00 [0.00-0.00]    |   7.00 [4.00-12.16]    |    0.00 [0.00-0.00]    |    0.00 [0.00-0.01]     |
|      1090      |       1        |   9.00 [6.00-13.16]   |   0.00 [0.00-0.00]    |   9.00 [6.00-13.16]    |    0.00 [0.00-0.00]    |    0.00 [0.00-0.00]     |
|      1091      |       1        |   6.50 [4.00-11.16]   |   0.00 [0.00-0.00]    |   8.88 [5.57-15.78]    |    0.00 [0.00-0.00]    |    0.00 [0.00-0.00]     |
|      1092      |       1        |   8.00 [7.00-11.47]   |   0.00 [0.00-0.00]    |   11.50 [9.30-16.30]   |    0.00 [0.00-0.00]    |    0.00 [0.00-0.00]     |
|      1093      |       1        |   4.00 [3.00-9.16]    |   0.00 [0.00-0.00]    |   5.95 [4.51-13.50]    |    0.00 [0.00-0.00]    |    0.00 [0.00-0.02]     |
|      1094      |       1        |  13.00 [10.00-19.00]  |   0.00 [0.00-2.00]    |   8.81 [6.62-13.08]    |    0.00 [0.00-1.32]    |    0.00 [0.00-0.01]     |
|      1095      |       1        |   5.00 [4.00-8.16]    |   0.00 [0.00-0.00]    |   10.96 [9.06-16.14]   |    0.00 [0.00-0.00]    |    0.00 [0.00-0.00]     |
|      1096      |       1        |   2.00 [2.00-9.00]    |   0.00 [0.00-0.00]    |   6.00 [6.00-16.34]    |    0.00 [0.00-0.00]    |    0.01 [0.00-0.01]     |
|      1097      |       1        |  10.00 [9.00-14.00]   |   2.00 [2.00-2.50]    |   10.79 [9.51-14.94]   |    1.16 [1.06-1.61]    |    0.00 [0.00-0.01]     |
|      1098      |       1        |   6.50 [5.00-11.00]   |   2.00 [2.00-3.00]    |   9.37 [7.39-15.11]    |    0.87 [0.86-1.29]    |    0.00 [0.00-0.01]     |
|      1099      |       1        |   8.00 [7.00-12.00]   |   0.00 [0.00-0.00]    |   8.00 [7.00-12.00]    |    0.00 [0.00-0.00]    |    0.00 [0.00-0.00]     |
|      1100      |       1        |   6.00 [5.00-9.16]    |   3.00 [3.00-3.00]    |   10.64 [8.25-15.35]   |    1.46 [1.40-1.58]    |    0.00 [0.00-0.02]     |
|      1101      |       1        |   4.00 [3.00-7.00]    |   3.00 [3.00-4.00]    |   7.55 [5.51-12.93]    |    1.39 [1.37-1.85]    |    0.03 [0.00-0.10]     |
|      1102      |       1        |   2.00 [2.00-6.32]    |   0.00 [0.00-0.00]    |   6.00 [6.00-13.98]    |    0.00 [0.00-0.00]    |    0.01 [0.00-0.01]     |
|      1105      |       1        |   7.00 [5.00-11.16]   |   1.00 [1.00-1.00]    |   7.00 [5.00-11.16]    |    0.50 [0.50-0.50]    |    0.00 [0.00-0.02]     |
|      1106      |       1        |   6.00 [5.00-14.32]   |   0.00 [0.00-1.16]    |    4.00 [3.17-9.92]    |    0.00 [0.00-0.79]    |    0.02 [0.00-0.06]     |
|      1108      |       1        |   8.00 [6.00-11.16]   |   0.00 [0.00-0.00]    |   10.91 [8.17-15.24]   |    0.00 [0.00-0.00]    |    0.00 [0.00-0.00]     |
|      1109      |       1        |   6.50 [5.00-11.16]   |   0.00 [0.00-0.00]    |   6.50 [5.00-11.16]    |    0.00 [0.00-0.00]    |    0.00 [0.00-0.00]     |
|      1110      |       1        |   7.00 [5.00-10.00]   |   0.00 [0.00-0.00]    |   9.31 [6.58-13.64]    |    0.00 [0.00-0.00]    |    0.00 [0.00-0.00]     |
|      1111      |       1        |  11.17 [9.50-15.00]   |   8.50 [7.78-9.36]    |   10.24 [9.02-13.63]   |    4.72 [4.37-5.25]    |    0.06 [0.01-0.16]     |
|      1112      |       1        |   9.00 [6.00-14.16]   |   0.00 [0.00-1.00]    |    6.34 [3.74-9.89]    |    0.00 [0.00-0.68]    |    0.00 [0.00-0.02]     |
|      1113      |       1        |  10.00 [7.00-15.00]   |   0.00 [0.00-0.00]    |   10.00 [7.00-15.00]   |    0.00 [0.00-0.00]    |    0.00 [0.00-0.00]     |
|      1114      |       1        |  11.50 [8.50-16.00]   |   8.00 [7.00-10.08]   |   12.12 [9.26-16.27]   |    3.94 [3.48-4.94]    |    0.01 [0.00-0.10]     |
|      1115      |       1        |   4.00 [3.00-10.00]   |   0.00 [0.00-0.00]    |   5.92 [4.46-14.24]    |    0.00 [0.00-0.00]    |    0.00 [0.00-0.02]     |
|      1116      |       1        |   7.00 [5.00-11.00]   |   0.00 [0.00-0.00]    |   10.02 [7.18-15.65]   |    0.00 [0.00-0.00]    |    0.00 [0.00-0.00]     |
|      1117      |       1        |   9.00 [8.00-13.00]   |   0.00 [0.00-0.00]    |   9.00 [8.00-13.00]    |    0.00 [0.00-0.00]    |    0.00 [0.00-0.00]     |
|      1118      |       1        |   8.00 [6.00-12.00]   |   3.00 [3.00-5.00]    |   8.06 [5.52-11.68]    |    1.59 [1.50-2.46]    |    0.02 [0.00-0.08]     |
|      1119      |       1        |  12.00 [10.00-16.16]  |   1.00 [0.00-3.00]    |   8.53 [6.61-13.44]    |    0.64 [0.00-1.72]    |    0.00 [0.00-0.01]     |
|      1121      |       1        |   8.00 [5.00-13.16]   |   2.00 [2.00-2.44]    |   8.04 [5.02-13.22]    |    1.00 [1.00-1.22]    |    0.00 [0.00-0.04]     |
|      1123      |       1        |   9.00 [6.00-12.00]   |   0.00 [0.00-0.00]    |  14.40 [12.14-18.12]   |    0.00 [0.00-0.00]    |    0.00 [0.00-0.00]     |
|      1124      |       1        |   7.00 [6.00-13.16]   |   0.00 [0.00-0.00]    |   10.04 [8.48-18.29]   |    0.00 [0.00-0.00]    |    0.00 [0.00-0.00]     |
|      1125      |       1        |   7.00 [5.00-12.00]   |   3.00 [3.00-3.00]    |   9.12 [6.51-16.13]    |    1.44 [1.43-1.44]    |    0.01 [0.00-0.04]     |
|      1127      |       1        |  11.00 [9.00-14.32]   |   4.00 [4.00-5.00]    |   11.00 [9.00-14.32]   |    2.00 [2.00-2.51]    |    0.00 [0.00-0.01]     |
|      1128      |       1        |  10.00 [8.00-14.16]   |   3.00 [3.00-4.00]    |   10.00 [8.00-14.16]   |    1.55 [1.53-2.06]    |    0.00 [0.00-0.01]     |
|      1129      |       1        |   8.00 [6.00-11.16]   |   0.00 [0.00-0.00]    |   11.66 [8.63-15.72]   |    0.00 [0.00-0.00]    |    0.00 [0.00-0.00]     |
|      1130      |       1        |   8.00 [6.00-13.16]   |   1.00 [1.00-1.00]    |   8.00 [6.00-13.16]    |    0.50 [0.50-0.50]    |    0.00 [0.00-0.01]     |
|      1131      |       1        |   8.00 [5.00-11.16]   |   0.00 [0.00-0.00]    |   11.32 [7.32-15.68]   |    0.00 [0.00-0.00]    |    0.00 [0.00-0.00]     |
|      1132      |       1        |   6.00 [5.00-9.00]    |   0.00 [0.00-0.00]    |    6.00 [5.00-9.00]    |    0.00 [0.00-0.00]    |    0.00 [0.00-0.01]     |
|      1133      |       1        |   9.00 [6.00-12.00]   |   0.00 [0.00-0.00]    |   12.85 [8.80-16.61]   |    0.00 [0.00-0.00]    |    0.00 [0.00-0.00]     |
|      1134      |       1        |   6.00 [5.00-11.00]   |   0.00 [0.00-0.00]    |   6.00 [5.00-11.00]    |    0.00 [0.00-0.00]    |    0.00 [0.00-0.01]     |
|      1135      |       1        |  11.00 [8.00-14.16]   |   4.00 [4.00-5.58]    |   12.50 [9.03-16.35]   |    1.89 [1.85-2.57]    |    0.00 [0.00-0.01]     |
|      1136      |       1        |   8.00 [6.00-13.00]   |   0.00 [0.00-0.00]    |   11.72 [8.93-18.25]   |    0.00 [0.00-0.00]    |    0.00 [0.00-0.00]     |
|      1137      |       1        |   8.00 [6.00-13.00]   |   0.00 [0.00-0.00]    |   8.00 [6.00-13.00]    |    0.00 [0.00-0.00]    |    0.00 [0.00-0.00]     |
|      1138      |       1        |   8.00 [6.00-14.00]   |   0.00 [0.00-0.00]    |   8.00 [6.00-14.00]    |    0.00 [0.00-0.00]    |    0.00 [0.00-0.00]     |
|      1139      |       1        |   6.00 [5.00-12.16]   |   0.00 [0.00-0.00]    |   6.00 [5.00-12.16]    |    0.00 [0.00-0.00]    |    0.00 [0.00-0.00]     |
|      1140      |       1        |   5.00 [4.00-10.00]   |   0.00 [0.00-0.00]    |   7.44 [5.96-14.36]    |    0.00 [0.00-0.00]    |    0.00 [0.00-0.00]     |
|      1141      |       1        |   6.00 [4.00-10.16]   |   0.00 [0.00-0.00]    |   7.87 [5.32-13.71]    |    0.00 [0.00-0.00]    |    0.00 [0.00-0.00]     |
|      1143      |       1        |   7.00 [6.00-12.00]   |   1.00 [1.00-1.00]    |   7.00 [6.00-12.00]    |    0.50 [0.50-0.50]    |    0.00 [0.00-0.01]     |
|      1144      |       1        |   5.00 [4.00-11.16]   |   0.00 [0.00-0.00]    |   5.00 [4.00-11.16]    |    0.00 [0.00-0.00]    |    0.00 [0.00-0.01]     |
|      1145      |       1        |  10.00 [7.00-14.00]   |   0.00 [0.00-0.00]    |   10.00 [7.00-14.00]   |    0.00 [0.00-0.00]    |    0.00 [0.00-0.00]     |
|      1146      |       1        |   6.00 [5.00-11.00]   |   0.00 [0.00-0.00]    |   8.80 [7.38-15.72]    |    0.00 [0.00-0.00]    |    0.00 [0.00-0.00]     |
|      1147      |       1        |   7.00 [5.00-11.16]   |   0.00 [0.00-0.00]    |   10.02 [7.21-15.67]   |    0.00 [0.00-0.00]    |    0.00 [0.00-0.00]     |
|      1148      |       1        |  12.00 [10.00-15.16]  |   0.00 [0.00-0.00]    |  12.00 [10.00-15.16]   |    0.00 [0.00-0.00]    |    0.00 [0.00-0.00]     |
|      1149      |       1        |   8.00 [6.00-13.00]   |   0.00 [0.00-1.00]    |   6.75 [5.23-10.46]    |    0.00 [0.00-0.56]    |    0.00 [0.00-0.01]     |
|      1150      |       1        |   8.00 [6.00-13.00]   |   0.00 [0.00-0.00]    |   11.72 [8.74-17.64]   |    0.00 [0.00-0.00]    |    0.00 [0.00-0.00]     |
|      1151      |       1        |   5.00 [4.00-8.00]    |   0.00 [0.00-0.00]    |    5.00 [4.00-8.00]    |    0.00 [0.00-0.00]    |    0.00 [0.00-0.01]     |
|      1152      |       1        |   6.00 [5.00-10.00]   |   0.00 [0.00-0.00]    |   8.17 [6.59-13.54]    |    0.00 [0.00-0.00]    |    0.00 [0.00-0.00]     |
|      1153      |       1        |   7.00 [5.00-12.16]   |   0.00 [0.00-0.00]    |   9.18 [6.52-16.25]    |    0.00 [0.00-0.00]    |    0.00 [0.00-0.00]     |
|      1154      |       1        |  10.00 [8.00-15.00]   |   0.00 [0.00-0.00]    |   10.00 [8.00-15.00]   |    0.00 [0.00-0.00]    |    0.00 [0.00-0.00]     |
|      1155      |       1        |   7.00 [5.00-11.00]   |   2.00 [2.00-2.00]    |   7.00 [5.00-11.00]    |    1.10 [1.06-1.14]    |    0.01 [0.00-0.06]     |
|      1156      |       1        |   8.00 [6.00-12.16]   |   0.00 [0.00-0.00]    |   8.00 [6.00-12.16]    |    0.00 [0.00-0.00]    |    0.00 [0.00-0.00]     |
|      1158      |       1        |   9.00 [6.00-15.16]   |   0.00 [0.00-2.16]    |   6.96 [4.19-12.62]    |    0.00 [0.00-1.30]    |    0.00 [0.00-0.03]     |
|      1159      |       1        |   3.00 [3.00-8.00]    |   1.00 [1.00-1.00]    |    3.62 [3.62-9.90]    |    0.46 [0.45-0.46]    |    0.07 [0.00-0.07]     |
|      1160      |       1        |  10.00 [7.42-14.50]   |   4.08 [4.00-5.00]    |   10.44 [7.91-15.21]   |    2.00 [1.94-2.43]    |    0.00 [0.00-0.03]     |
|      1161      |       1        |   8.00 [5.00-11.16]   |   0.00 [0.00-0.00]    |   11.17 [7.36-16.20]   |    0.00 [0.00-0.00]    |    0.00 [0.00-0.00]     |
|      1162      |       1        |   9.00 [6.84-13.00]   |   2.00 [2.00-3.16]    |   9.07 [6.05-12.95]    |    1.00 [0.97-1.64]    |    0.00 [0.00-0.02]     |
|      1164      |       1        |   6.00 [5.00-14.00]   |   1.00 [1.00-1.16]    |   6.01 [5.01-14.03]    |    0.51 [0.51-0.61]    |    0.01 [0.00-0.02]     |
|      1165      |       1        |   4.00 [3.00-10.00]   |   0.00 [0.00-0.00]    |   9.77 [8.72-18.37]    |    0.00 [0.00-0.00]    |    0.00 [0.00-0.00]     |
|      1168      |       1        |   8.00 [6.00-11.16]   |   3.00 [3.00-3.00]    |   10.78 [7.93-15.21]   |    1.34 [1.31-1.37]    |    0.00 [0.00-0.01]     |
|      1170      |       1        |   9.00 [7.00-12.16]   |   0.00 [0.00-0.00]    |   12.87 [9.95-17.53]   |    0.00 [0.00-0.00]    |    0.00 [0.00-0.00]     |
|      1172      |       1        |   9.00 [7.00-13.16]   |   0.00 [0.00-0.00]    |   9.00 [7.00-13.16]    |    0.00 [0.00-0.00]    |    0.00 [0.00-0.00]     |
|      1174      |       1        |   8.00 [5.00-11.00]   |   0.00 [0.00-0.00]    |   11.06 [7.30-15.49]   |    0.00 [0.00-0.00]    |    0.00 [0.00-0.00]     |
|      1175      |       1        |   4.00 [3.00-9.00]    |   0.00 [0.00-0.00]    |   5.94 [4.50-13.00]    |    0.00 [0.00-0.00]    |    0.00 [0.00-0.01]     |
|      1176      |       1        |   7.00 [5.00-13.00]   |   0.00 [0.00-0.00]    |   10.29 [7.30-17.79]   |    0.00 [0.00-0.00]    |    0.00 [0.00-0.00]     |
|      1177      |       1        |   6.00 [4.00-11.00]   |   0.00 [0.00-0.00]    |   6.00 [4.00-11.00]    |    0.00 [0.00-0.00]    |    0.00 [0.00-0.02]     |
|      1178      |       1        |   5.00 [4.00-9.16]    |   0.00 [0.00-0.00]    |   6.42 [5.18-12.65]    |    0.00 [0.00-0.00]    |    0.00 [0.00-0.00]     |
|      1179      |       1        |   2.00 [2.00-7.00]    |   1.00 [1.00-1.00]    |   5.95 [5.95-14.91]    |    0.38 [0.38-0.40]    |    0.04 [0.00-0.04]     |
|      1181      |       1        |   8.00 [6.00-14.16]   |   1.00 [1.00-1.00]    |   8.00 [6.00-14.16]    |    0.50 [0.50-0.50]    |    0.00 [0.00-0.01]     |
|      1182      |       1        |   9.00 [7.00-13.00]   |   0.00 [0.00-0.00]    |   9.00 [7.00-13.00]    |    0.00 [0.00-0.00]    |    0.00 [0.00-0.00]     |
|      1183      |       1        |   2.00 [2.00-4.47]    |   0.00 [0.00-0.00]    |   6.13 [6.13-12.26]    |    0.00 [0.00-0.00]    |    0.03 [0.00-0.03]     |
|      1184      |       1        |   7.00 [6.00-11.16]   |   0.00 [0.00-0.00]    |   10.24 [8.45-16.12]   |    0.00 [0.00-0.00]    |    0.00 [0.00-0.00]     |
|      1185      |       1        |   4.00 [3.00-8.16]    |   0.00 [0.00-0.00]    |   9.60 [7.71-17.39]    |    0.00 [0.00-0.00]    |    0.00 [0.00-0.01]     |
|      1186      |       1        |   9.00 [8.00-12.00]   |   0.00 [0.00-0.00]    |  13.06 [10.56-17.21]   |    0.00 [0.00-0.00]    |    0.00 [0.00-0.00]     |
|      1187      |       1        |   7.50 [6.00-12.00]   |   0.00 [0.00-0.00]    |   10.53 [8.47-16.11]   |    0.00 [0.00-0.00]    |    0.00 [0.00-0.00]     |
|      1188      |       1        |   3.50 [3.00-9.00]    |   0.00 [0.00-0.00]    |    3.50 [3.00-9.00]    |    0.00 [0.00-0.00]    |    0.02 [0.00-0.04]     |
|      1189      |       1        |   6.00 [5.00-11.16]   |   0.00 [0.00-0.00]    |   8.59 [6.81-15.50]    |    0.00 [0.00-0.00]    |    0.00 [0.00-0.00]     |
|      1190      |       1        |   6.00 [5.00-11.00]   |   0.00 [0.00-0.00]    |   6.00 [5.00-11.00]    |    0.00 [0.00-0.00]    |    0.00 [0.00-0.00]     |
|      1191      |       1        |  12.00 [9.00-15.16]   |   1.00 [1.00-1.58]    |   12.08 [9.07-15.28]   |    0.50 [0.50-0.78]    |    0.00 [0.00-0.00]     |
|      1193      |       1        |  13.00 [10.00-18.00]  |   0.00 [0.00-1.00]    |   9.18 [6.94-12.97]    |    0.00 [0.00-0.68]    |    0.00 [0.00-0.00]     |
|      1194      |       1        |   4.00 [3.00-9.00]    |   0.00 [0.00-0.00]    |   5.84 [4.39-12.78]    |    0.00 [0.00-0.00]    |    0.00 [0.00-0.01]     |
|      1195      |       1        |  10.00 [7.00-14.16]   |   0.00 [0.00-2.00]    |   6.97 [4.52-10.14]    |    0.00 [0.00-1.29]    |    0.00 [0.00-0.01]     |
|      1196      |       1        |   7.00 [5.00-12.00]   |   0.00 [0.00-0.00]    |   10.09 [7.28-16.49]   |    0.00 [0.00-0.00]    |    0.00 [0.00-0.00]     |
|      1197      |       1        |   9.00 [7.00-14.00]   |   0.00 [0.00-0.00]    |   9.00 [7.00-14.00]    |    0.00 [0.00-0.00]    |    0.00 [0.00-0.00]     |
|      1198      |       1        |   8.00 [6.00-12.00]   |   0.00 [0.00-0.00]    |   8.00 [6.00-12.00]    |    0.00 [0.00-0.00]    |    0.00 [0.00-0.00]     |
|      1199      |       1        |   7.00 [6.00-12.00]   |   0.00 [0.00-0.00]    |   10.26 [8.49-16.23]   |    0.00 [0.00-0.00]    |    0.00 [0.00-0.00]     |
|      1200      |       1        |   4.00 [3.00-9.16]    |   0.00 [0.00-0.00]    |   5.24 [3.96-12.33]    |    0.00 [0.00-0.00]    |    0.01 [0.00-0.02]     |
|      1203      |       1        |  10.00 [8.00-14.00]   |   0.00 [0.00-0.00]    |   10.00 [8.00-14.00]   |    0.00 [0.00-0.00]    |    0.00 [0.00-0.00]     |
|      1204      |       1        |   6.00 [5.00-11.08]   |   3.00 [3.00-3.50]    |   8.08 [6.57-14.63]    |    1.34 [1.33-1.58]    |    0.01 [0.00-0.03]     |
|      1206      |       1        |   7.00 [6.00-10.16]   |   0.00 [0.00-0.00]    |   7.00 [6.00-10.16]    |    0.00 [0.00-0.00]    |    0.00 [0.00-0.00]     |
|      1208      |       1        |  11.00 [9.00-15.16]   |   6.00 [6.00-7.00]    |   11.13 [9.11-15.34]   |    3.00 [2.99-3.54]    |    0.01 [0.00-0.05]     |
|      1210      |       1        |   5.00 [4.00-8.16]    |   0.00 [0.00-0.00]    |    5.00 [4.00-8.16]    |    0.00 [0.00-0.00]    |    0.00 [0.00-0.01]     |
|      1214      |       1        |   8.50 [6.00-12.00]   |   1.50 [1.00-2.00]    |   9.92 [7.12-14.10]    |    0.71 [0.48-0.95]    |    0.00 [0.00-0.01]     |
|      1215      |       1        |   8.00 [6.00-12.50]   |   4.50 [4.00-5.08]    |   10.93 [8.40-15.71]   |    2.05 [1.83-2.28]    |    0.00 [0.00-0.03]     |
|      1216      |       1        |   5.00 [4.00-11.16]   |   0.00 [0.00-0.00]    |   7.39 [5.97-15.51]    |    0.00 [0.00-0.00]    |    0.00 [0.00-0.00]     |
|      1219      |       1        |  10.00 [7.00-13.16]   |   2.00 [2.00-2.00]    |  13.98 [10.13-18.22]   |    0.88 [0.87-0.90]    |    0.00 [0.00-0.00]     |
|      1220      |       1        |   7.50 [6.00-12.00]   |   1.00 [1.00-1.00]    |   10.62 [8.46-16.34]   |    0.43 [0.43-0.44]    |    0.00 [0.00-0.00]     |
|      1221      |       1        |   4.00 [3.00-9.16]    |   0.00 [0.00-0.00]    |   5.88 [4.46-13.34]    |    0.00 [0.00-0.00]    |    0.00 [0.00-0.01]     |
|      1222      |       1        |   5.00 [4.00-13.00]   |   0.00 [0.00-0.16]    |    3.62 [2.74-9.41]    |    0.00 [0.00-0.10]    |    0.02 [0.00-0.06]     |
|      1223      |       1        |  12.00 [9.00-15.00]   |   0.00 [0.00-0.00]    |   12.00 [9.00-15.00]   |    0.00 [0.00-0.00]    |    0.00 [0.00-0.00]     |
|      1225      |       1        |   6.00 [5.00-12.00]   |   0.00 [0.00-0.00]    |   6.00 [5.00-12.00]    |    0.00 [0.00-0.00]    |    0.00 [0.00-0.00]     |
|      1226      |       1        |   8.00 [6.00-11.00]   |   0.00 [0.00-0.00]    |   8.00 [6.00-11.00]    |    0.00 [0.00-0.00]    |    0.00 [0.00-0.00]     |
|      1227      |       1        |   4.00 [3.00-11.00]   |   0.00 [0.00-0.00]    |   5.98 [4.52-15.66]    |    0.00 [0.00-0.00]    |    0.00 [0.00-0.01]     |
|      1228      |       1        |   9.00 [6.00-12.00]   |   0.00 [0.00-0.00]    |   12.86 [8.89-16.82]   |    0.00 [0.00-0.00]    |    0.00 [0.00-0.00]     |
|      1229      |       1        |   7.00 [6.00-13.00]   |   0.00 [0.00-0.00]    |   7.00 [6.00-13.00]    |    0.00 [0.00-0.00]    |    0.00 [0.00-0.00]     |
|      1232      |       1        |   5.00 [4.00-11.16]   |   0.00 [0.00-0.00]    |  13.31 [11.16-18.71]   |    0.00 [0.00-0.00]    |    0.00 [0.00-0.00]     |
|      1233      |       1        |   4.00 [3.00-8.16]    |   0.00 [0.00-0.00]    |   5.76 [4.36-11.61]    |    0.00 [0.00-0.00]    |    0.00 [0.00-0.01]     |
|      1234      |       1        |   7.00 [6.00-12.00]   |   0.00 [0.00-0.00]    |   10.20 [8.11-16.13]   |    0.00 [0.00-0.00]    |    0.00 [0.00-0.00]     |
|      1235      |       1        |   8.00 [6.00-13.00]   |   0.00 [0.00-0.00]    |   8.00 [6.00-13.00]    |    0.00 [0.00-0.00]    |    0.00 [0.00-0.00]     |
|      1236      |       1        |   7.00 [5.00-11.00]   |   0.00 [0.00-0.00]    |   7.00 [5.00-11.00]    |    0.00 [0.00-0.00]    |    0.00 [0.00-0.01]     |
|      1237      |       1        |  12.00 [9.00-15.16]   |   0.00 [0.00-1.00]    |   10.46 [7.10-13.67]   |    0.00 [0.00-0.59]    |    0.00 [0.00-0.00]     |
|      1238      |       1        |  10.00 [8.00-15.00]   |   0.00 [0.00-2.00]    |   6.87 [5.38-11.08]    |    0.00 [0.00-1.22]    |    0.00 [0.00-0.00]     |
|      1239      |       1        |   4.00 [4.00-9.00]    |   0.00 [0.00-0.00]    |    4.00 [4.00-9.00]    |    0.00 [0.00-0.00]    |    0.03 [0.00-0.03]     |
|      1242      |       1        |  11.00 [7.00-16.00]   |   0.00 [0.00-1.00]    |   7.26 [4.61-11.79]    |    0.00 [0.00-0.66]    |    0.00 [0.00-0.01]     |
|      1244      |       1        |  11.25 [9.00-15.00]   |   5.00 [5.00-7.00]    |   11.13 [8.63-14.43]   |    2.60 [2.53-3.56]    |    0.01 [0.00-0.03]     |
|      1245      |       1        |   4.00 [3.00-8.32]    |   0.00 [0.00-0.00]    |   10.65 [8.55-16.24]   |    0.00 [0.00-0.00]    |    0.00 [0.00-0.00]     |
|      1247      |       1        |   8.00 [6.00-13.00]   |   5.00 [4.00-6.16]    |   7.57 [5.78-11.54]    |    2.55 [2.08-3.31]    |    0.05 [0.00-0.20]     |
|      1249      |       1        |   5.00 [4.00-11.16]   |   0.00 [0.00-0.00]    |   5.00 [4.00-11.16]    |    0.00 [0.00-0.00]    |    0.01 [0.00-0.02]     |
|      1250      |       1        |   8.00 [7.00-12.32]   |   0.00 [0.00-2.00]    |    5.25 [4.48-8.75]    |    0.00 [0.00-1.32]    |    0.01 [0.00-0.04]     |
|      1251      |       1        |   3.00 [3.00-9.16]    |   0.00 [0.00-0.00]    |   4.49 [4.49-13.29]    |    0.00 [0.00-0.00]    |    0.01 [0.00-0.01]     |
|      1252      |       1        |   9.00 [7.00-13.32]   |   0.50 [0.00-2.00]    |    5.91 [4.61-9.50]    |    0.32 [0.00-1.27]    |    0.00 [0.00-0.04]     |
|      1253      |       1        |   8.00 [5.00-13.16]   |   0.00 [0.00-0.00]    |   8.00 [5.00-13.16]    |    0.00 [0.00-0.00]    |    0.00 [0.00-0.00]     |
|      1255      |       1        |   3.00 [3.00-7.00]    |   0.00 [0.00-0.00]    |    4.46 [4.35-9.89]    |    0.00 [0.00-0.00]    |    0.01 [0.00-0.01]     |
|      1256      |       1        |   5.00 [3.00-10.00]   |   0.00 [0.00-0.00]    |   7.28 [4.44-14.49]    |    0.00 [0.00-0.00]    |    0.00 [0.00-0.02]     |
|      1257      |       1        |   6.00 [5.00-10.00]   |   1.00 [1.00-2.00]    |   6.00 [5.00-10.00]    |    0.52 [0.51-1.04]    |    0.01 [0.00-0.05]     |
|      1259      |       1        |   6.00 [4.00-11.00]   |   0.00 [0.00-0.00]    |   8.51 [5.51-15.15]    |    0.00 [0.00-0.00]    |    0.00 [0.00-0.00]     |
|      1260      |       1        |   5.00 [4.00-10.16]   |   1.00 [1.00-1.00]    |   5.00 [4.00-10.16]    |    0.50 [0.50-0.50]    |    0.02 [0.00-0.05]     |
|      1262      |       1        |   9.00 [7.00-14.00]   |   0.00 [0.00-0.00]    |   9.00 [7.00-14.00]    |    0.00 [0.00-0.00]    |    0.00 [0.00-0.00]     |
|      1263      |       1        |   6.00 [5.00-11.16]   |   0.00 [0.00-0.00]    |   6.00 [5.00-11.16]    |    0.00 [0.00-0.00]    |    0.00 [0.00-0.00]     |
|      1264      |       1        |   9.00 [6.00-13.00]   |   0.00 [0.00-0.00]    |   12.26 [8.86-17.69]   |    0.00 [0.00-0.00]    |    0.00 [0.00-0.00]     |
|      1266      |       1        |   5.00 [4.00-11.00]   |   0.00 [0.00-0.00]    |   5.00 [4.00-11.00]    |    0.00 [0.00-0.00]    |    0.01 [0.00-0.02]     |
|      1267      |       1        |   9.00 [7.00-13.00]   |   1.00 [1.00-2.50]    |   9.48 [7.37-13.62]    |    0.49 [0.49-1.21]    |    0.00 [0.00-0.00]     |
|      1269      |       1        |   7.00 [5.00-12.00]   |   0.00 [0.00-0.00]    |   10.10 [7.17-16.26]   |    0.00 [0.00-0.00]    |    0.00 [0.00-0.00]     |
|      1270      |       1        |   7.00 [5.00-14.16]   |   0.00 [0.00-0.00]    |   10.29 [7.49-19.66]   |    0.00 [0.00-0.00]    |    0.00 [0.00-0.00]     |
|      1271      |       1        |   7.00 [5.00-12.00]   |   2.00 [2.00-2.00]    |   9.38 [6.71-15.15]    |    0.89 [0.89-0.91]    |    0.00 [0.00-0.01]     |
|      1273      |       1        |   4.00 [3.00-9.16]    |   0.00 [0.00-0.00]    |   5.92 [4.44-13.28]    |    0.00 [0.00-0.00]    |    0.00 [0.00-0.01]     |
|      1274      |       1        |   6.00 [5.00-11.00]   |   0.00 [0.00-0.00]    |   6.00 [5.00-11.00]    |    0.00 [0.00-0.00]    |    0.00 [0.00-0.00]     |
|      1275      |       1        |   8.00 [6.00-12.16]   |   0.00 [0.00-0.00]    |   11.63 [8.90-17.41]   |    0.00 [0.00-0.00]    |    0.00 [0.00-0.00]     |
|      1276      |       1        |   4.00 [3.00-11.16]   |   0.00 [0.00-0.00]    |   5.97 [4.45-15.64]    |    0.00 [0.00-0.00]    |    0.00 [0.00-0.02]     |
|      1277      |       1        |   6.00 [4.00-12.16]   |   0.00 [0.00-0.00]    |   6.00 [4.00-12.16]    |    0.00 [0.00-0.00]    |    0.00 [0.00-0.01]     |
|      1280      |       1        |   7.00 [4.00-11.00]   |   0.00 [0.00-0.00]    |   10.02 [5.92-15.52]   |    0.00 [0.00-0.00]    |    0.00 [0.00-0.00]     |
|      1281      |       1        |   8.00 [6.00-13.00]   |   0.00 [0.00-0.00]    |   8.00 [6.00-13.00]    |    0.00 [0.00-0.00]    |    0.00 [0.00-0.00]     |
|      1282      |       1        |   5.00 [3.00-9.16]    |   2.00 [2.00-3.00]    |   7.21 [4.33-12.89]    |    0.98 [0.98-1.48]    |    0.01 [0.00-0.11]     |
|      1283      |       1        |  11.50 [8.42-15.08]   |   5.00 [4.00-7.08]    |   9.87 [6.90-13.91]    |    2.82 [2.24-3.86]    |    0.01 [0.00-0.11]     |
|      1284      |       1        |   5.00 [3.00-8.16]    |   1.00 [1.00-1.00]    |   7.27 [4.46-11.86]    |    0.43 [0.43-0.44]    |    0.00 [0.00-0.04]     |
|      1285      |       1        |   9.00 [6.00-12.00]   |   0.00 [0.00-0.00]    |   9.00 [6.00-12.00]    |    0.00 [0.00-0.00]    |    0.00 [0.00-0.00]     |
|      1286      |       1        |   5.00 [4.00-12.16]   |   0.00 [0.00-0.00]    |   7.40 [5.97-17.19]    |    0.00 [0.00-0.00]    |    0.00 [0.00-0.00]     |
|      1287      |       1        |   5.00 [4.00-9.00]    |   0.00 [0.00-0.00]    |    5.00 [4.00-9.00]    |    0.00 [0.00-0.00]    |    0.01 [0.00-0.03]     |
|      1288      |       1        |   7.50 [4.84-11.16]   |   0.00 [0.00-0.00]    |   7.50 [4.84-11.16]    |    0.00 [0.00-0.00]    |    0.00 [0.00-0.01]     |
|      1289      |       1        |   8.00 [7.00-11.16]   |   0.00 [0.00-0.00]    |   8.00 [7.00-11.16]    |    0.00 [0.00-0.00]    |    0.00 [0.00-0.00]     |
|      1290      |       1        |   2.00 [2.00-5.32]    |   1.00 [1.00-1.00]    |   5.25 [5.25-12.52]    |    0.38 [0.38-0.39]    |    0.04 [0.00-0.04]     |
|      1291      |       1        |   9.00 [6.00-12.16]   |   2.00 [2.00-3.00]    |   12.03 [8.74-16.85]   |    0.87 [0.86-1.31]    |    0.00 [0.00-0.00]     |
|      1292      |       1        |   8.50 [7.00-12.00]   |   0.00 [0.00-0.00]    |   11.44 [9.17-16.81]   |    0.00 [0.00-0.00]    |    0.00 [0.00-0.00]     |
|      1293      |       1        |   2.00 [2.00-9.16]    |   1.00 [1.00-2.00]    |   3.45 [3.43-15.12]    |    0.41 [0.41-0.84]    |    0.10 [0.00-0.17]     |
|      1295      |       1        |  10.00 [7.50-14.08]   |   1.50 [1.00-3.00]    |   8.23 [5.32-11.95]    |    0.95 [0.57-1.70]    |    0.00 [0.00-0.04]     |
|      1296      |       1        |   4.00 [3.00-9.00]    |   2.00 [2.00-2.16]    |   5.96 [4.51-13.28]    |    0.89 [0.89-0.98]    |    0.03 [0.00-0.08]     |
|      1297      |       1        |   8.67 [6.00-12.82]   |   4.33 [4.00-6.05]    |   8.36 [5.73-12.07]    |    2.30 [2.07-3.14]    |    0.02 [0.00-0.15]     |
|      1298      |       1        |   7.00 [5.00-11.00]   |   0.00 [0.00-0.00]    |   9.69 [7.12-15.40]    |    0.00 [0.00-0.00]    |    0.00 [0.00-0.00]     |
|      1299      |       1        |   7.50 [6.00-12.74]   |   4.75 [4.00-5.00]    |   8.58 [6.83-14.19]    |    2.25 [1.89-2.39]    |    0.02 [0.00-0.07]     |
|      1300      |       1        |   6.00 [5.00-11.00]   |   0.00 [0.00-0.00]    |   6.00 [5.00-11.00]    |    0.00 [0.00-0.00]    |    0.01 [0.00-0.01]     |
|      1301      |       1        |   4.00 [4.00-11.00]   |   0.00 [0.00-0.00]    |   4.00 [4.00-11.00]    |    0.00 [0.00-0.00]    |    0.02 [0.00-0.02]     |
|      1302      |       1        |   8.00 [5.00-13.16]   |   0.00 [0.00-0.00]    |   8.00 [5.00-13.16]    |    0.00 [0.00-0.00]    |    0.00 [0.00-0.01]     |
|      1303      |       1        |  10.25 [8.42-15.00]   |   2.00 [2.00-4.00]    |   7.65 [6.04-12.14]    |    1.22 [1.19-2.33]    |    0.01 [0.00-0.05]     |
|      1304      |       1        |   7.00 [5.00-11.32]   |   0.00 [0.00-0.00]    |   10.08 [7.34-15.97]   |    0.00 [0.00-0.00]    |    0.00 [0.00-0.00]     |
|      1305      |       1        |   6.00 [4.00-11.00]   |   0.00 [0.00-0.00]    |   8.62 [5.62-15.02]    |    0.00 [0.00-0.00]    |    0.00 [0.00-0.00]     |
|      1306      |       1        |  10.00 [7.00-14.00]   |   0.00 [0.00-0.00]    |   10.00 [7.00-14.00]   |    0.00 [0.00-0.00]    |    0.00 [0.00-0.00]     |
|      1307      |       1        |   8.00 [6.00-13.16]   |   0.00 [0.00-0.00]    |   8.00 [6.00-13.16]    |    0.00 [0.00-0.00]    |    0.00 [0.00-0.00]     |
|      1309      |       1        |  10.00 [8.00-13.86]   |   7.00 [7.00-8.00]    |   10.04 [8.01-13.95]   |    3.50 [3.46-4.00]    |    0.03 [0.00-0.11]     |
|      1312      |       1        |   3.00 [2.00-7.00]    |   0.00 [0.00-0.00]    |   6.98 [4.77-13.03]    |    0.00 [0.00-0.00]    |    0.00 [0.00-0.02]     |
|      1313      |       1        |   4.00 [3.00-9.00]    |   0.00 [0.00-0.00]    |    4.00 [3.00-9.00]    |    0.00 [0.00-0.00]    |    0.01 [0.00-0.04]     |
|      1315      |       1        |   5.00 [4.00-10.16]   |   0.00 [0.00-0.00]    |   7.35 [5.66-14.47]    |    0.00 [0.00-0.00]    |    0.00 [0.00-0.00]     |
|      1316      |       1        |   6.00 [5.00-10.32]   |   0.00 [0.00-0.00]    |   7.83 [6.46-13.95]    |    0.00 [0.00-0.00]    |    0.00 [0.00-0.00]     |
|      1317      |       1        |   5.00 [4.00-10.00]   |   0.00 [0.00-0.00]    |   5.00 [4.00-10.00]    |    0.00 [0.00-0.00]    |    0.01 [0.00-0.03]     |
|      1318      |       1        |  12.00 [9.34-15.00]   |   3.00 [3.00-5.00]    |  13.65 [10.51-17.43]   |    1.42 [1.40-2.28]    |    0.00 [0.00-0.00]     |
|      1320      |       1        |   9.00 [7.00-13.00]   |   0.00 [0.00-1.16]    |   6.47 [4.60-10.72]    |    0.00 [0.00-0.74]    |    0.00 [0.00-0.01]     |
|      1321      |       1        |  14.00 [10.00-18.00]  |   0.00 [0.00-1.16]    |   8.97 [6.51-12.29]    |    0.00 [0.00-0.80]    |    0.00 [0.00-0.00]     |
|      1322      |       1        |  10.00 [6.00-13.16]   |   4.00 [4.00-5.00]    |   11.40 [6.91-15.34]   |    1.87 [1.82-2.35]    |    0.00 [0.00-0.04]     |
|      1324      |       1        |  10.50 [8.00-15.00]   |   4.00 [4.00-5.00]    |   10.44 [7.97-14.93]   |    2.00 [2.00-2.49]    |    0.00 [0.00-0.02]     |
|      1326      |       1        |   7.50 [5.00-12.11]   |   2.00 [2.00-2.44]    |   7.63 [5.13-12.42]    |    0.99 [0.99-1.21]    |    0.01 [0.00-0.04]     |
|      1327      |       1        |   8.00 [6.00-13.00]   |   1.00 [1.00-1.00]    |   8.00 [6.00-13.00]    |    0.50 [0.50-0.50]    |    0.00 [0.00-0.01]     |
|      1328      |       1        |   7.00 [5.00-11.00]   |   0.00 [0.00-0.00]    |   7.00 [5.00-11.00]    |    0.00 [0.00-0.00]    |    0.00 [0.00-0.00]     |
|      1329      |       1        |   7.00 [5.00-11.16]   |   0.00 [0.00-0.00]    |   10.13 [7.43-15.91]   |    0.00 [0.00-0.00]    |    0.00 [0.00-0.00]     |
|      1330      |       1        |   9.50 [8.00-12.58]   |   2.00 [2.00-3.58]    |  11.99 [10.17-15.63]   |    0.92 [0.87-1.64]    |    0.00 [0.00-0.00]     |
|      1331      |       1        |   8.50 [6.00-13.16]   |   0.00 [0.00-0.00]    |   8.50 [6.00-13.16]    |    0.00 [0.00-0.00]    |    0.00 [0.00-0.00]     |
|      1332      |       1        |   7.00 [5.00-10.00]   |   0.00 [0.00-0.00]    |   9.73 [6.84-14.00]    |    0.00 [0.00-0.00]    |    0.00 [0.00-0.00]     |
|      1334      |       1        |   7.00 [5.00-11.16]   |   0.00 [0.00-2.00]    |    5.14 [3.83-8.49]    |    0.00 [0.00-1.18]    |    0.01 [0.00-0.06]     |
|      1335      |       1        |   5.00 [4.00-9.16]    |   0.00 [0.00-0.00]    |    5.00 [4.00-9.16]    |    0.00 [0.00-0.00]    |    0.00 [0.00-0.01]     |
|      1337      |       1        |   4.00 [3.00-10.00]   |   0.00 [0.00-0.00]    |   4.00 [3.00-10.00]    |    0.00 [0.00-0.00]    |    0.03 [0.00-0.07]     |
|      1340      |       1        |   7.00 [5.00-10.16]   |   0.00 [0.00-0.00]    |   7.00 [5.00-10.16]    |    0.00 [0.00-0.00]    |    0.00 [0.00-0.01]     |
|      1341      |       1        |   6.00 [4.00-11.00]   |   0.00 [0.00-0.00]    |   8.66 [5.96-15.71]    |    0.00 [0.00-0.00]    |    0.00 [0.00-0.00]     |
|      1343      |       1        |  12.00 [9.00-15.16]   |   0.00 [0.00-0.00]    |   12.00 [9.00-15.16]   |    0.00 [0.00-0.00]    |    0.00 [0.00-0.00]     |
|      1344      |       1        |   6.00 [5.00-12.00]   |   0.00 [0.00-0.00]    |   6.00 [5.00-12.00]    |    0.00 [0.00-0.00]    |    0.00 [0.00-0.00]     |
|      1345      |       1        |   4.00 [4.00-9.00]    |   0.00 [0.00-0.00]    |    4.00 [4.00-9.00]    |    0.00 [0.00-0.00]    |    0.01 [0.00-0.01]     |
|      1346      |       1        |   8.00 [6.00-11.16]   |   0.00 [0.00-0.00]    |   8.00 [6.00-11.16]    |    0.00 [0.00-0.00]    |    0.00 [0.00-0.00]     |
|      1347      |       1        |   7.00 [5.00-13.00]   |   0.00 [0.00-0.00]    |   9.83 [6.92-17.89]    |    0.00 [0.00-0.00]    |    0.00 [0.00-0.00]     |
|      1348      |       1        |   9.00 [7.00-12.00]   |   0.00 [0.00-0.00]    |   9.00 [7.00-12.00]    |    0.00 [0.00-0.00]    |    0.00 [0.00-0.00]     |
|      1349      |       1        |   5.00 [4.00-11.16]   |   0.00 [0.00-0.00]    |   7.34 [5.80-15.86]    |    0.00 [0.00-0.00]    |    0.00 [0.00-0.00]     |
|      1350      |       1        |  10.00 [8.00-15.00]   |   1.00 [0.00-2.16]    |   7.85 [5.79-11.88]    |    0.56 [0.00-1.23]    |    0.00 [0.00-0.00]     |
|      1351      |       1        |  13.00 [9.00-19.00]   |   0.00 [0.00-1.00]    |   8.48 [5.72-12.71]    |    0.00 [0.00-0.67]    |    0.00 [0.00-0.00]     |
|      1352      |       1        |   3.00 [3.00-8.00]    |   0.00 [0.00-0.00]    |    3.00 [3.00-8.00]    |    0.00 [0.00-0.00]    |    0.05 [0.00-0.05]     |
|      1353      |       1        |   7.00 [6.00-11.16]   |   0.00 [0.00-0.00]    |   7.00 [6.00-11.16]    |    0.00 [0.00-0.00]    |    0.00 [0.00-0.00]     |
|      1355      |       1        |   9.00 [6.00-13.16]   |   0.00 [0.00-0.00]    |   9.00 [6.00-13.16]    |    0.00 [0.00-0.00]    |    0.00 [0.00-0.00]     |
|      1356      |       1        |   6.00 [4.00-9.16]    |   0.00 [0.00-0.00]    |   8.47 [5.84-13.29]    |    0.00 [0.00-0.00]    |    0.00 [0.00-0.00]     |
|      1357      |       1        |   8.00 [5.00-11.00]   |   2.00 [2.00-3.00]    |   10.79 [7.16-15.29]   |    0.87 [0.87-1.31]    |    0.00 [0.00-0.01]     |
|      1358      |       1        |  10.00 [7.00-14.00]   |   0.00 [0.00-0.00]    |   10.00 [7.00-14.00]   |    0.00 [0.00-0.00]    |    0.00 [0.00-0.00]     |
|      1359      |       1        |  10.00 [7.00-13.16]   |   1.00 [1.00-1.00]    |   10.07 [7.05-13.27]   |    0.50 [0.50-0.50]    |    0.00 [0.00-0.00]     |
|      1361      |       1        |  13.00 [10.00-18.00]  |   0.00 [0.00-1.00]    |   8.66 [6.46-12.45]    |    0.00 [0.00-0.66]    |    0.00 [0.00-0.00]     |
|      1362      |       1        |   6.00 [4.00-11.00]   |   0.00 [0.00-0.00]    |   6.00 [4.00-11.00]    |    0.00 [0.00-0.00]    |    0.00 [0.00-0.01]     |
|      1363      |       1        |   3.00 [3.00-9.16]    |   2.00 [2.00-2.00]    |   7.88 [7.88-19.00]    |    0.83 [0.82-0.91]    |    0.02 [0.00-0.02]     |
|      1364      |       1        |   3.00 [2.00-5.16]    |   0.00 [0.00-0.00]    |   7.91 [6.18-13.87]    |    0.00 [0.00-0.00]    |    0.01 [0.00-0.03]     |
|      1365      |       1        |   4.00 [3.00-9.00]    |   2.00 [2.00-2.00]    |   5.37 [4.07-11.94]    |    0.89 [0.88-0.90]    |    0.04 [0.00-0.10]     |
|      1367      |       1        |  12.00 [10.00-15.16]  |   0.00 [0.00-0.00]    |  12.00 [10.00-15.16]   |    0.00 [0.00-0.00]    |    0.00 [0.00-0.00]     |
|      1368      |       1        |   7.00 [5.00-11.00]   |   0.00 [0.00-0.00]    |   7.00 [5.00-11.00]    |    0.00 [0.00-0.00]    |    0.00 [0.00-0.01]     |
|      1370      |       1        |   4.00 [3.00-8.16]    |   0.00 [0.00-0.00]    |    4.00 [3.00-8.16]    |    0.00 [0.00-0.00]    |    0.02 [0.00-0.05]     |
|      1371      |       1        |   4.00 [3.00-8.00]    |   0.00 [0.00-0.00]    |    4.00 [3.00-8.00]    |    0.00 [0.00-0.00]    |    0.01 [0.00-0.04]     |
|      1372      |       1        |   7.00 [5.00-11.00]   |   1.00 [1.00-1.00]    |   9.99 [7.23-14.98]    |    0.43 [0.43-0.44]    |    0.00 [0.00-0.00]     |
|      1374      |       1        |  10.00 [7.00-13.00]   |   1.00 [1.00-1.00]    |   10.00 [7.00-13.00]   |    0.50 [0.50-0.50]    |    0.00 [0.00-0.00]     |
|      1375      |       1        |   5.50 [4.00-11.16]   |   0.00 [0.00-0.00]    |   5.50 [4.00-11.16]    |    0.00 [0.00-0.00]    |    0.00 [0.00-0.01]     |
|      1376      |       1        |  14.00 [11.84-18.16]  |   0.00 [0.00-3.00]    |   11.15 [8.00-14.11]   |    0.00 [0.00-1.64]    |    0.00 [0.00-0.00]     |
|      1377      |       1        |   6.00 [4.00-10.16]   |   0.00 [0.00-0.00]    |   6.00 [4.00-10.16]    |    0.00 [0.00-0.00]    |    0.00 [0.00-0.01]     |
|      1378      |       1        |   5.50 [5.00-10.00]   |   1.00 [1.00-1.00]    |   5.50 [5.00-10.00]    |    0.57 [0.54-0.58]    |    0.02 [0.00-0.03]     |
|      1379      |       1        |   6.00 [4.00-10.00]   |   0.00 [0.00-0.00]    |   8.76 [5.69-13.79]    |    0.00 [0.00-0.00]    |    0.00 [0.00-0.00]     |
|      1380      |       1        |   9.00 [7.00-13.00]   |   0.00 [0.00-0.00]    |   12.04 [9.60-17.48]   |    0.00 [0.00-0.00]    |    0.00 [0.00-0.00]     |
|      1381      |       1        |   8.00 [6.00-12.16]   |   2.00 [2.00-2.00]    |   8.00 [6.00-12.16]    |    1.00 [1.00-1.00]    |    0.00 [0.00-0.02]     |
|      1382      |       1        |   8.00 [6.00-13.00]   |   2.00 [2.00-2.00]    |   10.97 [8.20-17.47]   |    0.88 [0.87-0.89]    |    0.00 [0.00-0.00]     |
|      1383      |       1        |   3.00 [3.00-9.00]    |   0.00 [0.00-0.00]    |   4.48 [4.37-12.48]    |    0.00 [0.00-0.00]    |    0.01 [0.00-0.01]     |
|      1384      |       1        |   9.00 [6.00-12.00]   |   0.00 [0.00-0.00]    |   12.39 [8.54-16.37]   |    0.00 [0.00-0.00]    |    0.00 [0.00-0.00]     |
|      1385      |       1        |   5.00 [4.00-9.00]    |   1.00 [1.00-1.00]    |   7.54 [5.93-12.70]    |    0.43 [0.43-0.44]    |    0.00 [0.00-0.01]     |
|      1386      |       1        |  13.00 [11.00-16.00]  |   1.00 [0.00-2.00]    |   10.50 [8.08-13.45]   |    0.55 [0.00-1.13]    |    0.00 [0.00-0.00]     |
|      1387      |       1        |   7.00 [6.00-11.16]   |   0.00 [0.00-0.00]    |   7.00 [6.00-11.16]    |    0.00 [0.00-0.00]    |    0.00 [0.00-0.00]     |
|      1388      |       1        |   5.00 [4.00-9.00]    |   0.00 [0.00-0.00]    |   7.17 [5.69-12.94]    |    0.00 [0.00-0.00]    |    0.00 [0.00-0.00]     |
|      1389      |       1        |   9.00 [7.00-12.16]   |   3.00 [3.00-3.08]    |   12.36 [9.26-16.97]   |    1.33 [1.30-1.38]    |    0.00 [0.00-0.00]     |
|      1390      |       1        |   7.50 [5.50-11.50]   |   1.50 [1.50-1.50]    |   10.71 [8.00-15.62]   |    0.65 [0.65-0.67]    |    0.00 [0.00-0.00]     |
|      1392      |       1        |   7.00 [5.00-11.00]   |   1.00 [1.00-1.00]    |   7.00 [5.00-11.00]    |    0.50 [0.50-0.50]    |    0.00 [0.00-0.02]     |
|      1396      |       1        |  12.00 [10.00-16.08]  |   4.00 [4.00-5.50]    |   11.92 [9.90-15.66]   |    2.01 [2.01-2.76]    |    0.00 [0.00-0.01]     |
|      1397      |       1        |   7.00 [5.00-11.00]   |   0.00 [0.00-0.00]    |   9.97 [7.38-15.46]    |    0.00 [0.00-0.00]    |    0.00 [0.00-0.00]     |
|      1398      |       1        |  11.00 [9.00-16.00]   |   1.00 [0.00-2.00]    |   9.71 [7.62-13.78]    |    0.54 [0.00-1.07]    |    0.00 [0.00-0.00]     |
|      1399      |       1        |   9.00 [6.50-14.00]   |   1.50 [1.00-2.08]    |   6.49 [4.27-10.94]    |    0.94 [0.59-1.36]    |    0.01 [0.00-0.10]     |
|      1400      |       1        |   4.00 [3.00-10.16]   |   0.00 [0.00-0.00]    |   5.93 [4.51-14.72]    |    0.00 [0.00-0.00]    |    0.00 [0.00-0.01]     |
|      1401      |       1        |  13.00 [10.00-17.00]  |   1.00 [0.00-2.00]    |   10.34 [7.63-14.58]   |    0.55 [0.00-1.09]    |    0.00 [0.00-0.00]     |
|      1402      |       1        |   2.00 [2.00-9.00]    |   0.00 [0.00-0.00]    |   3.00 [3.00-12.73]    |    0.00 [0.00-0.00]    |    0.05 [0.00-0.05]     |
|      1403      |       1        |   2.00 [2.00-5.16]    |   0.00 [0.00-0.00]    |   5.99 [5.99-12.87]    |    0.00 [0.00-0.00]    |    0.01 [0.00-0.01]     |
|      1405      |       1        |   3.50 [3.00-9.47]    |   0.00 [0.00-0.00]    |    3.50 [3.00-9.47]    |    0.00 [0.00-0.00]    |    0.07 [0.00-0.10]     |
|      1406      |       1        |   7.00 [5.00-10.16]   |   0.00 [0.00-0.00]    |   7.00 [5.00-10.16]    |    0.00 [0.00-0.00]    |    0.00 [0.00-0.01]     |
|      1407      |       1        |   6.00 [4.00-11.00]   |   1.00 [1.00-1.00]    |   8.74 [5.96-15.23]    |    0.43 [0.43-0.44]    |    0.00 [0.00-0.01]     |
|      1408      |       1        |   2.00 [2.00-8.00]    |   0.00 [0.00-0.00]    |   3.01 [3.01-11.58]    |    0.00 [0.00-0.00]    |    0.05 [0.00-0.05]     |
|      1409      |       1        |   7.00 [5.00-12.16]   |   0.00 [0.00-0.00]    |   7.00 [5.00-12.16]    |    0.00 [0.00-0.00]    |    0.00 [0.00-0.00]     |
|      1411      |       1        |   7.00 [6.00-11.32]   |   0.00 [0.00-0.00]    |   7.00 [6.00-11.32]    |    0.00 [0.00-0.00]    |    0.00 [0.00-0.01]     |
|      1412      |       1        |   8.00 [5.00-12.16]   |   3.00 [2.00-4.58]    |   9.12 [5.64-13.54]    |    1.41 [0.95-2.08]    |    0.00 [0.00-0.07]     |
|      1414      |       1        |   6.00 [5.00-11.00]   |   2.00 [2.00-3.00]    |   6.00 [5.00-11.00]    |    1.02 [1.01-1.56]    |    0.02 [0.00-0.06]     |
|      1415      |       1        |   6.00 [5.00-12.16]   |   4.00 [4.00-5.00]    |   9.03 [7.56-17.29]    |    1.73 [1.72-2.18]    |    0.01 [0.00-0.03]     |
|      1417      |       1        |   7.00 [5.00-11.00]   |   0.00 [0.00-0.00]    |   10.12 [7.42-15.42]   |    0.00 [0.00-0.00]    |    0.00 [0.00-0.00]     |
|      1419      |       1        |   6.00 [5.00-11.00]   |   0.00 [0.00-0.00]    |   8.84 [7.09-15.80]    |    0.00 [0.00-0.00]    |    0.00 [0.00-0.00]     |
|      1423      |       1        |   9.00 [6.00-12.16]   |   0.00 [0.00-0.00]    |   9.00 [6.00-12.16]    |    0.00 [0.00-0.00]    |    0.00 [0.00-0.00]     |
|      1424      |       1        |   4.00 [3.00-9.00]    |   0.00 [0.00-0.00]    |   5.93 [4.50-12.92]    |    0.00 [0.00-0.00]    |    0.00 [0.00-0.02]     |
|      1425      |       1        |   6.00 [5.00-10.00]   |   1.00 [1.00-2.00]    |   8.02 [6.57-13.75]    |    0.50 [0.50-0.99]    |    0.00 [0.00-0.01]     |
|      1427      |       1        |   7.00 [5.00-9.00]    |   3.00 [3.00-4.08]    |   9.73 [7.07-12.66]    |    1.32 [1.30-1.80]    |    0.00 [0.00-0.02]     |
|      1429      |       1        |   6.00 [4.00-10.16]   |   0.00 [0.00-0.00]    |   8.86 [5.76-14.78]    |    0.00 [0.00-0.00]    |    0.00 [0.00-0.00]     |
|      1432      |       1        |  12.00 [9.84-16.16]   |   0.00 [0.00-0.00]    |   12.00 [9.84-16.16]   |    0.00 [0.00-0.00]    |    0.00 [0.00-0.00]     |
|      1434      |       1        |  11.00 [8.84-14.16]   |   6.00 [6.00-7.50]    |   11.35 [7.97-14.74]   |    2.99 [2.89-3.92]    |    0.01 [0.00-0.11]     |
|      1435      |       1        |  11.75 [9.50-14.74]   |   4.50 [4.00-7.00]    |   11.00 [8.25-14.47]   |    2.40 [2.02-3.48]    |    0.00 [0.00-0.02]     |
|      1437      |       1        |   8.00 [6.00-11.16]   |   5.00 [5.00-5.58]    |   9.31 [7.12-13.03]    |    2.31 [2.26-2.64]    |    0.02 [0.00-0.06]     |
|      1438      |       1        |  10.50 [8.00-15.00]   |   2.00 [2.00-4.00]    |   8.66 [6.41-11.54]    |    1.22 [1.14-2.32]    |    0.01 [0.00-0.04]     |
|      1440      |       1        |  12.00 [9.00-17.16]   |   0.00 [0.00-1.00]    |   8.26 [6.19-13.35]    |    0.00 [0.00-0.61]    |    0.00 [0.00-0.00]     |
|      1441      |       1        |   5.50 [4.50-8.32]    |   4.00 [4.00-6.50]    |   7.29 [6.03-10.88]    |    1.84 [1.79-2.87]    |    0.05 [0.00-0.14]     |
|      1443      |       1        |   8.00 [6.00-13.00]   |   0.00 [0.00-1.00]    |    5.51 [3.89-9.37]    |    0.00 [0.00-0.68]    |    0.00 [0.00-0.03]     |
|      1446      |       1        |   7.00 [5.00-12.00]   |   1.00 [1.00-1.00]    |   9.85 [7.33-16.04]    |    0.43 [0.43-0.44]    |    0.00 [0.00-0.00]     |
|      1448      |       1        |   7.00 [5.00-12.00]   |   0.00 [0.00-0.00]    |   7.00 [5.00-12.00]    |    0.00 [0.00-0.00]    |    0.00 [0.00-0.00]     |
|      1450      |       1        |  10.75 [7.50-14.50]   |   3.50 [3.00-5.00]    |   8.80 [6.56-12.06]    |    1.89 [1.65-2.63]    |    0.01 [0.00-0.05]     |
|      1451      |       1        |  11.00 [7.00-16.00]   |   0.00 [0.00-1.00]    |   7.16 [4.56-10.77]    |    0.00 [0.00-0.69]    |    0.00 [0.00-0.01]     |
|      1453      |       1        |   3.00 [2.00-8.47]    |   0.00 [0.00-0.00]    |   4.45 [3.00-12.48]    |    0.00 [0.00-0.00]    |    0.01 [0.00-0.05]     |
|      1454      |       1        |   5.00 [4.00-10.16]   |   0.00 [0.00-0.00]    |   5.00 [4.00-10.16]    |    0.00 [0.00-0.00]    |    0.00 [0.00-0.01]     |
|      1456      |       1        |   4.00 [3.00-9.16]    |   0.00 [0.00-0.00]    |   5.93 [4.50-13.26]    |    0.00 [0.00-0.00]    |    0.00 [0.00-0.01]     |
|      1457      |       1        |  11.00 [8.00-15.00]   |   1.00 [1.00-2.00]    |  14.81 [11.78-20.63]   |    0.49 [0.49-0.99]    |    0.00 [0.00-0.00]     |
|      1459      |       1        |   8.75 [7.00-12.00]   |   2.00 [2.00-2.50]    |   8.10 [6.38-10.98]    |    1.06 [1.05-1.32]    |    0.00 [0.00-0.02]     |
|      1460      |       1        |  10.00 [7.84-14.16]   |   1.00 [1.00-1.00]    |   10.00 [7.84-14.16]   |    0.50 [0.50-0.50]    |    0.00 [0.00-0.00]     |
|      1461      |       1        |   8.00 [6.00-10.00]   |   0.00 [0.00-0.00]    |   11.30 [8.86-14.22]   |    0.00 [0.00-0.00]    |    0.00 [0.00-0.00]     |
|      1462      |       1        |   7.50 [6.00-13.00]   |   0.00 [0.00-0.00]    |   7.50 [6.00-13.00]    |    0.00 [0.00-0.00]    |    0.00 [0.00-0.00]     |
|      1463      |       1        |   8.00 [6.00-14.16]   |   0.00 [0.00-1.00]    |   6.52 [4.15-11.67]    |    0.00 [0.00-0.63]    |    0.00 [0.00-0.02]     |
|      1465      |       1        |   4.00 [3.00-9.16]    |   0.00 [0.00-0.00]    |    4.00 [3.00-9.16]    |    0.00 [0.00-0.00]    |    0.01 [0.00-0.04]     |
|      1466      |       1        |   9.00 [7.00-13.16]   |   0.00 [0.00-0.00]    |   9.00 [7.00-13.16]    |    0.00 [0.00-0.00]    |    0.00 [0.00-0.00]     |
|      1467      |       1        |   8.00 [6.00-12.00]   |   1.00 [1.00-1.00]    |   8.00 [6.00-12.00]    |    0.50 [0.50-0.50]    |    0.00 [0.00-0.01]     |
|      1468      |       1        |   4.00 [3.00-9.16]    |   0.00 [0.00-0.00]    |   5.47 [4.05-12.63]    |    0.00 [0.00-0.00]    |    0.00 [0.00-0.02]     |
|      1469      |       1        |   9.00 [7.00-13.00]   |   0.00 [0.00-0.00]    |  12.85 [10.19-18.15]   |    0.00 [0.00-0.00]    |    0.00 [0.00-0.00]     |
|      1470      |       1        |   6.00 [4.00-8.16]    |   0.00 [0.00-0.00]    |  14.03 [11.14-16.62]   |    0.00 [0.00-0.00]    |    0.00 [0.00-0.00]     |
|      1471      |       1        |   6.00 [5.00-11.00]   |   0.00 [0.00-0.00]    |   6.00 [5.00-11.00]    |    0.00 [0.00-0.00]    |    0.00 [0.00-0.00]     |
|      1472      |       1        |   3.00 [3.00-11.00]   |   0.00 [0.00-0.00]    |   8.85 [7.72-19.13]    |    0.00 [0.00-0.00]    |    0.00 [0.00-0.00]     |
|      1473      |       1        |   7.00 [5.00-12.00]   |   0.00 [0.00-0.00]    |  16.49 [14.38-21.51]   |    0.00 [0.00-0.00]    |    0.00 [0.00-0.00]     |
|      1474      |       1        |   6.50 [5.00-10.16]   |   0.00 [0.00-0.00]    |   9.39 [7.29-14.42]    |    0.00 [0.00-0.00]    |    0.00 [0.00-0.00]     |
|      1475      |       1        |   7.00 [5.00-12.00]   |   0.00 [0.00-0.00]    |   10.26 [7.31-16.58]   |    0.00 [0.00-0.00]    |    0.00 [0.00-0.00]     |
|      1476      |       1        |   7.00 [5.00-12.16]   |   0.00 [0.00-1.00]    |    4.51 [3.14-8.69]    |    0.00 [0.00-0.69]    |    0.01 [0.00-0.04]     |
|      1477      |       1        |   8.00 [7.00-12.16]   |   0.00 [0.00-0.00]    |   10.46 [9.10-16.57]   |    0.00 [0.00-0.00]    |    0.00 [0.00-0.00]     |
|      1478      |       1        |   7.00 [5.00-11.47]   |   0.00 [0.00-0.00]    |   7.00 [5.00-11.47]    |    0.00 [0.00-0.00]    |    0.00 [0.00-0.00]     |
|      1479      |       1        |   4.00 [3.00-9.00]    |   0.00 [0.00-0.00]    |   5.79 [4.37-12.95]    |    0.00 [0.00-0.00]    |    0.00 [0.00-0.02]     |
|      1480      |       1        |   6.00 [4.00-9.00]    |   1.00 [1.00-1.00]    |    6.00 [4.00-9.00]    |    0.50 [0.50-0.50]    |    0.01 [0.00-0.05]     |
|      1481      |       1        |   7.00 [5.00-12.00]   |   0.00 [0.00-0.00]    |   9.79 [6.81-16.35]    |    0.00 [0.00-0.00]    |    0.00 [0.00-0.00]     |
|      1482      |       1        |   8.00 [6.00-13.16]   |   0.00 [0.00-2.00]    |    5.45 [3.96-9.59]    |    0.00 [0.00-1.30]    |    0.01 [0.00-0.07]     |
|      1483      |       1        |   5.00 [4.00-9.00]    |   0.00 [0.00-0.00]    |    5.00 [4.00-9.00]    |    0.00 [0.00-0.00]    |    0.01 [0.00-0.02]     |
|      1484      |       1        |   7.00 [5.00-11.16]   |   0.00 [0.00-0.00]    |   7.00 [5.00-11.16]    |    0.00 [0.00-0.00]    |    0.00 [0.00-0.00]     |
|      1486      |       1        |   9.00 [7.00-13.16]   |   0.00 [0.00-0.00]    |   9.00 [7.00-13.16]    |    0.00 [0.00-0.00]    |    0.00 [0.00-0.00]     |
|      1487      |       1        |   5.00 [4.00-11.00]   |   0.00 [0.00-0.00]    |   7.37 [5.97-15.57]    |    0.00 [0.00-0.00]    |    0.00 [0.00-0.00]     |
|      1489      |       1        |   6.50 [4.00-13.16]   |   0.00 [0.00-0.00]    |    3.99 [2.42-8.82]    |    0.00 [0.00-0.00]    |    0.02 [0.00-0.09]     |
|      1490      |       1        |   4.00 [3.00-8.16]    |   0.00 [0.00-0.00]    |    4.00 [3.00-8.16]    |    0.00 [0.00-0.00]    |    0.04 [0.00-0.09]     |
|      1491      |       1        |   8.00 [6.00-14.16]   |   0.00 [0.00-0.00]    |   8.00 [6.00-14.16]    |    0.00 [0.00-0.00]    |    0.00 [0.00-0.01]     |
|      1492      |       1        |  10.00 [8.00-14.16]   |   0.00 [0.00-0.00]    |   10.00 [8.00-14.16]   |    0.00 [0.00-0.00]    |    0.00 [0.00-0.00]     |
|      1493      |       1        |  10.00 [7.00-14.00]   |   2.00 [2.00-3.16]    |   7.18 [4.67-10.15]    |    1.32 [1.21-2.11]    |    0.02 [0.00-0.11]     |
|      1495      |       1        |   8.00 [6.00-14.00]   |   0.00 [0.00-1.00]    |    5.18 [3.80-9.35]    |    0.00 [0.00-0.69]    |    0.01 [0.00-0.02]     |
|      1498      |       1        |  12.00 [9.00-14.00]   |   0.00 [0.00-0.00]    |   12.00 [9.00-14.00]   |    0.00 [0.00-0.00]    |    0.00 [0.00-0.00]     |
|      1499      |       1        |   4.00 [3.00-9.16]    |   0.00 [0.00-0.00]    |   5.91 [4.49-13.38]    |    0.00 [0.00-0.00]    |    0.00 [0.00-0.01]     |
|      1500      |       1        |   9.00 [8.00-15.32]   |   0.00 [0.00-2.00]    |   6.58 [5.46-11.31]    |    0.00 [0.00-1.25]    |    0.00 [0.00-0.01]     |
|      1502      |       1        |   6.00 [4.00-11.16]   |   0.00 [0.00-1.00]    |    4.27 [2.85-8.25]    |    0.00 [0.00-0.65]    |    0.01 [0.00-0.15]     |
|      1506      |       1        |  11.00 [8.00-14.16]   |   0.00 [0.00-0.00]    |   11.00 [8.00-14.16]   |    0.00 [0.00-0.00]    |    0.00 [0.00-0.00]     |
|      1508      |       1        |   9.00 [7.00-14.00]   |   0.00 [0.00-2.00]    |   7.56 [6.32-11.79]    |    0.00 [0.00-1.06]    |    0.00 [0.00-0.00]     |
|      1509      |       1        |   6.00 [4.00-10.00]   |   0.00 [0.00-0.00]    |   8.52 [5.65-14.21]    |    0.00 [0.00-0.00]    |    0.00 [0.00-0.00]     |
|      1511      |       1        |   8.00 [6.00-12.47]   |   1.00 [1.00-1.00]    |   8.00 [6.00-12.47]    |    0.52 [0.51-0.55]    |    0.00 [0.00-0.01]     |
|      1518      |       1        |   6.00 [5.00-12.00]   |   0.00 [0.00-0.00]    |   8.82 [7.26-16.55]    |    0.00 [0.00-0.00]    |    0.00 [0.00-0.00]     |
|      1519      |       1        |   5.00 [4.00-9.00]    |   0.00 [0.00-0.00]    |    5.00 [4.00-9.00]    |    0.00 [0.00-0.00]    |    0.01 [0.00-0.02]     |
|      1520      |       1        |   6.00 [5.00-11.00]   |   0.00 [0.00-0.00]    |   6.00 [5.00-11.00]    |    0.00 [0.00-0.00]    |    0.00 [0.00-0.00]     |
|      1521      |       1        |   9.00 [8.00-14.58]   |   4.00 [4.00-5.08]    |   9.19 [7.67-14.09]    |    2.04 [1.99-2.68]    |    0.01 [0.00-0.04]     |
|      1523      |       1        |   3.00 [3.00-7.16]    |   0.00 [0.00-0.00]    |   8.60 [8.60-16.82]    |    0.00 [0.00-0.00]    |    0.00 [0.00-0.00]     |
|      1525      |       1        |  13.00 [10.00-20.00]  |   4.00 [4.00-6.00]    |   8.83 [6.91-14.00]    |    2.64 [2.56-3.89]    |    0.02 [0.00-0.08]     |
|      1526      |       1        |   5.00 [4.00-12.00]   |   2.00 [2.00-2.00]    |   7.47 [6.00-17.00]    |    0.90 [0.90-0.92]    |    0.01 [0.00-0.03]     |
|      1529      |       1        |   6.50 [4.00-13.00]   |   0.00 [0.00-0.00]    |    4.12 [2.49-8.52]    |    0.00 [0.00-0.00]    |    0.02 [0.00-0.08]     |
|      1533      |       1        |   7.00 [6.00-13.16]   |   1.00 [0.00-1.00]    |   4.88 [3.99-10.40]    |    0.57 [0.00-0.66]    |    0.01 [0.00-0.06]     |
|      1534      |       1        |  16.00 [12.50-19.00]  |   3.00 [2.50-4.00]    |   12.87 [9.00-16.73]   |    1.61 [1.41-2.20]    |    0.00 [0.00-0.01]     |
|      1535      |       1        |   8.00 [6.42-12.58]   |   6.00 [6.00-7.50]    |   8.77 [7.12-14.41]    |    2.88 [2.84-3.63]    |    0.04 [0.00-0.16]     |
|      1536      |       1        |  10.00 [8.00-15.00]   |   0.00 [0.00-1.00]    |   6.82 [5.28-10.98]    |    0.00 [0.00-0.67]    |    0.00 [0.00-0.01]     |
|      1537      |       1        |   6.00 [4.00-10.00]   |   0.00 [0.00-0.00]    |   6.00 [4.00-10.00]    |    0.00 [0.00-0.00]    |    0.00 [0.00-0.01]     |
|      1539      |       1        |   6.00 [5.00-11.00]   |   0.00 [0.00-0.00]    |   8.74 [7.06-15.44]    |    0.00 [0.00-0.00]    |    0.00 [0.00-0.00]     |
|      1540      |       1        |   5.00 [4.00-10.16]   |   0.00 [0.00-0.00]    |   5.00 [4.00-10.16]    |    0.00 [0.00-0.00]    |    0.02 [0.00-0.04]     |
|      1541      |       1        |   9.00 [7.00-13.00]   |   0.00 [0.00-0.00]    |   9.00 [7.00-13.00]    |    0.00 [0.00-0.00]    |    0.00 [0.00-0.00]     |
|      1543      |       1        |   4.00 [3.00-9.16]    |   0.00 [0.00-0.00]    |    4.00 [3.00-9.16]    |    0.00 [0.00-0.00]    |    0.01 [0.00-0.04]     |
|      1544      |       1        |   5.00 [5.00-11.00]   |   0.00 [0.00-0.00]    |   5.00 [5.00-11.00]    |    0.00 [0.00-0.00]    |    0.00 [0.00-0.00]     |
|      1547      |       1        |   9.00 [8.00-13.16]   |   0.00 [0.00-0.00]    |   9.00 [8.00-13.16]    |    0.00 [0.00-0.00]    |    0.00 [0.00-0.00]     |
|      1548      |       1        |   8.00 [7.00-13.16]   |   4.00 [4.00-5.00]    |   10.61 [9.06-17.97]   |    1.85 [1.82-2.32]    |    0.00 [0.00-0.01]     |
|      1549      |       1        |   6.50 [4.50-12.50]   |   4.50 [4.50-5.50]    |   9.50 [6.69-17.65]    |    1.94 [1.93-2.36]    |    0.01 [0.00-0.08]     |
|      1551      |       1        |   7.50 [4.50-10.58]   |   2.50 [2.00-3.50]    |   9.93 [5.97-14.48]    |    1.11 [0.88-1.55]    |    0.00 [0.00-0.04]     |
|      1552      |       1        |  12.00 [9.00-16.00]   |   1.00 [1.00-1.00]    |   12.03 [9.02-16.04]   |    0.56 [0.54-0.64]    |    0.00 [0.00-0.00]     |
|      1555      |       1        |   6.00 [4.00-12.00]   |   0.00 [0.00-0.00]    |   6.00 [4.00-12.00]    |    0.00 [0.00-0.00]    |    0.00 [0.00-0.01]     |
|      1556      |       1        |   7.00 [5.00-10.16]   |   0.00 [0.00-0.00]    |   7.00 [5.00-10.16]    |    0.00 [0.00-0.00]    |    0.00 [0.00-0.00]     |
|      1558      |       1        |  13.50 [10.21-20.62]  |   5.75 [5.00-7.50]    |   10.24 [7.50-16.03]   |    3.64 [3.10-4.36]    |    0.03 [0.00-0.14]     |
|      1559      |       1        |   4.00 [3.00-9.00]    |   0.00 [0.00-0.00]    |   5.95 [4.51-13.23]    |    0.00 [0.00-0.00]    |    0.00 [0.00-0.02]     |
|      1560      |       1        |   8.00 [6.00-11.16]   |   0.00 [0.00-0.00]    |   10.92 [8.61-15.81]   |    0.00 [0.00-0.00]    |    0.00 [0.00-0.00]     |
|      1565      |       1        |   9.00 [7.34-14.82]   |   8.00 [7.50-9.58]    |   11.01 [8.76-17.13]   |    3.71 [3.50-4.51]    |    0.02 [0.00-0.11]     |
|      1566      |       1        |  11.00 [9.00-14.00]   |   1.00 [1.00-2.00]    |   9.89 [8.00-12.50]    |    0.55 [0.53-1.07]    |    0.00 [0.00-0.00]     |
|      1568      |       1        |   4.00 [3.00-10.00]   |   0.00 [0.00-0.00]    |   4.00 [3.00-10.00]    |    0.00 [0.00-0.00]    |    0.01 [0.00-0.04]     |
|      1573      |       1        |   8.00 [5.84-12.16]   |   4.00 [3.50-5.00]    |   10.08 [7.43-16.16]   |    1.81 [1.64-2.30]    |    0.00 [0.00-0.04]     |
|      1575      |       1        |   4.00 [3.00-9.16]    |   1.00 [1.00-2.00]    |   5.94 [4.49-13.19]    |    0.43 [0.43-0.86]    |    0.01 [0.00-0.04]     |
|      1577      |       1        |   7.50 [5.50-10.58]   |   3.50 [3.00-5.08]    |   10.53 [8.58-14.01]   |    1.56 [1.30-2.29]    |    0.00 [0.00-0.03]     |
|      1578      |       1        |   8.00 [6.00-12.00]   |   1.00 [1.00-3.00]    |    6.06 [4.36-9.99]    |    0.62 [0.59-1.75]    |    0.01 [0.00-0.04]     |
|      1582      |       1        |   4.00 [2.00-9.16]    |   0.00 [0.00-0.00]    |   5.85 [2.91-12.99]    |    0.00 [0.00-0.00]    |    0.00 [0.00-0.05]     |
|      1583      |       1        |   7.50 [5.00-11.66]   |   5.00 [4.50-6.00]    |   7.49 [5.17-12.94]    |    2.44 [2.18-2.94]    |    0.05 [0.00-0.19]     |
|      1584      |       1        |   9.00 [6.00-13.16]   |   1.50 [1.00-3.16]    |   6.45 [4.41-10.04]    |    1.00 [0.62-1.92]    |    0.01 [0.00-0.10]     |
|      1587      |       1        |   4.00 [3.50-9.16]    |   2.00 [2.00-2.58]    |   4.87 [4.09-11.82]    |    0.92 [0.91-1.20]    |    0.05 [0.00-0.14]     |
|      1589      |       1        |  13.00 [10.00-17.00]  |   1.00 [1.00-2.00]    |  13.00 [10.00-17.00]   |    0.50 [0.50-1.00]    |    0.00 [0.00-0.00]     |
|      1590      |       1        |   6.50 [4.50-10.50]   |   3.50 [3.50-3.50]    |   9.07 [6.38-13.99]    |    1.53 [1.52-1.56]    |    0.01 [0.00-0.06]     |
|      1591      |       1        |   9.00 [7.00-14.00]   |   0.00 [0.00-2.00]    |    6.04 [4.68-9.46]    |    0.00 [0.00-1.21]    |    0.00 [0.00-0.02]     |
|      1592      |       1        |  11.00 [8.00-15.00]   |   3.00 [2.00-5.00]    |   10.34 [8.14-14.02]   |    1.57 [1.05-2.50]    |    0.00 [0.00-0.02]     |
|      1593      |       1        |   7.00 [5.00-12.00]   |   0.00 [0.00-0.00]    |   7.00 [5.00-12.00]    |    0.00 [0.00-0.00]    |    0.00 [0.00-0.00]     |
|      1595      |       1        |   5.00 [4.00-10.00]   |   1.00 [1.00-1.32]    |   5.00 [4.00-10.00]    |    0.50 [0.50-0.66]    |    0.02 [0.00-0.05]     |
|      1596      |       1        |   4.00 [3.00-10.00]   |   1.00 [1.00-1.00]    |   5.86 [4.44-14.43]    |    0.43 [0.43-0.44]    |    0.01 [0.00-0.04]     |
|      1597      |       1        |   8.00 [5.00-11.16]   |   0.00 [0.00-1.00]    |    5.76 [3.27-9.02]    |    0.00 [0.00-0.66]    |    0.00 [0.00-0.03]     |
|      1598      |       1        |   7.00 [6.00-9.00]    |   1.00 [1.00-1.00]    |    7.20 [6.17-9.26]    |    0.50 [0.50-0.50]    |    0.00 [0.00-0.01]     |
|      1599      |       1        |   9.00 [6.00-14.16]   |   0.00 [0.00-1.00]    |    5.92 [3.83-9.96]    |    0.00 [0.00-0.68]    |    0.00 [0.00-0.02]     |
|      1600      |       1        |   8.00 [5.83-11.13]   |   3.00 [3.00-3.30]    |   8.02 [5.81-11.08]    |    1.50 [1.50-1.65]    |    0.01 [0.00-0.06]     |
|      1602      |       1        |   5.00 [5.00-10.00]   |   0.00 [0.00-0.00]    |   5.00 [5.00-10.00]    |    0.00 [0.00-0.00]    |    0.01 [0.00-0.01]     |
|      1604      |       1        |  10.00 [8.00-14.00]   |   3.00 [3.00-4.08]    |   12.21 [9.56-16.27]   |    1.39 [1.37-1.92]    |    0.00 [0.00-0.01]     |
|      1605      |       1        |   6.00 [4.00-11.00]   |   0.00 [0.00-1.00]    |    4.06 [2.49-7.70]    |    0.00 [0.00-0.69]    |    0.02 [0.00-0.08]     |
|      1606      |       1        |   5.00 [3.00-12.00]   |   0.00 [0.00-0.00]    |   5.00 [3.00-12.00]    |    0.00 [0.00-0.00]    |    0.00 [0.00-0.04]     |
|      1607      |       1        |   9.00 [7.00-13.00]   |   1.00 [1.00-1.16]    |   12.06 [9.21-17.68]   |    0.50 [0.50-0.58]    |    0.00 [0.00-0.00]     |
|      1608      |       1        |   4.00 [3.00-8.16]    |   2.00 [2.00-2.08]    |   7.84 [6.59-13.60]    |    0.82 [0.78-0.88]    |    0.01 [0.00-0.03]     |
|      1610      |       1        |   6.00 [5.00-11.00]   |   2.00 [2.00-3.16]    |   5.54 [4.32-10.25]    |    1.08 [1.04-1.75]    |    0.04 [0.00-0.15]     |
|      1611      |       1        |   7.00 [6.00-13.00]   |   0.00 [0.00-0.00]    |   7.00 [6.00-13.00]    |    0.00 [0.00-0.00]    |    0.00 [0.00-0.00]     |
|      1612      |       1        |   2.00 [2.00-5.00]    |   0.00 [0.00-0.00]    |   6.28 [6.28-14.44]    |    0.00 [0.00-0.00]    |    0.02 [0.00-0.02]     |
|      1613      |       1        |   9.00 [7.00-14.16]   |   0.00 [0.00-0.00]    |   9.00 [7.00-14.16]    |    0.00 [0.00-0.00]    |    0.00 [0.00-0.00]     |
|      1614      |       1        |   9.00 [7.00-13.00]   |   0.00 [0.00-0.00]    |   9.00 [7.00-13.00]    |    0.00 [0.00-0.00]    |    0.00 [0.00-0.00]     |
|      1615      |       1        |   4.00 [3.00-9.16]    |   0.00 [0.00-0.00]    |   5.92 [4.49-13.13]    |    0.00 [0.00-0.00]    |    0.00 [0.00-0.01]     |
|      1616      |       1        |   7.50 [5.50-11.50]   |   6.50 [6.50-7.50]    |   10.53 [7.76-15.40]   |    2.86 [2.83-3.29]    |    0.02 [0.00-0.09]     |
|      1618      |       1        |   9.00 [7.00-13.16]   |   0.00 [0.00-0.00]    |   9.00 [7.00-13.16]    |    0.00 [0.00-0.00]    |    0.00 [0.00-0.00]     |
|      1619      |       1        |   8.00 [5.00-12.16]   |   1.00 [1.00-1.00]    |   8.00 [5.00-12.16]    |    0.50 [0.50-0.50]    |    0.00 [0.00-0.02]     |
|      1620      |       1        |   7.00 [5.00-11.16]   |   3.00 [3.00-4.00]    |   9.42 [6.59-15.56]    |    1.48 [1.48-1.96]    |    0.01 [0.00-0.04]     |
|      1621      |       1        |   6.00 [4.00-13.16]   |   0.00 [0.00-0.00]    |   6.00 [4.00-13.16]    |    0.00 [0.00-0.00]    |    0.00 [0.00-0.01]     |
|      1623      |       1        |  10.00 [7.84-14.16]   |   0.00 [0.00-1.00]    |   8.30 [5.55-11.34]    |    0.00 [0.00-0.59]    |    0.00 [0.00-0.00]     |
|      1624      |       1        |   2.00 [2.00-6.16]    |   0.00 [0.00-0.00]    |   6.01 [6.01-13.73]    |    0.00 [0.00-0.00]    |    0.02 [0.00-0.02]     |
|      1625      |       1        |   9.00 [7.00-13.16]   |   0.00 [0.00-0.00]    |   9.00 [7.00-13.16]    |    0.00 [0.00-0.00]    |    0.00 [0.00-0.00]     |
|      1626      |       1        |   6.00 [5.00-10.00]   |   4.00 [4.00-5.00]    |   8.32 [6.64-13.61]    |    1.77 [1.74-2.20]    |    0.02 [0.00-0.05]     |
|      1627      |       1        |   8.00 [6.00-13.16]   |   0.00 [0.00-0.00]    |   8.00 [6.00-13.16]    |    0.00 [0.00-0.00]    |    0.00 [0.00-0.00]     |
|      1628      |       1        |   5.00 [4.00-9.00]    |   0.00 [0.00-0.00]    |   6.77 [5.35-12.30]    |    0.00 [0.00-0.00]    |    0.00 [0.00-0.00]     |
|      1629      |       1        |   8.00 [6.00-12.00]   |   0.00 [0.00-0.00]    |   8.00 [6.00-12.00]    |    0.00 [0.00-0.00]    |    0.00 [0.00-0.00]     |
|      1630      |       1        |   4.50 [2.50-8.16]    |   7.00 [6.00-9.00]    |   6.34 [3.42-11.55]    |    3.06 [2.62-3.81]    |    0.17 [0.01-0.60]     |
|      1632      |       1        |  10.00 [8.00-16.16]   |   0.00 [0.00-1.00]    |   8.07 [5.51-13.41]    |    0.00 [0.00-0.62]    |    0.00 [0.00-0.00]     |
|      1633      |       1        |   5.50 [4.00-10.00]   |   0.00 [0.00-0.00]    |   7.98 [5.97-13.90]    |    0.00 [0.00-0.00]    |    0.00 [0.00-0.00]     |
|      1635      |       1        |   3.00 [2.00-8.00]    |   0.00 [0.00-0.00]    |   8.92 [6.35-17.03]    |    0.00 [0.00-0.00]    |    0.00 [0.00-0.02]     |
|      1636      |       1        |   9.00 [6.00-11.00]   |   0.00 [0.00-0.00]    |  15.12 [12.55-18.70]   |    0.00 [0.00-0.00]    |    0.00 [0.00-0.00]     |
|      1637      |       1        |   6.00 [4.00-13.16]   |   0.00 [0.00-0.00]    |   6.00 [4.00-13.16]    |    0.00 [0.00-0.00]    |    0.00 [0.00-0.01]     |
|      1640      |       1        |   7.00 [5.00-10.16]   |   0.00 [0.00-0.00]    |   7.00 [5.00-10.16]    |    0.00 [0.00-0.00]    |    0.00 [0.00-0.00]     |
|      1642      |       1        |   5.00 [4.00-9.00]    |   0.00 [0.00-0.00]    |    5.00 [4.00-9.00]    |    0.00 [0.00-0.00]    |    0.00 [0.00-0.01]     |
|      1643      |       1        |   8.00 [7.00-12.16]   |   1.00 [1.00-2.00]    |   8.00 [7.00-12.16]    |    0.54 [0.53-1.06]    |    0.00 [0.00-0.00]     |
|      1644      |       1        |  10.00 [8.00-14.32]   |   1.00 [1.00-1.00]    |   10.00 [8.00-14.32]   |    0.55 [0.51-0.56]    |    0.00 [0.00-0.00]     |
|      1647      |       1        |   5.50 [4.34-9.08]    |   2.50 [2.00-3.50]    |   8.66 [6.97-14.60]    |    1.05 [0.85-1.43]    |    0.01 [0.00-0.03]     |
|      1648      |       1        |   8.00 [5.84-11.16]   |   1.00 [1.00-1.00]    |   11.55 [7.96-15.66]   |    0.45 [0.44-0.46]    |    0.00 [0.00-0.00]     |
|      1649      |       1        |   8.00 [5.00-11.00]   |   1.00 [1.00-1.00]    |   10.59 [6.89-15.03]   |    0.44 [0.44-0.45]    |    0.00 [0.00-0.00]     |
|      1650      |       1        |   8.50 [6.50-11.50]   |   5.50 [5.50-6.50]    |   11.42 [8.64-14.80]   |    2.44 [2.40-2.91]    |    0.01 [0.00-0.03]     |
|      1651      |       1        |   7.00 [5.00-12.00]   |   1.00 [1.00-1.00]    |   7.00 [5.00-12.00]    |    0.50 [0.50-0.50]    |    0.00 [0.00-0.02]     |
|      1652      |       1        |   8.00 [6.00-14.00]   |   0.00 [0.00-0.00]    |   8.00 [6.00-14.00]    |    0.00 [0.00-0.00]    |    0.00 [0.00-0.00]     |
|      1655      |       1        |   8.00 [6.00-12.16]   |   1.00 [1.00-1.00]    |   8.00 [6.00-12.16]    |    0.50 [0.50-0.51]    |    0.00 [0.00-0.01]     |
|      1656      |       1        |  13.00 [10.84-16.00]  |   1.00 [0.00-2.00]    |   9.85 [8.08-13.57]    |    0.56 [0.00-1.23]    |    0.00 [0.00-0.00]     |
|      1658      |       1        |  11.00 [7.50-16.58]   |   1.50 [1.00-2.00]    |   7.90 [5.21-12.61]    |    0.96 [0.58-1.26]    |    0.00 [0.00-0.04]     |
|      1659      |       1        |   5.00 [4.00-11.00]   |   0.00 [0.00-0.00]    |   5.00 [4.00-11.00]    |    0.00 [0.00-0.00]    |    0.00 [0.00-0.01]     |
|      1660      |       1        |  12.00 [9.00-15.00]   |   1.00 [1.00-3.00]    |   8.79 [6.36-11.96]    |    0.63 [0.59-1.75]    |    0.00 [0.00-0.01]     |
|      1661      |       1        |   9.83 [6.83-14.55]   |   3.17 [3.00-3.50]    |   8.98 [6.29-13.67]    |    1.69 [1.58-1.83]    |    0.01 [0.00-0.05]     |
|      1665      |       1        |   8.00 [6.00-12.00]   |   0.00 [0.00-0.00]    |   8.00 [6.00-12.00]    |    0.00 [0.00-0.00]    |    0.00 [0.00-0.00]     |
|      1666      |       1        |   9.00 [7.00-16.00]   |   0.00 [0.00-2.00]    |   6.74 [4.85-11.32]    |    0.00 [0.00-1.22]    |    0.00 [0.00-0.01]     |
|      1667      |       1        |   8.00 [6.00-12.16]   |   0.00 [0.00-0.00]    |   8.00 [6.00-12.16]    |    0.00 [0.00-0.00]    |    0.00 [0.00-0.00]     |
|      1668      |       1        |   5.00 [4.00-11.16]   |   0.00 [0.00-0.00]    |  13.60 [11.13-19.94]   |    0.00 [0.00-0.00]    |    0.00 [0.00-0.00]     |
|      1669      |       1        |   7.00 [6.00-12.00]   |   0.00 [0.00-0.00]    |   7.00 [6.00-12.00]    |    0.00 [0.00-0.00]    |    0.00 [0.00-0.00]     |
|      1671      |       1        |   9.00 [6.00-13.16]   |   1.00 [1.00-1.16]    |   9.00 [6.00-13.16]    |    0.50 [0.50-0.58]    |    0.00 [0.00-0.01]     |
|      1672      |       1        |   9.00 [7.00-16.00]   |   1.00 [0.00-2.00]    |   6.68 [4.83-12.49]    |    0.57 [0.00-1.13]    |    0.00 [0.00-0.02]     |
|      1673      |       1        |   7.50 [5.50-12.66]   |   2.50 [2.50-2.66]    |   9.97 [7.28-17.01]    |    1.11 [1.10-1.20]    |    0.00 [0.00-0.02]     |
|      1674      |       1        |   6.00 [5.00-11.00]   |   1.00 [1.00-2.00]    |   8.79 [7.09-15.62]    |    0.43 [0.43-0.86]    |    0.00 [0.00-0.01]     |
|      1675      |       1        |   7.00 [5.50-10.00]   |   2.00 [1.00-3.58]    |   7.60 [6.22-11.10]    |    0.97 [0.49-1.64]    |    0.01 [0.00-0.04]     |
|      1676      |       1        |   2.00 [2.00-9.00]    |   0.00 [0.00-0.00]    |   3.01 [3.01-13.21]    |    0.00 [0.00-0.00]    |    0.05 [0.00-0.05]     |
|      1677      |       1        |   8.00 [5.00-17.47]   |   0.00 [0.00-0.00]    |   5.14 [3.05-11.42]    |    0.00 [0.00-0.00]    |    0.01 [0.00-0.05]     |
|      1678      |       1        |   4.00 [4.00-8.00]    |   0.00 [0.00-0.00]    |    4.00 [4.00-8.00]    |    0.00 [0.00-0.00]    |    0.03 [0.00-0.03]     |
|      1679      |       1        |   8.00 [5.92-12.00]   |   4.00 [4.00-5.50]    |   7.86 [5.82-12.41]    |    2.02 [1.97-2.76]    |    0.03 [0.00-0.12]     |
|      1681      |       1        |   8.00 [7.00-13.00]   |   0.00 [0.00-0.00]    |   11.42 [9.28-17.28]   |    0.00 [0.00-0.00]    |    0.00 [0.00-0.00]     |
|      1682      |       1        |   5.50 [3.50-9.50]    |   2.50 [2.50-2.50]    |   8.41 [5.74-14.79]    |    1.05 [1.03-1.07]    |    0.01 [0.00-0.06]     |
|      1683      |       1        |   8.00 [6.00-15.00]   |   0.00 [0.00-1.16]    |    5.20 [3.77-9.80]    |    0.00 [0.00-0.81]    |    0.01 [0.00-0.08]     |
|      1684      |       1        |   8.00 [6.00-12.00]   |   2.00 [2.00-2.32]    |   8.00 [6.00-12.00]    |    1.00 [1.00-1.18]    |    0.00 [0.00-0.02]     |
|      1685      |       1        |   6.00 [4.92-11.16]   |   5.00 [5.00-7.16]    |   8.38 [7.05-15.24]    |    2.29 [2.21-3.24]    |    0.03 [0.00-0.13]     |
|      1686      |       1        |  10.00 [7.00-14.16]   |   0.00 [0.00-0.00]    |   10.00 [7.00-14.16]   |    0.00 [0.00-0.00]    |    0.00 [0.00-0.00]     |
|      1688      |       1        |   6.00 [4.00-12.00]   |   0.00 [0.00-1.00]    |    4.10 [2.51-8.25]    |    0.00 [0.00-0.66]    |    0.02 [0.00-0.08]     |
|      1689      |       1        |   7.00 [5.00-11.00]   |   3.00 [3.00-3.00]    |   7.00 [5.00-11.00]    |    1.53 [1.52-1.58]    |    0.02 [0.00-0.10]     |
|      1690      |       1        |   8.50 [6.00-12.16]   |   0.00 [0.00-0.00]    |   8.50 [6.00-12.16]    |    0.00 [0.00-0.00]    |    0.00 [0.00-0.00]     |
|      1691      |       1        |   2.00 [2.00-8.16]    |   0.00 [0.00-0.00]    |   3.01 [3.01-12.06]    |    0.00 [0.00-0.00]    |    0.06 [0.00-0.06]     |
|      1692      |       1        |   7.00 [5.00-13.00]   |   0.00 [0.00-0.00]    |   7.00 [5.00-13.00]    |    0.00 [0.00-0.00]    |    0.00 [0.00-0.00]     |
|      1693      |       1        |   5.00 [3.00-9.00]    |   0.00 [0.00-0.00]    |   7.01 [4.24-12.56]    |    0.00 [0.00-0.00]    |    0.00 [0.00-0.01]     |
|      1694      |       1        |   9.00 [6.00-14.32]   |   0.00 [0.00-1.00]    |   6.18 [3.98-11.70]    |    0.00 [0.00-0.65]    |    0.00 [0.00-0.02]     |
|      1696      |       1        |   4.00 [3.00-9.00]    |   0.00 [0.00-0.00]    |    4.00 [3.00-9.00]    |    0.00 [0.00-0.00]    |    0.02 [0.00-0.05]     |
|      1697      |       1        |   6.00 [4.00-10.00]   |   0.00 [0.00-0.00]    |   6.00 [4.00-10.00]    |    0.00 [0.00-0.00]    |    0.01 [0.00-0.04]     |
|      1698      |       1        |   3.00 [3.00-10.00]   |   0.00 [0.00-0.00]    |   7.85 [7.09-16.92]    |    0.00 [0.00-0.00]    |    0.01 [0.00-0.01]     |
|      1699      |       1        |   4.50 [3.00-9.16]    |   0.00 [0.00-0.00]    |    4.50 [3.00-9.16]    |    0.00 [0.00-0.00]    |    0.01 [0.00-0.04]     |
|      1700      |       1        |   6.00 [5.00-12.00]   |   0.00 [0.00-0.00]    |   6.00 [5.00-12.00]    |    0.00 [0.00-0.00]    |    0.00 [0.00-0.01]     |
|      1701      |       1        |   3.00 [2.00-8.32]    |   0.00 [0.00-0.00]    |   4.47 [3.01-12.25]    |    0.00 [0.00-0.00]    |    0.01 [0.00-0.05]     |
|      1702      |       1        |   6.00 [5.00-11.32]   |   0.00 [0.00-0.00]    |   6.00 [5.00-11.32]    |    0.00 [0.00-0.00]    |    0.00 [0.00-0.01]     |
|      1704      |       1        |   5.00 [3.00-10.00]   |   0.00 [0.00-0.00]    |   7.42 [4.34-14.52]    |    0.00 [0.00-0.00]    |    0.00 [0.00-0.02]     |
|      1705      |       1        |   7.00 [5.00-11.00]   |   1.00 [1.00-1.00]    |   7.00 [5.00-11.00]    |    0.50 [0.50-0.51]    |    0.00 [0.00-0.02]     |
|      1706      |       1        |   9.00 [6.00-16.00]   |   0.00 [0.00-0.00]    |    5.62 [3.69-9.80]    |    0.00 [0.00-0.00]    |    0.00 [0.00-0.03]     |
|      1707      |       1        |   5.50 [3.50-11.50]   |   2.50 [2.50-2.58]    |   7.88 [4.98-15.77]    |    1.09 [1.08-1.14]    |    0.01 [0.00-0.09]     |
|      1708      |       1        |   5.00 [4.00-10.47]   |   0.00 [0.00-0.00]    |   5.00 [4.00-10.47]    |    0.00 [0.00-0.00]    |    0.01 [0.00-0.03]     |
|      1709      |       1        |   6.00 [4.00-10.00]   |   1.00 [1.00-1.00]    |   6.00 [4.00-10.00]    |    0.50 [0.50-0.50]    |    0.01 [0.00-0.05]     |
|      1710      |       1        |  13.50 [10.00-19.16]  |   0.00 [0.00-1.16]    |   8.75 [6.14-12.17]    |    0.00 [0.00-0.81]    |    0.00 [0.00-0.00]     |
|      1712      |       1        |   5.00 [4.00-9.00]    |   0.00 [0.00-0.00]    |    5.00 [4.00-9.00]    |    0.00 [0.00-0.00]    |    0.00 [0.00-0.01]     |
|      1713      |       1        |   4.00 [3.00-8.16]    |   0.00 [0.00-0.00]    |    4.00 [3.00-8.16]    |    0.00 [0.00-0.00]    |    0.01 [0.00-0.04]     |
|      1716      |       1        |   6.00 [6.00-11.00]   |   0.00 [0.00-0.00]    |   6.00 [6.00-11.00]    |    0.00 [0.00-0.00]    |    0.00 [0.00-0.00]     |
|      1717      |       1        |   7.00 [5.00-12.16]   |   0.00 [0.00-0.00]    |   10.28 [7.49-16.64]   |    0.00 [0.00-0.00]    |    0.00 [0.00-0.00]     |
|      1719      |       1        |   8.00 [6.00-11.16]   |   0.00 [0.00-0.00]    |   10.56 [7.82-15.90]   |    0.00 [0.00-0.00]    |    0.00 [0.00-0.00]     |
|      1721      |       1        |   6.00 [5.00-11.00]   |   1.00 [1.00-1.00]    |   6.08 [5.07-11.14]    |    0.50 [0.50-0.50]    |    0.01 [0.00-0.02]     |
|      1722      |       1        |  10.00 [8.00-15.00]   |   0.00 [0.00-0.00]    |   10.00 [8.00-15.00]   |    0.00 [0.00-0.00]    |    0.00 [0.00-0.00]     |
|      1724      |       1        |   8.00 [6.00-12.00]   |   0.00 [0.00-0.00]    |   8.00 [6.00-12.00]    |    0.00 [0.00-0.00]    |    0.00 [0.00-0.00]     |
|      1725      |       1        |   7.00 [6.00-11.16]   |   3.00 [3.00-3.16]    |   9.29 [7.68-15.19]    |    1.34 [1.32-1.42]    |    0.00 [0.00-0.01]     |
|      1726      |       1        |   7.00 [5.00-12.00]   |   2.00 [2.00-2.16]    |   10.32 [7.14-16.65]   |    0.87 [0.86-0.95]    |    0.00 [0.00-0.01]     |
|      1727      |       1        |  11.00 [9.00-14.16]   |   0.00 [0.00-1.00]    |   9.33 [7.63-12.22]    |    0.00 [0.00-0.55]    |    0.00 [0.00-0.00]     |
|      1728      |       1        |   9.00 [7.00-13.16]   |   0.00 [0.00-2.00]    |    6.62 [5.17-9.87]    |    0.00 [0.00-1.18]    |    0.00 [0.00-0.02]     |
|      1730      |       1        |   8.00 [6.00-11.24]   |   3.00 [3.00-4.00]    |   8.55 [6.47-12.09]    |    1.45 [1.45-1.95]    |    0.01 [0.00-0.05]     |
|      1731      |       1        |   7.00 [5.00-11.32]   |   1.00 [1.00-2.00]    |   6.07 [4.09-10.37]    |    0.56 [0.53-1.14]    |    0.01 [0.00-0.04]     |
|      1732      |       1        |   7.00 [5.00-13.00]   |   0.00 [0.00-2.00]    |    4.55 [3.33-9.15]    |    0.00 [0.00-1.33]    |    0.02 [0.00-0.12]     |
|      1733      |       1        |   4.00 [3.00-6.00]    |   1.00 [1.00-2.00]    |   8.58 [7.27-13.59]    |    0.39 [0.39-0.77]    |    0.00 [0.00-0.02]     |
|      1734      |       1        |   8.00 [6.00-11.32]   |   5.00 [5.00-6.00]    |   10.86 [8.05-15.73]   |    2.26 [2.24-2.80]    |    0.01 [0.00-0.04]     |
|      1735      |       1        |   9.00 [6.00-15.00]   |   0.00 [0.00-0.00]    |   9.00 [6.00-15.00]    |    0.00 [0.00-0.00]    |    0.00 [0.00-0.00]     |
|      1736      |       1        |   8.00 [6.00-13.16]   |   0.00 [0.00-0.00]    |   8.00 [6.00-13.16]    |    0.00 [0.00-0.00]    |    0.00 [0.00-0.00]     |
|      1737      |       1        |   5.00 [4.00-10.00]   |   2.00 [2.00-3.00]    |   7.33 [5.81-13.48]    |    0.88 [0.87-1.31]    |    0.01 [0.00-0.03]     |
|      1738      |       1        |   7.00 [5.00-13.16]   |   2.00 [2.00-2.58]    |   7.55 [5.39-14.15]    |    0.97 [0.96-1.26]    |    0.01 [0.00-0.03]     |
|      1739      |       1        |   8.00 [6.00-13.00]   |   0.00 [0.00-1.16]    |    5.79 [4.12-9.85]    |    0.00 [0.00-0.73]    |    0.00 [0.00-0.01]     |
|      1742      |       1        |  10.50 [8.00-15.16]   |   1.00 [1.00-3.08]    |   8.23 [6.03-13.22]    |    0.60 [0.57-1.74]    |    0.00 [0.00-0.02]     |
|      1743      |       1        |   6.50 [5.50-11.50]   |   5.50 [5.50-5.58]    |   8.99 [7.66-15.26]    |    2.43 [2.41-2.51]    |    0.03 [0.00-0.06]     |
|      1747      |       1        |   6.00 [4.00-10.16]   |   0.00 [0.00-0.00]    |  14.10 [11.88-19.65]   |    0.00 [0.00-0.00]    |    0.00 [0.00-0.00]     |
|      1751      |       1        |  12.00 [8.00-16.32]   |   0.00 [0.00-0.00]    |   8.37 [5.03-11.85]    |    0.00 [0.00-0.00]    |    0.00 [0.00-0.01]     |
|      1756      |       1        |   4.00 [3.00-8.00]    |   0.00 [0.00-0.00]    |   10.20 [8.91-18.76]   |    0.00 [0.00-0.00]    |    0.00 [0.00-0.01]     |
|      1757      |       1        |   9.00 [7.00-14.00]   |   0.00 [0.00-0.00]    |   9.00 [7.00-14.00]    |    0.00 [0.00-0.00]    |    0.00 [0.00-0.00]     |
|      1758      |       1        |  11.00 [8.00-16.00]   |   2.00 [1.00-3.00]    |   8.79 [6.74-12.55]    |    1.16 [0.59-1.75]    |    0.00 [0.00-0.01]     |
|      1761      |       1        |   2.00 [2.00-5.00]    |   0.00 [0.00-0.00]    |   6.16 [6.16-12.05]    |    0.00 [0.00-0.00]    |    0.01 [0.00-0.01]     |
|      1764      |       1        |   4.00 [3.00-9.00]    |   0.00 [0.00-0.00]    |   5.93 [4.50-12.96]    |    0.00 [0.00-0.00]    |    0.00 [0.00-0.01]     |
|      1765      |       1        |   6.50 [5.00-12.16]   |   0.00 [0.00-0.00]    |   6.50 [5.00-12.16]    |    0.00 [0.00-0.00]    |    0.00 [0.00-0.01]     |
|      1766      |       1        |   7.00 [6.00-12.00]   |   0.00 [0.00-0.00]    |   7.00 [6.00-12.00]    |    0.00 [0.00-0.00]    |    0.00 [0.00-0.00]     |
|      1767      |       1        |   7.00 [5.00-13.00]   |   0.00 [0.00-1.00]    |    4.64 [3.13-9.41]    |    0.00 [0.00-0.71]    |    0.01 [0.00-0.05]     |
|      1768      |       1        |   4.00 [3.00-7.00]    |   0.00 [0.00-0.00]    |    4.00 [3.00-7.00]    |    0.00 [0.00-0.00]    |    0.01 [0.00-0.04]     |
|      1769      |       1        |   5.00 [4.00-11.32]   |   0.00 [0.00-0.00]    |  12.33 [10.94-19.27]   |    0.00 [0.00-0.00]    |    0.00 [0.00-0.00]     |
|      1770      |       1        |   7.00 [5.00-11.16]   |   0.00 [0.00-0.00]    |   7.00 [5.00-11.16]    |    0.00 [0.00-0.00]    |    0.00 [0.00-0.00]     |
|      1771      |       1        |   6.00 [4.00-10.00]   |   0.00 [0.00-0.00]    |   8.43 [5.82-13.64]    |    0.00 [0.00-0.00]    |    0.00 [0.00-0.00]     |
|      1772      |       1        |   7.00 [5.00-11.16]   |   0.00 [0.00-0.00]    |   7.00 [5.00-11.16]    |    0.00 [0.00-0.00]    |    0.00 [0.00-0.01]     |
|      1773      |       1        |   9.00 [6.00-13.00]   |   2.00 [2.00-2.00]    |   9.00 [6.00-13.00]    |    1.00 [1.00-1.00]    |    0.00 [0.00-0.02]     |
|      1774      |       1        |   5.00 [3.00-11.00]   |   0.00 [0.00-0.00]    |   5.00 [3.00-11.00]    |    0.00 [0.00-0.00]    |    0.00 [0.00-0.04]     |
|      1775      |       1        |   7.00 [6.00-11.16]   |   0.00 [0.00-0.00]    |   9.98 [8.17-15.83]    |    0.00 [0.00-0.00]    |    0.00 [0.00-0.00]     |
|      1776      |       1        |   6.00 [5.00-13.00]   |   0.00 [0.00-0.00]    |   8.82 [7.14-17.59]    |    0.00 [0.00-0.00]    |    0.00 [0.00-0.00]     |
|      1777      |       1        |  12.50 [10.00-16.00]  |   0.00 [0.00-2.00]    |   9.34 [7.04-11.87]    |    0.00 [0.00-1.19]    |    0.00 [0.00-0.00]     |
|      1778      |       1        |   6.00 [5.00-11.16]   |   2.00 [2.00-2.00]    |   6.00 [5.00-11.16]    |    1.01 [1.00-1.01]    |    0.02 [0.00-0.05]     |
|      1781      |       1        |   3.50 [3.00-9.00]    |   0.00 [0.00-0.00]    |   9.96 [8.93-17.72]    |    0.00 [0.00-0.00]    |    0.00 [0.00-0.00]     |
|      1782      |       1        |   5.00 [4.00-9.00]    |   0.00 [0.00-0.00]    |    5.00 [4.00-9.00]    |    0.00 [0.00-0.00]    |    0.01 [0.00-0.02]     |
|      1784      |       1        |  10.00 [7.00-14.32]   |   0.00 [0.00-1.00]    |   7.12 [4.69-11.18]    |    0.00 [0.00-0.67]    |    0.00 [0.00-0.01]     |
|      1785      |       1        |   8.00 [6.00-13.16]   |   0.00 [0.00-0.00]    |   8.00 [6.00-13.16]    |    0.00 [0.00-0.00]    |    0.00 [0.00-0.00]     |
|      1786      |       1        |   7.00 [6.00-12.00]   |   0.00 [0.00-0.00]    |   7.00 [6.00-12.00]    |    0.00 [0.00-0.00]    |    0.00 [0.00-0.00]     |
|      1787      |       1        |   7.00 [5.00-10.16]   |   0.00 [0.00-0.00]    |   7.00 [5.00-10.16]    |    0.00 [0.00-0.00]    |    0.00 [0.00-0.01]     |
|      1788      |       1        |   8.00 [6.00-12.16]   |   0.00 [0.00-0.00]    |   11.35 [8.17-17.37]   |    0.00 [0.00-0.00]    |    0.00 [0.00-0.00]     |
|      1789      |       1        |   6.00 [5.00-12.16]   |   1.00 [1.00-1.00]    |   8.96 [7.49-17.19]    |    0.43 [0.43-0.44]    |    0.00 [0.00-0.00]     |
|      1790      |       1        |   8.00 [6.50-13.00]   |   3.17 [3.00-4.00]    |   8.46 [6.90-13.47]    |    1.56 [1.46-1.95]    |    0.01 [0.00-0.04]     |
|      1791      |       1        |   2.00 [2.00-5.00]    |   0.00 [0.00-0.00]    |   6.07 [6.07-13.95]    |    0.00 [0.00-0.00]    |    0.01 [0.00-0.01]     |
|      1792      |       1        |   9.00 [7.00-13.00]   |   0.00 [0.00-0.00]    |   12.04 [9.95-17.59]   |    0.00 [0.00-0.00]    |    0.00 [0.00-0.00]     |
|      1793      |       1        |   6.00 [5.00-10.47]   |   0.00 [0.00-0.00]    |   6.00 [5.00-10.47]    |    0.00 [0.00-0.00]    |    0.00 [0.00-0.00]     |
|      1794      |       1        |   4.00 [3.00-10.00]   |   0.00 [0.00-0.00]    |   4.00 [3.00-10.00]    |    0.00 [0.00-0.00]    |    0.01 [0.00-0.04]     |
|      1795      |       1        |   7.00 [5.00-11.16]   |   0.00 [0.00-0.00]    |   7.00 [5.00-11.16]    |    0.00 [0.00-0.00]    |    0.00 [0.00-0.00]     |
|      1796      |       1        |   6.00 [5.00-11.32]   |   0.00 [0.00-0.00]    |   6.00 [5.00-11.32]    |    0.00 [0.00-0.00]    |    0.00 [0.00-0.00]     |
|      1797      |       1        |   6.00 [5.00-12.16]   |   1.00 [1.00-1.00]    |   8.72 [7.18-16.97]    |    0.43 [0.43-0.44]    |    0.00 [0.00-0.00]     |
|      1798      |       1        |   7.00 [5.00-12.16]   |   0.00 [0.00-0.00]    |   7.00 [5.00-12.16]    |    0.00 [0.00-0.00]    |    0.00 [0.00-0.00]     |
|      1799      |       1        |   8.00 [6.00-13.16]   |   2.00 [2.00-3.08]    |    6.27 [4.37-9.97]    |    1.21 [1.14-1.89]    |    0.02 [0.00-0.10]     |
|      1800      |       1        |   8.00 [6.00-12.16]   |   0.00 [0.00-0.00]    |   11.67 [8.69-17.12]   |    0.00 [0.00-0.00]    |    0.00 [0.00-0.00]     |
|      1801      |       1        |   6.00 [4.00-11.16]   |   0.00 [0.00-0.00]    |   8.48 [5.88-16.05]    |    0.00 [0.00-0.00]    |    0.00 [0.00-0.00]     |
|      1804      |       1        |   5.00 [4.00-9.00]    |   0.00 [0.00-0.00]    |   9.31 [7.56-14.18]    |    0.00 [0.00-0.00]    |    0.00 [0.00-0.00]     |
|      1805      |       1        |   8.00 [6.00-12.16]   |   0.00 [0.00-0.00]    |   11.39 [8.66-17.33]   |    0.00 [0.00-0.00]    |    0.00 [0.00-0.00]     |
|      1806      |       1        |   8.00 [6.00-11.00]   |   6.00 [6.00-7.00]    |   8.55 [6.32-11.65]    |    2.92 [2.90-3.46]    |    0.04 [0.00-0.16]     |
|      1807      |       1        |   3.00 [3.00-8.00]    |   0.00 [0.00-0.00]    |   4.49 [4.49-11.61]    |    0.00 [0.00-0.00]    |    0.01 [0.00-0.01]     |
|      1808      |       1        |   6.00 [5.00-11.00]   |   0.00 [0.00-0.00]    |   8.41 [6.60-14.91]    |    0.00 [0.00-0.00]    |    0.00 [0.00-0.00]     |
|      1809      |       1        |   7.00 [5.00-10.16]   |   1.00 [1.00-2.00]    |   10.20 [7.05-14.93]   |    0.43 [0.43-0.88]    |    0.00 [0.00-0.00]     |
|      1810      |       1        |   6.50 [5.00-11.08]   |   5.00 [5.00-6.50]    |   10.18 [7.81-15.10]   |    2.26 [2.11-2.85]    |    0.02 [0.00-0.06]     |
|      1812      |       1        |   8.00 [6.00-12.00]   |   0.00 [0.00-0.00]    |   10.98 [8.64-16.69]   |    0.00 [0.00-0.00]    |    0.00 [0.00-0.00]     |
|      1815      |       1        |   6.00 [4.00-9.16]    |   0.00 [0.00-0.00]    |    6.00 [4.00-9.16]    |    0.00 [0.00-0.00]    |    0.00 [0.00-0.01]     |
|      1816      |       1        |  11.00 [8.97-14.00]   |   6.00 [6.00-7.30]    |   11.00 [8.98-14.00]   |    3.01 [3.01-3.66]    |    0.01 [0.00-0.05]     |
|      1819      |       1        |   4.00 [3.00-8.00]    |   0.00 [0.00-0.00]    |   5.95 [4.31-11.44]    |    0.00 [0.00-0.00]    |    0.00 [0.00-0.01]     |
|      1821      |       1        |   3.00 [3.00-7.16]    |   0.00 [0.00-0.00]    |    3.00 [3.00-7.16]    |    0.00 [0.00-0.00]    |    0.09 [0.00-0.09]     |
|      1824      |       1        |   6.00 [5.00-10.00]   |   4.00 [4.00-6.04]    |   8.13 [6.85-13.38]    |    1.83 [1.82-2.80]    |    0.03 [0.00-0.08]     |
|      1829      |       1        |   7.00 [5.00-11.00]   |   1.00 [1.00-2.00]    |   7.00 [5.00-11.00]    |    0.50 [0.50-1.01]    |    0.00 [0.00-0.02]     |
|      1831      |       1        |  10.50 [8.34-14.16]   |   3.50 [2.00-5.08]    |   8.83 [6.50-13.04]    |    1.90 [1.19-2.77]    |    0.01 [0.00-0.07]     |
|      1835      |       1        |  10.00 [7.00-14.00]   |   8.00 [8.00-9.00]    |   12.27 [9.31-17.34]   |    3.72 [3.66-4.20]    |    0.01 [0.00-0.08]     |
|      1836      |       1        |   7.00 [4.00-10.00]   |   1.00 [1.00-1.00]    |   9.20 [5.52-13.65]    |    0.44 [0.44-0.45]    |    0.00 [0.00-0.01]     |
|      1839      |       1        |   5.00 [4.00-9.16]    |   1.00 [1.00-2.00]    |  13.24 [11.22-19.97]   |    0.46 [0.46-0.94]    |    0.00 [0.00-0.00]     |
|      1842      |       1        |  11.00 [8.42-14.16]   |   5.00 [4.00-6.00]    |   9.59 [6.35-13.46]    |    2.65 [2.20-3.45]    |    0.01 [0.00-0.09]     |
|      1843      |       1        |  11.00 [8.00-15.00]   |   0.00 [0.00-1.00]    |   7.43 [5.34-11.51]    |    0.00 [0.00-0.65]    |    0.00 [0.00-0.01]     |
|      1844      |       1        |   8.00 [6.00-11.16]   |   1.00 [1.00-1.00]    |   8.00 [6.00-11.16]    |    0.51 [0.50-0.51]    |    0.00 [0.00-0.01]     |
|      1847      |       1        |   3.00 [2.00-7.32]    |   0.00 [0.00-0.00]    |   4.49 [2.96-10.52]    |    0.00 [0.00-0.00]    |    0.01 [0.00-0.05]     |
|      1849      |       1        |   4.00 [3.00-9.00]    |   0.00 [0.00-0.00]    |   10.07 [6.95-14.87]   |    0.00 [0.00-0.00]    |    0.00 [0.00-0.01]     |
|      1850      |       1        |   6.00 [4.00-9.16]    |   0.00 [0.00-0.00]    |   8.45 [5.78-13.14]    |    0.00 [0.00-0.00]    |    0.00 [0.00-0.00]     |
|      1853      |       1        |   6.00 [5.00-11.16]   |   3.00 [3.00-4.00]    |   6.00 [5.00-11.16]    |    1.52 [1.52-2.05]    |    0.04 [0.00-0.09]     |
|      1854      |       1        |   7.00 [5.00-13.00]   |   0.00 [0.00-0.00]    |   10.11 [7.38-17.72]   |    0.00 [0.00-0.00]    |    0.00 [0.00-0.00]     |
|      1855      |       1        |  12.00 [9.00-17.00]   |   0.00 [0.00-0.00]    |   12.00 [9.00-17.00]   |    0.00 [0.00-0.00]    |    0.00 [0.00-0.00]     |
|      1857      |       1        |   7.00 [6.00-11.16]   |   1.00 [1.00-1.00]    |   10.19 [8.61-15.80]   |    0.43 [0.43-0.44]    |    0.00 [0.00-0.00]     |
|      1858      |       1        |   6.00 [5.00-9.16]    |   1.00 [1.00-1.00]    |    6.01 [5.01-9.17]    |    0.54 [0.53-0.56]    |    0.01 [0.00-0.02]     |
|      1859      |       1        |   4.00 [3.00-9.00]    |   0.00 [0.00-0.00]    |   5.38 [3.99-12.40]    |    0.00 [0.00-0.00]    |    0.01 [0.00-0.02]     |
|      1860      |       1        |   5.00 [4.00-10.00]   |   0.00 [0.00-0.00]    |   7.21 [5.69-14.08]    |    0.00 [0.00-0.00]    |    0.00 [0.00-0.00]     |
|      1862      |       1        |   8.00 [5.00-13.00]   |   0.00 [0.00-0.16]    |   6.65 [3.79-11.62]    |    0.00 [0.00-0.09]    |    0.00 [0.00-0.02]     |
|      1863      |       1        |   4.00 [3.00-9.00]    |   0.00 [0.00-0.00]    |   8.87 [7.21-15.79]    |    0.00 [0.00-0.00]    |    0.00 [0.00-0.00]     |
|      1864      |       1        |   6.00 [4.00-12.32]   |   2.00 [2.00-2.00]    |   8.78 [5.97-17.11]    |    0.87 [0.86-0.88]    |    0.00 [0.00-0.03]     |
|      1865      |       1        |  10.00 [8.00-13.16]   |   1.00 [0.00-2.00]    |   9.28 [7.34-12.21]    |    0.53 [0.00-1.05]    |    0.00 [0.00-0.00]     |
|      1866      |       1        |   8.00 [6.00-12.32]   |   0.00 [0.00-1.00]    |    5.11 [3.82-8.65]    |    0.00 [0.00-0.68]    |    0.01 [0.00-0.03]     |
|      1869      |       1        |   6.00 [4.00-11.16]   |   0.00 [0.00-0.00]    |   8.49 [5.87-15.71]    |    0.00 [0.00-0.00]    |    0.00 [0.00-0.00]     |
|      1870      |       1        |   5.00 [4.00-10.00]   |   0.00 [0.00-0.00]    |   7.38 [5.96-14.06]    |    0.00 [0.00-0.00]    |    0.00 [0.00-0.00]     |
|      1871      |       1        |  13.00 [10.00-18.32]  |   0.00 [0.00-1.16]    |   8.59 [6.50-12.96]    |    0.00 [0.00-0.79]    |    0.00 [0.00-0.00]     |
|      1872      |       1        |   8.00 [6.00-12.00]   |   0.00 [0.00-0.00]    |   8.00 [6.00-12.00]    |    0.00 [0.00-0.00]    |    0.00 [0.00-0.00]     |
|      1873      |       1        |   8.00 [6.00-13.32]   |   3.00 [2.50-4.00]    |   7.30 [5.57-12.37]    |    1.60 [1.34-2.11]    |    0.02 [0.00-0.07]     |
|      1874      |       1        |   5.00 [4.00-9.16]    |   0.00 [0.00-0.00]    |    5.00 [4.00-9.16]    |    0.00 [0.00-0.00]    |    0.00 [0.00-0.01]     |
|      1876      |       1        |   6.00 [4.00-10.16]   |   2.00 [2.00-2.00]    |   6.00 [4.00-10.16]    |    1.00 [1.00-1.00]    |    0.02 [0.00-0.10]     |
|      1878      |       1        |   7.00 [5.83-12.00]   |   2.00 [2.00-2.17]    |   8.78 [7.07-14.00]    |    0.91 [0.90-1.01]    |    0.00 [0.00-0.01]     |
|      1879      |       1        |   6.00 [4.50-12.00]   |   1.00 [1.00-2.50]    |   9.22 [8.03-14.65]    |    0.43 [0.42-1.04]    |    0.00 [0.00-0.01]     |
|      1881      |       1        |   7.00 [6.00-11.00]   |   4.00 [4.00-5.16]    |   9.46 [7.83-15.12]    |    1.90 [1.88-2.43]    |    0.01 [0.00-0.04]     |
|      1882      |       1        |   9.50 [7.00-12.16]   |   3.00 [3.00-4.08]    |   11.84 [8.85-15.36]   |    1.37 [1.35-1.88]    |    0.00 [0.00-0.01]     |
|      1883      |       1        |   8.00 [5.50-11.08]   |   3.00 [3.00-3.50]    |   8.14 [5.60-11.28]    |    1.62 [1.55-1.83]    |    0.01 [0.00-0.09]     |
|      1885      |       1        |   7.00 [6.00-12.16]   |   1.00 [1.00-1.00]    |   7.00 [6.00-12.16]    |    0.50 [0.50-0.50]    |    0.00 [0.00-0.01]     |
|      1886      |       1        |   9.00 [6.84-13.00]   |   4.00 [4.00-5.00]    |   11.07 [8.77-16.70]   |    1.80 [1.76-2.24]    |    0.00 [0.00-0.01]     |
|      1891      |       1        |   6.50 [5.50-12.66]   |   4.50 [3.50-5.50]    |   8.24 [7.13-15.05]    |    2.00 [1.60-2.42]    |    0.02 [0.00-0.06]     |
|      1892      |       1        |   7.00 [6.00-13.00]   |   0.00 [0.00-0.00]    |   7.00 [6.00-13.00]    |    0.00 [0.00-0.00]    |    0.00 [0.00-0.00]     |
|      1893      |       1        |   8.00 [5.00-15.00]   |   0.00 [0.00-0.00]    |   8.00 [5.00-15.00]    |    0.00 [0.00-0.00]    |    0.00 [0.00-0.00]     |
|      1896      |       1        |   7.00 [5.00-11.16]   |   3.00 [3.00-4.12]    |   9.25 [6.46-14.46]    |    1.36 [1.34-1.86]    |    0.00 [0.00-0.03]     |
|      1897      |       1        |   8.00 [5.00-12.32]   |   0.00 [0.00-0.00]    |   8.00 [5.00-12.32]    |    0.00 [0.00-0.00]    |    0.00 [0.00-0.00]     |
|      1902      |       1        |   5.00 [4.00-10.00]   |   2.00 [2.00-3.00]    |   6.59 [5.23-13.67]    |    0.89 [0.88-1.34]    |    0.01 [0.00-0.07]     |
|      1903      |       1        |   7.00 [5.00-10.00]   |   3.00 [3.00-3.00]    |   9.81 [6.84-14.32]    |    1.31 [1.27-1.33]    |    0.00 [0.00-0.02]     |
|      1910      |       1        |  10.00 [8.00-16.00]   |   0.00 [0.00-0.00]    |   10.00 [8.00-16.00]   |    0.00 [0.00-0.00]    |    0.00 [0.00-0.00]     |
|      1911      |       1        |  12.00 [10.00-15.16]  |   2.00 [2.00-3.00]    |  12.00 [10.00-15.16]   |    1.00 [1.00-1.51]    |    0.00 [0.00-0.00]     |
|      1913      |       1        |   7.50 [6.00-11.66]   |   3.50 [3.00-4.50]    |   9.84 [7.86-15.44]    |    1.59 [1.37-2.04]    |    0.01 [0.00-0.02]     |
|      1914      |       1        |   7.00 [6.00-12.00]   |   2.00 [2.00-3.00]    |   7.01 [6.00-12.01]    |    1.00 [1.00-1.51]    |    0.01 [0.00-0.04]     |
|      1917      |       1        |   3.00 [2.00-8.16]    |   1.00 [1.00-1.00]    |   4.43 [2.92-11.71]    |    0.50 [0.50-0.50]    |    0.05 [0.00-0.16]     |
|      1918      |       1        |   8.88 [6.00-14.00]   |   3.00 [3.00-4.00]    |   9.28 [6.28-14.50]    |    1.51 [1.49-2.04]    |    0.01 [0.00-0.04]     |
|      1919      |       1        |   4.00 [3.00-9.00]    |   1.00 [1.00-2.00]    |   5.92 [4.48-12.91]    |    0.43 [0.43-0.86]    |    0.01 [0.00-0.04]     |
|      1925      |       1        |   6.00 [4.00-9.74]    |   3.50 [3.00-5.00]    |   8.35 [5.64-12.06]    |    1.57 [1.34-2.15]    |    0.01 [0.00-0.12]     |
|      1926      |       1        |   9.00 [7.00-13.16]   |   0.00 [0.00-0.00]    |   9.00 [7.00-13.16]    |    0.00 [0.00-0.00]    |    0.00 [0.00-0.00]     |
|      1927      |       1        |   8.00 [6.00-13.16]   |   1.00 [1.00-2.00]    |   6.94 [4.63-11.09]    |    0.58 [0.54-1.15]    |    0.01 [0.00-0.03]     |
|      1929      |       1        |   3.25 [3.00-7.00]    |   4.00 [4.00-5.00]    |   7.37 [6.93-13.20]    |    1.57 [1.56-1.95]    |    0.06 [0.00-0.09]     |
|      1930      |       1        |   5.00 [4.00-11.16]   |   2.00 [2.00-2.16]    |   7.47 [6.00-16.22]    |    0.88 [0.88-0.98]    |    0.01 [0.00-0.03]     |
|      1931      |       1        |   7.00 [5.92-12.00]   |   4.00 [4.00-5.58]    |   9.07 [7.04-13.81]    |    1.89 [1.79-2.59]    |    0.01 [0.00-0.06]     |
|      1932      |       1        |   9.00 [8.00-13.00]   |   2.00 [1.00-4.00]    |   6.80 [5.55-10.22]    |    1.22 [0.62-2.35]    |    0.01 [0.00-0.07]     |
|      1933      |       1        |   9.00 [7.00-13.16]   |   0.00 [0.00-0.00]    |   9.00 [7.00-13.16]    |    0.00 [0.00-0.00]    |    0.00 [0.00-0.00]     |
|      1934      |       1        |   8.00 [5.00-11.00]   |   2.00 [2.00-2.00]    |   10.98 [7.13-14.97]   |    0.88 [0.86-0.89]    |    0.00 [0.00-0.01]     |
|      1935      |       1        |   4.00 [3.00-10.00]   |   0.00 [0.00-0.00]    |   5.93 [4.51-14.28]    |    0.00 [0.00-0.00]    |    0.00 [0.00-0.01]     |
|      1936      |       1        |   8.00 [6.00-10.16]   |   0.00 [0.00-0.00]    |   8.00 [6.00-10.16]    |    0.00 [0.00-0.00]    |    0.00 [0.00-0.00]     |
|      1939      |       1        |   6.00 [4.42-10.00]   |   3.00 [3.00-5.00]    |   7.92 [5.88-12.11]    |    1.34 [1.34-2.23]    |    0.01 [0.00-0.08]     |
|      1941      |       1        |   6.00 [3.50-7.00]    |   4.00 [4.00-5.50]    |   10.63 [6.30-12.78]   |    1.89 [1.88-2.60]    |    0.01 [0.00-0.14]     |
|      1944      |       1        |   5.00 [4.00-10.00]   |   0.00 [0.00-0.00]    |   5.00 [4.00-10.00]    |    0.00 [0.00-0.00]    |    0.00 [0.00-0.01]     |
|      1945      |       1        |   4.00 [3.00-8.16]    |   0.00 [0.00-0.00]    |    4.00 [3.00-8.16]    |    0.00 [0.00-0.00]    |    0.02 [0.00-0.05]     |
|      1949      |       1        |   9.00 [7.00-15.16]   |   2.00 [2.00-2.00]    |   9.00 [7.00-15.16]    |    1.01 [1.01-1.03]    |    0.00 [0.00-0.01]     |
|      1950      |       1        |   9.00 [7.00-14.00]   |   2.00 [2.00-2.00]    |   9.00 [7.00-14.00]    |    1.01 [1.01-1.03]    |    0.00 [0.00-0.01]     |
|      1951      |       1        |   7.00 [4.50-13.16]   |   2.00 [2.00-3.00]    |   8.20 [5.48-15.19]    |    0.93 [0.92-1.41]    |    0.00 [0.00-0.06]     |
|      1952      |       1        |   2.00 [2.00-5.16]    |   0.00 [0.00-0.00]    |   5.78 [5.78-13.30]    |    0.00 [0.00-0.00]    |    0.02 [0.00-0.02]     |
|      1953      |       1        |   7.00 [5.00-10.00]   |   0.00 [0.00-0.00]    |   9.20 [6.61-13.32]    |    0.00 [0.00-0.00]    |    0.00 [0.00-0.00]     |
|      1954      |       1        |   7.00 [5.00-11.00]   |   1.00 [1.00-1.00]    |   9.85 [7.21-15.00]    |    0.44 [0.43-0.44]    |    0.00 [0.00-0.00]     |
|      1957      |       1        |   2.00 [2.00-5.00]    |   0.00 [0.00-0.00]    |   6.00 [6.00-13.40]    |    0.00 [0.00-0.00]    |    0.02 [0.00-0.02]     |
|      1958      |       1        |   9.00 [6.00-14.00]   |   1.00 [1.00-1.00]    |   9.00 [6.00-14.00]    |    0.50 [0.50-0.50]    |    0.00 [0.00-0.01]     |
|      1959      |       1        |   9.00 [7.00-14.16]   |   1.00 [1.00-1.00]    |   9.00 [7.00-14.16]    |    0.50 [0.50-0.50]    |    0.00 [0.00-0.00]     |
|      1960      |       1        |   7.00 [6.00-13.00]   |   0.00 [0.00-0.00]    |   7.00 [6.00-13.00]    |    0.00 [0.00-0.00]    |    0.00 [0.00-0.00]     |
|      1961      |       1        |   6.00 [5.00-11.16]   |   0.00 [0.00-0.00]    |   6.00 [5.00-11.16]    |    0.00 [0.00-0.00]    |    0.00 [0.00-0.01]     |
|      1962      |       1        |   2.00 [2.00-6.72]    |   2.00 [2.00-3.00]    |   5.44 [5.37-14.98]    |    0.76 [0.76-1.16]    |    0.08 [0.00-0.09]     |
|      1963      |       1        |  10.00 [7.00-14.00]   |   4.00 [4.00-5.50]    |   10.27 [7.74-14.27]   |    2.03 [1.95-2.74]    |    0.00 [0.00-0.04]     |
|      1965      |       1        |   5.00 [4.00-9.08]    |   3.00 [3.00-4.50]    |   7.17 [5.87-12.89]    |    1.30 [1.30-1.97]    |    0.04 [0.00-0.09]     |
|      1966      |       1        |   5.00 [4.00-9.00]    |   4.00 [4.00-5.00]    |   8.44 [6.57-13.61]    |    1.69 [1.66-2.16]    |    0.02 [0.00-0.08]     |
|      1967      |       1        |  10.00 [6.92-14.58]   |   4.00 [4.00-4.50]    |   10.17 [7.04-14.78]   |    2.06 [2.05-2.27]    |    0.00 [0.00-0.05]     |
|      1971      |       1        |   3.00 [3.00-9.00]    |   0.00 [0.00-0.00]    |   4.48 [4.36-12.64]    |    0.00 [0.00-0.00]    |    0.01 [0.00-0.01]     |
|      1972      |       1        |  10.50 [7.92-14.00]   |   6.67 [6.00-8.50]    |   10.46 [7.59-14.40]   |    3.43 [2.99-4.43]    |    0.02 [0.00-0.14]     |
|      1975      |       1        |   7.50 [6.50-11.66]   |   2.50 [2.50-3.08]    |   7.42 [6.43-11.53]    |    1.37 [1.35-1.71]    |    0.02 [0.00-0.04]     |
|      1976      |       1        |   7.00 [4.50-12.00]   |   2.00 [2.00-3.50]    |   7.30 [4.65-12.39]    |    1.30 [1.17-2.32]    |    0.02 [0.00-0.19]     |
|      1978      |       1        |   2.00 [2.00-6.16]    |   0.00 [0.00-0.00]    |   6.00 [6.00-14.39]    |    0.00 [0.00-0.00]    |    0.03 [0.00-0.03]     |
|      1979      |       1        |   9.00 [6.00-14.00]   |   3.50 [3.00-4.16]    |   9.36 [6.20-14.46]    |    1.73 [1.48-2.06]    |    0.00 [0.00-0.07]     |
|      1982      |       1        |   3.00 [3.00-5.32]    |   2.00 [2.00-2.00]    |   7.42 [7.31-13.00]    |    0.94 [0.93-0.96]    |    0.03 [0.00-0.03]     |
|      1985      |       1        |   6.00 [4.00-10.00]   |   0.00 [0.00-0.00]    |   8.64 [5.78-14.02]    |    0.00 [0.00-0.00]    |    0.00 [0.00-0.00]     |
|      1989      |       1        |   6.25 [5.00-11.00]   |   2.00 [1.50-3.00]    |   6.13 [4.95-11.02]    |    1.13 [0.85-1.73]    |    0.03 [0.00-0.13]     |
|      1993      |       1        |   7.00 [6.00-12.00]   |   6.00 [6.00-7.50]    |   7.88 [6.63-12.84]    |    3.05 [2.87-3.63]    |    0.08 [0.00-0.18]     |
|      1995      |       1        |   9.00 [6.00-14.00]   |   1.00 [1.00-1.00]    |   9.00 [6.00-14.00]    |    0.50 [0.50-0.50]    |    0.00 [0.00-0.01]     |
|      1996      |       1        |   9.00 [6.00-14.16]   |   1.00 [1.00-1.00]    |   6.33 [4.10-10.01]    |    0.66 [0.62-0.68]    |    0.01 [0.00-0.06]     |
|      1997      |       1        |   9.00 [7.00-13.16]   |   4.00 [4.00-5.00]    |   9.04 [7.03-13.21]    |    2.00 [2.00-2.49]    |    0.01 [0.00-0.04]     |
|      1998      |       1        |   2.00 [2.00-5.16]    |   1.00 [1.00-1.00]    |   5.63 [5.63-12.71]    |    0.38 [0.38-0.40]    |    0.04 [0.00-0.04]     |
|      2000      |       1        |  11.00 [8.00-15.00]   |   0.00 [0.00-1.16]    |   7.64 [5.20-10.81]    |    0.00 [0.00-0.74]    |    0.00 [0.00-0.00]     |
|      2001      |       1        |   7.00 [6.00-11.00]   |   0.00 [0.00-0.00]    |   7.00 [6.00-11.00]    |    0.00 [0.00-0.00]    |    0.00 [0.00-0.01]     |
|      2004      |       1        |   7.00 [5.00-11.00]   |   0.00 [0.00-0.00]    |   7.00 [5.00-11.00]    |    0.00 [0.00-0.00]    |    0.00 [0.00-0.00]     |
|      2005      |       1        |   6.00 [5.00-11.16]   |   0.00 [0.00-0.00]    |   8.51 [6.91-15.39]    |    0.00 [0.00-0.00]    |    0.00 [0.00-0.00]     |
|      2006      |       1        |   3.00 [2.00-9.16]    |   0.00 [0.00-0.00]    |   4.46 [3.02-13.10]    |    0.00 [0.00-0.00]    |    0.01 [0.00-0.05]     |
|      2007      |       1        |   6.00 [5.00-13.16]   |   2.00 [2.00-3.00]    |   8.91 [7.28-18.57]    |    0.87 [0.86-1.31]    |    0.00 [0.00-0.01]     |
|      2009      |       1        |  11.25 [8.92-14.00]   |   1.00 [1.00-2.00]    |   11.04 [8.48-13.35]   |    0.52 [0.51-1.01]    |    0.00 [0.00-0.00]     |
|      2010      |       1        |   6.00 [4.00-10.00]   |   0.00 [0.00-0.00]    |   6.00 [4.00-10.00]    |    0.00 [0.00-0.00]    |    0.00 [0.00-0.01]     |
|      2012      |       1        |  10.00 [7.84-13.00]   |   0.00 [0.00-0.00]    |   10.00 [7.84-13.00]   |    0.00 [0.00-0.00]    |    0.00 [0.00-0.00]     |
|      2013      |       1        |   6.83 [5.00-11.13]   |   2.17 [2.00-2.17]    |   6.82 [5.02-11.16]    |    1.09 [1.00-1.09]    |    0.01 [0.00-0.04]     |
|      2014      |       1        |   7.00 [4.00-9.00]    |   0.00 [0.00-0.00]    |  13.64 [11.58-18.00]   |    0.00 [0.00-0.00]    |    0.00 [0.00-0.00]     |
|      2015      |       1        |   8.00 [6.00-12.16]   |   0.00 [0.00-0.00]    |   8.00 [6.00-12.16]    |    0.00 [0.00-0.00]    |    0.00 [0.00-0.01]     |
|      2016      |       1        |   7.50 [5.50-11.50]   |   5.50 [5.50-6.50]    |   9.71 [7.26-14.26]    |    2.48 [2.44-2.92]    |    0.02 [0.00-0.08]     |
|      2017      |       1        |   8.00 [5.00-12.32]   |   3.00 [3.00-4.00]    |   8.00 [5.00-12.32]    |    1.54 [1.52-2.07]    |    0.01 [0.00-0.10]     |
|      2018      |       1        |  10.00 [8.00-15.16]   |   2.00 [1.00-3.00]    |   7.14 [5.20-10.70]    |    1.24 [0.66-2.00]    |    0.01 [0.00-0.05]     |
|      2021      |       1        |   5.00 [3.00-9.00]    |   0.00 [0.00-0.00]    |    5.00 [3.00-9.00]    |    0.00 [0.00-0.00]    |    0.01 [0.00-0.05]     |
|      2022      |       1        |   8.00 [7.00-12.16]   |   2.00 [2.00-3.58]    |   6.78 [5.74-11.11]    |    1.13 [1.09-1.95]    |    0.01 [0.00-0.05]     |
|      2023      |       1        |   9.00 [7.00-13.00]   |   2.00 [2.00-2.00]    |   11.65 [8.88-15.93]   |    0.90 [0.89-0.92]    |    0.00 [0.00-0.00]     |
|      2024      |       1        |   7.00 [6.00-11.00]   |   1.00 [0.00-2.16]    |    5.11 [4.14-8.97]    |    0.61 [0.00-1.34]    |    0.01 [0.00-0.11]     |
|      2025      |       1        |  11.00 [8.00-14.00]   |   0.00 [0.00-2.00]    |   9.40 [7.41-12.28]    |    0.00 [0.00-1.05]    |    0.00 [0.00-0.00]     |
|      2030      |       1        |  10.50 [6.50-15.00]   |   4.00 [3.00-5.08]    |   9.33 [5.48-13.70]    |    2.14 [1.61-2.79]    |    0.01 [0.00-0.17]     |
|      2031      |       1        |   7.00 [5.00-12.00]   |   0.00 [0.00-0.00]    |   7.00 [5.00-12.00]    |    0.00 [0.00-0.00]    |    0.00 [0.00-0.00]     |
|      2032      |       1        |   8.00 [7.00-12.00]   |   0.00 [0.00-0.00]    |   8.00 [7.00-12.00]    |    0.00 [0.00-0.00]    |    0.00 [0.00-0.00]     |
|      2035      |       1        |   9.00 [6.00-12.08]   |   4.00 [4.00-5.50]    |   11.77 [8.11-16.02]   |    1.79 [1.75-2.40]    |    0.00 [0.00-0.02]     |
|      2039      |       1        |   7.00 [5.00-10.00]   |   3.00 [3.00-3.16]    |   10.25 [7.43-14.46]   |    1.30 [1.28-1.39]    |    0.00 [0.00-0.02]     |
|      2041      |       1        |   9.00 [7.00-12.16]   |   5.00 [5.00-6.00]    |   9.10 [7.11-12.34]    |    2.54 [2.52-3.09]    |    0.02 [0.00-0.07]     |
|      2044      |       1        |   3.00 [3.00-9.00]    |   1.00 [1.00-1.00]    |   4.49 [4.37-13.13]    |    0.43 [0.43-0.44]    |    0.04 [0.00-0.04]     |
|      2048      |       1        |   9.00 [6.50-12.08]   |   6.50 [5.00-8.58]    |   8.34 [6.01-11.96]    |    3.32 [2.62-4.28]    |    0.06 [0.01-0.26]     |
|      2050      |       1        |   8.25 [6.00-12.16]   |   5.00 [5.00-6.00]    |   8.69 [6.29-12.91]    |    2.45 [2.41-2.92]    |    0.02 [0.00-0.11]     |
|      2053      |       1        |   7.50 [5.50-11.58]   |   6.00 [5.00-6.58]    |   9.74 [7.59-14.95]    |    2.67 [2.28-2.95]    |    0.02 [0.00-0.09]     |
|      2054      |       1        |  11.50 [9.00-16.50]   |   7.00 [6.00-9.50]    |   9.77 [7.87-13.63]    |    4.16 [3.57-5.47]    |    0.06 [0.01-0.21]     |
|      2055      |       1        |   8.00 [6.00-15.00]   |   0.00 [0.00-0.00]    |   8.00 [6.00-15.00]    |    0.00 [0.00-0.00]    |    0.00 [0.00-0.00]     |
|      2056      |       1        |   6.00 [4.50-11.00]   |   3.00 [3.00-4.50]    |   7.56 [5.70-13.59]    |    1.36 [1.36-2.03]    |    0.01 [0.00-0.08]     |
|      2059      |       1        |   3.00 [3.00-7.16]    |   0.00 [0.00-0.00]    |    3.00 [3.00-7.16]    |    0.00 [0.00-0.00]    |    0.08 [0.00-0.08]     |
|      2062      |       1        |   9.50 [8.50-14.00]   |   2.50 [2.00-2.50]    |   9.72 [8.62-14.24]    |    1.72 [1.14-1.77]    |    0.01 [0.00-0.02]     |
|      2063      |       1        |   6.00 [6.00-10.16]   |   0.00 [0.00-0.00]    |   6.00 [6.00-10.16]    |    0.00 [0.00-0.00]    |    0.01 [0.00-0.01]     |
|      2064      |       1        |  10.00 [7.00-14.16]   |   1.00 [0.00-1.00]    |   7.17 [5.16-11.09]    |    0.59 [0.00-0.64]    |    0.00 [0.00-0.02]     |
|      2065      |       1        |   3.00 [2.00-7.16]    |   0.00 [0.00-0.00]    |   4.45 [3.00-10.41]    |    0.00 [0.00-0.00]    |    0.01 [0.00-0.05]     |
|      2067      |       1        |   8.00 [6.00-12.16]   |   0.00 [0.00-0.00]    |   8.00 [6.00-12.16]    |    0.00 [0.00-0.00]    |    0.00 [0.00-0.00]     |
|      2072      |       1        |   4.00 [3.00-9.16]    |   1.00 [1.00-1.00]    |   5.82 [4.42-13.01]    |    0.43 [0.43-0.44]    |    0.01 [0.00-0.04]     |
|      2074      |       1        |   6.00 [5.00-11.16]   |   0.00 [0.00-0.00]    |   6.00 [5.00-11.16]    |    0.00 [0.00-0.00]    |    0.00 [0.00-0.00]     |
|      2075      |       1        |   3.00 [2.00-7.47]    |   0.00 [0.00-0.00]    |   4.49 [2.95-10.90]    |    0.00 [0.00-0.00]    |    0.02 [0.00-0.06]     |
|      2076      |       1        |   5.00 [4.00-9.00]    |   0.00 [0.00-0.00]    |    5.00 [4.00-9.00]    |    0.00 [0.00-0.00]    |    0.01 [0.00-0.02]     |
|      2078      |       1        |   6.00 [4.00-11.00]   |   0.00 [0.00-0.00]    |   8.66 [5.66-15.29]    |    0.00 [0.00-0.00]    |    0.00 [0.00-0.00]     |
|      2079      |       1        |   7.00 [5.00-12.00]   |   1.00 [1.00-1.16]    |   7.00 [5.00-12.00]    |    0.50 [0.50-0.58]    |    0.00 [0.00-0.02]     |
|      2080      |       1        |   8.00 [6.00-12.00]   |   0.00 [0.00-0.00]    |   11.00 [8.40-16.63]   |    0.00 [0.00-0.00]    |    0.00 [0.00-0.00]     |
|      2082      |       1        |   9.00 [7.00-14.16]   |   0.00 [0.00-0.00]    |   9.00 [7.00-14.16]    |    0.00 [0.00-0.00]    |    0.00 [0.00-0.00]     |
|      2087      |       1        |  10.50 [7.92-14.00]   |   4.50 [4.50-5.08]    |  12.73 [10.00-17.27]   |    2.07 [2.02-2.33]    |    0.00 [0.00-0.01]     |
|      2090      |       1        |   8.00 [6.00-12.16]   |   2.00 [2.00-3.00]    |   10.69 [7.95-16.41]   |    0.99 [0.98-1.48]    |    0.00 [0.00-0.01]     |
|      2091      |       1        |   4.00 [3.00-9.00]    |   4.00 [4.00-4.00]    |   5.93 [4.39-12.78]    |    1.75 [1.74-1.78]    |    0.08 [0.00-0.20]     |
|      2092      |       1        |   9.00 [6.00-14.00]   |   0.00 [0.00-0.00]    |   9.00 [6.00-14.00]    |    0.00 [0.00-0.00]    |    0.00 [0.00-0.00]     |
|      2095      |       1        |   7.00 [6.00-11.00]   |   2.00 [2.00-3.00]    |   7.60 [6.47-11.94]    |    0.97 [0.97-1.48]    |    0.01 [0.00-0.04]     |
|      2097      |       1        |   9.00 [6.00-14.00]   |   1.00 [1.00-2.00]    |   7.11 [4.93-11.50]    |    0.56 [0.54-1.13]    |    0.00 [0.00-0.02]     |
|      2098      |       1        |   4.00 [2.00-11.16]   |   0.00 [0.00-0.00]    |   5.83 [2.96-15.66]    |    0.00 [0.00-0.00]    |    0.00 [0.00-0.05]     |
|      2099      |       1        |   9.00 [8.00-13.16]   |   1.00 [1.00-3.16]    |   7.42 [5.67-10.31]    |    0.65 [0.61-1.98]    |    0.01 [0.00-0.04]     |
|      2100      |       1        |   9.00 [4.92-14.58]   |   9.50 [8.50-11.63]   |   10.35 [6.29-15.98]   |    4.53 [3.95-5.56]    |    0.06 [0.00-0.42]     |
|      2101      |       1        |   8.00 [5.00-13.16]   |   3.00 [3.00-3.00]    |   11.09 [6.98-17.96]   |    1.33 [1.31-1.37]    |    0.00 [0.00-0.02]     |
|      2102      |       1        |  10.00 [8.00-13.00]   |   0.00 [0.00-0.00]    |  14.22 [10.51-17.90]   |    0.00 [0.00-0.00]    |    0.00 [0.00-0.00]     |
|      2103      |       1        |   9.50 [7.50-12.66]   |   1.50 [1.50-2.00]    |  12.96 [10.56-17.00]   |    0.66 [0.65-0.89]    |    0.00 [0.00-0.00]     |
|      2105      |       1        |   7.50 [6.00-12.58]   |   4.00 [3.00-5.16]    |   7.96 [6.84-13.19]    |    1.93 [1.50-2.58]    |    0.02 [0.00-0.07]     |
|      2106      |       1        |   7.00 [5.00-13.00]   |   0.00 [0.00-0.00]    |   7.00 [5.00-13.00]    |    0.00 [0.00-0.00]    |    0.00 [0.00-0.00]     |
|      2110      |       1        |   6.00 [5.00-12.16]   |   0.00 [0.00-0.00]    |   8.94 [7.35-17.22]    |    0.00 [0.00-0.00]    |    0.00 [0.00-0.00]     |
|      2113      |       1        |   7.00 [5.00-12.00]   |   4.00 [4.00-5.00]    |   7.76 [5.53-13.37]    |    1.91 [1.89-2.39]    |    0.02 [0.00-0.10]     |
|      2116      |       1        |   6.00 [4.50-11.16]   |   5.00 [5.00-6.00]    |   8.04 [6.04-14.55]    |    2.25 [2.24-2.71]    |    0.03 [0.00-0.15]     |
|      2117      |       1        |   8.00 [6.00-13.16]   |   4.00 [4.00-5.00]    |   8.15 [6.10-13.61]    |    2.05 [2.02-2.54]    |    0.02 [0.00-0.08]     |
|      2119      |       1        |   8.00 [6.00-11.16]   |   3.00 [3.00-4.00]    |   8.14 [6.10-11.35]    |    1.49 [1.49-1.99]    |    0.01 [0.00-0.04]     |
|      2120      |       1        |   4.00 [3.00-7.08]    |   1.00 [1.00-1.08]    |    4.77 [3.58-8.45]    |    0.49 [0.49-0.54]    |    0.03 [0.00-0.08]     |
|      2124      |       1        |  10.25 [8.00-15.16]   |   1.00 [1.00-3.00]    |   7.72 [5.68-11.40]    |    0.64 [0.58-1.85]    |    0.00 [0.00-0.02]     |
|      2125      |       1        |  10.00 [8.00-15.32]   |   2.00 [2.00-2.00]    |   10.00 [8.00-15.32]   |    1.06 [1.03-1.11]    |    0.00 [0.00-0.01]     |
|      2129      |       1        |   6.00 [4.00-11.00]   |   0.00 [0.00-0.00]    |   8.21 [5.45-15.34]    |    0.00 [0.00-0.00]    |    0.00 [0.00-0.00]     |
|      2130      |       1        |   6.00 [4.00-12.00]   |   0.00 [0.00-0.00]    |  14.14 [11.16-20.87]   |    0.00 [0.00-0.00]    |    0.00 [0.00-0.00]     |
|      2132      |       1        |   9.00 [7.00-13.16]   |   2.00 [2.00-2.00]    |   9.00 [7.00-13.16]    |    1.00 [1.00-1.00]    |    0.00 [0.00-0.01]     |
|      2135      |       1        |   9.00 [7.00-12.08]   |   6.50 [6.00-8.03]    |   8.84 [7.32-12.29]    |    3.17 [2.92-3.95]    |    0.04 [0.00-0.14]     |
|      2138      |       1        |   5.67 [4.67-12.82]   |   3.33 [3.33-4.05]    |   8.13 [6.68-17.70]    |    1.45 [1.45-1.78]    |    0.02 [0.00-0.05]     |
|      2142      |       1        |  11.00 [8.84-15.00]   |   3.00 [2.00-5.58]    |   10.00 [7.57-13.99]   |    1.68 [1.07-2.90]    |    0.00 [0.00-0.05]     |
|      2143      |       1        |   7.00 [5.00-12.16]   |   1.00 [1.00-2.16]    |    5.10 [3.65-9.72]    |    0.62 [0.59-1.35]    |    0.04 [0.00-0.15]     |
|      2144      |       1        |  10.00 [8.00-13.00]   |   0.00 [0.00-0.00]    |   10.00 [8.00-13.00]   |    0.00 [0.00-0.00]    |    0.00 [0.00-0.00]     |
|      2147      |       1        |   6.00 [4.00-11.16]   |   0.00 [0.00-0.00]    |   6.00 [4.00-11.16]    |    0.00 [0.00-0.00]    |    0.00 [0.00-0.02]     |
|      2148      |       1        |   9.00 [7.00-13.16]   |   0.00 [0.00-0.00]    |   7.42 [5.91-11.11]    |    0.00 [0.00-0.00]    |    0.00 [0.00-0.00]     |
|      2149      |       1        |   9.50 [8.00-13.16]   |   0.00 [0.00-0.00]    |   9.50 [8.00-13.16]    |    0.00 [0.00-0.00]    |    0.00 [0.00-0.00]     |
|      2150      |       1        |   7.00 [6.00-13.16]   |   0.00 [0.00-0.00]    |   7.00 [6.00-13.16]    |    0.00 [0.00-0.00]    |    0.00 [0.00-0.00]     |
|      2151      |       1        |   6.00 [4.00-13.00]   |   0.00 [0.00-1.00]    |    3.91 [2.51-9.13]    |    0.00 [0.00-0.70]    |    0.02 [0.00-0.08]     |
|      2152      |       1        |   9.00 [7.00-13.16]   |   1.00 [1.00-1.00]    |   9.00 [7.00-13.16]    |    0.53 [0.51-0.53]    |    0.00 [0.00-0.00]     |
|      2153      |       1        |   6.00 [4.00-11.00]   |   0.00 [0.00-0.00]    |   6.00 [4.00-11.00]    |    0.00 [0.00-0.00]    |    0.01 [0.00-0.04]     |
|      2154      |       1        |   6.00 [4.00-9.16]    |   0.00 [0.00-0.00]    |   8.02 [5.35-13.09]    |    0.00 [0.00-0.00]    |    0.00 [0.00-0.00]     |
|      2155      |       1        |   9.67 [6.67-13.77]   |   8.33 [8.33-9.67]    |   12.11 [8.55-15.59]   |    3.93 [3.82-4.67]    |    0.02 [0.00-0.11]     |
|      2156      |       1        |   5.00 [4.00-12.00]   |   0.00 [0.00-0.00]    |   5.00 [4.00-12.00]    |    0.00 [0.00-0.00]    |    0.00 [0.00-0.01]     |
|      2158      |       1        |   2.00 [2.00-5.00]    |   0.00 [0.00-0.00]    |   5.78 [5.78-12.45]    |    0.00 [0.00-0.00]    |    0.03 [0.00-0.03]     |
|      2160      |       1        |   9.00 [7.00-13.16]   |   3.00 [3.00-3.08]    |  12.83 [10.08-17.98]   |    1.31 [1.30-1.37]    |    0.00 [0.00-0.00]     |
|      2161      |       1        |   8.25 [5.00-12.08]   |   2.00 [1.50-3.00]    |   10.61 [6.47-14.82]   |    0.90 [0.68-1.36]    |    0.00 [0.00-0.02]     |
|      2163      |       1        |   4.00 [3.00-9.00]    |   0.00 [0.00-0.00]    |   10.82 [8.71-17.27]   |    0.00 [0.00-0.00]    |    0.00 [0.00-0.00]     |
|      2164      |       1        |  13.00 [10.00-16.16]  |   3.00 [2.00-5.00]    |   10.66 [7.72-14.22]   |    1.63 [1.10-2.65]    |    0.00 [0.00-0.01]     |
|      2167      |       1        |   9.00 [7.00-12.00]   |   3.00 [3.00-3.16]    |   11.87 [9.22-16.68]   |    1.33 [1.30-1.42]    |    0.00 [0.00-0.00]     |
|      2173      |       1        |   6.00 [5.00-11.00]   |   2.00 [2.00-4.00]    |   6.00 [5.00-11.00]    |    1.00 [1.00-2.01]    |    0.02 [0.00-0.05]     |
|      2174      |       1        |   6.00 [5.00-11.00]   |   1.00 [1.00-1.50]    |   6.14 [5.11-11.25]    |    0.50 [0.50-0.75]    |    0.01 [0.00-0.02]     |
|      2176      |       1        |   4.00 [3.00-7.32]    |   3.00 [3.00-3.00]    |   8.02 [6.06-13.02]    |    1.20 [1.19-1.32]    |    0.02 [0.00-0.07]     |
|      2177      |       1        |   7.00 [6.00-12.16]   |   0.00 [0.00-0.00]    |   7.00 [6.00-12.16]    |    0.00 [0.00-0.00]    |    0.00 [0.00-0.00]     |
|      2178      |       1        |   7.00 [5.00-10.58]   |   4.50 [4.50-6.00]    |   9.35 [6.88-13.64]    |    2.06 [2.02-2.69]    |    0.02 [0.00-0.08]     |
|      2180      |       1        |  11.00 [7.00-15.16]   |   3.00 [3.00-4.00]    |   11.00 [7.00-15.16]   |    1.50 [1.50-2.00]    |    0.00 [0.00-0.02]     |
|      2181      |       1        |   5.50 [4.00-11.47]   |   0.00 [0.00-1.16]    |    3.75 [2.70-8.26]    |    0.00 [0.00-0.75]    |    0.03 [0.00-0.06]     |
|      2182      |       1        |  10.00 [8.00-16.16]   |   2.00 [1.00-3.00]    |   8.93 [7.22-14.64]    |    1.06 [0.54-1.59]    |    0.00 [0.00-0.01]     |
|      2184      |       1        |   7.00 [4.00-13.16]   |   0.00 [0.00-1.00]    |    4.64 [2.65-9.58]    |    0.00 [0.00-0.62]    |    0.01 [0.00-0.07]     |
|      2185      |       1        |   6.00 [5.00-12.16]   |   1.00 [1.00-1.16]    |   8.88 [7.27-17.15]    |    0.47 [0.47-0.55]    |    0.00 [0.00-0.00]     |
|      2186      |       1        |   4.00 [3.00-10.00]   |   0.00 [0.00-0.00]    |   5.94 [4.44-14.02]    |    0.00 [0.00-0.00]    |    0.00 [0.00-0.01]     |
|      2187      |       1        |   8.00 [6.00-12.00]   |   0.00 [0.00-0.00]    |   11.24 [8.64-16.67]   |    0.00 [0.00-0.00]    |    0.00 [0.00-0.00]     |
|      2189      |       1        |   9.00 [7.00-16.00]   |   0.00 [0.00-0.00]    |   9.00 [7.00-16.00]    |    0.00 [0.00-0.00]    |    0.00 [0.00-0.00]     |
|      2191      |       1        |   9.00 [6.00-14.32]   |   2.00 [2.00-3.00]    |   11.17 [7.53-17.42]   |    0.91 [0.90-1.36]    |    0.00 [0.00-0.01]     |
|      2192      |       1        |   5.00 [4.00-10.16]   |   0.00 [0.00-0.00]    |   7.46 [6.00-14.41]    |    0.00 [0.00-0.00]    |    0.00 [0.00-0.00]     |
|      2197      |       1        |   8.00 [5.00-14.00]   |   0.00 [0.00-0.00]    |   8.00 [5.00-14.00]    |    0.00 [0.00-0.00]    |    0.00 [0.00-0.00]     |
|      2199      |       1        |  10.00 [8.00-13.16]   |   1.00 [1.00-1.00]    |  13.17 [10.56-17.28]   |    0.45 [0.45-0.46]    |    0.00 [0.00-0.00]     |
|      2200      |       1        |   7.00 [5.00-12.16]   |   0.00 [0.00-0.00]    |   7.00 [5.00-12.16]    |    0.00 [0.00-0.00]    |    0.00 [0.00-0.00]     |
|      2201      |       1        |   7.25 [6.00-11.16]   |   3.00 [3.00-4.50]    |   8.37 [6.68-12.61]    |    1.48 [1.45-2.17]    |    0.01 [0.00-0.05]     |
|      2203      |       1        |   6.00 [5.00-10.00]   |   0.00 [0.00-0.00]    |   8.81 [7.20-14.34]    |    0.00 [0.00-0.00]    |    0.00 [0.00-0.00]     |
|      2204      |       1        |   5.00 [4.00-10.00]   |   1.00 [1.00-1.00]    |   7.44 [6.00-14.15]    |    0.43 [0.43-0.44]    |    0.00 [0.00-0.01]     |
|      2208      |       1        |   3.00 [3.00-8.47]    |   4.00 [4.00-5.00]    |   8.24 [8.20-16.20]    |    1.87 [1.86-2.41]    |    0.07 [0.00-0.07]     |
|      2210      |       1        |   7.00 [6.00-9.16]    |   5.00 [5.00-6.00]    |   10.93 [9.14-14.77]   |    2.55 [2.53-3.08]    |    0.01 [0.00-0.05]     |
|      2211      |       1        |   9.62 [7.71-12.12]   |   8.25 [8.21-9.58]    |  13.11 [10.86-16.82]   |    3.77 [3.69-4.32]    |    0.01 [0.00-0.04]     |
|      2212      |       1        |  10.00 [7.00-13.16]   |   0.00 [0.00-0.00]    |  13.72 [10.33-18.40]   |    0.00 [0.00-0.00]    |    0.00 [0.00-0.00]     |
|      2215      |       1        |   8.00 [6.00-14.00]   |   0.00 [0.00-0.00]    |    5.49 [3.81-9.73]    |    0.00 [0.00-0.00]    |    0.00 [0.00-0.02]     |
|      2219      |       1        |   7.00 [5.50-11.16]   |   1.00 [1.00-2.58]    |    6.05 [4.91-9.65]    |    0.54 [0.53-1.38]    |    0.01 [0.00-0.09]     |
|      2220      |       1        |   6.00 [4.00-10.50]   |   3.00 [3.00-4.58]    |   7.60 [4.87-12.36]    |    1.39 [1.38-2.11]    |    0.02 [0.00-0.15]     |
|      2222      |       1        |   8.50 [6.50-12.66]   |   3.50 [3.50-4.50]    |   11.11 [8.40-16.61]   |    1.56 [1.53-2.00]    |    0.00 [0.00-0.01]     |
|      2224      |       1        |   3.00 [3.00-9.16]    |   0.00 [0.00-0.00]    |   4.51 [4.47-13.31]    |    0.00 [0.00-0.00]    |    0.01 [0.00-0.01]     |
|      2226      |       1        |  11.00 [8.00-16.00]   |   1.00 [0.00-2.00]    |   7.71 [5.97-11.73]    |    0.60 [0.00-1.30]    |    0.00 [0.00-0.02]     |
|      2227      |       1        |  11.00 [9.00-15.16]   |   0.00 [0.00-0.00]    |   11.00 [9.00-15.16]   |    0.00 [0.00-0.00]    |    0.00 [0.00-0.00]     |
|      2228      |       1        |   3.00 [3.00-9.00]    |   0.00 [0.00-0.00]    |   8.46 [8.46-16.40]    |    0.00 [0.00-0.00]    |    0.00 [0.00-0.00]     |
|      2229      |       1        |   6.00 [5.00-11.00]   |   1.00 [1.00-2.00]    |    4.83 [3.78-8.80]    |    0.60 [0.58-1.20]    |    0.03 [0.00-0.06]     |
|      2230      |       1        |   6.00 [5.00-10.32]   |   2.00 [2.00-3.00]    |   8.16 [6.72-14.63]    |    0.90 [0.89-1.35]    |    0.00 [0.00-0.02]     |
|      2232      |       1        |   5.00 [3.00-9.16]    |   0.00 [0.00-0.00]    |   7.21 [4.38-13.22]    |    0.00 [0.00-0.00]    |    0.00 [0.00-0.02]     |
|      2234      |       1        |   2.00 [2.00-6.00]    |   0.00 [0.00-0.00]    |   5.95 [5.95-13.43]    |    0.00 [0.00-0.00]    |    0.01 [0.00-0.01]     |
|      2237      |       1        |   9.00 [7.00-13.16]   |   0.00 [0.00-0.00]    |   9.00 [7.00-13.16]    |    0.00 [0.00-0.00]    |    0.00 [0.00-0.00]     |
|      2238      |       1        |   5.00 [4.00-10.16]   |   0.00 [0.00-0.00]    |   6.70 [5.33-14.27]    |    0.00 [0.00-0.00]    |    0.00 [0.00-0.01]     |
|      2239      |       1        |   3.00 [3.00-8.47]    |   0.00 [0.00-0.00]    |   9.02 [9.02-18.27]    |    0.00 [0.00-0.00]    |    0.00 [0.00-0.00]     |
|      2240      |       1        |   7.00 [6.00-11.16]   |   0.00 [0.00-0.00]    |   9.18 [7.80-15.47]    |    0.00 [0.00-0.00]    |    0.00 [0.00-0.00]     |
|      2241      |       1        |   7.00 [5.00-10.32]   |   0.00 [0.00-0.00]    |   7.00 [5.00-10.32]    |    0.00 [0.00-0.00]    |    0.00 [0.00-0.02]     |
|      2242      |       1        |   5.00 [3.00-8.47]    |   0.00 [0.00-0.00]    |   6.53 [3.94-11.53]    |    0.00 [0.00-0.00]    |    0.00 [0.00-0.02]     |
|      2243      |       1        |   4.00 [2.00-8.00]    |   0.00 [0.00-0.00]    |   5.68 [2.89-11.71]    |    0.00 [0.00-0.00]    |    0.00 [0.00-0.05]     |
|      2244      |       1        |  11.00 [9.00-15.00]   |   0.00 [0.00-0.00]    |   11.00 [9.00-15.00]   |    0.00 [0.00-0.00]    |    0.00 [0.00-0.00]     |
|      2247      |       1        |   7.00 [5.00-11.00]   |   1.00 [1.00-1.16]    |   7.00 [5.00-11.00]    |    0.56 [0.54-0.65]    |    0.00 [0.00-0.03]     |
|      2248      |       1        |   8.00 [6.00-14.00]   |   0.00 [0.00-0.00]    |   8.00 [6.00-14.00]    |    0.00 [0.00-0.00]    |    0.00 [0.00-0.00]     |
|      2249      |       1        |   4.00 [3.00-9.00]    |   0.00 [0.00-0.00]    |    4.00 [3.00-9.00]    |    0.00 [0.00-0.00]    |    0.01 [0.00-0.04]     |
|      2251      |       1        |  10.00 [7.00-14.00]   |   0.00 [0.00-0.00]    |   10.00 [7.00-14.00]   |    0.00 [0.00-0.00]    |    0.00 [0.00-0.00]     |
|      2252      |       1        |   4.00 [3.00-8.16]    |   0.00 [0.00-0.00]    |   5.97 [4.41-11.90]    |    0.00 [0.00-0.00]    |    0.00 [0.00-0.01]     |
|      2253      |       1        |   5.00 [4.00-11.00]   |   0.00 [0.00-0.00]    |   5.00 [4.00-11.00]    |    0.00 [0.00-0.00]    |    0.00 [0.00-0.01]     |
|      2256      |       1        |   9.00 [7.00-13.00]   |   0.00 [0.00-0.00]    |   12.72 [9.81-17.97]   |    0.00 [0.00-0.00]    |    0.00 [0.00-0.00]     |
|      2257      |       1        |   6.00 [4.00-10.00]   |   0.00 [0.00-0.00]    |   8.38 [5.94-14.26]    |    0.00 [0.00-0.00]    |    0.00 [0.00-0.00]     |
|      2258      |       1        |  16.00 [12.00-21.00]  |   0.00 [0.00-0.00]    |   10.51 [7.45-13.23]   |    0.00 [0.00-0.00]    |    0.00 [0.00-0.00]     |
|      2259      |       1        |   6.00 [4.50-12.08]   |   1.00 [1.00-1.66]    |   6.05 [4.55-12.19]    |    0.50 [0.50-0.82]    |    0.01 [0.00-0.06]     |
|      2260      |       1        |   8.00 [6.00-13.00]   |   0.00 [0.00-0.00]    |   8.00 [6.00-13.00]    |    0.00 [0.00-0.00]    |    0.00 [0.00-0.00]     |
|      2261      |       1        |   6.00 [5.00-11.00]   |   0.00 [0.00-0.00]    |   8.26 [6.66-15.31]    |    0.00 [0.00-0.00]    |    0.00 [0.00-0.00]     |
|      2262      |       1        |   6.00 [6.00-11.16]   |   0.00 [0.00-0.00]    |   6.00 [6.00-11.16]    |    0.00 [0.00-0.00]    |    0.00 [0.00-0.00]     |
|      2263      |       1        |   7.00 [5.00-12.16]   |   0.00 [0.00-0.00]    |   10.16 [6.71-16.95]   |    0.00 [0.00-0.00]    |    0.00 [0.00-0.00]     |
|      2264      |       1        |  13.00 [10.00-17.16]  |   0.00 [0.00-1.00]    |   8.33 [6.67-12.06]    |    0.00 [0.00-0.71]    |    0.00 [0.00-0.00]     |
|      2265      |       1        |   9.00 [7.00-14.32]   |   0.00 [0.00-2.00]    |   6.30 [4.58-10.71]    |    0.00 [0.00-1.24]    |    0.00 [0.00-0.02]     |
|      2266      |       1        |   7.00 [5.00-11.16]   |   0.00 [0.00-0.00]    |   9.42 [6.57-15.36]    |    0.00 [0.00-0.00]    |    0.00 [0.00-0.00]     |
|      2267      |       1        |   7.00 [5.00-13.16]   |   0.00 [0.00-0.00]    |   10.26 [7.50-17.97]   |    0.00 [0.00-0.00]    |    0.00 [0.00-0.00]     |
|      2270      |       1        |   6.00 [5.00-11.16]   |   0.00 [0.00-0.00]    |   7.85 [6.47-15.35]    |    0.00 [0.00-0.00]    |    0.00 [0.00-0.00]     |
|      2271      |       1        |  10.00 [8.00-13.16]   |   0.00 [0.00-0.00]    |   10.00 [8.00-13.16]   |    0.00 [0.00-0.00]    |    0.00 [0.00-0.00]     |
|      2272      |       1        |  10.00 [7.00-14.32]   |   2.00 [1.00-2.50]    |   8.50 [5.94-12.87]    |    1.07 [0.55-1.43]    |    0.00 [0.00-0.02]     |
|      2273      |       1        |  10.00 [7.00-16.00]   |   0.00 [0.00-1.00]    |   6.81 [4.44-11.18]    |    0.00 [0.00-0.67]    |    0.00 [0.00-0.01]     |
|      2274      |       1        |  14.00 [10.84-18.16]  |   0.00 [0.00-2.00]    |   10.58 [7.45-14.96]   |    0.00 [0.00-1.10]    |    0.00 [0.00-0.00]     |
|      2275      |       1        |   6.00 [5.00-10.32]   |   0.00 [0.00-0.00]    |   6.00 [5.00-10.32]    |    0.00 [0.00-0.00]    |    0.00 [0.00-0.00]     |
|      2276      |       1        |  12.00 [9.00-17.00]   |   2.00 [1.00-3.00]    |   10.24 [7.63-14.42]   |    1.10 [0.56-1.62]    |    0.00 [0.00-0.01]     |
|      2277      |       1        |   4.00 [4.00-10.16]   |   0.00 [0.00-0.00]    |   4.00 [4.00-10.16]    |    0.00 [0.00-0.00]    |    0.01 [0.00-0.01]     |
|      2279      |       1        |   8.00 [6.00-11.32]   |   0.00 [0.00-0.00]    |   8.00 [6.00-11.32]    |    0.00 [0.00-0.00]    |    0.00 [0.00-0.00]     |
|      2287      |       1        |  10.00 [7.50-13.16]   |   5.00 [4.00-6.58]    |   10.22 [8.21-13.58]   |    2.48 [2.01-3.25]    |    0.01 [0.00-0.07]     |
|      2288      |       1        |   9.58 [8.00-13.08]   |   8.00 [8.00-9.00]    |   10.51 [8.63-14.50]   |    3.87 [3.81-4.41]    |    0.04 [0.00-0.10]     |
|      2290      |       1        |   8.00 [6.00-14.16]   |   3.00 [3.00-3.32]    |   8.00 [6.00-14.16]    |    1.54 [1.52-1.75]    |    0.01 [0.00-0.05]     |
|      2291      |       1        |   9.50 [7.50-13.50]   |   5.50 [4.50-6.50]    |   8.67 [6.84-13.06]    |    2.82 [2.34-3.45]    |    0.04 [0.00-0.12]     |
|      2293      |       1        |   7.00 [6.00-11.16]   |   0.00 [0.00-1.16]    |    5.59 [4.21-9.17]    |    0.00 [0.00-0.74]    |    0.01 [0.00-0.03]     |
|      2294      |       1        |   5.00 [4.00-9.16]    |   3.00 [3.00-4.00]    |   6.95 [5.60-12.52]    |    1.32 [1.31-1.74]    |    0.02 [0.00-0.09]     |
|      2295      |       1        |  10.50 [7.00-14.58]   |   8.50 [8.00-9.58]    |   11.12 [7.61-16.46]   |    4.15 [3.84-4.73]    |    0.03 [0.00-0.17]     |
|      2296      |       1        |  11.00 [9.00-14.58]   |   4.00 [2.84-4.00]    |   11.12 [8.75-13.72]   |    1.99 [1.44-2.05]    |    0.00 [0.00-0.01]     |
|      2297      |       1        |   7.00 [5.00-13.32]   |   0.00 [0.00-0.16]    |    4.53 [3.09-8.72]    |    0.00 [0.00-0.11]    |    0.01 [0.00-0.05]     |
|      2300      |       1        |   6.00 [4.00-10.16]   |   2.00 [2.00-3.00]    |   7.33 [4.93-12.38]    |    1.03 [1.03-1.57]    |    0.01 [0.00-0.09]     |
|      2301      |       1        |  11.00 [7.00-16.00]   |   0.00 [0.00-0.16]    |   6.95 [4.34-10.56]    |    0.00 [0.00-0.11]    |    0.00 [0.00-0.01]     |
|      2302      |       1        |   7.00 [5.00-11.16]   |   1.00 [1.00-1.00]    |   7.00 [5.00-11.16]    |    0.50 [0.50-0.50]    |    0.00 [0.00-0.02]     |
|      2303      |       1        |   6.00 [4.00-9.16]    |   0.00 [0.00-0.00]    |   8.22 [5.48-12.96]    |    0.00 [0.00-0.00]    |    0.00 [0.00-0.01]     |
|      2304      |       1        |   2.00 [2.00-6.00]    |   0.00 [0.00-0.00]    |   6.11 [6.11-14.80]    |    0.00 [0.00-0.00]    |    0.01 [0.00-0.01]     |
|      2306      |       1        |  11.50 [8.42-15.66]   |   4.50 [4.50-6.58]    |   11.69 [8.53-15.98]   |    2.30 [2.27-3.34]    |    0.00 [0.00-0.06]     |
|      2308      |       1        |   2.00 [2.00-5.00]    |   1.00 [1.00-1.16]    |   6.04 [6.04-14.03]    |    0.46 [0.46-0.55]    |    0.05 [0.00-0.05]     |
|      2309      |       1        |   8.00 [6.00-13.16]   |   0.00 [0.00-0.00]    |   8.00 [6.00-13.16]    |    0.00 [0.00-0.00]    |    0.00 [0.00-0.01]     |
|      2310      |       1        |   6.00 [5.00-11.00]   |   0.00 [0.00-1.00]    |    4.39 [3.27-8.08]    |    0.00 [0.00-0.65]    |    0.01 [0.00-0.04]     |
|      2312      |       1        |   3.00 [3.00-7.00]    |   0.00 [0.00-0.00]    |   8.70 [8.70-14.77]    |    0.00 [0.00-0.00]    |    0.01 [0.00-0.01]     |
|      2319      |       1        |   8.00 [6.00-14.00]   |   0.00 [0.00-0.00]    |   8.00 [6.00-14.00]    |    0.00 [0.00-0.00]    |    0.00 [0.00-0.00]     |
|      2320      |       1        |  10.00 [8.00-14.00]   |   1.00 [1.00-1.16]    |   10.00 [8.00-14.00]   |    0.51 [0.50-0.59]    |    0.00 [0.00-0.00]     |
|      2322      |       1        |   2.00 [2.00-5.00]    |   0.00 [0.00-0.00]    |   5.88 [5.88-11.12]    |    0.00 [0.00-0.00]    |    0.01 [0.00-0.01]     |
|      2323      |       1        |  14.00 [10.84-18.00]  |   1.00 [0.00-2.00]    |   10.40 [7.44-14.08]   |    0.60 [0.00-1.22]    |    0.00 [0.00-0.00]     |
|      2324      |       1        |   8.00 [5.00-12.58]   |   2.50 [2.00-5.08]    |   7.93 [5.16-11.90]    |    1.24 [0.98-2.42]    |    0.01 [0.00-0.09]     |
|      2325      |       1        |   8.00 [6.00-13.00]   |   0.00 [0.00-0.00]    |   8.00 [6.00-13.00]    |    0.00 [0.00-0.00]    |    0.00 [0.00-0.00]     |
|      2327      |       1        |   6.00 [4.00-10.58]   |   1.00 [1.00-1.50]    |   6.07 [4.06-10.77]    |    0.50 [0.50-0.75]    |    0.01 [0.00-0.05]     |
|      2330      |       1        |   7.00 [5.00-11.00]   |   0.00 [0.00-0.00]    |   7.00 [5.00-11.00]    |    0.00 [0.00-0.00]    |    0.00 [0.00-0.01]     |
|      2333      |       1        |   6.50 [5.00-9.16]    |   5.00 [5.00-6.00]    |   11.44 [9.04-16.29]   |    2.22 [2.20-2.67]    |    0.01 [0.00-0.03]     |
|      2337      |       1        |   6.00 [4.00-10.32]   |   2.00 [2.00-2.50]    |   8.01 [5.53-14.05]    |    0.88 [0.88-1.11]    |    0.00 [0.00-0.03]     |
|      2338      |       1        |   3.00 [2.00-8.16]    |   0.00 [0.00-0.00]    |   4.47 [3.02-11.78]    |    0.00 [0.00-0.00]    |    0.01 [0.00-0.05]     |
|      2339      |       1        |  10.00 [7.84-14.00]   |   6.00 [6.00-7.58]    |   10.03 [7.85-14.03]   |    3.02 [3.01-3.76]    |    0.02 [0.00-0.09]     |
|      2342      |       1        |   6.00 [4.00-9.32]    |   3.00 [3.00-4.00]    |   8.26 [5.62-12.75]    |    1.41 [1.40-1.90]    |    0.01 [0.00-0.11]     |
|      2343      |       1        |   7.00 [5.00-12.00]   |   0.00 [0.00-0.00]    |   10.19 [7.42-16.62]   |    0.00 [0.00-0.00]    |    0.00 [0.00-0.00]     |
|      2344      |       1        |   9.00 [6.00-13.32]   |   2.00 [2.00-3.00]    |   6.74 [4.36-10.71]    |    1.21 [1.11-1.92]    |    0.02 [0.00-0.12]     |
|      2345      |       1        |   9.50 [7.50-13.58]   |   1.50 [1.00-3.00]    |   7.57 [5.58-11.05]    |    0.93 [0.61-1.72]    |    0.01 [0.00-0.03]     |
|      2346      |       1        |   7.50 [5.50-10.50]   |   1.50 [1.50-1.58]    |   10.48 [7.91-14.80]   |    0.66 [0.65-0.70]    |    0.00 [0.00-0.01]     |
|      2347      |       1        |   5.00 [4.00-11.00]   |   0.00 [0.00-0.00]    |   7.42 [5.98-14.92]    |    0.00 [0.00-0.00]    |    0.00 [0.00-0.00]     |
|      2351      |       1        |  10.00 [8.00-16.00]   |   0.00 [0.00-2.00]    |   6.75 [5.13-11.23]    |    0.00 [0.00-1.20]    |    0.00 [0.00-0.01]     |
|      2355      |       1        |   8.00 [6.00-11.00]   |   4.00 [4.00-5.12]    |   11.54 [9.10-16.46]   |    1.84 [1.81-2.39]    |    0.00 [0.00-0.01]     |
|      2356      |       1        |   2.00 [2.00-5.16]    |   1.00 [1.00-2.00]    |   5.30 [5.00-12.28]    |    0.49 [0.49-0.98]    |    0.06 [0.00-0.13]     |
|      2360      |       1        |   8.00 [4.33-11.00]   |   4.00 [4.00-5.58]    |   8.92 [4.68-12.99]    |    1.89 [1.84-2.55]    |    0.01 [0.00-0.23]     |
|      2363      |       1        |   7.00 [5.00-13.00]   |   5.00 [5.00-6.00]    |   9.88 [7.28-17.28]    |    2.25 [2.23-2.74]    |    0.01 [0.00-0.06]     |
|      2364      |       1        |   8.00 [7.00-14.00]   |   6.00 [6.00-7.00]    |   11.11 [9.07-18.26]   |    2.76 [2.73-3.21]    |    0.01 [0.00-0.03]     |
|      2368      |       1        |   6.00 [5.00-10.16]   |   0.00 [0.00-0.00]    |   8.74 [7.31-14.64]    |    0.00 [0.00-0.00]    |    0.00 [0.00-0.00]     |
|      2371      |       1        |   3.00 [2.00-10.00]   |   0.00 [0.00-0.00]    |   4.47 [3.02-13.89]    |    0.00 [0.00-0.00]    |    0.01 [0.00-0.05]     |
|      2373      |       1        |  10.00 [8.00-15.00]   |   0.00 [0.00-1.00]    |   7.21 [5.43-10.96]    |    0.00 [0.00-0.65]    |    0.00 [0.00-0.00]     |
|      2374      |       1        |  10.00 [7.84-14.00]   |   2.00 [2.00-2.00]    |   10.00 [7.84-14.00]   |    1.06 [1.03-1.11]    |    0.00 [0.00-0.01]     |
|      2375      |       1        |  11.00 [9.00-14.16]   |   4.00 [4.00-5.00]    |   11.26 [9.21-14.51]   |    2.00 [2.00-2.50]    |    0.00 [0.00-0.02]     |
|      2376      |       1        |   6.00 [5.00-11.00]   |   0.00 [0.00-0.00]    |   6.00 [5.00-11.00]    |    0.00 [0.00-0.00]    |    0.00 [0.00-0.00]     |
|      2377      |       1        |  11.00 [8.00-15.00]   |   0.00 [0.00-1.16]    |   7.96 [5.66-11.84]    |    0.00 [0.00-0.71]    |    0.00 [0.00-0.00]     |
|      2379      |       1        |   6.50 [3.84-10.58]   |   5.50 [5.00-7.50]    |   8.93 [5.64-14.75]    |    2.45 [2.19-3.30]    |    0.03 [0.00-0.21]     |
|      2380      |       1        |  13.00 [11.00-20.00]  |   0.00 [0.00-1.00]    |   10.14 [8.94-14.44]   |    0.00 [0.00-0.68]    |    0.00 [0.00-0.00]     |
|      2381      |       1        |   6.00 [4.00-11.00]   |   1.00 [1.00-1.16]    |   6.00 [4.00-11.00]    |    0.50 [0.50-0.59]    |    0.01 [0.00-0.05]     |
|      2384      |       1        |  12.00 [8.84-15.16]   |   1.00 [0.00-2.00]    |   10.26 [7.74-13.18]   |    0.59 [0.00-1.11]    |    0.00 [0.00-0.00]     |
|      2385      |       1        |  13.00 [11.00-17.00]  |   0.00 [0.00-1.16]    |   9.77 [7.40-13.26]    |    0.00 [0.00-0.77]    |    0.00 [0.00-0.00]     |
|      2386      |       1        |   7.00 [5.84-12.00]   |   0.00 [0.00-0.00]    |   7.00 [5.84-12.00]    |    0.00 [0.00-0.00]    |    0.00 [0.00-0.00]     |
|      2387      |       1        |  12.00 [9.00-19.00]   |   0.00 [0.00-1.16]    |   8.33 [5.94-13.93]    |    0.00 [0.00-0.76]    |    0.00 [0.00-0.00]     |
|      2389      |       1        |  10.00 [7.00-16.00]   |   5.00 [5.00-6.00]    |   11.69 [7.83-16.43]   |    2.37 [2.31-3.03]    |    0.00 [0.00-0.06]     |
|      2390      |       1        |   3.00 [3.00-6.24]    |   4.00 [4.00-4.50]    |   7.64 [7.52-14.00]    |    1.54 [1.54-1.79]    |    0.05 [0.00-0.07]     |
|      2391      |       1        |   6.00 [4.00-10.16]   |   0.00 [0.00-0.00]    |   6.00 [4.00-10.16]    |    0.00 [0.00-0.00]    |    0.00 [0.00-0.01]     |
|      2392      |       1        |   4.00 [3.00-10.00]   |   0.00 [0.00-0.00]    |   6.04 [4.54-14.65]    |    0.00 [0.00-0.00]    |    0.00 [0.00-0.02]     |
|      2393      |       1        |   3.00 [3.00-9.32]    |   0.00 [0.00-0.00]    |   8.24 [8.24-17.80]    |    0.00 [0.00-0.00]    |    0.00 [0.00-0.00]     |
|      2395      |       1        |   7.00 [4.00-11.00]   |   0.00 [0.00-0.00]    |   9.58 [5.76-15.01]    |    0.00 [0.00-0.00]    |    0.00 [0.00-0.00]     |
|      2396      |       1        |   7.00 [5.00-11.58]   |   1.00 [1.00-3.00]    |    4.62 [3.44-7.95]    |    0.69 [0.66-1.88]    |    0.07 [0.00-0.21]     |
|      2399      |       1        |   2.00 [2.00-7.16]    |   1.00 [1.00-1.16]    |   5.64 [5.64-14.43]    |    0.39 [0.39-0.47]    |    0.04 [0.00-0.04]     |
|      2400      |       1        |  11.00 [7.00-14.16]   |   6.00 [6.00-7.50]    |   11.33 [7.26-14.61]   |    2.97 [2.95-3.69]    |    0.01 [0.00-0.13]     |
|      2406      |       1        |   9.00 [7.50-13.16]   |   4.00 [4.00-5.00]    |   8.42 [7.36-12.29]    |    2.10 [2.07-2.66]    |    0.01 [0.00-0.05]     |
|      2407      |       1        |   5.00 [4.00-11.16]   |   2.00 [2.00-2.00]    |   7.35 [5.96-15.66]    |    0.99 [0.99-0.99]    |    0.01 [0.00-0.04]     |
|      2408      |       1        |   9.00 [6.00-13.16]   |   2.00 [2.00-3.00]    |   9.30 [5.90-14.30]    |    0.99 [0.95-1.49]    |    0.00 [0.00-0.02]     |
|      2409      |       1        |   9.00 [8.00-13.50]   |   4.00 [4.00-5.00]    |   9.26 [8.24-13.83]    |    2.02 [2.00-2.49]    |    0.01 [0.00-0.02]     |
|      2410      |       1        |   3.50 [3.50-9.50]    |   2.50 [2.50-2.50]    |   8.86 [8.86-16.61]    |    0.96 [0.96-1.04]    |    0.02 [0.00-0.02]     |
|      2412      |       1        |   8.50 [6.50-12.16]   |   4.50 [4.00-5.50]    |   11.15 [8.82-15.87]   |    1.98 [1.78-2.45]    |    0.00 [0.00-0.02]     |
|      2414      |       1        |  11.00 [8.00-14.16]   |   1.00 [0.00-2.00]    |   9.26 [6.59-12.55]    |    0.54 [0.00-1.14]    |    0.00 [0.00-0.00]     |
|      2418      |       1        |  10.00 [7.00-13.00]   |   0.00 [0.00-1.00]    |    6.70 [4.56-9.85]    |    0.00 [0.00-0.63]    |    0.00 [0.00-0.01]     |
|      2419      |       1        |   9.00 [7.00-12.16]   |   2.00 [2.00-2.00]    |   11.86 [9.24-16.98]   |    0.89 [0.87-0.90]    |    0.00 [0.00-0.00]     |
|      2421      |       1        |   7.00 [5.00-11.16]   |   1.00 [1.00-2.00]    |   7.00 [5.00-11.16]    |    0.50 [0.50-1.00]    |    0.00 [0.00-0.02]     |
|      2422      |       1        |   6.00 [5.00-11.00]   |   0.00 [0.00-0.00]    |   8.20 [6.67-14.81]    |    0.00 [0.00-0.00]    |    0.00 [0.00-0.00]     |
|      2423      |       1        |   7.00 [5.00-12.00]   |   4.00 [4.00-5.00]    |   7.10 [5.07-12.17]    |    2.02 [2.02-2.53]    |    0.04 [0.00-0.14]     |
|      2425      |       1        |   7.92 [6.78-13.00]   |   4.17 [4.00-4.75]    |   8.01 [6.84-13.13]    |    2.11 [2.01-2.41]    |    0.02 [0.00-0.08]     |
|      2426      |       1        |   2.50 [2.00-7.00]    |   0.00 [0.00-0.00]    |   7.47 [6.14-16.89]    |    0.00 [0.00-0.00]    |    0.01 [0.00-0.01]     |
|      2427      |       1        |   6.50 [4.00-13.00]   |   0.00 [0.00-0.00]    |    4.09 [2.45-9.01]    |    0.00 [0.00-0.00]    |    0.02 [0.00-0.09]     |
|      2428      |       1        |   6.00 [5.00-11.16]   |   2.00 [2.00-2.00]    |   8.98 [7.03-16.04]    |    0.87 [0.86-0.88]    |    0.00 [0.00-0.01]     |
|      2429      |       1        |   5.08 [3.50-9.17]    |   5.50 [4.83-6.50]    |   8.41 [6.25-14.39]    |    2.27 [2.00-2.78]    |    0.04 [0.00-0.15]     |
|      2430      |       1        |   6.00 [4.00-10.00]   |   1.00 [1.00-1.00]    |   7.76 [5.19-13.46]    |    0.45 [0.44-0.45]    |    0.00 [0.00-0.02]     |
|      2431      |       1        |   8.50 [6.00-12.00]   |   0.00 [0.00-0.00]    |   11.74 [8.12-16.95]   |    0.00 [0.00-0.00]    |    0.00 [0.00-0.00]     |
|      2432      |       1        |   5.00 [3.00-9.00]    |   2.00 [2.00-2.00]    |   7.06 [4.34-12.53]    |    0.87 [0.86-0.89]    |    0.01 [0.00-0.08]     |
|      2434      |       1        |   5.00 [3.00-9.16]    |   0.00 [0.00-0.00]    |   6.65 [4.01-12.45]    |    0.00 [0.00-0.00]    |    0.00 [0.00-0.02]     |
|      2436      |       1        |  10.50 [8.84-14.00]   |   4.00 [4.00-4.16]    |   10.50 [8.84-14.00]   |    2.00 [2.00-2.08]    |    0.00 [0.00-0.01]     |
|      2437      |       1        |   7.00 [5.00-12.00]   |   0.00 [0.00-0.00]    |   7.00 [5.00-12.00]    |    0.00 [0.00-0.00]    |    0.00 [0.00-0.00]     |
|      2438      |       1        |  10.00 [8.00-14.32]   |   1.00 [0.00-2.00]    |   7.64 [5.70-11.21]    |    0.59 [0.00-1.19]    |    0.00 [0.00-0.01]     |
|      2440      |       1        |   9.00 [7.00-14.00]   |   0.00 [0.00-0.00]    |   9.00 [7.00-14.00]    |    0.00 [0.00-0.00]    |    0.00 [0.00-0.00]     |
|      2441      |       1        |   8.00 [7.00-14.00]   |   0.00 [0.00-0.00]    |   8.00 [7.00-14.00]    |    0.00 [0.00-0.00]    |    0.00 [0.00-0.00]     |
|      2442      |       1        |  14.00 [11.00-20.00]  |   0.00 [0.00-1.00]    |   9.49 [7.10-12.98]    |    0.00 [0.00-0.67]    |    0.00 [0.00-0.00]     |
|      2443      |       1        |   5.00 [4.00-11.16]   |   3.00 [3.00-4.00]    |   6.04 [4.83-13.99]    |    1.38 [1.36-1.84]    |    0.04 [0.00-0.15]     |
|      2444      |       1        |   6.00 [5.00-10.00]   |   1.00 [1.00-1.00]    |   7.89 [6.46-13.80]    |    0.45 [0.44-0.45]    |    0.00 [0.00-0.01]     |
|      2445      |       1        |   6.00 [4.00-9.16]    |   0.00 [0.00-0.00]    |   8.06 [5.39-12.72]    |    0.00 [0.00-0.00]    |    0.00 [0.00-0.00]     |
|      2446      |       1        |   6.00 [4.00-11.00]   |   1.00 [1.00-1.16]    |   6.00 [4.00-11.00]    |    0.50 [0.50-0.58]    |    0.01 [0.00-0.05]     |
|      2447      |       1        |   3.00 [3.00-8.00]    |   0.00 [0.00-0.00]    |    3.00 [3.00-8.00]    |    0.00 [0.00-0.00]    |    0.05 [0.00-0.05]     |
|      2448      |       1        |   7.00 [4.00-12.00]   |   0.00 [0.00-0.00]    |   13.63 [9.92-18.17]   |    0.00 [0.00-0.00]    |    0.00 [0.00-0.00]     |
|      2449      |       1        |  12.00 [9.00-17.16]   |   0.00 [0.00-0.00]    |   12.00 [9.00-17.16]   |    0.00 [0.00-0.00]    |    0.00 [0.00-0.00]     |
|      2451      |       1        |   5.00 [4.00-10.00]   |   0.00 [0.00-0.00]    |  11.64 [10.26-17.11]   |    0.00 [0.00-0.00]    |    0.00 [0.00-0.00]     |
|      2453      |       1        |   2.00 [2.00-5.00]    |   0.00 [0.00-0.00]    |   6.12 [6.12-13.24]    |    0.00 [0.00-0.00]    |    0.01 [0.00-0.01]     |
|      2454      |       1        |   8.00 [6.00-13.00]   |   0.00 [0.00-0.00]    |   8.00 [6.00-13.00]    |    0.00 [0.00-0.00]    |    0.00 [0.00-0.00]     |
|      2455      |       1        |  12.00 [9.00-18.16]   |   0.00 [0.00-1.16]    |   8.01 [5.86-11.77]    |    0.00 [0.00-0.80]    |    0.00 [0.00-0.01]     |
|      2456      |       1        |   7.00 [6.00-12.00]   |   0.00 [0.00-0.00]    |   10.25 [8.62-16.77]   |    0.00 [0.00-0.00]    |    0.00 [0.00-0.00]     |
|      2457      |       1        |   8.00 [7.00-11.16]   |   0.00 [0.00-0.00]    |   8.00 [7.00-11.16]    |    0.00 [0.00-0.00]    |    0.00 [0.00-0.00]     |
|      2458      |       1        |   9.00 [7.00-13.16]   |   0.00 [0.00-0.00]    |   9.00 [7.00-13.16]    |    0.00 [0.00-0.00]    |    0.00 [0.00-0.00]     |
|      2460      |       1        |   7.00 [5.00-11.16]   |   0.00 [0.00-0.00]    |   9.90 [7.23-15.65]    |    0.00 [0.00-0.00]    |    0.00 [0.00-0.00]     |
|      2461      |       1        |   7.00 [6.00-10.16]   |   0.00 [0.00-0.00]    |   10.06 [8.17-14.61]   |    0.00 [0.00-0.00]    |    0.00 [0.00-0.00]     |
|      2462      |       1        |   6.50 [4.00-13.00]   |   0.00 [0.00-1.00]    |    4.08 [2.45-8.68]    |    0.00 [0.00-0.67]    |    0.02 [0.00-0.09]     |
|      2463      |       1        |   5.00 [3.00-9.16]    |   0.00 [0.00-0.00]    |   7.08 [4.17-13.30]    |    0.00 [0.00-0.00]    |    0.00 [0.00-0.01]     |
|      2464      |       1        |   6.50 [5.00-11.16]   |   0.00 [0.00-0.00]    |   8.83 [6.72-15.59]    |    0.00 [0.00-0.00]    |    0.00 [0.00-0.00]     |
|      2465      |       1        |   8.00 [6.00-12.00]   |   0.00 [0.00-0.00]    |   8.00 [6.00-12.00]    |    0.00 [0.00-0.00]    |    0.00 [0.00-0.00]     |
|      2468      |       1        |  10.00 [8.00-13.16]   |   0.00 [0.00-0.00]    |   10.00 [8.00-13.16]   |    0.00 [0.00-0.00]    |    0.00 [0.00-0.00]     |
|      2469      |       1        |   8.00 [6.00-13.16]   |   0.00 [0.00-0.00]    |   8.00 [6.00-13.16]    |    0.00 [0.00-0.00]    |    0.00 [0.00-0.00]     |
|      2470      |       1        |  11.00 [8.84-15.00]   |   2.00 [1.00-3.00]    |   9.21 [7.27-12.43]    |    1.06 [0.55-1.62]    |    0.00 [0.00-0.01]     |
|      2471      |       1        |   6.00 [5.00-11.00]   |   0.00 [0.00-0.00]    |   6.00 [5.00-11.00]    |    0.00 [0.00-0.00]    |    0.00 [0.00-0.00]     |
|      2472      |       1        |   9.00 [7.00-13.00]   |   0.00 [0.00-1.00]    |    6.26 [4.58-9.84]    |    0.00 [0.00-0.64]    |    0.00 [0.00-0.01]     |
|      2473      |       1        |  10.00 [8.00-15.16]   |   0.50 [0.00-1.16]    |   8.43 [6.92-11.45]    |    0.29 [0.00-0.71]    |    0.00 [0.00-0.00]     |
|      2474      |       1        |   9.00 [6.92-12.00]   |   3.00 [3.00-4.00]    |   9.84 [7.59-13.31]    |    1.44 [1.43-1.90]    |    0.00 [0.00-0.02]     |
|      2475      |       1        |   7.00 [5.00-12.00]   |   0.00 [0.00-0.00]    |   7.00 [5.00-12.00]    |    0.00 [0.00-0.00]    |    0.00 [0.00-0.00]     |
|      2476      |       1        |   9.00 [7.00-15.00]   |   0.00 [0.00-2.00]    |   6.24 [4.91-10.25]    |    0.00 [0.00-1.30]    |    0.00 [0.00-0.04]     |
|      2477      |       1        |   8.50 [6.50-13.16]   |   5.75 [5.00-7.00]    |   10.31 [7.89-14.99]   |    2.73 [2.37-3.28]    |    0.01 [0.00-0.08]     |
|      2481      |       1        |   5.50 [4.34-10.66]   |   3.50 [3.00-4.50]    |   8.16 [6.01-14.42]    |    1.56 [1.33-1.98]    |    0.03 [0.00-0.11]     |
|      2484      |       1        |   6.00 [5.00-11.00]   |   0.00 [0.00-0.00]    |   6.00 [5.00-11.00]    |    0.00 [0.00-0.00]    |    0.00 [0.00-0.01]     |
|      2486      |       1        |  11.00 [9.00-15.16]   |   0.00 [0.00-2.00]    |   7.45 [5.95-11.05]    |    0.00 [0.00-1.33]    |    0.00 [0.00-0.03]     |
|      2487      |       1        |   9.00 [7.00-13.16]   |   1.00 [1.00-2.00]    |  12.98 [10.25-18.81]   |    0.44 [0.43-0.87]    |    0.00 [0.00-0.00]     |
|      2488      |       1        |   6.00 [5.00-11.32]   |   4.00 [4.00-5.16]    |   8.37 [6.79-15.64]    |    1.76 [1.75-2.35]    |    0.02 [0.00-0.05]     |
|      2490      |       1        |   9.00 [7.00-13.00]   |   2.00 [2.00-3.00]    |   9.00 [7.00-13.00]    |    1.00 [1.00-1.50]    |    0.00 [0.00-0.01]     |
|      2491      |       1        |   7.00 [5.00-11.16]   |   0.00 [0.00-0.00]    |   9.94 [7.00-15.58]    |    0.00 [0.00-0.00]    |    0.00 [0.00-0.00]     |
|      2496      |       1        |   9.50 [6.75-16.16]   |   2.00 [2.00-3.00]    |   6.58 [4.43-11.41]    |    1.36 [1.28-1.97]    |    0.03 [0.00-0.15]     |
|      2497      |       1        |   7.00 [6.00-13.32]   |   0.00 [0.00-0.00]    |   7.00 [6.00-13.32]    |    0.00 [0.00-0.00]    |    0.00 [0.00-0.00]     |
|      2498      |       1        |   7.00 [6.00-10.00]   |   1.00 [1.00-1.00]    |   10.17 [8.10-14.28]   |    0.45 [0.45-0.46]    |    0.00 [0.00-0.00]     |
|      2499      |       1        |   6.00 [4.00-10.16]   |   2.00 [2.00-3.00]    |   10.93 [7.51-16.98]   |    0.82 [0.79-1.27]    |    0.00 [0.00-0.02]     |
|      2500      |       1        |   4.00 [4.00-10.32]   |   4.00 [4.00-4.50]    |   9.60 [9.21-18.46]    |    1.57 [1.56-1.78]    |    0.02 [0.00-0.02]     |
|      2501      |       1        |   6.00 [5.00-11.16]   |   1.00 [1.00-1.00]    |   6.00 [5.00-11.16]    |    0.50 [0.50-0.50]    |    0.01 [0.00-0.02]     |
|      2502      |       1        |   8.00 [6.00-12.16]   |   0.00 [0.00-0.00]    |   11.18 [8.66-17.19]   |    0.00 [0.00-0.00]    |    0.00 [0.00-0.00]     |
|      2503      |       1        |   6.50 [4.50-12.50]   |   3.50 [3.50-3.58]    |   11.62 [9.17-17.34]   |    1.42 [1.40-1.60]    |    0.00 [0.00-0.02]     |
|      2504      |       1        |   6.50 [5.00-9.58]    |   3.00 [3.00-4.00]    |   6.82 [5.24-10.07]    |    1.47 [1.47-1.98]    |    0.03 [0.00-0.08]     |
|      2507      |       1        |  11.00 [9.00-14.16]   |   0.00 [0.00-0.00]    |   11.00 [9.00-14.16]   |    0.00 [0.00-0.00]    |    0.00 [0.00-0.00]     |
|      2508      |       1        |   9.00 [7.00-15.00]   |   2.00 [2.00-4.00]    |   7.38 [5.63-12.58]    |    1.20 [1.12-2.25]    |    0.01 [0.00-0.07]     |
|      2509      |       1        |   5.00 [4.00-9.16]    |   0.00 [0.00-0.00]    |   6.71 [5.31-12.79]    |    0.00 [0.00-0.00]    |    0.00 [0.00-0.01]     |
|      2510      |       1        |   8.00 [6.00-12.16]   |   0.00 [0.00-0.00]    |   8.00 [6.00-12.16]    |    0.00 [0.00-0.00]    |    0.00 [0.00-0.01]     |
|      2511      |       1        |  10.00 [7.00-14.16]   |   4.00 [3.00-5.16]    |   9.28 [6.63-12.99]    |    2.06 [1.57-2.67]    |    0.01 [0.00-0.05]     |
|      2512      |       1        |   4.00 [3.00-9.16]    |   1.00 [1.00-1.00]    |   5.97 [4.41-13.11]    |    0.43 [0.43-0.44]    |    0.01 [0.00-0.04]     |
|      2513      |       1        |  10.00 [7.00-14.16]   |   0.00 [0.00-1.00]    |   7.60 [4.64-11.48]    |    0.00 [0.00-0.63]    |    0.00 [0.00-0.01]     |
|      2515      |       1        |  11.00 [9.00-15.00]   |   0.00 [0.00-2.16]    |   8.30 [6.29-10.86]    |    0.00 [0.00-1.34]    |    0.00 [0.00-0.01]     |
|      2516      |       1        |  11.00 [9.00-15.00]   |   0.00 [0.00-0.00]    |   11.00 [9.00-15.00]   |    0.00 [0.00-0.00]    |    0.00 [0.00-0.00]     |
|      2518      |       1        |   7.00 [5.00-12.16]   |   0.00 [0.00-0.00]    |   7.00 [5.00-12.16]    |    0.00 [0.00-0.00]    |    0.00 [0.00-0.00]     |
|      2519      |       1        |   6.00 [5.00-10.00]   |   0.00 [0.00-0.00]    |   7.85 [6.47-13.39]    |    0.00 [0.00-0.00]    |    0.00 [0.00-0.00]     |
|      2520      |       1        |  11.00 [8.00-15.00]   |   0.00 [0.00-0.00]    |   11.00 [8.00-15.00]   |    0.00 [0.00-0.00]    |    0.00 [0.00-0.00]     |
|      2522      |       1        |   4.00 [3.00-10.00]   |   0.00 [0.00-0.00]    |   4.00 [3.00-10.00]    |    0.00 [0.00-0.00]    |    0.01 [0.00-0.04]     |
|      2523      |       1        |   8.00 [5.00-13.16]   |   0.00 [0.00-0.00]    |   8.00 [5.00-13.16]    |    0.00 [0.00-0.00]    |    0.00 [0.00-0.00]     |
|      2524      |       1        |   6.00 [5.00-9.32]    |   0.00 [0.00-0.00]    |   7.90 [6.53-12.90]    |    0.00 [0.00-0.00]    |    0.00 [0.00-0.00]     |
|      2525      |       1        |  10.00 [7.00-14.00]   |   0.00 [0.00-0.00]    |   10.00 [7.00-14.00]   |    0.00 [0.00-0.00]    |    0.00 [0.00-0.00]     |
|      2526      |       1        |  12.00 [9.00-15.00]   |   0.00 [0.00-0.00]    |   12.00 [9.00-15.00]   |    0.00 [0.00-0.00]    |    0.00 [0.00-0.00]     |
|      2527      |       1        |   6.00 [5.00-11.00]   |   0.00 [0.00-0.00]    |   6.00 [5.00-11.00]    |    0.00 [0.00-0.00]    |    0.00 [0.00-0.01]     |
|      2528      |       1        |   2.00 [2.00-8.00]    |   0.00 [0.00-0.00]    |   5.66 [5.66-15.78]    |    0.00 [0.00-0.00]    |    0.01 [0.00-0.01]     |
|      2529      |       1        |   8.00 [5.50-13.00]   |   2.50 [2.00-3.00]    |   8.22 [5.66-13.43]    |    1.23 [0.98-1.49]    |    0.00 [0.00-0.05]     |
|      2530      |       1        |  11.00 [8.00-15.00]   |   0.00 [0.00-2.00]    |   8.74 [5.89-12.86]    |    0.00 [0.00-1.10]    |    0.00 [0.00-0.00]     |
|      2531      |       1        |   6.00 [5.00-11.00]   |   0.00 [0.00-0.00]    |   6.00 [5.00-11.00]    |    0.00 [0.00-0.00]    |    0.00 [0.00-0.00]     |
|      2532      |       1        |   8.00 [5.00-12.00]   |   0.00 [0.00-0.00]    |   8.00 [5.00-12.00]    |    0.00 [0.00-0.00]    |    0.00 [0.00-0.00]     |
|      2533      |       1        |  10.00 [8.00-13.32]   |   2.00 [2.00-3.00]    |   11.16 [8.91-15.42]   |    0.95 [0.93-1.43]    |    0.00 [0.00-0.00]     |
|      2534      |       1        |   8.00 [7.00-13.16]   |   0.00 [0.00-2.00]    |   6.47 [5.66-10.52]    |    0.00 [0.00-1.17]    |    0.00 [0.00-0.01]     |
|      2536      |       1        |   4.00 [3.00-7.16]    |   0.00 [0.00-0.00]    |   10.58 [8.83-15.32]   |    0.00 [0.00-0.00]    |    0.00 [0.00-0.00]     |
|      2537      |       1        |   8.00 [6.00-14.16]   |   0.00 [0.00-1.16]    |   5.43 [3.89-10.09]    |    0.00 [0.00-0.77]    |    0.01 [0.00-0.03]     |
|      2538      |       1        |  10.00 [8.00-13.00]   |   0.00 [0.00-0.00]    |   10.00 [8.00-13.00]   |    0.00 [0.00-0.00]    |    0.00 [0.00-0.00]     |
|      2539      |       1        |   8.00 [6.00-13.00]   |   1.00 [1.00-1.00]    |   8.04 [6.03-13.07]    |    0.52 [0.52-0.58]    |    0.00 [0.00-0.01]     |
|      2540      |       1        |   9.00 [7.00-12.00]   |   0.00 [0.00-0.00]    |   12.06 [9.90-17.04]   |    0.00 [0.00-0.00]    |    0.00 [0.00-0.00]     |
|      2541      |       1        |  10.00 [8.00-14.00]   |   0.00 [0.00-0.00]    |   10.00 [8.00-14.00]   |    0.00 [0.00-0.00]    |    0.00 [0.00-0.00]     |
|      2542      |       1        |   6.00 [4.00-8.00]    |   1.00 [1.00-2.00]    |   10.61 [9.05-13.78]   |    0.41 [0.39-0.83]    |    0.00 [0.00-0.00]     |
|      2544      |       1        |   4.00 [4.00-10.00]   |   0.00 [0.00-0.00]    |   4.00 [4.00-10.00]    |    0.00 [0.00-0.00]    |    0.02 [0.00-0.02]     |
|      2545      |       1        |   6.00 [5.00-11.00]   |   2.00 [2.00-3.00]    |   7.27 [6.01-13.64]    |    0.92 [0.90-1.37]    |    0.01 [0.00-0.02]     |
|      2548      |       1        |   9.00 [6.50-13.00]   |   5.00 [5.00-6.00]    |   11.25 [7.50-16.58]   |    2.28 [2.23-2.75]    |    0.00 [0.00-0.07]     |
|      2549      |       1        |  11.92 [9.00-16.00]   |   2.25 [2.00-4.22]    |   9.88 [6.74-13.87]    |    1.29 [1.07-2.33]    |    0.00 [0.00-0.02]     |
|      2551      |       1        |   7.00 [5.00-11.16]   |   0.00 [0.00-0.00]    |   7.00 [5.00-11.16]    |    0.00 [0.00-0.00]    |    0.00 [0.00-0.00]     |
|      2553      |       1        |   6.00 [5.00-11.00]   |   1.00 [1.00-1.00]    |   6.00 [5.00-11.00]    |    0.51 [0.50-0.51]    |    0.01 [0.00-0.02]     |
|      2557      |       1        |   8.00 [6.00-11.16]   |   4.00 [4.00-5.00]    |   8.08 [6.05-11.53]    |    2.00 [1.98-2.47]    |    0.02 [0.00-0.07]     |
|      2558      |       1        |   5.00 [4.00-11.16]   |   0.00 [0.00-0.00]    |   7.48 [5.96-15.93]    |    0.00 [0.00-0.00]    |    0.00 [0.00-0.00]     |
|      2559      |       1        |   7.00 [5.00-11.16]   |   0.00 [0.00-0.00]    |   7.00 [5.00-11.16]    |    0.00 [0.00-0.00]    |    0.00 [0.00-0.00]     |
|      2560      |       1        |   7.00 [5.00-12.00]   |   0.00 [0.00-0.00]    |   10.24 [7.42-16.98]   |    0.00 [0.00-0.00]    |    0.00 [0.00-0.00]     |
|      2561      |       1        |   8.50 [6.00-12.74]   |   5.50 [4.50-7.00]    |   10.01 [7.55-15.31]   |    2.53 [2.09-3.27]    |    0.01 [0.00-0.07]     |
|      2562      |       1        |   6.17 [4.17-9.50]    |   7.83 [7.50-9.05]    |   11.53 [7.65-16.14]   |    3.16 [3.05-3.72]    |    0.02 [0.00-0.17]     |
|      2563      |       1        |   9.75 [7.00-15.00]   |   1.00 [1.00-3.00]    |   7.10 [4.96-11.68]    |    0.64 [0.60-1.80]    |    0.01 [0.00-0.02]     |
|      2564      |       1        |   7.00 [5.00-13.00]   |   1.00 [1.00-1.00]    |   7.00 [5.00-13.00]    |    0.50 [0.50-0.52]    |    0.00 [0.00-0.02]     |
|      2565      |       1        |  13.83 [10.68-18.91]  |   3.33 [3.00-4.50]    |   10.43 [7.15-13.95]   |    2.10 [1.96-2.80]    |    0.00 [0.00-0.04]     |
|      2567      |       1        |  11.00 [9.00-16.16]   |   0.00 [0.00-0.00]    |   11.00 [9.00-16.16]   |    0.00 [0.00-0.00]    |    0.00 [0.00-0.00]     |
|      2568      |       1        |   2.00 [2.00-4.16]    |   0.00 [0.00-0.00]    |   6.00 [6.00-11.14]    |    0.00 [0.00-0.00]    |    0.01 [0.00-0.01]     |
|      2569      |       1        |   7.00 [5.00-10.00]   |   2.00 [2.00-3.00]    |   9.64 [6.95-13.90]    |    0.88 [0.86-1.32]    |    0.00 [0.00-0.01]     |
|      2571      |       1        |   8.00 [5.84-12.16]   |   0.00 [0.00-0.00]    |   8.00 [5.84-12.16]    |    0.00 [0.00-0.00]    |    0.00 [0.00-0.00]     |
|      2573      |       1        |   6.00 [5.00-11.00]   |   0.00 [0.00-0.00]    |   6.00 [5.00-11.00]    |    0.00 [0.00-0.00]    |    0.00 [0.00-0.01]     |
|      2574      |       1        |   4.00 [3.00-8.16]    |   0.00 [0.00-0.00]    |   5.77 [4.36-11.87]    |    0.00 [0.00-0.00]    |    0.00 [0.00-0.01]     |
|      2576      |       1        |  12.00 [10.00-17.16]  |   2.00 [1.00-2.00]    |   9.36 [7.51-12.35]    |    1.23 [0.62-1.39]    |    0.00 [0.00-0.01]     |
|      2577      |       1        |   8.00 [6.00-12.00]   |   0.00 [0.00-0.00]    |   8.00 [6.00-12.00]    |    0.00 [0.00-0.00]    |    0.00 [0.00-0.00]     |
|      2579      |       1        |   4.00 [4.00-8.00]    |   0.00 [0.00-0.00]    |    4.00 [4.00-8.00]    |    0.00 [0.00-0.00]    |    0.01 [0.00-0.01]     |
|      2580      |       1        |   5.00 [4.00-10.00]   |   0.00 [0.00-0.00]    |   7.32 [5.67-13.91]    |    0.00 [0.00-0.00]    |    0.00 [0.00-0.00]     |
|      2583      |       1        |   5.00 [4.00-10.00]   |   0.00 [0.00-0.00]    |   5.00 [4.00-10.00]    |    0.00 [0.00-0.00]    |    0.01 [0.00-0.02]     |
|      2584      |       1        |   9.25 [6.50-13.58]   |   1.00 [1.00-3.00]    |   7.74 [5.11-11.12]    |    0.62 [0.56-1.64]    |    0.00 [0.00-0.03]     |
|      2585      |       1        |   9.00 [6.00-11.00]   |   0.00 [0.00-0.00]    |   11.91 [8.69-15.16]   |    0.00 [0.00-0.00]    |    0.00 [0.00-0.00]     |
|      2586      |       1        |   7.00 [4.00-10.16]   |   0.00 [0.00-0.00]    |   7.00 [4.00-10.16]    |    0.00 [0.00-0.00]    |    0.00 [0.00-0.01]     |
|      2587      |       1        |   5.00 [4.00-9.16]    |   0.00 [0.00-0.00]    |   7.38 [5.83-13.39]    |    0.00 [0.00-0.00]    |    0.00 [0.00-0.00]     |
|      2588      |       1        |   7.00 [4.00-11.00]   |   1.00 [1.00-1.00]    |   7.00 [4.00-11.00]    |    0.52 [0.51-0.53]    |    0.00 [0.00-0.05]     |
|      2589      |       1        |   8.00 [5.00-11.00]   |   0.00 [0.00-0.00]    |   8.00 [5.00-11.00]    |    0.00 [0.00-0.00]    |    0.00 [0.00-0.01]     |
|      2590      |       1        |  11.00 [9.00-15.16]   |   2.00 [2.00-2.00]    |   11.22 [9.06-15.26]   |    1.00 [0.99-1.00]    |    0.00 [0.00-0.00]     |
|      2591      |       1        |   4.00 [3.00-10.16]   |   0.00 [0.00-0.00]    |   5.99 [4.46-14.34]    |    0.00 [0.00-0.00]    |    0.00 [0.00-0.02]     |
|      2592      |       1        |   5.00 [3.00-9.16]    |   0.00 [0.00-0.00]    |   7.26 [4.50-13.27]    |    0.00 [0.00-0.00]    |    0.00 [0.00-0.01]     |
|      2593      |       1        |   3.00 [3.00-8.00]    |   0.00 [0.00-0.00]    |   8.53 [8.53-17.64]    |    0.00 [0.00-0.00]    |    0.00 [0.00-0.00]     |
|      2594      |       1        |   8.00 [5.00-12.32]   |   2.00 [2.00-2.00]    |   8.00 [5.00-12.32]    |    1.00 [1.00-1.03]    |    0.00 [0.00-0.05]     |
|      2595      |       1        |  10.00 [6.00-13.16]   |   0.00 [0.00-1.00]    |   7.51 [4.33-10.93]    |    0.00 [0.00-0.60]    |    0.00 [0.00-0.01]     |
|      2596      |       1        |   9.00 [8.00-13.16]   |   0.00 [0.00-0.00]    |   9.00 [8.00-13.16]    |    0.00 [0.00-0.00]    |    0.00 [0.00-0.00]     |
|      2597      |       1        |   7.00 [5.00-11.50]   |   3.00 [2.50-4.50]    |   9.42 [6.80-14.77]    |    1.33 [1.10-2.00]    |    0.00 [0.00-0.03]     |
|      2599      |       1        |   9.00 [5.00-12.00]   |   1.00 [1.00-1.00]    |   9.00 [5.00-12.00]    |    0.50 [0.50-0.50]    |    0.00 [0.00-0.02]     |
|      2600      |       1        |   4.00 [3.00-7.97]    |   1.00 [1.00-1.50]    |   8.13 [6.30-14.57]    |    0.40 [0.40-0.62]    |    0.00 [0.00-0.02]     |
|      2601      |       1        |   6.00 [5.00-11.00]   |   0.00 [0.00-0.00]    |   6.00 [5.00-11.00]    |    0.00 [0.00-0.00]    |    0.01 [0.00-0.01]     |
|      2602      |       1        |  10.00 [8.00-13.00]   |   0.00 [0.00-0.00]    |   10.00 [8.00-13.00]   |    0.00 [0.00-0.00]    |    0.00 [0.00-0.00]     |
|      2603      |       1        |   8.00 [6.00-13.86]   |   3.00 [3.00-4.00]    |   8.01 [6.01-13.89]    |    1.51 [1.50-2.01]    |    0.01 [0.00-0.04]     |
|      2605      |       1        |   9.50 [7.00-14.58]   |   1.00 [1.00-2.58]    |   7.18 [5.02-11.83]    |    0.63 [0.59-1.45]    |    0.01 [0.00-0.02]     |
|      2606      |       1        |   2.00 [2.00-6.00]    |   0.00 [0.00-0.00]    |   6.14 [6.14-15.25]    |    0.00 [0.00-0.00]    |    0.01 [0.00-0.01]     |
|      2607      |       1        |   7.50 [6.50-10.50]   |   1.50 [1.50-1.58]    |   10.66 [8.60-14.41]   |    0.66 [0.65-0.70]    |    0.00 [0.00-0.00]     |
|      2608      |       1        |   6.00 [4.00-11.00]   |   0.00 [0.00-0.00]    |   6.00 [4.00-11.00]    |    0.00 [0.00-0.00]    |    0.00 [0.00-0.01]     |
|      2609      |       1        |   8.00 [6.00-13.00]   |   0.00 [0.00-0.00]    |   11.70 [8.92-17.96]   |    0.00 [0.00-0.00]    |    0.00 [0.00-0.00]     |
|      2610      |       1        |   6.00 [5.00-11.32]   |   0.00 [0.00-0.00]    |   6.00 [5.00-11.32]    |    0.00 [0.00-0.00]    |    0.00 [0.00-0.01]     |
|      2611      |       1        |  13.00 [8.84-17.00]   |   1.00 [0.00-2.00]    |   11.40 [8.14-14.73]   |    0.53 [0.00-1.07]    |    0.00 [0.00-0.00]     |
|      2612      |       1        |   6.00 [5.00-9.00]    |   0.00 [0.00-0.00]    |    6.00 [5.00-9.00]    |    0.00 [0.00-0.00]    |    0.00 [0.00-0.00]     |
|      2613      |       1        |   8.00 [6.00-11.16]   |   0.00 [0.00-0.00]    |   8.00 [6.00-11.16]    |    0.00 [0.00-0.00]    |    0.00 [0.00-0.00]     |
|      2614      |       1        |  10.00 [7.00-14.16]   |   0.00 [0.00-0.00]    |   10.00 [7.00-14.16]   |    0.00 [0.00-0.00]    |    0.00 [0.00-0.00]     |
|      2616      |       1        |  12.00 [8.00-19.00]   |   0.00 [0.00-1.00]    |   7.75 [4.94-12.54]    |    0.00 [0.00-0.70]    |    0.00 [0.00-0.01]     |
|      2618      |       1        |   3.00 [2.00-8.16]    |   0.00 [0.00-0.00]    |   4.46 [2.94-11.93]    |    0.00 [0.00-0.00]    |    0.01 [0.00-0.05]     |
|      2619      |       1        |  10.00 [6.00-16.00]   |   0.00 [0.00-1.00]    |   6.20 [3.69-10.16]    |    0.00 [0.00-0.69]    |    0.00 [0.00-0.03]     |
|      2620      |       1        |   3.00 [3.00-8.00]    |   0.00 [0.00-0.00]    |    3.00 [3.00-8.00]    |    0.00 [0.00-0.00]    |    0.04 [0.00-0.04]     |
|      2621      |       1        |   3.00 [2.00-9.00]    |   0.00 [0.00-0.00]    |   4.47 [3.02-12.74]    |    0.00 [0.00-0.00]    |    0.01 [0.00-0.05]     |
|      2622      |       1        |   7.00 [5.00-10.00]   |   2.00 [2.00-2.00]    |   7.00 [5.00-10.00]    |    1.11 [1.08-1.13]    |    0.01 [0.00-0.06]     |
|      2623      |       1        |   4.00 [3.00-11.00]   |   0.00 [0.00-0.00]    |   5.94 [4.50-15.82]    |    0.00 [0.00-0.00]    |    0.00 [0.00-0.01]     |
|      2624      |       1        |   6.00 [5.00-12.00]   |   0.00 [0.00-0.00]    |   8.85 [7.25-17.28]    |    0.00 [0.00-0.00]    |    0.00 [0.00-0.00]     |
|      2626      |       1        |   9.00 [7.00-13.00]   |   0.00 [0.00-0.00]    |   9.00 [7.00-13.00]    |    0.00 [0.00-0.00]    |    0.00 [0.00-0.00]     |
|      2627      |       1        |   8.83 [6.50-13.50]   |   4.17 [4.00-5.50]    |   10.56 [7.86-16.27]   |    1.96 [1.87-2.51]    |    0.00 [0.00-0.04]     |
|      2628      |       1        |   6.00 [4.00-10.00]   |   0.00 [0.00-0.00]    |   8.19 [5.57-13.60]    |    0.00 [0.00-0.00]    |    0.00 [0.00-0.00]     |
|      2629      |       1        |   4.00 [3.00-10.16]   |   0.00 [0.00-0.00]    |   5.96 [4.45-14.16]    |    0.00 [0.00-0.00]    |    0.00 [0.00-0.02]     |
|      2631      |       1        |   7.00 [6.00-12.00]   |   1.00 [1.00-1.00]    |   7.57 [6.48-12.91]    |    0.48 [0.48-0.48]    |    0.00 [0.00-0.00]     |
|      2633      |       1        |   9.00 [6.00-12.16]   |   1.00 [1.00-1.00]    |   12.43 [8.52-16.64]   |    0.44 [0.43-0.45]    |    0.00 [0.00-0.00]     |
|      2634      |       1        |   8.00 [5.00-14.00]   |   1.00 [1.00-2.00]    |   5.77 [3.58-11.10]    |    0.62 [0.60-1.22]    |    0.01 [0.00-0.08]     |
|      2635      |       1        |   9.00 [7.00-12.00]   |   3.00 [3.00-3.00]    |   9.00 [7.00-12.00]    |    1.50 [1.50-1.50]    |    0.00 [0.00-0.02]     |
|      2636      |       1        |   6.00 [5.00-9.16]    |   2.00 [2.00-3.00]    |   6.71 [5.59-10.24]    |    1.14 [1.10-1.68]    |    0.02 [0.00-0.08]     |
|      2637      |       1        |   8.00 [6.00-13.00]   |   0.00 [0.00-0.00]    |   8.00 [6.00-13.00]    |    0.00 [0.00-0.00]    |    0.00 [0.00-0.01]     |
|      2638      |       1        |  12.00 [9.00-15.00]   |   1.00 [0.00-3.00]    |   8.49 [7.07-12.19]    |    0.61 [0.00-1.75]    |    0.00 [0.00-0.01]     |
|      2640      |       1        |   9.83 [8.33-12.44]   |   7.17 [7.00-8.72]    |   10.62 [9.19-13.28]   |    3.50 [3.34-4.19]    |    0.02 [0.00-0.09]     |
|      2642      |       1        |   9.00 [7.00-13.00]   |   2.00 [1.00-3.00]    |   8.87 [6.72-12.34]    |    1.01 [0.53-1.51]    |    0.00 [0.00-0.01]     |
|      2643      |       1        |   6.00 [5.00-9.00]    |   0.00 [0.00-0.00]    |    6.00 [5.00-9.00]    |    0.00 [0.00-0.00]    |    0.00 [0.00-0.00]     |
|      2644      |       1        |  11.00 [9.00-15.32]   |   0.00 [0.00-2.00]    |   7.42 [5.77-10.97]    |    0.00 [0.00-1.37]    |    0.00 [0.00-0.01]     |
|      2646      |       1        |   8.00 [7.00-13.00]   |   4.00 [4.00-5.16]    |   8.52 [7.12-13.75]    |    1.99 [1.99-2.57]    |    0.01 [0.00-0.06]     |
|      2649      |       1        |   2.00 [2.00-5.00]    |   0.00 [0.00-0.00]    |   5.67 [5.67-12.61]    |    0.00 [0.00-0.00]    |    0.03 [0.00-0.03]     |
|      2650      |       1        |   8.00 [6.00-13.00]   |   0.00 [0.00-0.16]    |    5.29 [3.97-9.16]    |    0.00 [0.00-0.10]    |    0.00 [0.00-0.02]     |
|      2652      |       1        |   4.00 [4.00-8.16]    |   0.00 [0.00-0.00]    |    4.00 [4.00-8.16]    |    0.00 [0.00-0.00]    |    0.01 [0.00-0.01]     |
|      2653      |       1        |   5.00 [4.00-9.00]    |   0.00 [0.00-0.00]    |   7.34 [5.94-12.95]    |    0.00 [0.00-0.00]    |    0.00 [0.00-0.00]     |
|      2654      |       1        |   8.00 [7.00-13.16]   |   0.00 [0.00-1.00]    |   6.18 [4.91-10.41]    |    0.00 [0.00-0.61]    |    0.00 [0.00-0.01]     |
|      2655      |       1        |  10.00 [8.00-12.16]   |   3.00 [3.00-3.16]    |   10.00 [8.00-12.16]   |    1.50 [1.50-1.58]    |    0.00 [0.00-0.01]     |
|      2656      |       1        |   5.00 [4.00-10.32]   |   0.00 [0.00-0.00]    |   7.34 [5.92-14.81]    |    0.00 [0.00-0.00]    |    0.00 [0.00-0.00]     |
|      2657      |       1        |  10.00 [8.00-15.00]   |   0.00 [0.00-1.00]    |   7.03 [5.63-10.59]    |    0.00 [0.00-0.63]    |    0.00 [0.00-0.00]     |
|      2658      |       1        |   9.00 [7.00-13.00]   |   1.00 [1.00-1.00]    |   9.00 [7.00-13.00]    |    0.51 [0.51-0.51]    |    0.00 [0.00-0.00]     |
|      2659      |       1        |   9.00 [6.00-14.16]   |   0.00 [0.00-1.00]    |   6.11 [3.92-10.91]    |    0.00 [0.00-0.68]    |    0.00 [0.00-0.02]     |
|      2660      |       1        |   9.00 [6.00-14.16]   |   0.00 [0.00-0.00]    |   9.00 [6.00-14.16]    |    0.00 [0.00-0.00]    |    0.00 [0.00-0.00]     |
|      2661      |       1        |   9.00 [6.84-14.63]   |   0.00 [0.00-0.00]    |   9.00 [6.84-14.63]    |    0.00 [0.00-0.00]    |    0.00 [0.00-0.00]     |
|      2662      |       1        |   9.00 [7.00-12.58]   |   3.50 [3.50-4.53]    |   8.93 [6.93-12.49]    |    1.79 [1.78-2.33]    |    0.01 [0.00-0.04]     |
|      2663      |       1        |   8.00 [6.00-10.16]   |   0.00 [0.00-0.00]    |   10.90 [8.65-14.61]   |    0.00 [0.00-0.00]    |    0.00 [0.00-0.00]     |
|      2664      |       1        |   6.00 [4.00-11.00]   |   0.00 [0.00-0.00]    |   8.75 [5.85-14.98]    |    0.00 [0.00-0.00]    |    0.00 [0.00-0.00]     |
|      2665      |       1        |   9.00 [7.00-14.16]   |   0.00 [0.00-2.00]    |   6.13 [4.80-10.26]    |    0.00 [0.00-1.27]    |    0.00 [0.00-0.03]     |
|      2667      |       1        |   6.00 [5.00-10.00]   |   0.00 [0.00-0.00]    |   6.00 [5.00-10.00]    |    0.00 [0.00-0.00]    |    0.01 [0.00-0.02]     |
|      2668      |       1        |   8.00 [5.84-10.00]   |   0.00 [0.00-0.00]    |   11.11 [9.90-16.03]   |    0.00 [0.00-0.00]    |    0.00 [0.00-0.00]     |
|      2669      |       1        |   7.00 [5.00-12.32]   |   0.00 [0.00-1.00]    |    4.99 [3.72-8.99]    |    0.00 [0.00-0.64]    |    0.01 [0.00-0.07]     |
|      2671      |       1        |   5.00 [3.50-9.00]    |   2.00 [2.00-3.00]    |    5.20 [3.62-9.30]    |    0.99 [0.98-1.49]    |    0.04 [0.00-0.19]     |
|      2673      |       1        |   7.00 [5.00-9.00]    |   4.00 [4.00-5.66]    |   10.60 [8.89-14.41]   |    1.72 [1.61-2.49]    |    0.00 [0.00-0.03]     |
|      2676      |       1        |   6.00 [4.00-10.00]   |   0.00 [0.00-0.00]    |   8.12 [5.64-13.70]    |    0.00 [0.00-0.00]    |    0.00 [0.00-0.00]     |
|      2677      |       1        |   6.00 [4.00-11.16]   |   0.00 [0.00-0.00]    |   6.00 [4.00-11.16]    |    0.00 [0.00-0.00]    |    0.00 [0.00-0.02]     |
|      2678      |       1        |   4.00 [3.00-8.00]    |   0.00 [0.00-0.00]    |   10.53 [8.82-16.91]   |    0.00 [0.00-0.00]    |    0.00 [0.00-0.01]     |
|      2679      |       1        |   9.00 [7.00-14.00]   |   1.00 [1.00-1.00]    |   9.00 [7.00-14.00]    |    0.56 [0.53-0.57]    |    0.00 [0.00-0.00]     |
|      2680      |       1        |   4.00 [3.00-11.16]   |   1.00 [1.00-1.00]    |   6.01 [4.49-15.78]    |    0.43 [0.43-0.44]    |    0.01 [0.00-0.04]     |
|      2682      |       1        |  11.00 [8.00-15.00]   |   2.00 [2.00-3.00]    |   11.00 [8.00-15.00]   |    1.01 [1.01-1.51]    |    0.00 [0.00-0.00]     |
|      2683      |       1        |   7.00 [5.00-11.16]   |   2.00 [2.00-2.00]    |   8.98 [6.42-14.72]    |    0.90 [0.89-0.91]    |    0.00 [0.00-0.02]     |
|      2685      |       1        |   8.00 [6.00-12.16]   |   0.00 [0.00-0.16]    |    6.25 [4.65-9.66]    |    0.00 [0.00-0.10]    |    0.00 [0.00-0.01]     |
|      2689      |       1        |   7.00 [5.00-10.00]   |   0.00 [0.00-0.00]    |   9.48 [6.79-14.16]    |    0.00 [0.00-0.00]    |    0.00 [0.00-0.00]     |
|      2690      |       1        |   5.00 [2.42-7.58]    |   4.00 [4.00-5.50]    |   7.17 [3.53-10.52]    |    1.74 [1.73-2.38]    |    0.04 [0.00-0.42]     |
|      2691      |       1        |   9.00 [6.50-13.58]   |   4.00 [4.00-6.00]    |   8.44 [6.27-13.33]    |    2.07 [2.03-3.09]    |    0.01 [0.00-0.12]     |
|      2692      |       1        |   9.00 [7.00-14.00]   |   1.00 [1.00-1.00]    |   11.88 [9.26-19.57]   |    0.44 [0.43-0.45]    |    0.00 [0.00-0.00]     |
|      2693      |       1        |   6.00 [4.00-11.16]   |   0.00 [0.00-0.00]    |   6.00 [4.00-11.16]    |    0.00 [0.00-0.00]    |    0.00 [0.00-0.01]     |
|      2696      |       1        |   4.00 [3.00-9.00]    |   0.00 [0.00-0.00]    |   6.00 [4.45-13.05]    |    0.00 [0.00-0.00]    |    0.00 [0.00-0.02]     |
|      2697      |       1        |  10.00 [8.00-14.00]   |   1.00 [1.00-1.00]    |   10.00 [8.00-14.00]   |    0.51 [0.51-0.54]    |    0.00 [0.00-0.00]     |
|      2698      |       1        |   9.00 [7.00-13.00]   |   2.00 [2.00-3.00]    |   7.33 [5.39-10.81]    |    1.16 [1.08-1.77]    |    0.01 [0.00-0.04]     |
|      2699      |       1        |   9.00 [7.00-12.16]   |   1.00 [1.00-1.16]    |  12.23 [10.00-17.02]   |    0.50 [0.50-0.58]    |    0.00 [0.00-0.00]     |
|      2700      |       1        |   4.00 [3.00-8.00]    |   0.00 [0.00-0.00]    |   10.46 [8.64-16.75]   |    0.00 [0.00-0.00]    |    0.00 [0.00-0.00]     |
|      2704      |       1        |   6.00 [5.00-11.00]   |   3.00 [3.00-3.17]    |   6.02 [5.01-11.03]    |    1.51 [1.50-1.61]    |    0.04 [0.00-0.09]     |
|      2706      |       1        |   5.00 [4.00-9.16]    |   1.00 [1.00-2.00]    |    5.33 [4.26-9.76]    |    0.58 [0.55-1.11]    |    0.02 [0.00-0.06]     |
|      2707      |       1        |   8.00 [6.00-13.16]   |   0.00 [0.00-0.00]    |   8.00 [6.00-13.16]    |    0.00 [0.00-0.00]    |    0.00 [0.00-0.00]     |
|      2710      |       1        |   8.00 [6.00-12.16]   |   1.00 [1.00-1.00]    |   8.00 [6.00-12.16]    |    0.50 [0.50-0.50]    |    0.00 [0.00-0.01]     |
|      2712      |       1        |   4.00 [3.00-9.00]    |   0.00 [0.00-0.00]    |   5.91 [4.49-12.44]    |    0.00 [0.00-0.00]    |    0.00 [0.00-0.01]     |
|      2713      |       1        |   6.00 [4.00-10.00]   |   6.00 [5.50-7.50]    |   9.65 [6.15-14.17]    |    2.57 [2.46-3.28]    |    0.02 [0.00-0.15]     |
|      2718      |       1        |  10.00 [8.00-14.00]   |   0.00 [0.00-0.00]    |   10.00 [8.00-14.00]   |    0.00 [0.00-0.00]    |    0.00 [0.00-0.00]     |
|      2719      |       1        |   5.00 [4.00-10.16]   |   0.00 [0.00-0.00]    |   5.00 [4.00-10.16]    |    0.00 [0.00-0.00]    |    0.01 [0.00-0.02]     |
|      2720      |       1        |   7.00 [6.00-11.00]   |   4.00 [4.00-5.00]    |   10.03 [8.59-15.24]   |    1.75 [1.73-2.22]    |    0.00 [0.00-0.02]     |
|      2722      |       1        |   3.00 [3.00-9.16]    |   0.00 [0.00-0.00]    |    3.00 [3.00-9.16]    |    0.00 [0.00-0.00]    |    0.05 [0.00-0.05]     |
|      2724      |       1        |   6.50 [4.50-9.54]    |   3.50 [3.50-5.58]    |   8.32 [5.75-12.15]    |    1.60 [1.57-2.51]    |    0.02 [0.00-0.08]     |
|      2726      |       1        |  10.00 [7.92-14.16]   |   2.00 [1.00-3.16]    |   8.38 [6.06-11.98]    |    1.14 [0.57-1.75]    |    0.00 [0.00-0.04]     |
|      2727      |       1        |   4.00 [3.00-9.32]    |   0.00 [0.00-0.00]    |   10.37 [8.61-18.94]   |    0.00 [0.00-0.00]    |    0.00 [0.00-0.00]     |
|      2729      |       1        |  10.00 [8.00-14.08]   |   2.50 [2.00-3.50]    |   9.84 [7.54-13.13]    |    1.23 [1.00-1.75]    |    0.00 [0.00-0.01]     |
|      2730      |       1        |   2.00 [2.00-7.16]    |   0.00 [0.00-0.00]    |   3.00 [2.92-10.47]    |    0.00 [0.00-0.00]    |    0.05 [0.00-0.05]     |
|      2733      |       1        |   7.00 [5.00-11.32]   |   0.00 [0.00-0.00]    |   7.00 [5.00-11.32]    |    0.00 [0.00-0.00]    |    0.00 [0.00-0.00]     |
|      2734      |       1        |  13.00 [10.00-17.00]  |   1.00 [1.00-2.16]    |   11.72 [9.37-15.28]   |    0.53 [0.52-1.14]    |    0.00 [0.00-0.00]     |
|      2736      |       1        |   8.00 [6.00-13.58]   |   2.00 [1.50-2.16]    |   7.56 [5.58-12.34]    |    1.02 [0.78-1.13]    |    0.01 [0.00-0.03]     |
|      2739      |       1        |   7.50 [6.00-11.55]   |   3.50 [3.00-4.50]    |   7.12 [5.15-10.52]    |    1.80 [1.57-2.58]    |    0.03 [0.00-0.11]     |
|      2740      |       1        |   4.00 [3.00-10.16]   |   1.00 [1.00-1.00]    |   5.92 [4.49-14.81]    |    0.43 [0.43-0.44]    |    0.01 [0.00-0.04]     |
|      2741      |       1        |  11.00 [9.00-15.00]   |   0.00 [0.00-0.00]    |   11.00 [9.00-15.00]   |    0.00 [0.00-0.00]    |    0.00 [0.00-0.00]     |
|      2742      |       1        |   4.00 [4.00-8.00]    |   3.00 [3.00-3.00]    |   9.46 [9.33-16.20]    |    1.40 [1.40-1.49]    |    0.02 [0.00-0.02]     |
|      2743      |       1        |  10.00 [8.00-13.00]   |   4.00 [4.00-5.00]    |   12.07 [9.66-15.49]   |    1.87 [1.83-2.38]    |    0.00 [0.00-0.01]     |
|      2744      |       1        |   8.50 [6.50-12.82]   |   1.50 [1.50-1.58]    |   11.24 [8.42-17.68]   |    0.67 [0.65-0.71]    |    0.00 [0.00-0.00]     |
|      2746      |       1        |  12.00 [9.00-16.00]   |   0.00 [0.00-0.00]    |   12.00 [9.00-16.00]   |    0.00 [0.00-0.00]    |    0.00 [0.00-0.00]     |
|      2748      |       1        |   8.00 [5.50-12.08]   |   6.50 [6.00-7.00]    |   9.89 [7.15-14.80]    |    2.89 [2.72-3.24]    |    0.02 [0.00-0.12]     |
|      2751      |       1        |   7.00 [6.00-11.00]   |   0.00 [0.00-0.00]    |   9.17 [7.79-14.84]    |    0.00 [0.00-0.00]    |    0.00 [0.00-0.00]     |
|      2752      |       1        |   9.00 [7.42-12.08]   |   4.00 [3.00-5.50]    |   10.42 [8.40-14.09]   |    1.87 [1.42-2.51]    |    0.00 [0.00-0.02]     |
|      2755      |       1        |   6.00 [5.00-11.00]   |   0.00 [0.00-0.00]    |   6.00 [5.00-11.00]    |    0.00 [0.00-0.00]    |    0.00 [0.00-0.00]     |
|      2756      |       1        |   7.00 [5.00-10.16]   |   0.00 [0.00-0.00]    |   9.73 [6.99-13.98]    |    0.00 [0.00-0.00]    |    0.00 [0.00-0.00]     |
|      2759      |       1        |   8.00 [6.00-12.00]   |   1.00 [1.00-1.00]    |   8.00 [6.00-12.00]    |    0.52 [0.52-0.54]    |    0.00 [0.00-0.01]     |
|      2760      |       1        |   9.00 [7.00-12.16]   |   0.00 [0.00-1.00]    |   7.93 [6.05-10.80]    |    0.00 [0.00-0.53]    |    0.00 [0.00-0.00]     |
|      2762      |       1        |   8.00 [7.00-12.00]   |   0.00 [0.00-0.00]    |   8.00 [7.00-12.00]    |    0.00 [0.00-0.00]    |    0.00 [0.00-0.00]     |
|      2763      |       1        |   6.00 [4.92-9.74]    |   3.00 [3.00-4.58]    |   5.85 [4.57-10.44]    |    1.52 [1.48-2.27]    |    0.05 [0.00-0.22]     |
|      2765      |       1        |   5.00 [3.00-8.58]    |   3.00 [3.00-4.08]    |   8.95 [5.34-15.07]    |    1.25 [1.22-1.72]    |    0.01 [0.00-0.09]     |
|      2766      |       1        |   9.00 [7.00-13.00]   |   1.00 [1.00-1.16]    |  12.16 [10.07-18.59]   |    0.49 [0.49-0.57]    |    0.00 [0.00-0.00]     |
|      2767      |       1        |   6.00 [4.00-11.00]   |   0.00 [0.00-0.00]    |   6.00 [4.00-11.00]    |    0.00 [0.00-0.00]    |    0.00 [0.00-0.01]     |
|      2770      |       1        |   9.00 [7.00-14.16]   |   0.00 [0.00-1.00]    |    6.21 [4.44-9.93]    |    0.00 [0.00-0.64]    |    0.00 [0.00-0.01]     |
|      2772      |       1        |   7.00 [5.00-13.00]   |   0.00 [0.00-0.00]    |   7.00 [5.00-13.00]    |    0.00 [0.00-0.00]    |    0.00 [0.00-0.00]     |
|      2773      |       1        |   9.00 [7.00-13.00]   |   2.00 [2.00-2.00]    |   9.00 [7.00-13.00]    |    1.01 [1.01-1.05]    |    0.00 [0.00-0.01]     |
|      2774      |       1        |  10.00 [8.00-13.00]   |   1.00 [0.00-4.00]    |    7.36 [6.08-9.93]    |    0.66 [0.00-2.29]    |    0.00 [0.00-0.03]     |
|      2775      |       1        |   7.00 [5.00-13.16]   |   0.00 [0.00-1.00]    |    5.36 [3.24-9.86]    |    0.00 [0.00-0.65]    |    0.00 [0.00-0.04]     |
|      2776      |       1        |   5.00 [4.00-11.16]   |   0.00 [0.00-0.00]    |   7.43 [5.99-15.97]    |    0.00 [0.00-0.00]    |    0.00 [0.00-0.00]     |
|      2777      |       1        |   7.00 [4.00-13.16]   |   0.00 [0.00-1.00]    |    4.33 [2.47-8.74]    |    0.00 [0.00-0.69]    |    0.02 [0.00-0.09]     |
|      2778      |       1        |   3.00 [2.00-6.00]    |   0.00 [0.00-0.00]    |   7.91 [6.18-14.35]    |    0.00 [0.00-0.00]    |    0.00 [0.00-0.01]     |
|      2779      |       1        |   9.00 [7.00-13.00]   |   0.00 [0.00-0.00]    |   9.00 [7.00-13.00]    |    0.00 [0.00-0.00]    |    0.00 [0.00-0.00]     |
|      2780      |       1        |   3.00 [2.00-8.16]    |   0.00 [0.00-0.00]    |   7.52 [5.30-15.15]    |    0.00 [0.00-0.00]    |    0.00 [0.00-0.02]     |
|      2781      |       1        |   2.00 [2.00-5.00]    |   1.00 [1.00-1.00]    |   5.86 [5.86-12.44]    |    0.38 [0.38-0.38]    |    0.04 [0.00-0.04]     |
|      2782      |       1        |   9.00 [6.00-14.32]   |   0.00 [0.00-1.00]    |   5.98 [3.92-10.49]    |    0.00 [0.00-0.65]    |    0.00 [0.00-0.02]     |
|      2783      |       1        |   6.00 [5.00-11.16]   |   0.00 [0.00-0.00]    |   6.00 [5.00-11.16]    |    0.00 [0.00-0.00]    |    0.00 [0.00-0.01]     |
|      2784      |       1        |  11.50 [8.50-16.00]   |   1.50 [1.00-2.50]    |   8.22 [5.65-11.60]    |    0.99 [0.63-1.58]    |    0.00 [0.00-0.04]     |
|      2785      |       1        |   6.00 [4.00-9.00]    |   0.00 [0.00-0.00]    |   8.12 [5.63-12.65]    |    0.00 [0.00-0.00]    |    0.00 [0.00-0.00]     |
|      2786      |       1        |   9.00 [6.50-13.00]   |   4.00 [4.00-5.00]    |   10.71 [7.95-15.83]   |    1.86 [1.83-2.34]    |    0.00 [0.00-0.03]     |
|      2789      |       1        |   9.00 [7.00-13.16]   |   4.00 [4.00-5.00]    |   9.00 [7.00-13.16]    |    2.03 [2.02-2.54]    |    0.02 [0.00-0.05]     |
|      2794      |       1        |   5.50 [4.00-12.00]   |   2.00 [2.00-3.00]    |   8.16 [5.98-17.09]    |    0.86 [0.86-1.30]    |    0.01 [0.00-0.03]     |
|      2796      |       1        |   5.00 [3.00-9.32]    |   1.00 [1.00-1.00]    |   7.16 [4.41-13.30]    |    0.43 [0.43-0.44]    |    0.00 [0.00-0.04]     |
|      2802      |       1        |   4.75 [3.50-8.00]    |   3.00 [3.00-4.50]    |   8.86 [7.19-13.97]    |    1.21 [1.21-1.80]    |    0.02 [0.00-0.08]     |
|      2803      |       1        |   6.50 [4.00-9.90]    |   8.33 [7.83-9.91]    |   10.80 [6.49-16.15]   |    3.44 [3.24-4.19]    |    0.03 [0.00-0.33]     |
|      2804      |       1        |   9.00 [7.00-13.00]   |   0.00 [0.00-0.00]    |   9.00 [7.00-13.00]    |    0.00 [0.00-0.00]    |    0.00 [0.00-0.00]     |
|      2805      |       1        |   9.00 [7.00-12.16]   |   2.00 [2.00-3.00]    |   10.41 [8.26-15.00]   |    0.92 [0.91-1.39]    |    0.00 [0.00-0.00]     |
|      2807      |       1        |  10.00 [8.00-14.00]   |   0.00 [0.00-2.00]    |   6.88 [5.18-10.57]    |    0.00 [0.00-1.20]    |    0.00 [0.00-0.01]     |
|      2808      |       1        |   9.00 [6.84-15.00]   |   0.00 [0.00-0.00]    |   9.00 [6.84-15.00]    |    0.00 [0.00-0.00]    |    0.00 [0.00-0.00]     |
|      2809      |       1        |   7.00 [6.00-12.16]   |   0.00 [0.00-0.00]    |   10.04 [7.99-16.55]   |    0.00 [0.00-0.00]    |    0.00 [0.00-0.00]     |
|      2810      |       1        |   8.00 [6.00-13.16]   |   1.00 [1.00-1.00]    |   8.00 [6.00-13.16]    |    0.50 [0.50-0.51]    |    0.00 [0.00-0.01]     |
|      2811      |       1        |   6.00 [4.00-10.32]   |   0.00 [0.00-0.00]    |   6.00 [4.00-10.32]    |    0.00 [0.00-0.00]    |    0.00 [0.00-0.01]     |
|      2812      |       1        |   6.00 [4.00-10.00]   |   1.00 [1.00-1.00]    |   8.28 [5.66-14.06]    |    0.44 [0.43-0.44]    |    0.00 [0.00-0.01]     |
|      2813      |       1        |   3.50 [3.50-6.50]    |   1.50 [1.50-1.58]    |   10.39 [9.81-14.72]   |    0.57 [0.57-0.63]    |    0.01 [0.00-0.01]     |
|      2815      |       1        |   9.00 [6.00-13.00]   |   1.00 [1.00-1.00]    |   9.00 [6.00-13.00]    |    0.55 [0.51-0.55]    |    0.00 [0.00-0.01]     |
|      2817      |       1        |   8.00 [6.00-13.47]   |   0.00 [0.00-0.00]    |   8.00 [6.00-13.47]    |    0.00 [0.00-0.00]    |    0.00 [0.00-0.01]     |
|      2818      |       1        |  13.00 [8.84-19.00]   |   0.00 [0.00-1.00]    |   8.61 [5.60-12.36]    |    0.00 [0.00-0.68]    |    0.00 [0.00-0.00]     |
|      2819      |       1        |   7.00 [6.00-12.16]   |   2.00 [2.00-2.00]    |   7.00 [6.00-12.16]    |    1.01 [1.01-1.02]    |    0.01 [0.00-0.02]     |
|      2820      |       1        |  12.00 [10.00-17.00]  |   0.00 [0.00-2.16]    |   8.41 [6.47-11.85]    |    0.00 [0.00-1.42]    |    0.00 [0.00-0.01]     |
|      2821      |       1        |   6.00 [4.00-12.00]   |   1.00 [0.00-2.00]    |    3.86 [2.63-7.96]    |    0.68 [0.00-1.33]    |    0.03 [0.00-0.21]     |
|      2822      |       1        |   9.00 [6.00-13.00]   |   1.00 [1.00-1.00]    |   9.00 [6.00-13.00]    |    0.50 [0.50-0.50]    |    0.00 [0.00-0.01]     |
|      2825      |       1        |  11.00 [8.00-13.16]   |   0.00 [0.00-0.00]    |   11.00 [8.00-13.16]   |    0.00 [0.00-0.00]    |    0.00 [0.00-0.00]     |
|      2826      |       1        |   8.00 [6.00-11.00]   |   0.00 [0.00-0.00]    |   11.39 [8.74-15.10]   |    0.00 [0.00-0.00]    |    0.00 [0.00-0.00]     |
|      2827      |       1        |   6.50 [5.00-10.00]   |   2.00 [2.00-3.00]    |   6.58 [5.04-10.09]    |    1.00 [1.00-1.48]    |    0.02 [0.00-0.04]     |
|      2828      |       1        |   7.00 [5.00-11.00]   |   0.00 [0.00-0.00]    |   9.99 [7.01-14.87]    |    0.00 [0.00-0.00]    |    0.00 [0.00-0.00]     |
|      2829      |       1        |  11.00 [8.00-14.16]   |   0.00 [0.00-0.00]    |   11.00 [8.00-14.16]   |    0.00 [0.00-0.00]    |    0.00 [0.00-0.00]     |
|      2830      |       1        |  11.00 [8.50-14.44]   |   5.50 [5.00-6.72]    |   10.47 [8.03-13.98]   |    2.84 [2.57-3.48]    |    0.01 [0.00-0.06]     |
|      2831      |       1        |   6.00 [4.00-10.00]   |   0.00 [0.00-0.00]    |   8.35 [5.77-13.91]    |    0.00 [0.00-0.00]    |    0.00 [0.00-0.00]     |
|      2832      |       1        |   7.00 [5.00-11.00]   |   5.00 [5.00-6.00]    |   9.84 [7.51-16.13]    |    2.46 [2.42-2.94]    |    0.02 [0.00-0.07]     |
|      2835      |       1        |   6.00 [4.00-11.00]   |   1.00 [1.00-2.00]    |   8.79 [5.99-15.50]    |    0.43 [0.43-0.87]    |    0.00 [0.00-0.01]     |
|      2836      |       1        |   7.00 [6.00-11.00]   |   0.00 [0.00-0.00]    |    5.82 [4.68-9.14]    |    0.00 [0.00-0.00]    |    0.00 [0.00-0.01]     |
|      2837      |       1        |   2.00 [2.00-7.16]    |   0.00 [0.00-0.00]    |   3.00 [2.92-10.34]    |    0.00 [0.00-0.00]    |    0.05 [0.00-0.05]     |
|      2838      |       1        |  11.00 [8.00-16.00]   |   1.50 [0.00-2.16]    |   8.98 [5.95-12.95]    |    0.87 [0.00-1.31]    |    0.00 [0.00-0.01]     |
|      2839      |       1        |   7.00 [4.00-12.16]   |   0.00 [0.00-1.00]    |    5.40 [3.02-9.84]    |    0.00 [0.00-0.58]    |    0.00 [0.00-0.04]     |
|      2841      |       1        |   2.00 [2.00-8.16]    |   0.00 [0.00-0.00]    |   3.00 [3.00-11.84]    |    0.00 [0.00-0.00]    |    0.05 [0.00-0.05]     |
|      2842      |       1        |   5.50 [4.50-10.50]   |   4.50 [4.50-5.50]    |   7.73 [6.24-14.14]    |    1.98 [1.96-2.43]    |    0.04 [0.00-0.09]     |
|      2846      |       1        |   3.00 [3.00-8.00]    |   0.00 [0.00-0.00]    |   4.31 [4.14-10.73]    |    0.00 [0.00-0.00]    |    0.01 [0.00-0.01]     |
|      2847      |       1        |   8.00 [6.00-10.16]   |   6.00 [6.00-7.00]    |   11.07 [9.04-15.00]   |    2.59 [2.57-3.03]    |    0.01 [0.00-0.03]     |
|      2849      |       1        |   4.00 [3.00-11.32]   |   0.00 [0.00-0.00]    |   5.97 [4.50-15.88]    |    0.00 [0.00-0.00]    |    0.00 [0.00-0.02]     |
|      2850      |       1        |  12.00 [9.00-17.00]   |   2.00 [2.00-3.08]    |   10.03 [7.31-14.08]   |    1.15 [1.09-1.81]    |    0.00 [0.00-0.01]     |
|      2851      |       1        |   9.00 [6.00-13.16]   |   7.00 [6.00-9.00]    |   10.66 [7.57-15.36]   |    3.27 [2.81-4.11]    |    0.02 [0.00-0.14]     |
|      2853      |       1        |   6.00 [5.50-9.58]    |   4.00 [4.00-6.08]    |    6.04 [5.09-9.01]    |    2.15 [2.02-3.18]    |    0.08 [0.01-0.20]     |
|      2856      |       1        |   8.00 [6.00-12.00]   |   1.00 [1.00-1.00]    |   10.67 [7.82-16.52]   |    0.45 [0.44-0.45]    |    0.00 [0.00-0.00]     |
|      2857      |       1        |   7.00 [4.84-10.00]   |   7.00 [7.00-8.00]    |   9.99 [6.90-14.55]    |    3.04 [3.00-3.57]    |    0.03 [0.00-0.15]     |
|      2860      |       1        |  10.00 [7.50-13.00]   |   6.50 [6.00-7.50]    |   10.94 [8.52-14.39]   |    3.34 [3.05-3.99]    |    0.02 [0.00-0.08]     |
|      2862      |       1        |   2.00 [2.00-7.16]    |   0.00 [0.00-0.00]    |   5.67 [5.67-14.79]    |    0.00 [0.00-0.00]    |    0.01 [0.00-0.01]     |
|      2865      |       1        |   5.00 [3.00-9.16]    |   2.00 [2.00-3.00]    |   6.62 [4.08-12.47]    |    0.88 [0.87-1.33]    |    0.02 [0.00-0.10]     |
|      2866      |       1        |   6.00 [5.00-11.47]   |   2.00 [2.00-2.00]    |   6.00 [5.00-11.47]    |    1.11 [1.10-1.11]    |    0.03 [0.00-0.06]     |
|      2868      |       1        |   4.00 [3.00-7.32]    |   0.00 [0.00-0.00]    |   9.08 [8.64-16.41]    |    0.00 [0.00-0.00]    |    0.00 [0.00-0.01]     |
|      2872      |       1        |   9.00 [7.84-13.16]   |   3.00 [3.00-4.00]    |   9.00 [7.84-13.16]    |    1.51 [1.51-2.01]    |    0.00 [0.00-0.02]     |
|      2875      |       1        |  10.00 [8.00-12.16]   |   2.00 [2.00-2.16]    |   10.00 [8.00-12.16]   |    1.01 [1.01-1.12]    |    0.00 [0.00-0.00]     |
|      2876      |       1        |  10.50 [8.42-14.16]   |   7.50 [7.00-9.03]    |   10.40 [7.63-14.76]   |    3.73 [3.42-4.48]    |    0.03 [0.00-0.18]     |
|      2877      |       1        |   4.00 [3.00-7.16]    |   4.00 [4.00-5.00]    |   8.64 [6.93-15.53]    |    1.86 [1.82-2.36]    |    0.05 [0.00-0.10]     |
|      2880      |       1        |   7.75 [6.00-11.58]   |   1.00 [1.00-2.00]    |   7.70 [5.54-11.86]    |    0.50 [0.49-1.03]    |    0.00 [0.00-0.01]     |
|      2882      |       1        |   7.00 [6.00-11.00]   |   0.00 [0.00-0.00]    |   9.44 [7.85-14.62]    |    0.00 [0.00-0.00]    |    0.00 [0.00-0.00]     |
|      2885      |       1        |   8.00 [6.00-12.00]   |   0.00 [0.00-0.00]    |   10.93 [8.66-16.49]   |    0.00 [0.00-0.00]    |    0.00 [0.00-0.00]     |
|      2886      |       1        |   8.75 [6.75-12.00]   |   5.25 [5.00-6.25]    |   11.70 [8.88-16.27]   |    2.61 [2.44-3.09]    |    0.01 [0.00-0.04]     |
|      2887      |       1        |   4.00 [3.00-10.00]   |   1.00 [1.00-1.00]    |   5.99 [4.51-14.38]    |    0.43 [0.43-0.44]    |    0.01 [0.00-0.04]     |
|      2888      |       1        |   4.50 [4.00-9.00]    |   1.00 [1.00-1.00]    |    4.50 [4.00-9.00]    |    0.56 [0.54-0.57]    |    0.04 [0.00-0.06]     |
|      2890      |       1        |   4.00 [3.00-7.00]    |   5.00 [5.00-6.00]    |   6.38 [4.85-10.58]    |    2.12 [2.11-2.58]    |    0.10 [0.01-0.28]     |
|      2891      |       1        |   8.00 [6.00-11.00]   |   0.00 [0.00-0.00]    |   11.36 [8.54-14.96]   |    0.00 [0.00-0.00]    |    0.00 [0.00-0.00]     |
|      2893      |       1        |   8.00 [6.00-13.00]   |   1.00 [1.00-2.00]    |   8.00 [6.00-13.00]    |    0.51 [0.50-1.01]    |    0.00 [0.00-0.01]     |
|      2895      |       1        |   8.00 [6.84-13.00]   |   1.00 [1.00-1.00]    |   8.00 [6.84-13.00]    |    0.50 [0.50-0.50]    |    0.00 [0.00-0.00]     |
|      2896      |       1        |  13.00 [9.00-17.00]   |   0.00 [0.00-1.00]    |   8.88 [5.89-11.72]    |    0.00 [0.00-0.68]    |    0.00 [0.00-0.00]     |
|      2897      |       1        |   6.00 [4.00-10.16]   |   3.00 [3.00-4.00]    |   8.43 [5.81-14.29]    |    1.32 [1.31-1.75]    |    0.01 [0.00-0.05]     |
|      2898      |       1        |  10.00 [6.00-13.00]   |   3.00 [3.00-3.50]    |   10.27 [6.18-13.38]   |    1.48 [1.48-1.72]    |    0.00 [0.00-0.04]     |
|      2899      |       1        |   4.00 [4.00-9.00]    |   0.00 [0.00-0.00]    |    4.00 [4.00-9.00]    |    0.00 [0.00-0.00]    |    0.01 [0.00-0.01]     |
|      2900      |       1        |   2.00 [2.00-5.00]    |   0.00 [0.00-0.00]    |   6.09 [6.09-13.59]    |    0.00 [0.00-0.00]    |    0.03 [0.00-0.03]     |
|      2901      |       1        |   7.00 [5.00-12.00]   |   2.00 [2.00-2.00]    |   7.00 [5.00-12.00]    |    1.06 [1.03-1.08]    |    0.01 [0.00-0.05]     |
|      2902      |       1        |   5.00 [4.00-10.32]   |   0.00 [0.00-0.00]    |   6.63 [5.24-14.33]    |    0.00 [0.00-0.00]    |    0.00 [0.00-0.00]     |
|      2903      |       1        |   2.00 [1.00-5.00]    |   1.00 [1.00-2.00]    |   4.22 [2.64-10.71]    |    0.40 [0.39-0.80]    |    0.07 [0.00-0.34]     |
|      2904      |       1        |   4.00 [3.00-10.00]   |   1.00 [1.00-1.00]    |   11.94 [9.40-19.52]   |    0.39 [0.39-0.41]    |    0.00 [0.00-0.00]     |
|      2905      |       1        |   4.50 [3.00-9.16]    |   1.00 [1.00-1.00]    |   6.35 [4.25-12.90]    |    0.44 [0.43-0.44]    |    0.01 [0.00-0.04]     |
|      2906      |       1        |   5.00 [4.00-9.16]    |   0.00 [0.00-0.00]    |    5.00 [4.00-9.16]    |    0.00 [0.00-0.00]    |    0.01 [0.00-0.02]     |
|      2908      |       1        |   4.00 [3.00-10.00]   |   0.00 [0.00-0.00]    |   10.35 [8.42-17.41]   |    0.00 [0.00-0.00]    |    0.00 [0.00-0.01]     |
|      2909      |       1        |   5.00 [3.00-10.00]   |   0.00 [0.00-0.00]    |   6.68 [3.96-13.92]    |    0.00 [0.00-0.00]    |    0.00 [0.00-0.02]     |
|      2910      |       1        |   4.00 [3.00-8.16]    |   0.00 [0.00-0.00]    |   10.84 [8.85-16.83]   |    0.00 [0.00-0.00]    |    0.00 [0.00-0.00]     |
|      2913      |       1        |   2.00 [2.00-8.16]    |   0.00 [0.00-0.00]    |   3.01 [3.01-11.65]    |    0.00 [0.00-0.00]    |    0.05 [0.00-0.05]     |
|      2914      |       1        |  10.00 [8.00-15.00]   |   0.00 [0.00-0.00]    |   10.00 [8.00-15.00]   |    0.00 [0.00-0.00]    |    0.00 [0.00-0.00]     |
|      2916      |       1        |   7.00 [5.00-11.16]   |   0.00 [0.00-0.00]    |   10.16 [7.45-15.60]   |    0.00 [0.00-0.00]    |    0.00 [0.00-0.00]     |
|      2917      |       1        |   5.00 [4.00-10.00]   |   4.00 [4.00-5.00]    |   7.00 [5.66-13.83]    |    1.75 [1.75-2.18]    |    0.04 [0.00-0.10]     |
|      2919      |       1        |   6.00 [5.00-12.00]   |   0.00 [0.00-0.00]    |   8.88 [7.25-16.88]    |    0.00 [0.00-0.00]    |    0.00 [0.00-0.00]     |
|      2921      |       1        |   2.00 [2.00-7.32]    |   0.00 [0.00-0.00]    |   6.03 [6.03-14.90]    |    0.00 [0.00-0.00]    |    0.02 [0.00-0.02]     |
|      2922      |       1        |   9.00 [7.00-12.00]   |   1.00 [1.00-1.00]    |  13.07 [10.32-16.65]   |    0.50 [0.50-0.50]    |    0.00 [0.00-0.00]     |
|      2923      |       1        |  14.00 [11.84-19.00]  |   1.00 [0.00-3.00]    |   10.39 [8.07-14.35]   |    0.60 [0.00-1.75]    |    0.00 [0.00-0.00]     |
|      2924      |       1        |   8.00 [5.50-12.74]   |   3.50 [3.00-5.08]    |   8.35 [6.09-13.19]    |    1.72 [1.50-2.48]    |    0.02 [0.00-0.10]     |
|      2925      |       1        |   6.00 [4.00-10.50]   |   7.00 [6.50-8.08]    |   8.90 [6.23-14.77]    |    2.95 [2.79-3.47]    |    0.06 [0.00-0.19]     |
|      2926      |       1        |   4.00 [3.00-12.16]   |   0.00 [0.00-0.00]    |   5.99 [4.52-17.43]    |    0.00 [0.00-0.00]    |    0.00 [0.00-0.01]     |
|      2927      |       1        |   9.50 [7.00-14.00]   |   1.00 [0.00-2.00]    |   7.26 [5.40-10.67]    |    0.57 [0.00-1.19]    |    0.00 [0.00-0.03]     |
|      2928      |       1        |   9.00 [5.50-13.16]   |   3.00 [3.00-4.16]    |   11.49 [6.58-16.61]   |    1.38 [1.35-1.94]    |    0.00 [0.00-0.05]     |
|      2929      |       1        |  10.00 [8.00-14.00]   |   1.00 [1.00-2.00]    |   10.08 [8.06-14.11]   |    0.50 [0.50-0.99]    |    0.00 [0.00-0.00]     |
|      2930      |       1        |   8.00 [5.00-9.00]    |   0.00 [0.00-0.00]    |  12.23 [11.13-15.78]   |    0.00 [0.00-0.00]    |    0.00 [0.00-0.00]     |
|      2932      |       1        |   5.00 [3.00-9.00]    |   1.00 [1.00-1.00]    |   7.04 [4.28-12.17]    |    0.44 [0.43-0.44]    |    0.00 [0.00-0.04]     |
|      2933      |       1        |   9.00 [6.00-14.16]   |   0.00 [0.00-2.00]    |   6.13 [3.96-10.59]    |    0.00 [0.00-1.17]    |    0.00 [0.00-0.02]     |
|      2934      |       1        |   8.00 [6.00-12.16]   |   4.00 [4.00-5.08]    |   8.15 [6.11-12.38]    |    1.98 [1.95-2.52]    |    0.02 [0.00-0.07]     |
|      2935      |       1        |   6.00 [5.00-11.16]   |   1.00 [1.00-1.00]    |   6.00 [5.00-11.16]    |    0.53 [0.51-0.53]    |    0.01 [0.00-0.02]     |
|      2936      |       1        |   9.00 [8.00-12.16]   |   0.00 [0.00-0.00]    |   9.00 [8.00-12.16]    |    0.00 [0.00-0.00]    |    0.00 [0.00-0.00]     |
|      2937      |       1        |   6.00 [4.00-10.32]   |   0.00 [0.00-0.00]    |   8.77 [6.02-14.79]    |    0.00 [0.00-0.00]    |    0.00 [0.00-0.00]     |
|      2938      |       1        |   6.00 [4.00-10.00]   |   0.00 [0.00-0.00]    |   8.75 [5.99-14.40]    |    0.00 [0.00-0.00]    |    0.00 [0.00-0.00]     |
|      2940      |       1        |   9.00 [7.00-13.00]   |   1.00 [1.00-1.00]    |   12.63 [9.22-17.87]   |    0.44 [0.43-0.45]    |    0.00 [0.00-0.00]     |
|      2941      |       1        |   3.00 [3.00-9.00]    |   0.00 [0.00-0.00]    |   8.64 [8.64-17.63]    |    0.00 [0.00-0.00]    |    0.00 [0.00-0.00]     |
|      2942      |       1        |  10.00 [7.00-14.47]   |   0.00 [0.00-0.16]    |   7.12 [4.86-11.77]    |    0.00 [0.00-0.09]    |    0.00 [0.00-0.01]     |
|      2943      |       1        |   4.00 [3.00-10.00]   |   0.00 [0.00-0.00]    |   5.97 [4.53-14.15]    |    0.00 [0.00-0.00]    |    0.00 [0.00-0.01]     |
|      2944      |       1        |   7.00 [5.00-11.00]   |   0.00 [0.00-0.00]    |   9.89 [6.87-15.83]    |    0.00 [0.00-0.00]    |    0.00 [0.00-0.00]     |
|      2945      |       1        |   7.00 [4.00-12.16]   |   0.00 [0.00-0.00]    |   7.00 [4.00-12.16]    |    0.00 [0.00-0.00]    |    0.00 [0.00-0.02]     |
|      2946      |       1        |   4.00 [2.00-8.32]    |   0.00 [0.00-0.00]    |   10.01 [5.57-15.63]   |    0.00 [0.00-0.00]    |    0.00 [0.00-0.03]     |
|      2947      |       1        |   7.00 [4.00-10.16]   |   0.00 [0.00-0.00]    |   12.14 [8.76-16.65]   |    0.00 [0.00-0.00]    |    0.00 [0.00-0.00]     |
|      2948      |       1        |   8.00 [7.00-12.00]   |   0.00 [0.00-0.00]    |   8.00 [7.00-12.00]    |    0.00 [0.00-0.00]    |    0.00 [0.00-0.00]     |
|      2949      |       1        |   8.00 [6.00-11.16]   |   0.00 [0.00-0.00]    |   8.00 [6.00-11.16]    |    0.00 [0.00-0.00]    |    0.00 [0.00-0.00]     |
|      2950      |       1        |   5.00 [4.00-10.00]   |   0.00 [0.00-0.00]    |   5.00 [4.00-10.00]    |    0.00 [0.00-0.00]    |    0.01 [0.00-0.04]     |
|      2951      |       1        |   5.00 [3.00-9.00]    |   0.00 [0.00-0.00]    |   7.01 [4.17-12.88]    |    0.00 [0.00-0.00]    |    0.00 [0.00-0.01]     |
|      2952      |       1        |   2.00 [2.00-7.00]    |   0.00 [0.00-0.00]    |   5.99 [5.99-15.65]    |    0.00 [0.00-0.00]    |    0.01 [0.00-0.01]     |
|      2953      |       1        |   9.00 [6.00-13.32]   |   0.00 [0.00-0.00]    |   9.00 [6.00-13.32]    |    0.00 [0.00-0.00]    |    0.00 [0.00-0.00]     |
|      2954      |       1        |   9.00 [7.00-13.00]   |   0.00 [0.00-0.00]    |   12.39 [9.64-17.68]   |    0.00 [0.00-0.00]    |    0.00 [0.00-0.00]     |
|      2955      |       1        |  15.00 [11.00-19.00]  |   2.00 [2.00-3.00]    |   10.51 [7.27-14.03]   |    1.35 [1.19-1.98]    |    0.00 [0.00-0.01]     |
|      2956      |       1        |  11.00 [8.00-15.16]   |   0.00 [0.00-2.00]    |   8.64 [7.05-12.12]    |    0.00 [0.00-1.13]    |    0.00 [0.00-0.00]     |
|      2957      |       1        |   6.00 [5.00-10.00]   |   0.00 [0.00-0.00]    |   8.51 [7.16-13.48]    |    0.00 [0.00-0.00]    |    0.00 [0.00-0.00]     |
|      2958      |       1        |   9.50 [8.00-14.16]   |   2.00 [2.00-3.00]    |   9.90 [8.22-14.80]    |    1.30 [1.11-1.83]    |    0.00 [0.00-0.01]     |
|      2959      |       1        |   2.00 [2.00-6.00]    |   0.00 [0.00-0.00]    |   6.00 [6.00-14.65]    |    0.00 [0.00-0.00]    |    0.03 [0.00-0.03]     |
|      2960      |       1        |   6.00 [4.00-10.00]   |   0.00 [0.00-0.00]    |   12.39 [9.71-17.79]   |    0.00 [0.00-0.00]    |    0.00 [0.00-0.00]     |
|      2961      |       1        |   8.00 [6.00-11.16]   |   5.00 [5.00-6.00]    |   11.11 [8.38-16.03]   |    2.44 [2.43-2.90]    |    0.01 [0.00-0.04]     |
|      2962      |       1        |   9.00 [7.00-13.16]   |   2.00 [2.00-2.00]    |   9.00 [7.00-13.16]    |    1.20 [1.09-1.38]    |    0.01 [0.00-0.03]     |
|      2965      |       1        |   8.00 [6.00-12.16]   |   1.00 [1.00-1.16]    |   11.49 [8.41-16.50]   |    0.44 [0.43-0.51]    |    0.00 [0.00-0.00]     |
|      2966      |       1        |   7.00 [6.00-12.00]   |   0.00 [0.00-0.00]    |   7.00 [6.00-12.00]    |    0.00 [0.00-0.00]    |    0.00 [0.00-0.00]     |
|      2967      |       1        |   4.00 [3.00-10.16]   |   0.00 [0.00-0.00]    |   5.94 [4.50-14.41]    |    0.00 [0.00-0.00]    |    0.00 [0.00-0.01]     |
|      2968      |       1        |   7.50 [6.00-14.00]   |   0.00 [0.00-0.00]    |   7.50 [6.00-14.00]    |    0.00 [0.00-0.00]    |    0.00 [0.00-0.00]     |
|      2969      |       1        |   6.00 [4.00-11.00]   |   0.00 [0.00-0.00]    |   6.00 [4.00-11.00]    |    0.00 [0.00-0.00]    |    0.00 [0.00-0.01]     |
|      2970      |       1        |   4.00 [3.00-10.32]   |   0.00 [0.00-0.00]    |   4.00 [3.00-10.32]    |    0.00 [0.00-0.00]    |    0.01 [0.00-0.04]     |
|      2971      |       1        |  10.00 [6.50-14.00]   |   2.00 [2.00-3.00]    |   9.05 [4.81-13.04]    |    1.09 [1.03-1.61]    |    0.00 [0.00-0.11]     |
|      2972      |       1        |   5.00 [4.00-11.00]   |   0.00 [0.00-0.00]    |  13.02 [11.02-18.80]   |    0.00 [0.00-0.00]    |    0.00 [0.00-0.00]     |
|      2973      |       1        |   3.00 [3.00-8.16]    |   0.00 [0.00-0.00]    |    3.00 [3.00-8.16]    |    0.00 [0.00-0.00]    |    0.04 [0.00-0.04]     |
|      2974      |       1        |   3.00 [3.00-10.16]   |   2.00 [2.00-3.00]    |   4.36 [4.24-14.40]    |    0.87 [0.87-1.31]    |    0.08 [0.00-0.15]     |
|      2975      |       1        |   7.00 [5.00-10.16]   |   0.00 [0.00-1.00]    |    5.16 [3.42-8.02]    |    0.00 [0.00-0.62]    |    0.01 [0.00-0.03]     |
|      2976      |       1        |   7.00 [5.00-11.00]   |   0.00 [0.00-0.00]    |   9.32 [6.67-14.97]    |    0.00 [0.00-0.00]    |    0.00 [0.00-0.00]     |
|      2977      |       1        |   5.00 [4.00-10.00]   |   0.00 [0.00-0.00]    |   7.37 [5.93-13.95]    |    0.00 [0.00-0.00]    |    0.00 [0.00-0.00]     |
|      2978      |       1        |   9.00 [6.00-14.00]   |   0.00 [0.00-0.00]    |   9.00 [6.00-14.00]    |    0.00 [0.00-0.00]    |    0.00 [0.00-0.00]     |
|      2979      |       1        |   5.00 [4.00-10.00]   |   1.00 [1.00-1.00]    |   7.32 [5.65-14.06]    |    0.43 [0.43-0.44]    |    0.00 [0.00-0.01]     |
|      2980      |       1        |   8.00 [7.00-12.00]   |   0.00 [0.00-0.00]    |   8.00 [7.00-12.00]    |    0.00 [0.00-0.00]    |    0.00 [0.00-0.00]     |
|      2981      |       1        |  10.00 [7.00-13.32]   |   0.00 [0.00-0.00]    |  14.34 [10.28-18.23]   |    0.00 [0.00-0.00]    |    0.00 [0.00-0.00]     |
|      2982      |       1        |  10.50 [7.50-13.16]   |   1.25 [1.00-1.74]    |  13.89 [10.31-17.58]   |    0.56 [0.44-0.78]    |    0.00 [0.00-0.00]     |
|      2983      |       1        |   9.00 [6.84-13.00]   |   0.00 [0.00-0.00]    |   9.00 [6.84-13.00]    |    0.00 [0.00-0.00]    |    0.00 [0.00-0.00]     |
|      2984      |       1        |   7.00 [6.00-12.00]   |   1.00 [1.00-1.16]    |   9.66 [8.21-16.16]    |    0.44 [0.43-0.52]    |    0.00 [0.00-0.00]     |
|      2985      |       1        |   6.00 [4.00-9.16]    |   3.00 [3.00-4.00]    |   8.90 [6.52-13.69]    |    1.28 [1.28-1.73]    |    0.01 [0.00-0.06]     |
|      2987      |       1        |   8.00 [6.00-13.00]   |   4.00 [4.00-5.00]    |   8.00 [6.00-13.00]    |    2.02 [2.02-2.53]    |    0.02 [0.00-0.08]     |
|      2990      |       1        |   2.00 [2.00-6.00]    |   0.00 [0.00-0.00]    |   5.33 [5.33-13.92]    |    0.00 [0.00-0.00]    |    0.04 [0.00-0.04]     |
|      2991      |       1        |   9.00 [7.00-13.16]   |   1.00 [1.00-2.00]    |   11.84 [8.69-16.59]   |    0.45 [0.45-0.91]    |    0.00 [0.00-0.00]     |
|      2994      |       1        |   6.00 [4.00-10.00]   |   2.00 [2.00-2.16]    |   8.66 [5.91-14.42]    |    0.86 [0.86-0.95]    |    0.00 [0.00-0.03]     |
|      2998      |       1        |   3.00 [3.00-8.16]    |   0.00 [0.00-0.00]    |   9.12 [8.00-19.08]    |    0.00 [0.00-0.00]    |    0.00 [0.00-0.01]     |
|      3000      |       1        |  10.00 [8.00-14.00]   |   4.00 [4.00-5.16]    |   9.37 [7.50-12.76]    |    2.09 [2.06-2.75]    |    0.01 [0.00-0.03]     |
|      3002      |       1        |   5.00 [3.00-8.16]    |   1.00 [1.00-2.00]    |   11.53 [7.92-14.96]   |    0.51 [0.49-1.01]    |    0.00 [0.00-0.03]     |
|      3006      |       1        |   8.00 [6.00-12.16]   |   1.00 [1.00-1.00]    |   8.00 [6.00-12.16]    |    0.50 [0.50-0.50]    |    0.00 [0.00-0.01]     |
|      3007      |       1        |  13.00 [11.00-17.16]  |   0.00 [0.00-3.00]    |   9.52 [7.46-12.64]    |    0.00 [0.00-1.73]    |    0.00 [0.00-0.00]     |
|      3009      |       1        |  10.00 [9.00-13.00]   |   0.00 [0.00-0.00]    |   10.00 [9.00-13.00]   |    0.00 [0.00-0.00]    |    0.00 [0.00-0.00]     |
|      3011      |       1        |   7.75 [6.26-12.50]   |   4.50 [4.50-6.50]    |   7.76 [6.14-12.37]    |    2.28 [2.26-3.23]    |    0.04 [0.00-0.19]     |
|      3013      |       1        |   9.00 [7.00-14.00]   |   0.00 [0.00-0.00]    |   9.00 [7.00-14.00]    |    0.00 [0.00-0.00]    |    0.00 [0.00-0.00]     |
|      3014      |       1        |   4.50 [4.00-8.32]    |   0.00 [0.00-0.00]    |    4.50 [4.00-8.32]    |    0.00 [0.00-0.00]    |    0.01 [0.00-0.01]     |
|      3015      |       1        |  10.00 [8.00-15.00]   |   4.00 [4.00-5.00]    |   10.00 [8.00-15.00]   |    2.01 [2.01-2.52]    |    0.00 [0.00-0.02]     |
|      3016      |       1        |   8.00 [6.00-13.00]   |   0.00 [0.00-0.00]    |   8.00 [6.00-13.00]    |    0.00 [0.00-0.00]    |    0.00 [0.00-0.01]     |
|      3018      |       1        |   7.00 [6.00-12.00]   |   0.00 [0.00-0.00]    |   7.00 [6.00-12.00]    |    0.00 [0.00-0.00]    |    0.00 [0.00-0.00]     |
|      3019      |       1        |  10.00 [7.00-16.00]   |   0.00 [0.00-0.00]    |   10.00 [7.00-16.00]   |    0.00 [0.00-0.00]    |    0.00 [0.00-0.00]     |
|      3021      |       1        |   9.00 [7.00-13.32]   |   1.00 [1.00-1.16]    |   10.43 [7.90-16.04]   |    0.47 [0.46-0.56]    |    0.00 [0.00-0.00]     |
|      3022      |       1        |   9.00 [7.00-15.00]   |   1.00 [1.00-1.16]    |   9.10 [7.08-15.15]    |    0.55 [0.53-0.76]    |    0.00 [0.00-0.00]     |
|      3023      |       1        |  11.00 [8.00-14.00]   |   0.00 [0.00-0.00]    |   10.56 [7.68-13.45]   |    0.00 [0.00-0.00]    |    0.00 [0.00-0.00]     |
|      3024      |       1        |   4.00 [3.00-9.16]    |   0.00 [0.00-0.00]    |   5.99 [4.51-13.37]    |    0.00 [0.00-0.00]    |    0.00 [0.00-0.01]     |
|      3025      |       1        |   6.00 [5.00-11.16]   |   0.00 [0.00-0.00]    |   6.00 [5.00-11.16]    |    0.00 [0.00-0.00]    |    0.00 [0.00-0.00]     |
|      3027      |       1        |  10.00 [8.00-13.00]   |   0.00 [0.00-1.00]    |   8.19 [6.78-10.66]    |    0.00 [0.00-0.54]    |    0.00 [0.00-0.00]     |
|      3028      |       1        |   9.00 [7.00-13.16]   |   0.00 [0.00-0.00]    |   9.00 [7.00-13.16]    |    0.00 [0.00-0.00]    |    0.00 [0.00-0.00]     |
|      3030      |       1        |   6.00 [5.00-11.00]   |   0.00 [0.00-0.00]    |   6.00 [5.00-11.00]    |    0.00 [0.00-0.00]    |    0.00 [0.00-0.00]     |
|      3032      |       1        |   2.00 [2.00-7.00]    |   0.00 [0.00-0.00]    |   6.19 [6.19-16.66]    |    0.00 [0.00-0.00]    |    0.01 [0.00-0.01]     |
|      3033      |       1        |   7.00 [5.00-11.32]   |   0.00 [0.00-0.00]    |   7.00 [5.00-11.32]    |    0.00 [0.00-0.00]    |    0.00 [0.00-0.00]     |
|      3034      |       1        |  12.00 [10.00-16.16]  |   0.00 [0.00-0.00]    |  12.00 [10.00-16.16]   |    0.00 [0.00-0.00]    |    0.00 [0.00-0.00]     |
|      3035      |       1        |   9.00 [6.00-14.16]   |   0.00 [0.00-0.00]    |   9.00 [6.00-14.16]    |    0.00 [0.00-0.00]    |    0.00 [0.00-0.00]     |
|      3036      |       1        |  11.00 [9.00-16.16]   |   0.00 [0.00-0.00]    |   11.00 [9.00-16.16]   |    0.00 [0.00-0.00]    |    0.00 [0.00-0.00]     |
|      3037      |       1        |   6.00 [4.00-12.16]   |   0.00 [0.00-0.00]    |   6.00 [4.00-12.16]    |    0.00 [0.00-0.00]    |    0.00 [0.00-0.01]     |
|      3038      |       1        |   4.00 [3.00-9.47]    |   0.00 [0.00-0.00]    |    4.00 [3.00-9.47]    |    0.00 [0.00-0.00]    |    0.02 [0.00-0.05]     |
|      3039      |       1        |   7.00 [5.00-13.16]   |   0.00 [0.00-0.00]    |   7.00 [5.00-13.16]    |    0.00 [0.00-0.00]    |    0.00 [0.00-0.00]     |
|      3041      |       1        |   7.00 [5.00-12.00]   |   0.00 [0.00-0.00]    |   6.31 [4.29-10.72]    |    0.00 [0.00-0.00]    |    0.00 [0.00-0.01]     |
|      3042      |       1        |   7.00 [5.00-12.00]   |   0.00 [0.00-0.00]    |   10.12 [7.43-16.81]   |    0.00 [0.00-0.00]    |    0.00 [0.00-0.00]     |
|      3043      |       1        |   3.00 [3.00-8.00]    |   0.00 [0.00-0.00]    |    3.00 [3.00-8.00]    |    0.00 [0.00-0.00]    |    0.05 [0.00-0.05]     |
|      3044      |       1        |   6.00 [4.00-10.00]   |   0.00 [0.00-0.00]    |   8.78 [5.79-14.13]    |    0.00 [0.00-0.00]    |    0.00 [0.00-0.00]     |
|      3045      |       1        |   8.50 [7.00-12.00]   |   0.00 [0.00-0.00]    |   8.50 [7.00-12.00]    |    0.00 [0.00-0.00]    |    0.00 [0.00-0.00]     |
|      3046      |       1        |   2.00 [2.00-9.16]    |   0.00 [0.00-0.00]    |   5.68 [5.68-16.98]    |    0.00 [0.00-0.00]    |    0.01 [0.00-0.01]     |
|      3047      |       1        |   9.00 [7.00-13.00]   |   0.00 [0.00-0.00]    |   9.00 [7.00-13.00]    |    0.00 [0.00-0.00]    |    0.00 [0.00-0.00]     |
|      3048      |       1        |   6.00 [4.00-10.00]   |   0.00 [0.00-0.00]    |   6.00 [4.00-10.00]    |    0.00 [0.00-0.00]    |    0.00 [0.00-0.01]     |
|      3049      |       1        |   3.00 [3.00-8.00]    |   0.00 [0.00-0.00]    |    3.00 [3.00-8.00]    |    0.00 [0.00-0.00]    |    0.04 [0.00-0.04]     |
|      3050      |       1        |  10.00 [7.00-14.00]   |   0.00 [0.00-0.00]    |   10.00 [7.00-14.00]   |    0.00 [0.00-0.00]    |    0.00 [0.00-0.00]     |
|      3051      |       1        |   7.00 [5.00-12.00]   |   4.00 [4.00-5.00]    |   8.24 [5.75-14.20]    |    1.86 [1.83-2.33]    |    0.02 [0.00-0.09]     |
|      3053      |       1        |  12.00 [9.00-19.00]   |   0.00 [0.00-1.16]    |   7.99 [5.74-12.44]    |    0.00 [0.00-0.81]    |    0.00 [0.00-0.01]     |
|      3054      |       1        |   7.00 [5.00-13.00]   |   1.00 [1.00-2.08]    |   4.97 [3.48-10.12]    |    0.63 [0.57-1.27]    |    0.02 [0.00-0.09]     |
|      3056      |       1        |   7.00 [5.00-11.00]   |   0.00 [0.00-0.00]    |   7.00 [5.00-11.00]    |    0.00 [0.00-0.00]    |    0.00 [0.00-0.01]     |
|      3057      |       1        |   7.00 [5.00-11.00]   |   0.00 [0.00-0.00]    |   10.04 [7.34-15.58]   |    0.00 [0.00-0.00]    |    0.00 [0.00-0.00]     |
|      3059      |       1        |  12.00 [10.00-16.16]  |   1.00 [1.00-1.00]    |  12.04 [10.03-16.21]   |    0.50 [0.50-0.50]    |    0.00 [0.00-0.00]     |
|      3060      |       1        |   8.75 [7.00-12.16]   |   1.00 [1.00-3.58]    |   6.59 [5.11-10.04]    |    0.62 [0.59-2.07]    |    0.01 [0.00-0.03]     |
|      3062      |       1        |   3.00 [2.92-5.58]    |   4.00 [4.00-5.08]    |   7.44 [7.27-12.46]    |    1.58 [1.58-2.06]    |    0.06 [0.00-0.10]     |
|      3063      |       1        |   7.00 [5.00-11.00]   |   5.00 [5.00-6.00]    |   9.44 [6.98-15.01]    |    2.23 [2.20-2.72]    |    0.01 [0.00-0.07]     |
|      3064      |       1        |   4.00 [3.00-8.16]    |   2.00 [2.00-2.00]    |   5.96 [4.42-11.80]    |    0.86 [0.86-0.88]    |    0.03 [0.00-0.08]     |
|      3068      |       1        |   5.00 [3.00-9.16]    |   2.00 [2.00-4.00]    |   6.87 [4.95-12.10]    |    1.08 [1.05-2.05]    |    0.02 [0.00-0.15]     |
|      3069      |       1        |   7.00 [5.00-13.16]   |   2.00 [2.00-2.00]    |   7.00 [5.00-13.16]    |    1.01 [1.00-1.01]    |    0.01 [0.00-0.05]     |
|      3071      |       1        |   8.00 [5.50-12.08]   |   3.00 [3.00-4.00]    |   8.64 [5.93-13.03]    |    1.45 [1.45-1.98]    |    0.01 [0.00-0.07]     |
|      3072      |       1        |   7.00 [5.00-12.00]   |   0.00 [0.00-1.00]    |    4.58 [3.19-8.08]    |    0.00 [0.00-0.69]    |    0.02 [0.00-0.12]     |
|      3073      |       1        |   4.00 [3.00-9.00]    |   0.00 [0.00-0.00]    |   5.92 [4.50-12.58]    |    0.00 [0.00-0.00]    |    0.00 [0.00-0.01]     |
|      3074      |       1        |   9.00 [6.00-14.16]   |   0.00 [0.00-2.00]    |   6.83 [4.94-10.61]    |    0.00 [0.00-1.21]    |    0.00 [0.00-0.03]     |
|      3075      |       1        |  10.00 [8.00-13.16]   |   0.00 [0.00-0.00]    |   10.00 [8.00-13.16]   |    0.00 [0.00-0.00]    |    0.00 [0.00-0.00]     |
|      3076      |       1        |   9.00 [8.00-12.00]   |   0.00 [0.00-0.00]    |   9.00 [8.00-12.00]    |    0.00 [0.00-0.00]    |    0.00 [0.00-0.00]     |
|      3077      |       1        |   5.50 [4.50-12.50]   |   3.50 [3.50-3.50]    |   7.97 [6.55-16.57]    |    1.52 [1.52-1.56]    |    0.02 [0.00-0.05]     |
|      3078      |       1        |   8.00 [5.00-13.00]   |   0.00 [0.00-0.00]    |   8.00 [5.00-13.00]    |    0.00 [0.00-0.00]    |    0.00 [0.00-0.00]     |
|      3079      |       1        |  12.00 [9.00-16.00]   |   0.00 [0.00-0.00]    |   12.00 [9.00-16.00]   |    0.00 [0.00-0.00]    |    0.00 [0.00-0.00]     |
|      3080      |       1        |  10.00 [7.00-15.00]   |   0.00 [0.00-1.16]    |   6.65 [4.51-10.43]    |    0.00 [0.00-0.79]    |    0.00 [0.00-0.03]     |
|      3081      |       1        |   5.00 [4.00-9.16]    |   0.00 [0.00-0.00]    |   7.37 [5.87-13.26]    |    0.00 [0.00-0.00]    |    0.00 [0.00-0.00]     |
|      3083      |       1        |   7.00 [5.00-10.16]   |   0.00 [0.00-0.00]    |   7.00 [5.00-10.16]    |    0.00 [0.00-0.00]    |    0.00 [0.00-0.00]     |
|      3085      |       1        |   7.00 [5.84-11.00]   |   0.00 [0.00-0.00]    |   10.04 [7.84-15.12]   |    0.00 [0.00-0.00]    |    0.00 [0.00-0.00]     |
|      3086      |       1        |   9.00 [6.00-12.16]   |   0.00 [0.00-0.00]    |   9.00 [6.00-12.16]    |    0.00 [0.00-0.00]    |    0.00 [0.00-0.00]     |
|      3087      |       1        |   8.00 [6.00-12.16]   |   1.00 [1.00-2.00]    |   7.83 [6.16-12.40]    |    0.49 [0.49-1.00]    |    0.00 [0.00-0.02]     |
|      3088      |       1        |   5.00 [4.00-9.58]    |   1.00 [1.00-1.50]    |    5.11 [4.09-9.76]    |    0.50 [0.50-0.75]    |    0.02 [0.00-0.04]     |
|      3090      |       1        |   8.00 [6.00-11.00]   |   0.00 [0.00-0.00]    |   11.24 [8.40-15.27]   |    0.00 [0.00-0.00]    |    0.00 [0.00-0.00]     |
|      3091      |       1        |   7.00 [6.00-11.00]   |   0.00 [0.00-0.00]    |   10.25 [8.65-15.78]   |    0.00 [0.00-0.00]    |    0.00 [0.00-0.00]     |
|      3092      |       1        |   5.00 [4.00-9.16]    |   0.00 [0.00-0.00]    |   7.30 [5.77-12.67]    |    0.00 [0.00-0.00]    |    0.00 [0.00-0.00]     |
|      3093      |       1        |   2.00 [2.00-8.00]    |   0.00 [0.00-0.00]    |   5.68 [5.68-16.79]    |    0.00 [0.00-0.00]    |    0.02 [0.00-0.02]     |
|      3095      |       1        |   4.50 [3.00-9.00]    |   1.00 [1.00-1.00]    |   6.41 [4.29-12.74]    |    0.43 [0.43-0.44]    |    0.01 [0.00-0.04]     |
|      3096      |       1        |   9.00 [5.50-12.50]   |   4.00 [4.00-6.00]    |   10.23 [6.29-13.92]   |    1.91 [1.89-2.82]    |    0.00 [0.00-0.13]     |
|      3097      |       1        |  11.00 [8.00-15.00]   |   0.00 [0.00-0.00]    |   11.00 [8.00-15.00]   |    0.00 [0.00-0.00]    |    0.00 [0.00-0.00]     |
|      3098      |       1        |   2.00 [2.00-7.00]    |   0.00 [0.00-0.00]    |   3.01 [3.01-10.26]    |    0.00 [0.00-0.00]    |    0.05 [0.00-0.05]     |
|      3099      |       1        |  10.50 [8.00-13.00]   |   0.00 [0.00-0.00]    |   10.50 [8.00-13.00]   |    0.00 [0.00-0.00]    |    0.00 [0.00-0.00]     |
|      3100      |       1        |   6.00 [4.00-10.00]   |   0.00 [0.00-0.00]    |   6.00 [4.00-10.00]    |    0.00 [0.00-0.00]    |    0.00 [0.00-0.01]     |
|      3101      |       1        |   8.00 [6.00-11.00]   |   0.00 [0.00-0.00]    |   8.00 [6.00-11.00]    |    0.00 [0.00-0.00]    |    0.00 [0.00-0.00]     |
|      3102      |       1        |   7.00 [5.00-11.00]   |   0.00 [0.00-0.00]    |   9.79 [7.25-15.60]    |    0.00 [0.00-0.00]    |    0.00 [0.00-0.00]     |
|      3104      |       1        |   8.50 [5.00-17.00]   |   0.00 [0.00-0.00]    |   5.41 [3.08-10.83]    |    0.00 [0.00-0.00]    |    0.00 [0.00-0.05]     |
|      3105      |       1        |  10.00 [8.00-15.00]   |   0.00 [0.00-0.00]    |   10.00 [8.00-15.00]   |    0.00 [0.00-0.00]    |    0.00 [0.00-0.00]     |
|      3106      |       1        |  14.00 [11.00-18.00]  |   0.00 [0.00-2.00]    |   9.98 [7.51-13.37]    |    0.00 [0.00-1.27]    |    0.00 [0.00-0.00]     |
|      3107      |       1        |   2.00 [2.00-7.00]    |   0.00 [0.00-0.00]    |   6.06 [6.06-14.52]    |    0.00 [0.00-0.00]    |    0.01 [0.00-0.01]     |
|      3108      |       1        |   4.00 [3.00-7.16]    |   4.00 [4.00-5.00]    |   7.71 [5.99-13.70]    |    1.61 [1.56-2.02]    |    0.04 [0.00-0.11]     |
|      3109      |       1        |   8.00 [7.00-13.16]   |   1.00 [1.00-1.00]    |   8.00 [7.00-13.16]    |    0.50 [0.50-0.50]    |    0.00 [0.00-0.00]     |
|      3110      |       1        |   8.00 [7.00-12.00]   |   0.00 [0.00-0.00]    |   8.00 [7.00-12.00]    |    0.00 [0.00-0.00]    |    0.00 [0.00-0.00]     |
|      3111      |       1        |   9.00 [6.92-12.00]   |   3.00 [3.00-4.50]    |   11.32 [8.44-15.36]   |    1.39 [1.36-2.00]    |    0.00 [0.00-0.01]     |
|      3112      |       1        |  10.00 [8.00-14.00]   |   0.00 [0.00-0.00]    |   10.00 [8.00-14.00]   |    0.00 [0.00-0.00]    |    0.00 [0.00-0.00]     |
|      3113      |       1        |   8.50 [5.84-13.00]   |   3.50 [3.00-5.00]    |   9.77 [6.87-15.19]    |    1.67 [1.40-2.24]    |    0.00 [0.00-0.06]     |
|      3115      |       1        |   7.00 [5.00-11.16]   |   0.00 [0.00-1.00]    |    4.61 [3.22-7.79]    |    0.00 [0.00-0.70]    |    0.02 [0.00-0.04]     |
|      3116      |       1        |   7.00 [5.00-12.16]   |   0.00 [0.00-0.00]    |   7.00 [5.00-12.16]    |    0.00 [0.00-0.00]    |    0.00 [0.00-0.00]     |
|      3117      |       1        |   4.00 [4.00-8.16]    |   1.00 [1.00-2.00]    |   5.93 [5.78-11.73]    |    0.43 [0.43-0.86]    |    0.01 [0.00-0.01]     |
|      3118      |       1        |  13.00 [10.84-17.16]  |   0.00 [0.00-1.00]    |   10.38 [7.44-13.62]   |    0.00 [0.00-0.60]    |    0.00 [0.00-0.00]     |
|      3119      |       1        |   5.00 [3.00-8.16]    |   0.00 [0.00-0.00]    |   7.27 [4.34-12.01]    |    0.00 [0.00-0.00]    |    0.00 [0.00-0.01]     |
|      3120      |       1        |   7.00 [6.00-10.00]   |   0.00 [0.00-0.00]    |   9.97 [8.08-14.10]    |    0.00 [0.00-0.00]    |    0.00 [0.00-0.00]     |
|      3121      |       1        |   5.00 [4.00-10.16]   |   0.00 [0.00-0.00]    |   7.38 [5.98-14.59]    |    0.00 [0.00-0.00]    |    0.00 [0.00-0.00]     |
|      3122      |       1        |   7.00 [5.00-12.00]   |   0.00 [0.00-0.00]    |   7.00 [5.00-12.00]    |    0.00 [0.00-0.00]    |    0.00 [0.00-0.00]     |
|      3123      |       1        |   5.00 [4.00-10.16]   |   0.00 [0.00-0.00]    |   7.49 [6.02-14.68]    |    0.00 [0.00-0.00]    |    0.00 [0.00-0.00]     |
|      3124      |       1        |   7.00 [5.00-11.16]   |   0.00 [0.00-0.00]    |   7.00 [5.00-11.16]    |    0.00 [0.00-0.00]    |    0.00 [0.00-0.00]     |
|      3125      |       1        |   4.00 [3.00-10.00]   |   0.00 [0.00-0.00]    |   5.96 [4.52-14.38]    |    0.00 [0.00-0.00]    |    0.00 [0.00-0.01]     |
|      3126      |       1        |   5.00 [4.00-12.00]   |   0.00 [0.00-0.00]    |   7.40 [5.95-16.49]    |    0.00 [0.00-0.00]    |    0.00 [0.00-0.00]     |
|      3128      |       1        |   7.00 [5.00-11.00]   |   0.00 [0.00-0.00]    |   7.00 [5.00-11.00]    |    0.00 [0.00-0.00]    |    0.00 [0.00-0.00]     |
|      3129      |       1        |   3.50 [3.50-8.58]    |   1.50 [1.00-1.50]    |   9.57 [9.56-17.84]    |    0.57 [0.38-0.60]    |    0.01 [0.00-0.01]     |
|      3130      |       1        |  10.00 [7.84-14.32]   |   0.00 [0.00-2.00]    |   6.85 [5.20-10.82]    |    0.00 [0.00-1.26]    |    0.00 [0.00-0.02]     |
|      3131      |       1        |   7.00 [5.00-14.16]   |   0.00 [0.00-0.00]    |   10.22 [7.41-19.80]   |    0.00 [0.00-0.00]    |    0.00 [0.00-0.00]     |
|      3133      |       1        |   7.00 [5.00-10.00]   |   0.00 [0.00-0.00]    |   9.70 [6.91-14.21]    |    0.00 [0.00-0.00]    |    0.00 [0.00-0.00]     |
|      3134      |       1        |   9.00 [6.00-12.00]   |   0.00 [0.00-0.00]    |   9.00 [6.00-12.00]    |    0.00 [0.00-0.00]    |    0.00 [0.00-0.00]     |
|      3135      |       1        |   7.00 [6.00-14.00]   |   0.00 [0.00-0.00]    |   7.00 [6.00-14.00]    |    0.00 [0.00-0.00]    |    0.00 [0.00-0.01]     |
|      3136      |       1        |   8.00 [6.00-12.16]   |   0.00 [0.00-0.00]    |   8.00 [6.00-12.16]    |    0.00 [0.00-0.00]    |    0.00 [0.00-0.00]     |
|      3137      |       1        |   8.00 [6.00-11.16]   |   0.00 [0.00-0.00]    |   10.64 [7.99-14.93]   |    0.00 [0.00-0.00]    |    0.00 [0.00-0.00]     |
|      3138      |       1        |   9.00 [7.00-12.16]   |   0.00 [0.00-0.00]    |   12.18 [9.29-17.26]   |    0.00 [0.00-0.00]    |    0.00 [0.00-0.00]     |
|      3139      |       1        |   7.00 [5.00-11.16]   |   0.00 [0.00-0.00]    |   9.57 [7.28-15.83]    |    0.00 [0.00-0.00]    |    0.00 [0.00-0.00]     |
|      3141      |       1        |   9.00 [7.00-13.00]   |   0.00 [0.00-1.00]    |    6.16 [4.73-9.01]    |    0.00 [0.00-0.65]    |    0.00 [0.00-0.01]     |
|      3142      |       1        |   7.50 [5.50-11.66]   |   2.50 [2.50-2.66]    |   10.74 [8.00-16.39]   |    1.09 [1.08-1.17]    |    0.00 [0.00-0.01]     |
|      3143      |       1        |   7.00 [5.00-11.16]   |   3.00 [3.00-4.00]    |   9.65 [6.77-15.12]    |    1.32 [1.30-1.76]    |    0.00 [0.00-0.03]     |
|      3144      |       1        |  11.00 [9.84-13.00]   |   0.00 [0.00-0.00]    |  15.92 [14.78-20.43]   |    0.00 [0.00-0.00]    |    0.00 [0.00-0.00]     |
|      3146      |       1        |   6.00 [4.00-11.00]   |   0.00 [0.00-0.00]    |   8.44 [5.71-15.04]    |    0.00 [0.00-0.00]    |    0.00 [0.00-0.00]     |
|      3147      |       1        |   8.50 [6.00-12.00]   |   0.00 [0.00-0.00]    |   11.83 [8.55-16.98]   |    0.00 [0.00-0.00]    |    0.00 [0.00-0.00]     |
|      3151      |       1        |   4.00 [3.00-9.00]    |   0.00 [0.00-0.00]    |    4.00 [3.00-9.00]    |    0.00 [0.00-0.00]    |    0.04 [0.00-0.09]     |
|      3152      |       1        |  10.00 [7.50-15.16]   |   2.00 [2.00-3.00]    |   10.37 [7.73-15.59]   |    1.37 [1.16-1.97]    |    0.00 [0.00-0.04]     |
|      3157      |       1        |   4.00 [4.00-8.74]    |   6.00 [5.50-6.50]    |   7.56 [7.20-13.26]    |    2.45 [2.26-2.78]    |    0.08 [0.00-0.12]     |
|      3158      |       1        |   7.00 [5.84-12.32]   |   0.00 [0.00-0.00]    |   7.00 [5.84-12.32]    |    0.00 [0.00-0.00]    |    0.00 [0.00-0.00]     |
|      3160      |       1        |   9.00 [6.00-14.00]   |   0.00 [0.00-0.00]    |   9.00 [6.00-14.00]    |    0.00 [0.00-0.00]    |    0.00 [0.00-0.00]     |
|      3162      |       1        |   9.00 [7.00-12.00]   |   1.00 [1.00-1.00]    |   9.00 [7.00-12.00]    |    0.50 [0.50-0.52]    |    0.00 [0.00-0.00]     |
|      3164      |       1        |  12.00 [9.00-16.16]   |   1.00 [0.00-3.00]    |   9.17 [7.22-13.98]    |    0.63 [0.00-1.59]    |    0.00 [0.00-0.00]     |
|      3165      |       1        |   6.50 [5.50-9.50]    |   5.50 [5.50-6.50]    |   8.64 [6.83-12.57]    |    2.49 [2.45-2.92]    |    0.04 [0.00-0.10]     |
|      3166      |       1        |   7.50 [5.00-12.50]   |   4.00 [3.50-5.50]    |   9.63 [6.22-15.99]    |    1.80 [1.58-2.46]    |    0.01 [0.00-0.07]     |
|      3167      |       1        |   7.00 [6.00-14.00]   |   1.00 [1.00-1.00]    |   7.10 [6.09-14.20]    |    0.71 [0.58-0.75]    |    0.01 [0.00-0.03]     |
|      3168      |       1        |   4.00 [3.00-8.16]    |   1.00 [1.00-1.00]    |   5.94 [4.42-11.76]    |    0.50 [0.50-0.50]    |    0.02 [0.00-0.05]     |
|      3169      |       1        |  10.00 [7.00-15.16]   |   2.00 [1.00-2.00]    |   7.64 [5.02-11.28]    |    1.15 [0.58-1.25]    |    0.00 [0.00-0.06]     |
|      3170      |       1        |   5.00 [4.00-10.32]   |   0.00 [0.00-0.00]    |   5.00 [4.00-10.32]    |    0.00 [0.00-0.00]    |    0.00 [0.00-0.01]     |
|      3171      |       1        |  12.00 [10.00-16.00]  |   1.00 [0.00-2.16]    |   10.80 [8.46-14.25]   |    0.54 [0.00-1.24]    |    0.00 [0.00-0.00]     |
|      3173      |       1        |   3.00 [3.00-8.00]    |   0.00 [0.00-0.00]    |    3.00 [3.00-8.00]    |    0.00 [0.00-0.00]    |    0.10 [0.00-0.10]     |
|      3174      |       1        |   4.50 [3.50-10.00]   |   2.00 [2.00-3.50]    |   10.12 [8.70-15.96]   |    0.80 [0.79-1.35]    |    0.01 [0.00-0.03]     |
|      3175      |       1        |  12.00 [9.00-15.16]   |   0.00 [0.00-0.00]    |   12.00 [9.00-15.16]   |    0.00 [0.00-0.00]    |    0.00 [0.00-0.00]     |
|      3176      |       1        |   3.00 [3.00-7.00]    |   0.00 [0.00-0.00]    |   4.49 [4.37-10.23]    |    0.00 [0.00-0.00]    |    0.01 [0.00-0.01]     |
|      3177      |       1        |   9.00 [7.00-14.16]   |   0.00 [0.00-1.16]    |   7.80 [5.67-12.71]    |    0.00 [0.00-0.64]    |    0.00 [0.00-0.00]     |
|      3179      |       1        |   9.00 [6.00-13.00]   |   0.00 [0.00-0.00]    |   9.00 [6.00-13.00]    |    0.00 [0.00-0.00]    |    0.00 [0.00-0.00]     |
|      3180      |       1        |   5.00 [4.00-9.00]    |   0.00 [0.00-0.00]    |   7.27 [5.79-12.77]    |    0.00 [0.00-0.00]    |    0.00 [0.00-0.00]     |
|      3181      |       1        |   5.00 [4.00-11.00]   |   0.00 [0.00-0.00]    |   7.39 [5.98-15.33]    |    0.00 [0.00-0.00]    |    0.00 [0.00-0.00]     |
|      3184      |       1        |   6.00 [4.00-10.00]   |   0.00 [0.00-0.00]    |   8.59 [5.93-13.81]    |    0.00 [0.00-0.00]    |    0.00 [0.00-0.00]     |
|      3185      |       1        |  11.00 [9.00-15.00]   |   4.00 [3.00-6.86]    |   8.96 [6.83-12.38]    |    2.28 [1.77-3.60]    |    0.02 [0.00-0.10]     |
|      3186      |       1        |   9.00 [7.00-13.00]   |   0.00 [0.00-0.00]    |   12.54 [9.67-18.44]   |    0.00 [0.00-0.00]    |    0.00 [0.00-0.00]     |
|      3187      |       1        |   5.00 [3.00-8.00]    |   0.00 [0.00-0.00]    |   7.05 [4.28-10.77]    |    0.00 [0.00-0.00]    |    0.00 [0.00-0.01]     |
|      3188      |       1        |   2.00 [2.00-6.00]    |   0.00 [0.00-0.00]    |   6.12 [6.12-14.92]    |    0.00 [0.00-0.00]    |    0.01 [0.00-0.01]     |
|      3189      |       1        |   7.00 [6.00-12.32]   |   3.00 [3.00-4.00]    |   7.00 [6.00-12.32]    |    1.50 [1.50-2.00]    |    0.02 [0.00-0.04]     |
|      3192      |       1        |   7.00 [6.00-9.00]    |   3.00 [3.00-3.00]    |   8.25 [7.07-10.66]    |    1.42 [1.42-1.43]    |    0.01 [0.00-0.02]     |
|      3193      |       1        |   9.00 [7.00-13.00]   |   1.00 [1.00-1.50]    |   9.31 [7.18-13.36]    |    0.54 [0.53-0.84]    |    0.00 [0.00-0.01]     |
|      3200      |       1        |   7.00 [5.00-14.00]   |   0.00 [0.00-0.00]    |    4.41 [3.09-8.92]    |    0.00 [0.00-0.00]    |    0.01 [0.00-0.05]     |
|      3201      |       1        |   9.50 [7.00-12.58]   |   6.00 [5.00-8.00]    |   8.37 [6.11-11.10]    |    3.44 [2.77-4.50]    |    0.08 [0.01-0.32]     |
|      3202      |       1        |   7.50 [5.50-10.50]   |   7.50 [7.50-8.50]    |   10.20 [7.39-14.28]   |    3.31 [3.27-3.81]    |    0.03 [0.00-0.14]     |
|      3203      |       1        |   9.00 [7.00-13.16]   |   1.00 [1.00-1.00]    |   9.02 [7.02-13.19]    |    0.50 [0.50-0.50]    |    0.00 [0.00-0.00]     |
|      3204      |       1        |   7.00 [4.00-13.00]   |   1.00 [0.00-3.00]    |   6.28 [3.25-10.73]    |    0.53 [0.00-1.65]    |    0.00 [0.00-0.10]     |
|      3205      |       1        |   6.50 [5.50-10.50]   |   3.50 [3.50-4.50]    |   9.28 [7.27-14.33]    |    1.54 [1.52-1.98]    |    0.01 [0.00-0.03]     |
|      3206      |       1        |   4.00 [3.00-11.00]   |   0.00 [0.00-0.00]    |   4.00 [3.00-11.00]    |    0.00 [0.00-0.00]    |    0.01 [0.00-0.04]     |
|      3207      |       1        |   7.00 [5.00-12.00]   |   0.00 [0.00-0.00]    |   7.00 [5.00-12.00]    |    0.00 [0.00-0.00]    |    0.00 [0.00-0.00]     |
|      3208      |       1        |   8.00 [6.00-14.16]   |   2.00 [2.00-3.00]    |   8.00 [6.00-14.16]    |    1.01 [1.01-1.51]    |    0.00 [0.00-0.02]     |
|      3209      |       1        |  11.50 [9.92-14.58]   |   4.00 [4.00-5.66]    |   9.80 [7.67-12.67]    |    2.33 [2.20-3.14]    |    0.01 [0.00-0.04]     |
|      3210      |       1        |   6.00 [5.00-10.16]   |   0.00 [0.00-0.00]    |   6.00 [5.00-10.16]    |    0.00 [0.00-0.00]    |    0.00 [0.00-0.00]     |
|      3211      |       1        |   7.50 [6.00-11.00]   |   3.00 [3.00-3.16]    |   7.96 [6.44-11.78]    |    1.50 [1.50-1.58]    |    0.01 [0.00-0.03]     |
|      3213      |       1        |   4.00 [4.00-10.00]   |   0.00 [0.00-0.00]    |   5.92 [5.77-14.39]    |    0.00 [0.00-0.00]    |    0.00 [0.00-0.00]     |
|      3214      |       1        |   3.50 [3.00-9.00]    |   0.00 [0.00-0.00]    |   5.18 [4.50-12.51]    |    0.00 [0.00-0.00]    |    0.01 [0.00-0.02]     |
|      3215      |       1        |   8.50 [5.92-13.08]   |   3.50 [3.00-5.00]    |   8.95 [5.97-13.42]    |    1.70 [1.44-2.44]    |    0.01 [0.00-0.07]     |
|      3216      |       1        |   4.00 [4.00-9.00]    |   0.00 [0.00-0.00]    |    4.00 [4.00-9.00]    |    0.00 [0.00-0.00]    |    0.02 [0.00-0.02]     |
|      3218      |       1        |   9.00 [7.00-13.00]   |   1.00 [1.00-1.00]    |   13.42 [9.91-19.10]   |    0.43 [0.42-0.44]    |    0.00 [0.00-0.00]     |
|      3219      |       1        |   5.00 [4.00-10.32]   |   3.00 [3.00-4.00]    |   6.69 [5.40-13.60]    |    1.40 [1.37-1.86]    |    0.03 [0.00-0.08]     |
|      3220      |       1        |   6.00 [5.00-11.00]   |   4.00 [4.00-5.16]    |   7.99 [6.57-13.98]    |    1.80 [1.78-2.37]    |    0.02 [0.00-0.08]     |
|      3222      |       1        |  13.00 [10.83-17.16]  |   2.00 [2.00-3.08]    |   11.15 [8.41-14.94]   |    1.10 [1.07-1.84]    |    0.00 [0.00-0.01]     |
|      3226      |       1        |  10.00 [7.00-15.32]   |   0.00 [0.00-0.00]    |   10.00 [7.00-15.32]   |    0.00 [0.00-0.00]    |    0.00 [0.00-0.00]     |
|      3227      |       1        |   6.00 [5.00-11.00]   |   2.00 [2.00-2.00]    |   6.07 [5.06-11.13]    |    1.09 [1.05-1.12]    |    0.02 [0.00-0.06]     |
|      3228      |       1        |   4.00 [3.00-9.00]    |   2.00 [2.00-2.00]    |   5.89 [4.47-12.60]    |    0.86 [0.86-0.88]    |    0.03 [0.00-0.08]     |
|      3234      |       1        |   8.00 [6.00-12.00]   |   1.00 [1.00-1.00]    |   11.42 [7.98-16.76]   |    0.44 [0.43-0.45]    |    0.00 [0.00-0.00]     |
|      3235      |       1        |   8.00 [6.00-13.16]   |   0.00 [0.00-0.00]    |   11.41 [8.43-18.38]   |    0.00 [0.00-0.00]    |    0.00 [0.00-0.00]     |
|      3236      |       1        |   2.00 [2.00-6.47]    |   0.00 [0.00-0.00]    |   5.88 [5.88-15.28]    |    0.00 [0.00-0.00]    |    0.01 [0.00-0.01]     |
|      3237      |       1        |   8.00 [6.00-11.16]   |   3.00 [3.00-4.00]    |   8.00 [6.00-11.16]    |    1.50 [1.50-2.00]    |    0.01 [0.00-0.04]     |
|      3238      |       1        |   7.00 [5.00-10.00]   |   0.00 [0.00-0.00]    |   9.29 [6.65-13.31]    |    0.00 [0.00-0.00]    |    0.00 [0.00-0.00]     |
|      3240      |       1        |   5.00 [4.00-9.16]    |   0.00 [0.00-0.00]    |    5.00 [4.00-9.16]    |    0.00 [0.00-0.00]    |    0.00 [0.00-0.01]     |
|      3241      |       1        |  11.00 [8.00-16.00]   |   0.00 [0.00-1.16]    |   7.11 [5.18-10.68]    |    0.00 [0.00-0.78]    |    0.00 [0.00-0.01]     |
|      3242      |       1        |  10.00 [8.00-14.16]   |   5.00 [5.00-6.16]    |   8.84 [6.86-12.50]    |    2.74 [2.67-3.37]    |    0.02 [0.00-0.09]     |
|      3245      |       1        |   5.00 [4.00-9.16]    |   1.00 [1.00-1.00]    |   7.29 [5.74-12.93]    |    0.50 [0.50-0.50]    |    0.01 [0.00-0.02]     |
|      3246      |       1        |   9.00 [7.00-12.58]   |   2.00 [2.00-3.00]    |   10.26 [8.11-14.17]   |    0.94 [0.92-1.39]    |    0.00 [0.00-0.01]     |
|      3247      |       1        |  10.00 [8.00-13.00]   |   3.00 [3.00-4.00]    |  12.62 [10.21-16.76]   |    1.35 [1.32-1.82]    |    0.00 [0.00-0.00]     |
|      3248      |       1        |   4.00 [4.00-10.00]   |   1.00 [1.00-2.00]    |   4.00 [4.00-10.00]    |    0.50 [0.50-1.00]    |    0.05 [0.00-0.05]     |
|      3249      |       1        |   8.00 [6.00-11.00]   |   0.00 [0.00-0.00]    |   8.00 [6.00-11.00]    |    0.00 [0.00-0.00]    |    0.00 [0.00-0.01]     |
|      3250      |       1        |   9.00 [7.00-12.32]   |   2.00 [2.00-2.16]    |  11.98 [10.06-17.37]   |    0.89 [0.88-0.97]    |    0.00 [0.00-0.00]     |
|      3252      |       1        |   8.25 [5.92-12.82]   |   3.00 [2.50-4.58]    |   9.40 [6.37-14.44]    |    1.45 [1.19-2.21]    |    0.00 [0.00-0.06]     |
|      3253      |       1        |   8.00 [7.00-13.00]   |   3.00 [3.00-4.00]    |   8.04 [7.03-13.05]    |    1.52 [1.51-2.05]    |    0.01 [0.00-0.02]     |
|      3255      |       1        |   7.00 [5.00-11.16]   |   3.00 [3.00-3.32]    |   9.36 [6.80-15.97]    |    1.34 [1.32-1.49]    |    0.00 [0.00-0.03]     |
|      3256      |       1        |   9.00 [6.00-12.00]   |   1.00 [1.00-1.00]    |   12.13 [8.89-17.18]   |    0.44 [0.43-0.44]    |    0.00 [0.00-0.00]     |
|      3258      |       1        |   7.00 [5.00-12.16]   |   0.00 [0.00-0.00]    |   7.00 [5.00-12.16]    |    0.00 [0.00-0.00]    |    0.00 [0.00-0.00]     |
|      3265      |       1        |   8.00 [6.00-11.16]   |   0.00 [0.00-0.00]    |   8.00 [6.00-11.16]    |    0.00 [0.00-0.00]    |    0.00 [0.00-0.00]     |
|      3266      |       1        |   5.00 [4.00-10.00]   |   2.00 [2.00-2.00]    |   11.05 [9.16-17.74]   |    0.79 [0.78-0.86]    |    0.00 [0.00-0.01]     |
|      3267      |       1        |   8.00 [6.00-13.16]   |   0.00 [0.00-0.00]    |   8.00 [6.00-13.16]    |    0.00 [0.00-0.00]    |    0.00 [0.00-0.00]     |
|      3272      |       1        |  11.75 [9.50-16.52]   |   6.50 [6.50-8.58]    |   9.75 [7.55-15.13]    |    3.80 [3.63-4.85]    |    0.04 [0.00-0.14]     |
|      3274      |       1        |   5.50 [3.00-11.32]   |   0.00 [0.00-0.00]    |   5.50 [3.00-11.32]    |    0.00 [0.00-0.00]    |    0.00 [0.00-0.04]     |
|      3275      |       1        |  13.00 [10.00-17.00]  |   1.00 [0.00-2.16]    |   9.20 [7.14-13.05]    |    0.60 [0.00-1.35]    |    0.00 [0.00-0.00]     |
|      3277      |       1        |   8.50 [7.00-12.58]   |   6.00 [6.00-7.58]    |   9.28 [7.61-14.03]    |    2.89 [2.84-3.63]    |    0.03 [0.00-0.07]     |
|      3278      |       1        |  10.00 [6.84-13.16]   |   1.00 [1.00-1.00]    |   10.00 [6.84-13.16]   |    0.50 [0.50-0.50]    |    0.00 [0.00-0.00]     |
|      3281      |       1        |   7.00 [5.00-12.16]   |   0.00 [0.00-0.00]    |   7.00 [5.00-12.16]    |    0.00 [0.00-0.00]    |    0.00 [0.00-0.01]     |
|      3282      |       1        |   7.00 [5.00-12.32]   |   2.00 [2.00-4.00]    |   8.96 [6.23-15.05]    |    0.91 [0.90-1.81]    |    0.00 [0.00-0.02]     |
|      3285      |       1        |   7.00 [6.00-12.00]   |   1.00 [1.00-1.00]    |   7.00 [6.00-12.00]    |    0.51 [0.50-0.51]    |    0.00 [0.00-0.01]     |
|      3288      |       1        |  12.00 [9.00-15.16]   |   3.00 [1.00-3.16]    |   10.85 [8.72-13.59]   |    1.53 [0.55-1.71]    |    0.00 [0.00-0.01]     |
|      3289      |       1        |   4.00 [3.00-9.16]    |   0.00 [0.00-0.00]    |   5.85 [4.49-12.66]    |    0.00 [0.00-0.00]    |    0.00 [0.00-0.01]     |
|      3290      |       1        |   7.50 [5.50-12.58]   |   1.50 [1.00-1.50]    |   7.51 [5.51-12.59]    |    0.76 [0.52-0.78]    |    0.00 [0.00-0.03]     |
|      3292      |       1        |  11.50 [9.50-15.50]   |   3.50 [3.50-4.55]    |   12.07 [9.61-15.12]   |    1.81 [1.73-2.38]    |    0.00 [0.00-0.01]     |
|      3293      |       1        |   8.00 [6.00-13.00]   |   0.00 [0.00-2.00]    |    5.55 [4.07-9.10]    |    0.00 [0.00-1.23]    |    0.00 [0.00-0.02]     |
|      3294      |       1        |   8.00 [8.00-11.32]   |   0.00 [0.00-0.00]    |   8.00 [8.00-11.32]    |    0.00 [0.00-0.00]    |    0.00 [0.00-0.00]     |
|      3295      |       1        |   6.00 [5.00-11.00]   |   3.00 [3.00-3.00]    |   8.87 [7.33-15.90]    |    1.44 [1.44-1.44]    |    0.01 [0.00-0.03]     |
|      3296      |       1        |   4.00 [3.00-10.00]   |   4.00 [4.00-5.00]    |   5.98 [4.42-14.08]    |    1.80 [1.79-2.33]    |    0.09 [0.00-0.21]     |
|      3297      |       1        |  11.00 [8.00-15.00]   |   1.00 [1.00-2.00]    |   11.00 [8.00-15.00]   |    0.50 [0.50-1.00]    |    0.00 [0.00-0.00]     |
|      3299      |       1        |   8.50 [6.50-12.66]   |   3.50 [3.50-4.08]    |   12.08 [9.21-16.95]   |    1.55 [1.52-1.82]    |    0.00 [0.00-0.01]     |
|      3301      |       1        |   4.00 [3.00-8.00]    |   1.00 [1.00-1.00]    |   5.84 [4.23-11.18]    |    0.43 [0.43-0.44]    |    0.01 [0.00-0.04]     |
|      3302      |       1        |  10.00 [7.00-14.16]   |   0.00 [0.00-0.00]    |   10.00 [7.00-14.16]   |    0.00 [0.00-0.00]    |    0.00 [0.00-0.00]     |
|      3305      |       1        |   9.00 [7.00-13.16]   |   2.00 [2.00-2.16]    |   9.00 [7.00-13.16]    |    1.00 [1.00-1.09]    |    0.00 [0.00-0.01]     |
|      3309      |       1        |  11.00 [8.00-14.00]   |   2.00 [1.00-3.00]    |   8.52 [6.20-11.68]    |    1.14 [0.57-1.76]    |    0.00 [0.00-0.02]     |
|      3312      |       1        |   3.00 [2.00-6.16]    |   1.00 [1.00-2.00]    |    4.06 [2.70-8.27]    |    0.50 [0.50-1.00]    |    0.06 [0.00-0.18]     |
|      3316      |       1        |   6.00 [5.00-11.16]   |   3.00 [3.00-3.16]    |   6.00 [5.00-11.16]    |    1.50 [1.50-1.60]    |    0.04 [0.00-0.10]     |
|      3317      |       1        |  10.00 [7.50-15.11]   |   4.50 [4.00-7.58]    |   8.69 [6.68-13.55]    |    2.58 [2.25-4.33]    |    0.03 [0.00-0.13]     |
|      3318      |       1        |   7.50 [5.45-11.08]   |   7.50 [6.50-9.58]    |   9.31 [6.40-13.73]    |    3.48 [3.03-4.54]    |    0.06 [0.00-0.32]     |
|      3319      |       1        |   7.00 [5.00-12.32]   |   0.00 [0.00-1.00]    |    4.76 [3.24-9.04]    |    0.00 [0.00-0.66]    |    0.01 [0.00-0.04]     |
|      3321      |       1        |   4.00 [3.00-9.00]    |   0.00 [0.00-0.00]    |   5.91 [4.49-12.48]    |    0.00 [0.00-0.00]    |    0.00 [0.00-0.01]     |
|      3324      |       1        |   2.00 [2.00-5.00]    |   0.00 [0.00-0.00]    |   6.18 [6.18-13.91]    |    0.00 [0.00-0.00]    |    0.03 [0.00-0.03]     |
|      3326      |       1        |   2.00 [2.00-4.32]    |   1.00 [1.00-1.00]    |   6.38 [6.38-12.56]    |    0.38 [0.38-0.39]    |    0.03 [0.00-0.03]     |
|      3327      |       1        |   5.00 [4.00-8.58]    |   4.00 [4.00-5.00]    |   9.64 [7.75-15.83]    |    1.88 [1.86-2.34]    |    0.02 [0.00-0.07]     |
|      3330      |       1        |   6.00 [5.00-11.00]   |   0.00 [0.00-0.00]    |   6.00 [5.00-11.00]    |    0.00 [0.00-0.00]    |    0.00 [0.00-0.00]     |
