
Analysis Description
--------------------
FEL (Fixed Effects Likelihood) estimates site-wise synonymous (&alpha;)
and non-synonymous (&beta;) rates, and uses a likelihood ratio test to
determine if beta &neq; alpha at a site. The estimates aggregate
information over all branches, so the signal is derived from pervasive
diversification or conservation. A subset of branches can be selected
for testing as well, in which case an additional (nuisance) parameter
will be inferred -- the non-synonymous rate on branches NOT selected for
testing. Multiple partitions within a NEXUS file are also supported for
recombination - aware analysis. Version 2.5 adds MH support. Version 2.6
adds substitution mapping. 

- __Requirements__: in-frame codon alignment and a phylogenetic tree

- __Citation__: Not So Different After All: A Comparison of Methods for Detecting Amino
Acid Sites Under Selection (2005). _Mol Biol Evol_ 22 (5): 1208-1222

- __Written by__: Sergei L Kosakovsky Pond and Simon DW Frost

- __Contact Information__: spond@temple.edu

- __Analysis Version__: 2.6


>code => Vertebrate-mtDNA
>Loaded a multiple sequence alignment with **20** sequences, **3331** codons, and **1** partitions from `/Users/alex/Documents/selection-tutorial/data/21-empirical/mammalian_mtDNA.mtnex`

>branches => All

>srv => Yes

>multiple-hits => None

>Select the p-value threshold to use when testing for selection (permissible range = [0,1], default value = 0.1): 
>pvalue => 0.1

>ci => No
Only analyze sites whose 1-based indices match the following list (null to skip) : 
>limit-to-sites => null
For sites whose 1-based indices match the following list, write out likelihood function snapshots (null string to skip) : 
>save-lf-for-sites => null

>[Advanced setting, will result in MUCH SLOWER run time] Perform parametric bootstrap resampling to derive site-level null LRT distributions up to this many replicates per site. Recommended use for small to medium (<30 sequences) datasets (permissible range = [0,1000], default value = 50, integer): 
>resample => 0


### Branches to include in the FEL analysis
Selected 37 branches to include in FEL calculations: `H_SAPIENS, CHIMPANZEE, BONOBO, Node8, Node6, GORILLA, Node5, BORNEAN_ORANGUTAN, SUMATRAN_ORANGUTAN, Node12, Node4, GIBBON, Node3, HARBOR_SEAL, GREY_SEAL, Node19, CAT, Node18, HORSE, RHINOCEROS, Node23, Node17, COW, FIN_WHALE, BLUE_WHALE, Node28, Node26, Node16, Node2, RAT, MOUSE, Node31, Node1, WALLAROO, OPOSSUM, Node34, PLATYPUS`

>precision => standard


### Obtaining branch lengths and nucleotide substitution biases under the nucleotide GTR model

>kill-zero-lengths => Yes
* Log(L) = -106918.75, AIC-c = 213927.53 (45 estimated parameters)
* 1 partition. Total tree length by partition (subs/site)  2.541

### Obtaining the global omega estimate based on relative GTR branch lengths and nucleotide substitution biases
* Log(L) = -93221.96, AIC-c = 186548.00 (52 estimated parameters)
* 1 partition. Total tree length by partition (subs/site)  3.747
* non-synonymous/synonymous rate ratio for *test* =   0.0737

>full-model => Yes

### Improving branch lengths, nucleotide substitution biases, and global dN/dS ratios under a full codon model
* Log(L) = -91751.55, AIC-c = 183607.19 (52 estimated parameters)
* 1 partition. Total tree length by partition (subs/site)  4.981
* non-synonymous/synonymous rate ratio for *test* =   0.0457

### For partition 1 these sites are significant at p <=0.1

|     Codon      |   Partition    |     alpha      |      beta      |      LRT       |Selection detected?|
|:--------------:|:--------------:|:--------------:|:--------------:|:--------------:|:-----------------:|
|       4        |       1        |        0.747   |        0.000   |       12.549   |  Neg. p = 0.0004  |
|       5        |       1        |        0.360   |        0.000   |        9.903   |  Neg. p = 0.0017  |
|       8        |       1        |        0.145   |        0.000   |        3.734   |  Neg. p = 0.0533  |
|       9        |       1        |        0.060   |        0.419   |        3.650   |  Pos. p = 0.0561  |
|       11       |       1        |        1.020   |        0.000   |       20.701   |  Neg. p = 0.0000  |
|       13       |       1        |        8.284   |        0.164   |       11.942   |  Neg. p = 0.0005  |
|       15       |       1        |        0.308   |        0.000   |       12.401   |  Neg. p = 0.0004  |
|       16       |       1        |        4.475   |        0.115   |       22.958   |  Neg. p = 0.0000  |
|       18       |       1        |        0.780   |        0.133   |        5.091   |  Neg. p = 0.0241  |
|       20       |       1        |        1.348   |        0.178   |        6.374   |  Neg. p = 0.0116  |
|       21       |       1        |        1.065   |        0.254   |        4.009   |  Neg. p = 0.0453  |
|       22       |       1        |        1.727   |        0.023   |       14.479   |  Neg. p = 0.0001  |
|       23       |       1        |        1.960   |        0.104   |        7.354   |  Neg. p = 0.0067  |
|       25       |       1        |        1.181   |        0.076   |       12.725   |  Neg. p = 0.0004  |
|       26       |       1        |        0.576   |        0.000   |       14.263   |  Neg. p = 0.0002  |
|       28       |       1        |        1.775   |        0.157   |        8.022   |  Neg. p = 0.0046  |
|       29       |       1        |        0.812   |        0.108   |        5.383   |  Neg. p = 0.0203  |
|       30       |       1        |        0.987   |        0.118   |        4.961   |  Neg. p = 0.0259  |
|       31       |       1        |        1.836   |        0.058   |       19.935   |  Neg. p = 0.0000  |
|       34       |       1        |        1.483   |        0.090   |        3.238   |  Neg. p = 0.0719  |
|       36       |       1        |        1.099   |        0.000   |       19.545   |  Neg. p = 0.0000  |
|       37       |       1        |        1.317   |        0.000   |       25.111   |  Neg. p = 0.0000  |
|       38       |       1        |        0.975   |        0.179   |        3.551   |  Neg. p = 0.0595  |
|       41       |       1        |        0.819   |        0.203   |        3.176   |  Neg. p = 0.0747  |
|       42       |       1        |      190.335   |        0.000   |        8.083   |  Neg. p = 0.0045  |
|       43       |       1        |     3327.739   |        0.134   |        7.762   |  Neg. p = 0.0053  |
|       44       |       1        |        1.502   |        0.000   |        5.695   |  Neg. p = 0.0170  |
|       92       |       1        |        1.502   |        0.000   |        5.695   |  Neg. p = 0.0170  |
|       46       |       1        |        2.394   |        0.208   |        9.530   |  Neg. p = 0.0020  |
|       48       |       1        |        0.428   |        0.000   |        8.729   |  Neg. p = 0.0031  |
|       50       |       1        |        1.166   |        0.049   |       12.405   |  Neg. p = 0.0004  |
|       52       |       1        |        1.237   |        0.149   |        9.627   |  Neg. p = 0.0019  |
|       53       |       1        |        3.371   |        0.000   |       27.243   |  Neg. p = 0.0000  |
|       54       |       1        |      190.335   |        0.000   |       21.899   |  Neg. p = 0.0000  |
|       55       |       1        |        1.315   |        0.036   |       14.821   |  Neg. p = 0.0001  |
|       56       |       1        |        1.873   |        0.212   |        6.742   |  Neg. p = 0.0094  |
|       57       |       1        |        1.825   |        0.051   |       16.555   |  Neg. p = 0.0000  |
|       58       |       1        |        0.551   |        0.000   |       13.694   |  Neg. p = 0.0002  |
|       59       |       1        |        4.974   |        0.023   |       25.390   |  Neg. p = 0.0000  |
|       61       |       1        |        0.139   |        0.000   |        5.386   |  Neg. p = 0.0203  |
|       62       |       1        |        0.170   |        0.000   |        6.174   |  Neg. p = 0.0130  |
|       63       |       1        |        0.631   |        0.106   |        5.332   |  Neg. p = 0.0209  |
|       64       |       1        |        0.761   |        0.052   |        7.463   |  Neg. p = 0.0063  |
|       65       |       1        |      190.335   |        0.000   |       34.973   |  Neg. p = 0.0000  |
|       66       |       1        |        1.960   |        0.000   |       21.933   |  Neg. p = 0.0000  |
|       67       |       1        |        1.366   |        0.000   |       24.960   |  Neg. p = 0.0000  |
|       68       |       1        |        1.882   |        0.000   |       19.175   |  Neg. p = 0.0000  |
|       69       |       1        |        1.423   |        0.000   |       20.023   |  Neg. p = 0.0000  |
|       70       |       1        |        0.533   |        0.035   |        8.222   |  Neg. p = 0.0041  |
|       71       |       1        |        1.612   |        0.042   |       19.475   |  Neg. p = 0.0000  |
|       72       |       1        |       67.843   |        0.000   |       30.204   |  Neg. p = 0.0000  |
|       75       |       1        |      190.335   |        0.000   |       21.371   |  Neg. p = 0.0000  |
|       76       |       1        |        0.801   |        0.000   |       16.399   |  Neg. p = 0.0001  |
|       77       |       1        |        0.569   |        0.000   |       15.102   |  Neg. p = 0.0001  |
|       78       |       1        |        2.384   |        0.000   |       35.780   |  Neg. p = 0.0000  |
|       79       |       1        |        0.852   |        0.000   |       19.836   |  Neg. p = 0.0000  |
|       80       |       1        |      190.335   |        0.000   |       20.376   |  Neg. p = 0.0000  |
|       81       |       1        |        0.517   |        0.000   |       12.245   |  Neg. p = 0.0005  |
|       82       |       1        |        0.946   |        0.000   |       21.891   |  Neg. p = 0.0000  |
|       84       |       1        |        5.165   |        0.023   |       22.174   |  Neg. p = 0.0000  |
|       85       |       1        |        0.785   |        0.125   |        4.893   |  Neg. p = 0.0270  |
|       86       |       1        |        1.184   |        0.056   |       14.466   |  Neg. p = 0.0001  |
|       87       |       1        |        0.674   |        0.000   |       19.519   |  Neg. p = 0.0000  |
|       88       |       1        |        0.336   |        0.000   |       13.914   |  Neg. p = 0.0002  |
|       89       |       1        |      115.378   |        0.000   |       19.782   |  Neg. p = 0.0000  |
|       90       |       1        |        0.400   |        0.000   |        9.874   |  Neg. p = 0.0017  |
|       91       |       1        |        2.522   |        0.000   |       13.640   |  Neg. p = 0.0002  |
|       93       |       1        |        1.274   |        0.097   |        8.885   |  Neg. p = 0.0029  |
|       94       |       1        |        1.135   |        0.067   |       12.438   |  Neg. p = 0.0004  |
|       95       |       1        |        1.325   |        0.104   |       12.324   |  Neg. p = 0.0004  |
|       96       |       1        |        1.033   |        0.000   |       19.454   |  Neg. p = 0.0000  |
|       98       |       1        |        0.815   |        0.000   |       15.834   |  Neg. p = 0.0001  |
|       99       |       1        |        0.276   |        0.021   |        5.609   |  Neg. p = 0.0179  |
|      100       |       1        |        0.546   |        0.000   |       11.862   |  Neg. p = 0.0006  |
|      101       |       1        |        2.482   |        0.082   |       15.995   |  Neg. p = 0.0001  |
|      102       |       1        |        2.159   |        0.040   |       16.182   |  Neg. p = 0.0001  |
|      103       |       1        |        1.594   |        0.000   |       26.266   |  Neg. p = 0.0000  |
|      104       |       1        |      190.335   |        0.000   |       14.294   |  Neg. p = 0.0002  |
|      105       |       1        |        0.809   |        0.000   |       15.723   |  Neg. p = 0.0001  |
|      106       |       1        |        1.074   |        0.000   |       22.464   |  Neg. p = 0.0000  |
|      107       |       1        |        0.731   |        0.000   |       18.854   |  Neg. p = 0.0000  |
|      109       |       1        |        1.284   |        0.163   |        8.074   |  Neg. p = 0.0045  |
|      110       |       1        |        0.956   |        0.000   |       20.153   |  Neg. p = 0.0000  |
|      111       |       1        |        0.771   |        0.024   |       11.268   |  Neg. p = 0.0008  |
|      112       |       1        |        3.559   |        0.000   |       44.074   |  Neg. p = 0.0000  |
|      113       |       1        |      190.335   |        0.000   |       14.925   |  Neg. p = 0.0001  |
|      114       |       1        |        0.572   |        0.000   |       11.606   |  Neg. p = 0.0007  |
|      115       |       1        |        0.653   |        0.087   |        5.296   |  Neg. p = 0.0214  |
|      116       |       1        |        0.695   |        0.022   |       11.313   |  Neg. p = 0.0008  |
|      117       |       1        |      190.335   |        0.000   |       30.094   |  Neg. p = 0.0000  |
|      118       |       1        |      190.335   |        0.000   |       21.193   |  Neg. p = 0.0000  |
|      119       |       1        |        0.435   |        0.000   |       15.253   |  Neg. p = 0.0001  |
|      120       |       1        |        7.566   |        0.024   |       33.193   |  Neg. p = 0.0000  |
|      121       |       1        |        0.694   |        0.000   |       12.039   |  Neg. p = 0.0005  |
|      122       |       1        |        0.371   |        0.000   |        9.026   |  Neg. p = 0.0027  |
|      123       |       1        |        8.266   |        0.049   |        9.280   |  Neg. p = 0.0023  |
|      124       |       1        |        0.360   |        0.000   |       12.055   |  Neg. p = 0.0005  |
|      125       |       1        |        0.497   |        0.000   |        5.635   |  Neg. p = 0.0176  |
|      126       |       1        |        1.915   |        0.000   |       32.261   |  Neg. p = 0.0000  |
|      128       |       1        |        0.882   |        0.000   |       20.761   |  Neg. p = 0.0000  |
|      129       |       1        |        4.653   |        0.038   |       27.396   |  Neg. p = 0.0000  |
|      130       |       1        |        0.777   |        0.000   |       20.499   |  Neg. p = 0.0000  |
|      131       |       1        |        0.536   |        0.000   |       19.573   |  Neg. p = 0.0000  |
|      132       |       1        |        0.584   |        0.000   |       17.639   |  Neg. p = 0.0000  |
|      133       |       1        |        0.784   |        0.000   |       12.306   |  Neg. p = 0.0005  |
|      134       |       1        |        1.302   |        0.000   |       28.283   |  Neg. p = 0.0000  |
|      135       |       1        |        0.569   |        0.000   |       18.538   |  Neg. p = 0.0000  |
|      136       |       1        |        0.877   |        0.000   |       17.125   |  Neg. p = 0.0000  |
|      137       |       1        |        0.420   |        0.000   |       12.841   |  Neg. p = 0.0003  |
|      138       |       1        |        1.160   |        0.000   |       26.880   |  Neg. p = 0.0000  |
|      139       |       1        |        0.430   |        0.000   |       13.735   |  Neg. p = 0.0002  |
|      140       |       1        |        1.850   |        0.000   |       30.996   |  Neg. p = 0.0000  |
|      141       |       1        |        0.826   |        0.000   |       15.998   |  Neg. p = 0.0001  |
|      142       |       1        |        1.042   |        0.000   |       14.961   |  Neg. p = 0.0001  |
|      143       |       1        |        1.614   |        0.000   |       22.701   |  Neg. p = 0.0000  |
|      144       |       1        |        0.456   |        0.075   |        4.353   |  Neg. p = 0.0369  |
|      145       |       1        |        1.749   |        0.000   |       23.075   |  Neg. p = 0.0000  |
|      146       |       1        |        0.437   |        0.000   |       10.136   |  Neg. p = 0.0015  |
|      147       |       1        |        2.305   |        0.000   |       24.261   |  Neg. p = 0.0000  |
|      148       |       1        |        0.209   |        0.000   |        4.904   |  Neg. p = 0.0268  |
|      150       |       1        |        0.942   |        0.042   |        9.659   |  Neg. p = 0.0019  |
|      151       |       1        |        1.339   |        0.050   |       15.105   |  Neg. p = 0.0001  |
|      152       |       1        |        0.322   |        0.041   |        3.772   |  Neg. p = 0.0521  |
|      153       |       1        |        1.571   |        0.068   |       12.469   |  Neg. p = 0.0004  |
|      154       |       1        |        0.713   |        0.090   |        5.222   |  Neg. p = 0.0223  |
|      155       |       1        |        0.666   |        0.104   |        5.719   |  Neg. p = 0.0168  |
|      156       |       1        |        1.094   |        0.301   |        3.029   |  Neg. p = 0.0818  |
|      157       |       1        |      190.335   |        0.000   |       25.658   |  Neg. p = 0.0000  |
|      158       |       1        |        0.808   |        0.049   |        9.755   |  Neg. p = 0.0018  |
|      159       |       1        |        1.699   |        0.026   |       18.691   |  Neg. p = 0.0000  |
|      161       |       1        |        1.440   |        0.101   |        9.785   |  Neg. p = 0.0018  |
|      162       |       1        |        1.373   |        0.000   |       24.799   |  Neg. p = 0.0000  |
|      164       |       1        |        0.325   |        0.000   |        8.987   |  Neg. p = 0.0027  |
|      165       |       1        |        1.886   |        0.000   |       19.485   |  Neg. p = 0.0000  |
|      166       |       1        |        1.898   |        0.000   |       31.809   |  Neg. p = 0.0000  |
|      167       |       1        |        3.543   |        0.136   |       14.274   |  Neg. p = 0.0002  |
|      168       |       1        |        0.894   |        0.000   |       19.026   |  Neg. p = 0.0000  |
|      169       |       1        |       14.954   |        0.000   |       25.751   |  Neg. p = 0.0000  |
|      171       |       1        |        1.508   |        0.043   |       21.983   |  Neg. p = 0.0000  |
|      172       |       1        |        0.927   |        0.024   |       11.393   |  Neg. p = 0.0007  |
|      173       |       1        |        0.486   |        0.000   |       17.585   |  Neg. p = 0.0000  |
|      174       |       1        |        3.160   |        0.117   |       11.493   |  Neg. p = 0.0007  |
|      175       |       1        |        0.618   |        0.000   |       15.812   |  Neg. p = 0.0001  |
|      177       |       1        |        0.394   |        0.000   |       13.425   |  Neg. p = 0.0002  |
|      178       |       1        |        0.929   |        0.000   |       17.894   |  Neg. p = 0.0000  |
|      179       |       1        |        0.946   |        0.000   |       21.251   |  Neg. p = 0.0000  |
|      180       |       1        |      190.335   |        0.000   |       22.230   |  Neg. p = 0.0000  |
|      181       |       1        |        0.758   |        0.000   |       18.209   |  Neg. p = 0.0000  |
|      182       |       1        |        0.434   |        0.000   |       11.802   |  Neg. p = 0.0006  |
|      183       |       1        |        0.336   |        0.000   |        8.415   |  Neg. p = 0.0037  |
|      184       |       1        |        0.551   |        0.000   |       17.839   |  Neg. p = 0.0000  |
|      186       |       1        |        0.406   |        0.000   |       11.307   |  Neg. p = 0.0008  |
|      187       |       1        |        1.091   |        0.000   |       19.838   |  Neg. p = 0.0000  |
|      188       |       1        |        0.526   |        0.000   |       13.010   |  Neg. p = 0.0003  |
|      189       |       1        |        0.166   |        0.000   |        6.099   |  Neg. p = 0.0135  |
|      190       |       1        |        1.304   |        0.019   |       14.807   |  Neg. p = 0.0001  |
|      191       |       1        |        1.619   |        0.000   |       19.009   |  Neg. p = 0.0000  |
|      192       |       1        |        0.704   |        0.051   |        7.528   |  Neg. p = 0.0061  |
|      193       |       1        |        0.508   |        0.000   |       13.037   |  Neg. p = 0.0003  |
|      194       |       1        |        1.909   |        0.000   |       17.446   |  Neg. p = 0.0000  |
|      195       |       1        |        0.434   |        0.000   |        8.926   |  Neg. p = 0.0028  |
|      196       |       1        |        0.793   |        0.039   |       13.470   |  Neg. p = 0.0002  |
|      197       |       1        |        0.534   |        0.000   |       14.132   |  Neg. p = 0.0002  |
|      198       |       1        |        0.675   |        0.053   |        7.586   |  Neg. p = 0.0059  |
|      199       |       1        |        0.568   |        0.132   |        3.452   |  Neg. p = 0.0632  |
|      200       |       1        |        0.642   |        0.000   |        9.006   |  Neg. p = 0.0027  |
|      202       |       1        |        0.770   |        0.185   |        2.758   |  Neg. p = 0.0968  |
|      204       |       1        |        1.915   |        0.000   |       22.448   |  Neg. p = 0.0000  |
|      206       |       1        |        5.959   |        0.068   |       16.101   |  Neg. p = 0.0001  |
|      208       |       1        |        1.019   |        0.142   |        6.333   |  Neg. p = 0.0119  |
|      209       |       1        |        2.189   |        0.337   |        6.070   |  Neg. p = 0.0138  |
|      210       |       1        |        1.420   |        0.110   |       13.219   |  Neg. p = 0.0003  |
|      211       |       1        |        0.365   |        0.049   |        3.593   |  Neg. p = 0.0580  |
|      212       |       1        |        0.746   |        0.000   |       18.893   |  Neg. p = 0.0000  |
|      213       |       1        |        0.987   |        0.118   |        5.415   |  Neg. p = 0.0200  |
|      215       |       1        |        1.784   |        0.110   |       11.622   |  Neg. p = 0.0007  |
|      216       |       1        |    10000.000   |        0.031   |       15.034   |  Neg. p = 0.0001  |
|      217       |       1        |        0.648   |        0.045   |        7.017   |  Neg. p = 0.0081  |
|      219       |       1        |        1.403   |        0.323   |        3.111   |  Neg. p = 0.0778  |
|      220       |       1        |        0.994   |        0.143   |        4.780   |  Neg. p = 0.0288  |
|      221       |       1        |        0.241   |        0.000   |        9.358   |  Neg. p = 0.0022  |
|      228       |       1        |        0.546   |        0.066   |        5.349   |  Neg. p = 0.0207  |
|      229       |       1        |        0.390   |        0.000   |       12.560   |  Neg. p = 0.0004  |
|      230       |       1        |        0.726   |        0.000   |       11.045   |  Neg. p = 0.0009  |
|      231       |       1        |        1.390   |        0.000   |       16.176   |  Neg. p = 0.0001  |
|      232       |       1        |        0.326   |        0.000   |        9.752   |  Neg. p = 0.0018  |
|      233       |       1        |        0.388   |        0.000   |       10.124   |  Neg. p = 0.0015  |
|      234       |       1        |        0.575   |        0.000   |       17.142   |  Neg. p = 0.0000  |
|      235       |       1        |        0.788   |        0.000   |       16.739   |  Neg. p = 0.0000  |
|      236       |       1        |        2.216   |        0.000   |       27.032   |  Neg. p = 0.0000  |
|      237       |       1        |        0.742   |        0.000   |        5.458   |  Neg. p = 0.0195  |
|      238       |       1        |        1.123   |        0.000   |       18.251   |  Neg. p = 0.0000  |
|      239       |       1        |        1.191   |        0.000   |       23.904   |  Neg. p = 0.0000  |
|      240       |       1        |        0.998   |        0.000   |       18.293   |  Neg. p = 0.0000  |
|      241       |       1        |        0.551   |        0.000   |       15.185   |  Neg. p = 0.0001  |
|      242       |       1        |        0.450   |        0.000   |       11.494   |  Neg. p = 0.0007  |
|      243       |       1        |      190.335   |        0.000   |       26.783   |  Neg. p = 0.0000  |
|      244       |       1        |        1.313   |        0.000   |       21.160   |  Neg. p = 0.0000  |
|      245       |       1        |        1.592   |        0.000   |       20.030   |  Neg. p = 0.0000  |
|      246       |       1        |        2.289   |        0.000   |       18.914   |  Neg. p = 0.0000  |
|      247       |       1        |        0.367   |        0.000   |       13.414   |  Neg. p = 0.0002  |
|      248       |       1        |        0.899   |        0.021   |       17.714   |  Neg. p = 0.0000  |
|      249       |       1        |      190.335   |        0.000   |       17.114   |  Neg. p = 0.0000  |
|      250       |       1        |        0.486   |        0.000   |       17.681   |  Neg. p = 0.0000  |
|      251       |       1        |        1.310   |        0.000   |       19.809   |  Neg. p = 0.0000  |
|      252       |       1        |        2.091   |        0.023   |       16.026   |  Neg. p = 0.0001  |
|      253       |       1        |        0.687   |        0.085   |        8.896   |  Neg. p = 0.0029  |
|      254       |       1        |        1.240   |        0.000   |       25.597   |  Neg. p = 0.0000  |
|      255       |       1        |        1.273   |        0.000   |       22.907   |  Neg. p = 0.0000  |
|      256       |       1        |        0.526   |        0.021   |       11.273   |  Neg. p = 0.0008  |
|      257       |       1        |        0.701   |        0.000   |       14.378   |  Neg. p = 0.0001  |
|      258       |       1        |        1.151   |        0.000   |       15.573   |  Neg. p = 0.0001  |
|      259       |       1        |        0.642   |        0.068   |        7.134   |  Neg. p = 0.0076  |
|      260       |       1        |        0.998   |        0.000   |       16.376   |  Neg. p = 0.0001  |
|      261       |       1        |        0.257   |        0.000   |        9.140   |  Neg. p = 0.0025  |
|      262       |       1        |        2.134   |        0.000   |       24.913   |  Neg. p = 0.0000  |
|      263       |       1        |        1.270   |        0.023   |       19.438   |  Neg. p = 0.0000  |
|      264       |       1        |      190.335   |        0.000   |       22.035   |  Neg. p = 0.0000  |
|      265       |       1        |        1.218   |        0.000   |       23.526   |  Neg. p = 0.0000  |
|      266       |       1        |        0.746   |        0.000   |       19.154   |  Neg. p = 0.0000  |
|      267       |       1        |      190.335   |        0.000   |       27.111   |  Neg. p = 0.0000  |
|      268       |       1        |        0.685   |        0.000   |       19.169   |  Neg. p = 0.0000  |
|      269       |       1        |        0.631   |        0.000   |       18.502   |  Neg. p = 0.0000  |
|      270       |       1        |        1.325   |        0.104   |       12.425   |  Neg. p = 0.0004  |
|      271       |       1        |        1.038   |        0.000   |       21.996   |  Neg. p = 0.0000  |
|      273       |       1        |        0.731   |        0.000   |       14.502   |  Neg. p = 0.0001  |
|      274       |       1        |        0.238   |        0.019   |        5.540   |  Neg. p = 0.0186  |
|      275       |       1        |        0.943   |        0.000   |       18.381   |  Neg. p = 0.0000  |
|      276       |       1        |        1.356   |        0.029   |       12.182   |  Neg. p = 0.0005  |
|      277       |       1        |        1.080   |        0.023   |       13.036   |  Neg. p = 0.0003  |
|      278       |       1        |       14.954   |        0.000   |       24.979   |  Neg. p = 0.0000  |
|      279       |       1        |        0.420   |        0.000   |       13.370   |  Neg. p = 0.0003  |
|      280       |       1        |        1.372   |        0.000   |       27.451   |  Neg. p = 0.0000  |
|      281       |       1        |        4.214   |        0.077   |       15.173   |  Neg. p = 0.0001  |
|      282       |       1        |        1.372   |        0.000   |       25.063   |  Neg. p = 0.0000  |
|      283       |       1        |        1.248   |        0.000   |       29.289   |  Neg. p = 0.0000  |
|      284       |       1        |        0.165   |        0.000   |        6.282   |  Neg. p = 0.0122  |
|      285       |       1        |        0.227   |        0.000   |        8.616   |  Neg. p = 0.0033  |
|      286       |       1        |        1.572   |        0.000   |       31.346   |  Neg. p = 0.0000  |
|      287       |       1        |       50.586   |        0.000   |       26.256   |  Neg. p = 0.0000  |
|      288       |       1        |        0.628   |        0.024   |        8.773   |  Neg. p = 0.0031  |
|      289       |       1        |        1.178   |        0.000   |       11.780   |  Neg. p = 0.0006  |
|      290       |       1        |        2.286   |        0.000   |       22.271   |  Neg. p = 0.0000  |
|      291       |       1        |       35.230   |        0.000   |       25.297   |  Neg. p = 0.0000  |
|      292       |       1        |      115.378   |        0.000   |       22.953   |  Neg. p = 0.0000  |
|      293       |       1        |       35.655   |        0.000   |       21.667   |  Neg. p = 0.0000  |
|      294       |       1        |        0.833   |        0.000   |       18.231   |  Neg. p = 0.0000  |
|      295       |       1        |        0.893   |        0.000   |       22.294   |  Neg. p = 0.0000  |
|      296       |       1        |        1.114   |        0.000   |       22.369   |  Neg. p = 0.0000  |
|      297       |       1        |      339.156   |        0.049   |       18.310   |  Neg. p = 0.0000  |
|      299       |       1        |        0.240   |        0.000   |        8.814   |  Neg. p = 0.0030  |
|      300       |       1        |        0.600   |        0.000   |       11.824   |  Neg. p = 0.0006  |
|      301       |       1        |        0.674   |        0.000   |       16.516   |  Neg. p = 0.0000  |
|      302       |       1        |        0.956   |        0.000   |       19.456   |  Neg. p = 0.0000  |
|      303       |       1        |        0.418   |        0.000   |       11.366   |  Neg. p = 0.0007  |
|      304       |       1        |        0.420   |        0.000   |        8.711   |  Neg. p = 0.0032  |
|      305       |       1        |        0.678   |        0.000   |       10.520   |  Neg. p = 0.0012  |
|      306       |       1        |        1.074   |        0.000   |       17.251   |  Neg. p = 0.0000  |
|      307       |       1        |        1.484   |        0.000   |       30.156   |  Neg. p = 0.0000  |
|      308       |       1        |        1.676   |        0.000   |       27.926   |  Neg. p = 0.0000  |
|      309       |       1        |        1.545   |        0.000   |       25.033   |  Neg. p = 0.0000  |
|      310       |       1        |      190.335   |        0.000   |        8.277   |  Neg. p = 0.0040  |
|      2570      |       1        |      190.335   |        0.000   |        8.277   |  Neg. p = 0.0040  |
|      311       |       1        |        0.360   |        0.000   |       12.082   |  Neg. p = 0.0005  |
|      312       |       1        |        0.610   |        0.000   |       12.337   |  Neg. p = 0.0004  |
|      313       |       1        |        0.507   |        0.000   |       16.920   |  Neg. p = 0.0000  |
|      314       |       1        |        0.639   |        0.000   |       18.688   |  Neg. p = 0.0000  |
|      315       |       1        |        2.012   |        0.000   |       16.631   |  Neg. p = 0.0000  |
|      316       |       1        |        0.446   |        0.000   |       12.151   |  Neg. p = 0.0005  |
|      317       |       1        |        0.612   |        0.000   |       15.091   |  Neg. p = 0.0001  |
|      318       |       1        |        0.963   |        0.000   |       13.777   |  Neg. p = 0.0002  |
|      319       |       1        |        0.779   |        0.000   |       19.989   |  Neg. p = 0.0000  |
|      320       |       1        |        0.528   |        0.000   |       12.167   |  Neg. p = 0.0005  |
|      322       |       1        |        0.234   |        0.000   |        9.140   |  Neg. p = 0.0025  |
|      323       |       1        |       38.795   |        0.000   |       39.445   |  Neg. p = 0.0000  |
|      324       |       1        |        1.130   |        0.000   |       12.740   |  Neg. p = 0.0004  |
|      325       |       1        |        0.384   |        0.000   |        8.112   |  Neg. p = 0.0044  |
|      326       |       1        |        0.273   |        0.000   |        7.296   |  Neg. p = 0.0069  |
|      327       |       1        |       35.230   |        0.000   |        8.657   |  Neg. p = 0.0033  |
|      1278      |       1        |       35.230   |        0.000   |        8.657   |  Neg. p = 0.0033  |
|      328       |       1        |        1.313   |        0.000   |       23.762   |  Neg. p = 0.0000  |
|      329       |       1        |        4.195   |        0.000   |       39.372   |  Neg. p = 0.0000  |
|      330       |       1        |        1.759   |        0.027   |       17.723   |  Neg. p = 0.0000  |
|      331       |       1        |        1.281   |        0.000   |       26.084   |  Neg. p = 0.0000  |
|      332       |       1        |        1.488   |        0.000   |       24.185   |  Neg. p = 0.0000  |
|      333       |       1        |        3.296   |        0.025   |       19.277   |  Neg. p = 0.0000  |
|      334       |       1        |        0.678   |        0.000   |       13.465   |  Neg. p = 0.0002  |
|      335       |       1        |        1.839   |        0.000   |       29.769   |  Neg. p = 0.0000  |
|      336       |       1        |        1.098   |        0.000   |       21.745   |  Neg. p = 0.0000  |
|      337       |       1        |        1.500   |        0.036   |       18.210   |  Neg. p = 0.0000  |
|      338       |       1        |        1.376   |        0.022   |       17.423   |  Neg. p = 0.0000  |
|      339       |       1        |        0.833   |        0.000   |       19.996   |  Neg. p = 0.0000  |
|      340       |       1        |        0.735   |        0.025   |       13.278   |  Neg. p = 0.0003  |
|      342       |       1        |        0.632   |        0.077   |        4.864   |  Neg. p = 0.0274  |
|      343       |       1        |        1.545   |        0.000   |       19.395   |  Neg. p = 0.0000  |
|      344       |       1        |        1.907   |        0.000   |       32.377   |  Neg. p = 0.0000  |
|      345       |       1        |      190.335   |        0.000   |       23.114   |  Neg. p = 0.0000  |
|      346       |       1        |      190.335   |        0.000   |       35.189   |  Neg. p = 0.0000  |
|      347       |       1        |        1.136   |        0.000   |       17.750   |  Neg. p = 0.0000  |
|      348       |       1        |        0.583   |        0.000   |       14.170   |  Neg. p = 0.0002  |
|      349       |       1        |        0.690   |        0.000   |       18.888   |  Neg. p = 0.0000  |
|      350       |       1        |       35.230   |        0.000   |       23.574   |  Neg. p = 0.0000  |
|      351       |       1        |        1.372   |        0.000   |       29.349   |  Neg. p = 0.0000  |
|      352       |       1        |        0.872   |        0.000   |       21.646   |  Neg. p = 0.0000  |
|      353       |       1        |        1.514   |        0.000   |       24.130   |  Neg. p = 0.0000  |
|      354       |       1        |        0.665   |        0.000   |       19.860   |  Neg. p = 0.0000  |
|      355       |       1        |        0.833   |        0.000   |       18.027   |  Neg. p = 0.0000  |
|      356       |       1        |        0.820   |        0.000   |       15.240   |  Neg. p = 0.0001  |
|      357       |       1        |        0.956   |        0.000   |       25.003   |  Neg. p = 0.0000  |
|      358       |       1        |        1.661   |        0.000   |       23.895   |  Neg. p = 0.0000  |
|      359       |       1        |      190.335   |        0.000   |       27.470   |  Neg. p = 0.0000  |
|      360       |       1        |        0.673   |        0.135   |        5.310   |  Neg. p = 0.0212  |
|      361       |       1        |        0.636   |        0.048   |        8.861   |  Neg. p = 0.0029  |
|      362       |       1        |        0.257   |        0.000   |        8.978   |  Neg. p = 0.0027  |
|      363       |       1        |        0.671   |        0.023   |       10.399   |  Neg. p = 0.0013  |
|      364       |       1        |        0.430   |        0.000   |        8.635   |  Neg. p = 0.0033  |
|      365       |       1        |        1.025   |        0.021   |       16.774   |  Neg. p = 0.0000  |
|      366       |       1        |        0.625   |        0.000   |       16.307   |  Neg. p = 0.0001  |
|      367       |       1        |        1.423   |        0.000   |       20.070   |  Neg. p = 0.0000  |
|      368       |       1        |        0.802   |        0.000   |       17.333   |  Neg. p = 0.0000  |
|      369       |       1        |        0.685   |        0.000   |       11.939   |  Neg. p = 0.0005  |
|      370       |       1        |        0.990   |        0.024   |       17.242   |  Neg. p = 0.0000  |
|      371       |       1        |        3.260   |        0.000   |       16.543   |  Neg. p = 0.0000  |
|      372       |       1        |      190.335   |        0.000   |       28.900   |  Neg. p = 0.0000  |
|      373       |       1        |        0.788   |        0.000   |       21.771   |  Neg. p = 0.0000  |
|      374       |       1        |        3.689   |        0.000   |       35.518   |  Neg. p = 0.0000  |
|      375       |       1        |        0.862   |        0.000   |       16.079   |  Neg. p = 0.0001  |
|      376       |       1        |        0.947   |        0.000   |       17.979   |  Neg. p = 0.0000  |
|      377       |       1        |        1.885   |        0.000   |       30.468   |  Neg. p = 0.0000  |
|      378       |       1        |        1.020   |        0.000   |       21.606   |  Neg. p = 0.0000  |
|      379       |       1        |        2.318   |        0.136   |       13.037   |  Neg. p = 0.0003  |
|      380       |       1        |        0.749   |        0.000   |       16.725   |  Neg. p = 0.0000  |
|      381       |       1        |        0.471   |        0.000   |       13.801   |  Neg. p = 0.0002  |
|      382       |       1        |      190.335   |        0.000   |       20.633   |  Neg. p = 0.0000  |
|      383       |       1        |        0.983   |        0.000   |       15.612   |  Neg. p = 0.0001  |
|      384       |       1        |        0.592   |        0.000   |       14.398   |  Neg. p = 0.0001  |
|      385       |       1        |        0.632   |        0.000   |       17.842   |  Neg. p = 0.0000  |
|      386       |       1        |      190.335   |        0.000   |       24.136   |  Neg. p = 0.0000  |
|      387       |       1        |      190.335   |        0.000   |       31.130   |  Neg. p = 0.0000  |
|      388       |       1        |        0.455   |        0.000   |       12.948   |  Neg. p = 0.0003  |
|      389       |       1        |      190.335   |        0.000   |       24.207   |  Neg. p = 0.0000  |
|      390       |       1        |        0.604   |        0.000   |       17.388   |  Neg. p = 0.0000  |
|      391       |       1        |        1.717   |        0.000   |       26.649   |  Neg. p = 0.0000  |
|      392       |       1        |       92.732   |        0.000   |       21.096   |  Neg. p = 0.0000  |
|      393       |       1        |        2.349   |        0.000   |       20.540   |  Neg. p = 0.0000  |
|      394       |       1        |        1.261   |        0.000   |       22.501   |  Neg. p = 0.0000  |
|      395       |       1        |        0.397   |        0.000   |       10.071   |  Neg. p = 0.0015  |
|      396       |       1        |        1.019   |        0.000   |       10.370   |  Neg. p = 0.0013  |
|      397       |       1        |        1.329   |        0.000   |       23.982   |  Neg. p = 0.0000  |
|      398       |       1        |        1.522   |        0.000   |       24.626   |  Neg. p = 0.0000  |
|      399       |       1        |        1.166   |        0.000   |       23.675   |  Neg. p = 0.0000  |
|      400       |       1        |        0.619   |        0.050   |        8.934   |  Neg. p = 0.0028  |
|      401       |       1        |        0.759   |        0.111   |        6.728   |  Neg. p = 0.0095  |
|      402       |       1        |      190.335   |        0.000   |       18.741   |  Neg. p = 0.0000  |
|      403       |       1        |        1.684   |        0.000   |       21.536   |  Neg. p = 0.0000  |
|      404       |       1        |      115.378   |        0.000   |       14.347   |  Neg. p = 0.0002  |
|      405       |       1        |        2.514   |        0.000   |       40.371   |  Neg. p = 0.0000  |
|      406       |       1        |        0.741   |        0.000   |       18.720   |  Neg. p = 0.0000  |
|      407       |       1        |        0.727   |        0.000   |       15.671   |  Neg. p = 0.0001  |
|      408       |       1        |        0.683   |        0.000   |       12.184   |  Neg. p = 0.0005  |
|      409       |       1        |        1.604   |        0.000   |       29.347   |  Neg. p = 0.0000  |
|      410       |       1        |        0.497   |        0.000   |        5.136   |  Neg. p = 0.0234  |
|      411       |       1        |        1.310   |        0.000   |       22.286   |  Neg. p = 0.0000  |
|      412       |       1        |        0.628   |        0.024   |        9.868   |  Neg. p = 0.0017  |
|      413       |       1        |        0.825   |        0.081   |        6.606   |  Neg. p = 0.0102  |
|      414       |       1        |        1.740   |        0.023   |       14.010   |  Neg. p = 0.0002  |
|      415       |       1        |        0.638   |        0.000   |       15.697   |  Neg. p = 0.0001  |
|      416       |       1        |        1.835   |        0.000   |       27.834   |  Neg. p = 0.0000  |
|      417       |       1        |        1.231   |        0.000   |       28.031   |  Neg. p = 0.0000  |
|      418       |       1        |        2.495   |        0.000   |       21.523   |  Neg. p = 0.0000  |
|      419       |       1        |        0.811   |        0.000   |       19.927   |  Neg. p = 0.0000  |
|      420       |       1        |        1.539   |        0.000   |       23.557   |  Neg. p = 0.0000  |
|      421       |       1        |        2.194   |        0.000   |       29.722   |  Neg. p = 0.0000  |
|      422       |       1        |        1.225   |        0.025   |       20.359   |  Neg. p = 0.0000  |
|      423       |       1        |        1.128   |        0.000   |       22.554   |  Neg. p = 0.0000  |
|      424       |       1        |        0.351   |        0.000   |        9.504   |  Neg. p = 0.0021  |
|      425       |       1        |        0.872   |        0.000   |       23.087   |  Neg. p = 0.0000  |
|      426       |       1        |        0.768   |        0.000   |       14.018   |  Neg. p = 0.0002  |
|      427       |       1        |        0.690   |        0.000   |       16.504   |  Neg. p = 0.0000  |
|      428       |       1        |        0.885   |        0.000   |       22.715   |  Neg. p = 0.0000  |
|      429       |       1        |        1.692   |        0.000   |       25.375   |  Neg. p = 0.0000  |
|      430       |       1        |      190.335   |        0.000   |       25.351   |  Neg. p = 0.0000  |
|      431       |       1        |        1.558   |        0.000   |       27.339   |  Neg. p = 0.0000  |
|      432       |       1        |        0.354   |        0.000   |       13.106   |  Neg. p = 0.0003  |
|      433       |       1        |        0.882   |        0.000   |       15.455   |  Neg. p = 0.0001  |
|      434       |       1        |        3.281   |        0.000   |       30.424   |  Neg. p = 0.0000  |
|      435       |       1        |        0.388   |        0.000   |       10.625   |  Neg. p = 0.0011  |
|      436       |       1        |      190.335   |        0.000   |       20.140   |  Neg. p = 0.0000  |
|      437       |       1        |        1.443   |        0.000   |       26.644   |  Neg. p = 0.0000  |
|      438       |       1        |        0.477   |        0.000   |       12.107   |  Neg. p = 0.0005  |
|      439       |       1        |        0.596   |        0.000   |       14.209   |  Neg. p = 0.0002  |
|      440       |       1        |        1.598   |        0.000   |       25.054   |  Neg. p = 0.0000  |
|      441       |       1        |        2.262   |        0.000   |       36.003   |  Neg. p = 0.0000  |
|      442       |       1        |        1.530   |        0.000   |       21.754   |  Neg. p = 0.0000  |
|      443       |       1        |        0.388   |        0.000   |        7.979   |  Neg. p = 0.0047  |
|      444       |       1        |        1.410   |        0.000   |       21.362   |  Neg. p = 0.0000  |
|      445       |       1        |        0.477   |        0.000   |       12.628   |  Neg. p = 0.0004  |
|      446       |       1        |        2.763   |        0.000   |       29.388   |  Neg. p = 0.0000  |
|      447       |       1        |        1.433   |        0.000   |       18.112   |  Neg. p = 0.0000  |
|      448       |       1        |        0.445   |        0.000   |       12.548   |  Neg. p = 0.0004  |
|      449       |       1        |        0.428   |        0.000   |        8.368   |  Neg. p = 0.0038  |
|      450       |       1        |        0.931   |        0.000   |       18.961   |  Neg. p = 0.0000  |
|      451       |       1        |      190.335   |        0.000   |       25.503   |  Neg. p = 0.0000  |
|      452       |       1        |        0.522   |        0.000   |       15.778   |  Neg. p = 0.0001  |
|      453       |       1        |        2.488   |        0.000   |       18.781   |  Neg. p = 0.0000  |
|      454       |       1        |        0.511   |        0.000   |       13.716   |  Neg. p = 0.0002  |
|      455       |       1        |      190.335   |        0.000   |       35.035   |  Neg. p = 0.0000  |
|      456       |       1        |      190.335   |        0.000   |       14.013   |  Neg. p = 0.0002  |
|      457       |       1        |        1.007   |        0.000   |       18.045   |  Neg. p = 0.0000  |
|      458       |       1        |        3.775   |        0.000   |       31.142   |  Neg. p = 0.0000  |
|      461       |       1        |        0.300   |        0.000   |        8.108   |  Neg. p = 0.0044  |
|      462       |       1        |      190.335   |        0.000   |       19.474   |  Neg. p = 0.0000  |
|      463       |       1        |        2.885   |        0.000   |       34.454   |  Neg. p = 0.0000  |
|      464       |       1        |        0.134   |        0.000   |        3.732   |  Neg. p = 0.0534  |
|      465       |       1        |        1.272   |        0.000   |       26.657   |  Neg. p = 0.0000  |
|      466       |       1        |       14.954   |        0.000   |       23.652   |  Neg. p = 0.0000  |
|      467       |       1        |        0.972   |        0.000   |       22.356   |  Neg. p = 0.0000  |
|      468       |       1        |      190.335   |        0.000   |       33.899   |  Neg. p = 0.0000  |
|      469       |       1        |        0.149   |        0.000   |        5.714   |  Neg. p = 0.0168  |
|      470       |       1        |        1.576   |        0.000   |       25.033   |  Neg. p = 0.0000  |
|      471       |       1        |        0.555   |        0.000   |       12.725   |  Neg. p = 0.0004  |
|      472       |       1        |        1.065   |        0.000   |       19.098   |  Neg. p = 0.0000  |
|      473       |       1        |        1.006   |        0.000   |       17.731   |  Neg. p = 0.0000  |
|      474       |       1        |        0.779   |        0.000   |       19.296   |  Neg. p = 0.0000  |
|      475       |       1        |        0.775   |        0.000   |       16.309   |  Neg. p = 0.0001  |
|      476       |       1        |        0.779   |        0.000   |       17.257   |  Neg. p = 0.0000  |
|      478       |       1        |        0.873   |        0.000   |       16.681   |  Neg. p = 0.0000  |
|      479       |       1        |        0.352   |        0.000   |        9.435   |  Neg. p = 0.0021  |
|      480       |       1        |      190.335   |        0.000   |       26.500   |  Neg. p = 0.0000  |
|      481       |       1        |        2.209   |        0.024   |       21.269   |  Neg. p = 0.0000  |
|      482       |       1        |        0.385   |        0.000   |       13.478   |  Neg. p = 0.0002  |
|      483       |       1        |        1.038   |        0.000   |       25.202   |  Neg. p = 0.0000  |
|      484       |       1        |        2.289   |        0.053   |       21.234   |  Neg. p = 0.0000  |
|      485       |       1        |        0.797   |        0.000   |       12.336   |  Neg. p = 0.0004  |
|      486       |       1        |        1.020   |        0.000   |       19.476   |  Neg. p = 0.0000  |
|      487       |       1        |        0.946   |        0.000   |       16.077   |  Neg. p = 0.0001  |
|      488       |       1        |        0.452   |        0.000   |        5.340   |  Neg. p = 0.0208  |
|      489       |       1        |        1.429   |        0.030   |        3.633   |  Neg. p = 0.0566  |
|      490       |       1        |      190.335   |        0.000   |       16.362   |  Neg. p = 0.0001  |
|      491       |       1        |        1.429   |        0.000   |       23.850   |  Neg. p = 0.0000  |
|      492       |       1        |      190.335   |        0.000   |       26.429   |  Neg. p = 0.0000  |
|      493       |       1        |        1.233   |        0.000   |       25.247   |  Neg. p = 0.0000  |
|      494       |       1        |      190.335   |        0.000   |       23.298   |  Neg. p = 0.0000  |
|      495       |       1        |        4.943   |        0.000   |       15.712   |  Neg. p = 0.0001  |
|      496       |       1        |        1.329   |        0.000   |       22.067   |  Neg. p = 0.0000  |
|      497       |       1        |        1.219   |        0.000   |       17.393   |  Neg. p = 0.0000  |
|      498       |       1        |        0.710   |        0.024   |       13.544   |  Neg. p = 0.0002  |
|      499       |       1        |        1.019   |        0.000   |        5.353   |  Neg. p = 0.0207  |
|      1750      |       1        |        1.019   |        0.000   |        5.353   |  Neg. p = 0.0207  |
|      2336      |       1        |        1.019   |        0.000   |        5.353   |  Neg. p = 0.0207  |
|      2383      |       1        |        1.019   |        0.000   |        5.353   |  Neg. p = 0.0207  |
|      500       |       1        |        0.487   |        0.022   |       13.146   |  Neg. p = 0.0003  |
|      501       |       1        |        1.484   |        0.000   |       17.323   |  Neg. p = 0.0000  |
|      502       |       1        |        0.513   |        0.053   |        7.759   |  Neg. p = 0.0053  |
|      503       |       1        |        0.539   |        0.000   |       14.653   |  Neg. p = 0.0001  |
|      504       |       1        |        0.681   |        0.000   |       15.146   |  Neg. p = 0.0001  |
|      505       |       1        |        2.690   |        0.000   |       31.088   |  Neg. p = 0.0000  |
|      506       |       1        |        1.641   |        0.000   |       22.768   |  Neg. p = 0.0000  |
|      507       |       1        |        0.476   |        0.000   |       12.019   |  Neg. p = 0.0005  |
|      508       |       1        |        1.749   |        0.000   |       31.292   |  Neg. p = 0.0000  |
|      509       |       1        |        0.823   |        0.000   |       17.363   |  Neg. p = 0.0000  |
|      510       |       1        |      190.335   |        0.000   |       30.006   |  Neg. p = 0.0000  |
|      511       |       1        |        0.476   |        0.000   |       14.068   |  Neg. p = 0.0002  |
|      512       |       1        |      190.335   |        0.000   |       13.757   |  Neg. p = 0.0002  |
|      513       |       1        |        0.636   |        0.000   |       17.529   |  Neg. p = 0.0000  |
|      514       |       1        |        1.529   |        0.000   |       18.992   |  Neg. p = 0.0000  |
|      515       |       1        |        1.267   |        0.000   |       21.996   |  Neg. p = 0.0000  |
|      516       |       1        |        0.619   |        0.000   |       17.990   |  Neg. p = 0.0000  |
|      517       |       1        |        0.982   |        0.000   |       20.495   |  Neg. p = 0.0000  |
|      518       |       1        |        0.216   |        0.000   |        6.543   |  Neg. p = 0.0105  |
|      519       |       1        |        0.724   |        0.000   |       15.643   |  Neg. p = 0.0001  |
|      520       |       1        |        1.661   |        0.000   |       29.847   |  Neg. p = 0.0000  |
|      521       |       1        |        0.819   |        0.057   |        8.341   |  Neg. p = 0.0039  |
|      522       |       1        |        0.537   |        0.000   |       13.424   |  Neg. p = 0.0002  |
|      523       |       1        |        1.144   |        0.000   |       27.901   |  Neg. p = 0.0000  |
|      524       |       1        |        0.863   |        0.000   |       17.256   |  Neg. p = 0.0000  |
|      525       |       1        |        0.497   |        0.000   |       11.208   |  Neg. p = 0.0008  |
|      527       |       1        |        0.643   |        0.000   |       18.437   |  Neg. p = 0.0000  |
|      528       |       1        |        2.448   |        0.027   |       15.251   |  Neg. p = 0.0001  |
|      529       |       1        |        0.841   |        0.000   |       16.706   |  Neg. p = 0.0000  |
|      530       |       1        |        0.612   |        0.000   |       14.490   |  Neg. p = 0.0001  |
|      531       |       1        |        1.558   |        0.000   |       26.325   |  Neg. p = 0.0000  |
|      532       |       1        |        0.530   |        0.000   |       17.474   |  Neg. p = 0.0000  |
|      533       |       1        |        0.241   |        0.000   |        9.804   |  Neg. p = 0.0017  |
|      534       |       1        |        0.497   |        0.000   |        6.161   |  Neg. p = 0.0131  |
|      2506      |       1        |        0.497   |        0.000   |        6.161   |  Neg. p = 0.0131  |
|      2645      |       1        |        0.497   |        0.000   |        6.161   |  Neg. p = 0.0131  |
|      535       |       1        |        0.243   |        0.000   |        8.890   |  Neg. p = 0.0029  |
|      536       |       1        |        3.032   |        0.000   |       21.213   |  Neg. p = 0.0000  |
|      537       |       1        |        0.579   |        0.000   |       20.330   |  Neg. p = 0.0000  |
|      538       |       1        |        0.442   |        0.000   |       13.428   |  Neg. p = 0.0002  |
|      539       |       1        |        1.489   |        0.000   |       25.481   |  Neg. p = 0.0000  |
|      540       |       1        |        1.725   |        0.000   |       30.473   |  Neg. p = 0.0000  |
|      541       |       1        |        0.962   |        0.000   |       23.375   |  Neg. p = 0.0000  |
|      542       |       1        |        1.120   |        0.000   |       25.085   |  Neg. p = 0.0000  |
|      543       |       1        |       35.230   |        0.000   |       16.565   |  Neg. p = 0.0000  |
|      544       |       1        |        0.433   |        0.000   |       10.741   |  Neg. p = 0.0010  |
|      545       |       1        |      190.335   |        0.000   |       27.941   |  Neg. p = 0.0000  |
|      546       |       1        |        0.720   |        0.000   |       12.282   |  Neg. p = 0.0005  |
|      547       |       1        |       35.230   |        0.000   |        8.953   |  Neg. p = 0.0028  |
|      548       |       1        |        0.965   |        0.000   |       20.933   |  Neg. p = 0.0000  |
|      549       |       1        |        1.020   |        0.000   |       23.733   |  Neg. p = 0.0000  |
|      550       |       1        |        0.603   |        0.000   |       11.533   |  Neg. p = 0.0007  |
|      551       |       1        |        0.804   |        0.000   |       17.211   |  Neg. p = 0.0000  |
|      552       |       1        |        2.027   |        0.000   |       19.913   |  Neg. p = 0.0000  |
|      553       |       1        |        0.598   |        0.000   |       12.213   |  Neg. p = 0.0005  |
|      554       |       1        |        1.287   |        0.028   |       17.589   |  Neg. p = 0.0000  |
|      555       |       1        |        0.230   |        0.043   |        3.222   |  Neg. p = 0.0726  |
|      556       |       1        |        1.420   |        0.048   |       15.754   |  Neg. p = 0.0001  |
|      557       |       1        |       35.230   |        0.000   |        9.431   |  Neg. p = 0.0021  |
|      558       |       1        |       24.974   |        0.000   |       18.007   |  Neg. p = 0.0000  |
|      559       |       1        |        0.332   |        0.025   |        7.582   |  Neg. p = 0.0059  |
|      560       |       1        |        1.001   |        0.026   |       16.052   |  Neg. p = 0.0001  |
|      561       |       1        |        0.733   |        0.021   |       15.244   |  Neg. p = 0.0001  |
|      562       |       1        |        0.737   |        0.139   |        4.589   |  Neg. p = 0.0322  |
|      563       |       1        |        0.931   |        0.037   |       10.866   |  Neg. p = 0.0010  |
|      564       |       1        |      190.335   |        0.000   |        7.242   |  Neg. p = 0.0071  |
|      565       |       1        |        0.163   |        0.000   |        6.260   |  Neg. p = 0.0123  |
|      566       |       1        |        0.557   |        0.000   |       13.180   |  Neg. p = 0.0003  |
|      567       |       1        |        1.314   |        0.000   |       27.158   |  Neg. p = 0.0000  |
|      568       |       1        |        0.609   |        0.000   |       15.471   |  Neg. p = 0.0001  |
|      569       |       1        |        2.177   |        0.000   |       29.699   |  Neg. p = 0.0000  |
|      570       |       1        |        0.452   |        0.000   |       11.012   |  Neg. p = 0.0009  |
|      571       |       1        |        0.894   |        0.000   |       18.448   |  Neg. p = 0.0000  |
|      572       |       1        |        0.542   |        0.000   |       13.451   |  Neg. p = 0.0002  |
|      573       |       1        |        0.932   |        0.000   |       18.761   |  Neg. p = 0.0000  |
|      574       |       1        |        0.956   |        0.024   |       10.294   |  Neg. p = 0.0013  |
|      575       |       1        |        1.779   |        0.000   |       27.805   |  Neg. p = 0.0000  |
|      576       |       1        |        0.685   |        0.000   |       20.720   |  Neg. p = 0.0000  |
|      577       |       1        |        1.854   |        0.000   |       22.984   |  Neg. p = 0.0000  |
|      578       |       1        |        3.022   |        0.000   |       36.229   |  Neg. p = 0.0000  |
|      579       |       1        |        1.281   |        0.000   |       24.916   |  Neg. p = 0.0000  |
|      580       |       1        |        2.216   |        0.000   |       28.278   |  Neg. p = 0.0000  |
|      581       |       1        |        1.254   |        0.000   |       21.923   |  Neg. p = 0.0000  |
|      582       |       1        |        0.353   |        0.000   |        8.900   |  Neg. p = 0.0029  |
|      583       |       1        |        0.530   |        0.022   |        9.837   |  Neg. p = 0.0017  |
|      584       |       1        |        0.145   |        0.000   |        4.001   |  Neg. p = 0.0455  |
|      585       |       1        |        0.894   |        0.000   |       17.949   |  Neg. p = 0.0000  |
|      586       |       1        |        0.749   |        0.000   |       14.783   |  Neg. p = 0.0001  |
|      587       |       1        |        1.372   |        0.000   |       18.943   |  Neg. p = 0.0000  |
|      588       |       1        |      190.335   |        0.000   |       27.212   |  Neg. p = 0.0000  |
|      589       |       1        |        0.442   |        0.000   |       12.998   |  Neg. p = 0.0003  |
|      590       |       1        |        1.419   |        0.025   |       23.515   |  Neg. p = 0.0000  |
|      591       |       1        |        0.722   |        0.000   |       18.185   |  Neg. p = 0.0000  |
|      592       |       1        |        0.360   |        0.000   |        8.085   |  Neg. p = 0.0045  |
|      593       |       1        |        1.087   |        0.000   |       21.313   |  Neg. p = 0.0000  |
|      594       |       1        |        0.841   |        0.000   |       17.689   |  Neg. p = 0.0000  |
|      595       |       1        |      102.155   |        0.000   |       38.325   |  Neg. p = 0.0000  |
|      596       |       1        |        1.927   |        0.000   |       22.973   |  Neg. p = 0.0000  |
|      597       |       1        |        1.160   |        0.000   |       26.506   |  Neg. p = 0.0000  |
|      598       |       1        |        0.673   |        0.000   |       15.618   |  Neg. p = 0.0001  |
|      599       |       1        |        1.829   |        0.000   |       32.164   |  Neg. p = 0.0000  |
|      600       |       1        |        1.284   |        0.000   |       23.585   |  Neg. p = 0.0000  |
|      601       |       1        |        0.716   |        0.000   |       12.002   |  Neg. p = 0.0005  |
|      602       |       1        |        2.026   |        0.000   |       18.760   |  Neg. p = 0.0000  |
|      603       |       1        |        0.231   |        0.000   |        7.983   |  Neg. p = 0.0047  |
|      604       |       1        |        1.290   |        0.000   |       25.551   |  Neg. p = 0.0000  |
|      605       |       1        |        0.933   |        0.000   |       20.574   |  Neg. p = 0.0000  |
|      606       |       1        |        1.668   |        0.000   |       16.545   |  Neg. p = 0.0000  |
|      607       |       1        |      115.378   |        0.000   |       12.645   |  Neg. p = 0.0004  |
|      608       |       1        |        0.248   |        0.000   |        5.348   |  Neg. p = 0.0207  |
|      609       |       1        |        0.579   |        0.000   |       17.538   |  Neg. p = 0.0000  |
|      610       |       1        |        0.576   |        0.000   |       14.713   |  Neg. p = 0.0001  |
|      611       |       1        |      190.335   |        0.000   |       24.844   |  Neg. p = 0.0000  |
|      612       |       1        |        0.321   |        0.000   |       13.254   |  Neg. p = 0.0003  |
|      613       |       1        |        0.665   |        0.000   |       16.136   |  Neg. p = 0.0001  |
|      614       |       1        |        2.094   |        0.000   |       19.420   |  Neg. p = 0.0000  |
|      615       |       1        |        0.993   |        0.032   |       16.373   |  Neg. p = 0.0001  |
|      616       |       1        |        1.158   |        0.000   |       20.279   |  Neg. p = 0.0000  |
|      617       |       1        |        1.598   |        0.000   |       22.921   |  Neg. p = 0.0000  |
|      618       |       1        |        0.481   |        0.026   |        8.060   |  Neg. p = 0.0045  |
|      619       |       1        |        0.690   |        0.000   |       12.973   |  Neg. p = 0.0003  |
|      620       |       1        |        0.815   |        0.000   |        4.926   |  Neg. p = 0.0265  |
|      621       |       1        |        1.900   |        0.000   |       18.152   |  Neg. p = 0.0000  |
|      622       |       1        |        0.894   |        0.000   |       17.669   |  Neg. p = 0.0000  |
|      623       |       1        |        0.439   |        0.000   |       10.793   |  Neg. p = 0.0010  |
|      624       |       1        |        0.525   |        0.025   |        7.099   |  Neg. p = 0.0077  |
|      626       |       1        |        0.869   |        0.000   |       20.671   |  Neg. p = 0.0000  |
|      627       |       1        |        0.475   |        0.055   |        5.647   |  Neg. p = 0.0175  |
|      628       |       1        |        1.199   |        0.049   |       16.383   |  Neg. p = 0.0001  |
|      629       |       1        |        0.956   |        0.000   |       18.941   |  Neg. p = 0.0000  |
|      630       |       1        |        3.942   |        0.122   |        9.970   |  Neg. p = 0.0016  |
|      632       |       1        |        0.434   |        0.051   |        4.521   |  Neg. p = 0.0335  |
|      633       |       1        |        2.689   |        0.074   |        7.852   |  Neg. p = 0.0051  |
|      634       |       1        |        0.643   |        0.000   |       15.697   |  Neg. p = 0.0001  |
|      635       |       1        |        1.054   |        0.000   |        5.922   |  Neg. p = 0.0150  |
|      636       |       1        |        1.205   |        0.074   |       11.963   |  Neg. p = 0.0005  |
|      637       |       1        |        0.412   |        0.023   |        4.409   |  Neg. p = 0.0358  |
|      638       |       1        |        1.790   |        0.000   |       24.375   |  Neg. p = 0.0000  |
|      640       |       1        |        2.449   |        0.051   |       14.264   |  Neg. p = 0.0002  |
|      641       |       1        |       39.179   |        0.000   |       29.932   |  Neg. p = 0.0000  |
|      642       |       1        |        1.536   |        0.000   |       18.901   |  Neg. p = 0.0000  |
|      643       |       1        |        0.533   |        0.050   |        6.457   |  Neg. p = 0.0111  |
|      644       |       1        |        0.610   |        0.000   |       14.990   |  Neg. p = 0.0001  |
|      645       |       1        |        1.221   |        0.000   |       20.167   |  Neg. p = 0.0000  |
|      646       |       1        |      115.378   |        0.000   |       21.044   |  Neg. p = 0.0000  |
|      648       |       1        |        2.189   |        0.000   |       32.483   |  Neg. p = 0.0000  |
|      649       |       1        |        0.477   |        0.000   |       11.316   |  Neg. p = 0.0008  |
|      650       |       1        |        0.946   |        0.000   |       16.754   |  Neg. p = 0.0000  |
|      651       |       1        |        0.705   |        0.000   |       16.600   |  Neg. p = 0.0000  |
|      652       |       1        |       14.954   |        0.000   |       22.801   |  Neg. p = 0.0000  |
|      653       |       1        |        1.103   |        0.000   |       16.730   |  Neg. p = 0.0000  |
|      654       |       1        |      190.335   |        0.000   |       23.989   |  Neg. p = 0.0000  |
|      655       |       1        |        0.711   |        0.000   |       16.203   |  Neg. p = 0.0001  |
|      656       |       1        |        0.641   |        0.000   |       17.267   |  Neg. p = 0.0000  |
|      657       |       1        |        1.545   |        0.000   |       17.663   |  Neg. p = 0.0000  |
|      658       |       1        |        1.918   |        0.057   |       19.945   |  Neg. p = 0.0000  |
|      659       |       1        |        3.100   |        0.000   |       29.643   |  Neg. p = 0.0000  |
|      660       |       1        |        0.486   |        0.000   |       15.318   |  Neg. p = 0.0001  |
|      661       |       1        |        0.612   |        0.000   |       16.655   |  Neg. p = 0.0000  |
|      662       |       1        |        0.504   |        0.000   |       12.534   |  Neg. p = 0.0004  |
|      663       |       1        |        0.936   |        0.029   |       14.426   |  Neg. p = 0.0001  |
|      664       |       1        |        1.784   |        0.000   |       21.848   |  Neg. p = 0.0000  |
|      665       |       1        |        0.983   |        0.000   |       23.270   |  Neg. p = 0.0000  |
|      666       |       1        |      190.335   |        0.000   |       28.055   |  Neg. p = 0.0000  |
|      667       |       1        |        1.249   |        0.000   |       17.986   |  Neg. p = 0.0000  |
|      668       |       1        |        0.221   |        0.000   |        6.367   |  Neg. p = 0.0116  |
|      669       |       1        |        1.139   |        0.000   |       21.798   |  Neg. p = 0.0000  |
|      670       |       1        |        0.956   |        0.000   |       22.081   |  Neg. p = 0.0000  |
|      671       |       1        |      190.335   |        0.000   |       29.363   |  Neg. p = 0.0000  |
|      672       |       1        |        1.213   |        0.000   |       26.681   |  Neg. p = 0.0000  |
|      673       |       1        |        0.537   |        0.107   |        2.950   |  Neg. p = 0.0859  |
|      675       |       1        |        0.068   |        0.000   |        2.937   |  Neg. p = 0.0866  |
|      676       |       1        |        0.780   |        0.137   |        6.047   |  Neg. p = 0.0139  |
|      677       |       1        |        1.327   |        0.183   |        7.805   |  Neg. p = 0.0052  |
|      678       |       1        |        1.080   |        0.000   |       19.389   |  Neg. p = 0.0000  |
|      679       |       1        |        1.347   |        0.000   |       27.765   |  Neg. p = 0.0000  |
|      680       |       1        |        0.571   |        0.108   |        4.312   |  Neg. p = 0.0378  |
|      681       |       1        |        0.542   |        0.000   |       14.188   |  Neg. p = 0.0002  |
|      682       |       1        |        0.755   |        0.000   |       16.571   |  Neg. p = 0.0000  |
|      683       |       1        |        2.477   |        0.025   |       22.273   |  Neg. p = 0.0000  |
|      684       |       1        |        3.443   |        0.023   |       24.708   |  Neg. p = 0.0000  |
|      685       |       1        |        0.598   |        0.000   |       13.697   |  Neg. p = 0.0002  |
|      686       |       1        |        2.148   |        0.000   |       22.310   |  Neg. p = 0.0000  |
|      687       |       1        |        0.393   |        0.000   |       10.811   |  Neg. p = 0.0010  |
|      688       |       1        |        0.471   |        0.000   |       14.231   |  Neg. p = 0.0002  |
|      689       |       1        |        1.532   |        0.000   |       30.188   |  Neg. p = 0.0000  |
|      690       |       1        |      282.444   |        0.053   |       11.053   |  Neg. p = 0.0009  |
|      691       |       1        |        1.303   |        0.144   |        5.833   |  Neg. p = 0.0157  |
|      692       |       1        |       35.655   |        0.000   |       10.962   |  Neg. p = 0.0009  |
|      693       |       1        |        0.639   |        0.121   |        4.886   |  Neg. p = 0.0271  |
|      694       |       1        |        1.231   |        0.000   |       17.917   |  Neg. p = 0.0000  |
|      695       |       1        |      339.156   |        0.049   |       12.574   |  Neg. p = 0.0004  |
|      696       |       1        |        1.674   |        0.049   |       15.862   |  Neg. p = 0.0001  |
|      697       |       1        |        0.373   |        0.000   |        4.393   |  Neg. p = 0.0361  |
|      2061      |       1        |        0.373   |        0.000   |        4.393   |  Neg. p = 0.0361  |
|      698       |       1        |        0.630   |        0.000   |        6.825   |  Neg. p = 0.0090  |
|      699       |       1        |        0.491   |        0.000   |       14.170   |  Neg. p = 0.0002  |
|      700       |       1        |      190.335   |        0.000   |       35.874   |  Neg. p = 0.0000  |
|      701       |       1        |        0.513   |        0.021   |        9.797   |  Neg. p = 0.0017  |
|      702       |       1        |        0.806   |        0.000   |       17.271   |  Neg. p = 0.0000  |
|      703       |       1        |        0.943   |        0.000   |        9.794   |  Neg. p = 0.0018  |
|      704       |       1        |        0.101   |        0.000   |        2.874   |  Neg. p = 0.0900  |
|      705       |       1        |        5.101   |        0.020   |        5.536   |  Neg. p = 0.0186  |
|      706       |       1        |        1.006   |        0.024   |       18.060   |  Neg. p = 0.0000  |
|      709       |       1        |        1.715   |        0.104   |       10.324   |  Neg. p = 0.0013  |
|      710       |       1        |        1.325   |        0.068   |        4.383   |  Neg. p = 0.0363  |
|      711       |       1        |        2.221   |        0.161   |       11.851   |  Neg. p = 0.0006  |
|      713       |       1        |        0.694   |        0.115   |        5.583   |  Neg. p = 0.0181  |
|      714       |       1        |        0.481   |        0.100   |        4.440   |  Neg. p = 0.0351  |
|      715       |       1        |        1.298   |        0.020   |       17.971   |  Neg. p = 0.0000  |
|      716       |       1        |        0.826   |        0.074   |        8.752   |  Neg. p = 0.0031  |
|      717       |       1        |        0.574   |        0.000   |       11.384   |  Neg. p = 0.0007  |
|      718       |       1        |      190.335   |        0.000   |       12.932   |  Neg. p = 0.0003  |
|      1364      |       1        |      190.335   |        0.000   |       12.932   |  Neg. p = 0.0003  |
|      719       |       1        |        0.605   |        0.000   |       15.291   |  Neg. p = 0.0001  |
|      720       |       1        |        1.469   |        0.081   |       12.301   |  Neg. p = 0.0005  |
|      721       |       1        |        0.412   |        0.000   |        8.594   |  Neg. p = 0.0034  |
|      722       |       1        |        0.724   |        0.000   |       16.407   |  Neg. p = 0.0001  |
|      723       |       1        |        0.983   |        0.000   |       23.521   |  Neg. p = 0.0000  |
|      724       |       1        |        0.402   |        0.000   |       11.907   |  Neg. p = 0.0006  |
|      725       |       1        |        0.466   |        0.000   |       13.378   |  Neg. p = 0.0003  |
|      726       |       1        |      190.335   |        0.000   |       32.439   |  Neg. p = 0.0000  |
|      727       |       1        |      190.335   |        0.000   |       24.065   |  Neg. p = 0.0000  |
|      728       |       1        |        0.245   |        0.000   |        6.917   |  Neg. p = 0.0085  |
|      729       |       1        |        1.504   |        0.000   |       22.649   |  Neg. p = 0.0000  |
|      730       |       1        |        0.776   |        0.000   |        5.400   |  Neg. p = 0.0201  |
|      732       |       1        |        1.128   |        0.000   |       26.215   |  Neg. p = 0.0000  |
|      733       |       1        |        1.441   |        0.091   |       11.127   |  Neg. p = 0.0009  |
|      735       |       1        |        0.628   |        0.000   |       17.285   |  Neg. p = 0.0000  |
|      736       |       1        |        0.731   |        0.000   |       20.758   |  Neg. p = 0.0000  |
|      737       |       1        |        0.723   |        0.024   |       12.880   |  Neg. p = 0.0003  |
|      738       |       1        |        1.277   |        0.000   |       25.498   |  Neg. p = 0.0000  |
|      739       |       1        |        0.233   |        0.000   |        8.914   |  Neg. p = 0.0028  |
|      740       |       1        |        0.314   |        0.000   |        9.991   |  Neg. p = 0.0016  |
|      741       |       1        |        0.374   |        0.000   |        5.376   |  Neg. p = 0.0204  |
|      742       |       1        |        0.697   |        0.000   |        6.214   |  Neg. p = 0.0127  |
|      743       |       1        |        2.757   |        0.000   |       26.504   |  Neg. p = 0.0000  |
|      744       |       1        |        2.482   |        0.000   |       28.235   |  Neg. p = 0.0000  |
|      746       |       1        |        1.122   |        0.199   |        4.021   |  Neg. p = 0.0449  |
|      747       |       1        |        0.956   |        0.000   |       17.837   |  Neg. p = 0.0000  |
|      748       |       1        |      190.335   |        0.000   |       19.888   |  Neg. p = 0.0000  |
|      749       |       1        |       70.545   |        0.000   |       35.040   |  Neg. p = 0.0000  |
|      750       |       1        |      190.335   |        0.000   |       25.199   |  Neg. p = 0.0000  |
|      751       |       1        |        0.600   |        0.023   |       10.236   |  Neg. p = 0.0014  |
|      752       |       1        |        0.628   |        0.000   |       13.347   |  Neg. p = 0.0003  |
|      754       |       1        |        3.269   |        0.000   |       12.712   |  Neg. p = 0.0004  |
|      755       |       1        |       10.561   |        0.023   |       36.861   |  Neg. p = 0.0000  |
|      756       |       1        |      190.335   |        0.000   |       36.171   |  Neg. p = 0.0000  |
|      757       |       1        |        1.662   |        0.000   |       22.894   |  Neg. p = 0.0000  |
|      758       |       1        |        0.490   |        0.000   |       13.930   |  Neg. p = 0.0002  |
|      760       |       1        |        5.422   |        0.026   |       22.258   |  Neg. p = 0.0000  |
|      761       |       1        |        0.556   |        0.000   |       11.852   |  Neg. p = 0.0006  |
|      762       |       1        |        1.018   |        0.000   |       23.367   |  Neg. p = 0.0000  |
|      763       |       1        |        0.905   |        0.000   |       21.995   |  Neg. p = 0.0000  |
|      764       |       1        |      115.378   |        0.000   |       17.343   |  Neg. p = 0.0000  |
|      766       |       1        |        1.777   |        0.025   |       18.410   |  Neg. p = 0.0000  |
|      767       |       1        |        0.840   |        0.123   |        5.009   |  Neg. p = 0.0252  |
|      768       |       1        |        0.769   |        0.148   |        2.875   |  Neg. p = 0.0900  |
|      769       |       1        |        0.601   |        0.024   |       13.074   |  Neg. p = 0.0003  |
|      770       |       1        |        0.406   |        0.000   |       10.339   |  Neg. p = 0.0013  |
|      771       |       1        |        0.567   |        0.000   |       13.944   |  Neg. p = 0.0002  |
|      772       |       1        |        1.233   |        0.000   |       21.141   |  Neg. p = 0.0000  |
|      773       |       1        |      190.335   |        0.000   |       18.456   |  Neg. p = 0.0000  |
|      774       |       1        |        2.013   |        0.000   |       19.536   |  Neg. p = 0.0000  |
|      775       |       1        |        1.277   |        0.000   |       26.013   |  Neg. p = 0.0000  |
|      776       |       1        |        1.605   |        0.024   |       18.354   |  Neg. p = 0.0000  |
|      777       |       1        |        1.070   |        0.024   |       18.639   |  Neg. p = 0.0000  |
|      778       |       1        |        1.222   |        0.103   |        7.098   |  Neg. p = 0.0077  |
|      779       |       1        |        2.154   |        0.023   |       24.456   |  Neg. p = 0.0000  |
|      781       |       1        |      190.335   |        0.000   |       25.157   |  Neg. p = 0.0000  |
|      782       |       1        |        0.756   |        0.000   |       22.765   |  Neg. p = 0.0000  |
|      783       |       1        |        1.881   |        0.000   |       14.067   |  Neg. p = 0.0002  |
|      784       |       1        |        0.794   |        0.000   |        6.231   |  Neg. p = 0.0126  |
|      785       |       1        |        0.413   |        0.024   |        6.901   |  Neg. p = 0.0086  |
|      786       |       1        |        8.133   |        0.000   |       23.755   |  Neg. p = 0.0000  |
|      787       |       1        |        1.870   |        0.000   |       34.905   |  Neg. p = 0.0000  |
|      788       |       1        |        1.829   |        0.111   |       10.277   |  Neg. p = 0.0013  |
|      790       |       1        |        1.372   |        0.000   |       29.777   |  Neg. p = 0.0000  |
|      791       |       1        |        0.455   |        0.000   |       13.382   |  Neg. p = 0.0003  |
|      792       |       1        |        0.491   |        0.000   |       12.790   |  Neg. p = 0.0003  |
|      793       |       1        |        2.092   |        0.000   |       31.041   |  Neg. p = 0.0000  |
|      794       |       1        |        0.334   |        0.000   |       13.684   |  Neg. p = 0.0002  |
|      795       |       1        |      339.156   |        0.049   |       32.233   |  Neg. p = 0.0000  |
|      796       |       1        |        1.227   |        0.000   |       20.750   |  Neg. p = 0.0000  |
|      797       |       1        |        0.894   |        0.000   |       16.854   |  Neg. p = 0.0000  |
|      798       |       1        |        0.558   |        0.074   |        6.186   |  Neg. p = 0.0129  |
|      799       |       1        |        1.987   |        0.039   |       16.208   |  Neg. p = 0.0001  |
|      800       |       1        |      190.335   |        0.000   |       15.436   |  Neg. p = 0.0001  |
|      801       |       1        |        0.418   |        0.000   |       13.748   |  Neg. p = 0.0002  |
|      802       |       1        |        1.513   |        0.000   |       26.701   |  Neg. p = 0.0000  |
|      803       |       1        |        0.975   |        0.000   |       21.579   |  Neg. p = 0.0000  |
|      804       |       1        |      190.335   |        0.000   |       38.410   |  Neg. p = 0.0000  |
|      805       |       1        |        0.983   |        0.000   |       17.195   |  Neg. p = 0.0000  |
|      806       |       1        |        1.525   |        0.000   |       26.396   |  Neg. p = 0.0000  |
|      807       |       1        |        0.391   |        0.000   |       12.464   |  Neg. p = 0.0004  |
|      808       |       1        |        1.038   |        0.000   |       22.553   |  Neg. p = 0.0000  |
|      809       |       1        |       35.230   |        0.000   |       34.392   |  Neg. p = 0.0000  |
|      810       |       1        |        1.571   |        0.048   |       10.794   |  Neg. p = 0.0010  |
|      812       |       1        |        1.125   |        0.000   |       23.216   |  Neg. p = 0.0000  |
|      813       |       1        |        1.061   |        0.000   |       26.065   |  Neg. p = 0.0000  |
|      814       |       1        |        0.569   |        0.049   |        5.782   |  Neg. p = 0.0162  |
|      815       |       1        |        0.703   |        0.021   |       11.726   |  Neg. p = 0.0006  |
|      816       |       1        |       89.243   |        0.020   |       21.490   |  Neg. p = 0.0000  |
|      817       |       1        |        1.329   |        0.000   |       25.780   |  Neg. p = 0.0000  |
|      818       |       1        |        0.462   |        0.119   |        3.038   |  Neg. p = 0.0813  |
|      819       |       1        |        2.352   |        0.072   |       19.852   |  Neg. p = 0.0000  |
|      820       |       1        |        1.707   |        0.000   |       31.972   |  Neg. p = 0.0000  |
|      821       |       1        |        3.324   |        0.103   |       15.141   |  Neg. p = 0.0001  |
|      823       |       1        |        1.247   |        0.080   |       14.496   |  Neg. p = 0.0001  |
|      824       |       1        |        0.385   |        0.050   |        3.556   |  Neg. p = 0.0593  |
|      825       |       1        |        2.005   |        0.000   |       32.133   |  Neg. p = 0.0000  |
|      826       |       1        |        0.538   |        0.000   |       15.529   |  Neg. p = 0.0001  |
|      827       |       1        |        0.638   |        0.000   |       14.201   |  Neg. p = 0.0002  |
|      828       |       1        |      190.335   |        0.000   |       15.296   |  Neg. p = 0.0001  |
|      829       |       1        |        1.664   |        0.000   |       20.409   |  Neg. p = 0.0000  |
|      830       |       1        |      115.378   |        0.000   |        5.475   |  Neg. p = 0.0193  |
|      1924      |       1        |      115.378   |        0.000   |        5.475   |  Neg. p = 0.0193  |
|      2008      |       1        |      115.378   |        0.000   |        5.475   |  Neg. p = 0.0193  |
|      832       |       1        |        0.300   |        0.000   |        9.096   |  Neg. p = 0.0026  |
|      833       |       1        |        0.476   |        0.000   |       19.890   |  Neg. p = 0.0000  |
|      834       |       1        |        0.450   |        0.027   |        7.658   |  Neg. p = 0.0057  |
|      835       |       1        |        2.121   |        0.024   |       26.724   |  Neg. p = 0.0000  |
|      836       |       1        |        0.681   |        0.000   |       17.795   |  Neg. p = 0.0000  |
|      837       |       1        |      190.335   |        0.000   |       27.154   |  Neg. p = 0.0000  |
|      838       |       1        |        2.207   |        0.020   |       17.333   |  Neg. p = 0.0000  |
|      839       |       1        |        1.241   |        0.043   |       12.000   |  Neg. p = 0.0005  |
|      840       |       1        |        0.615   |        0.000   |       16.712   |  Neg. p = 0.0000  |
|      842       |       1        |        0.820   |        0.000   |       17.473   |  Neg. p = 0.0000  |
|      843       |       1        |        0.773   |        0.019   |       10.542   |  Neg. p = 0.0012  |
|      844       |       1        |        1.169   |        0.000   |       25.227   |  Neg. p = 0.0000  |
|      845       |       1        |       51.558   |        0.000   |       30.284   |  Neg. p = 0.0000  |
|      846       |       1        |        0.634   |        0.000   |       17.387   |  Neg. p = 0.0000  |
|      847       |       1        |        1.355   |        0.025   |       16.950   |  Neg. p = 0.0000  |
|      848       |       1        |        1.030   |        0.000   |       14.269   |  Neg. p = 0.0002  |
|      849       |       1        |        0.870   |        0.026   |       13.563   |  Neg. p = 0.0002  |
|      851       |       1        |        2.888   |        0.117   |       13.233   |  Neg. p = 0.0003  |
|      852       |       1        |        0.109   |        0.000   |        3.210   |  Neg. p = 0.0732  |
|      854       |       1        |        0.442   |        0.000   |       10.469   |  Neg. p = 0.0012  |
|      855       |       1        |        0.634   |        0.000   |       15.521   |  Neg. p = 0.0001  |
|      856       |       1        |     1374.884   |        0.044   |       14.822   |  Neg. p = 0.0001  |
|      857       |       1        |        2.042   |        0.000   |       27.880   |  Neg. p = 0.0000  |
|      858       |       1        |        0.846   |        0.000   |       17.287   |  Neg. p = 0.0000  |
|      859       |       1        |        0.820   |        0.000   |       16.581   |  Neg. p = 0.0000  |
|      860       |       1        |        1.038   |        0.000   |       17.698   |  Neg. p = 0.0000  |
|      862       |       1        |        0.863   |        0.000   |       22.442   |  Neg. p = 0.0000  |
|      863       |       1        |      190.335   |        0.000   |       19.580   |  Neg. p = 0.0000  |
|      864       |       1        |       38.795   |        0.000   |       42.772   |  Neg. p = 0.0000  |
|      865       |       1        |        0.401   |        0.032   |        4.430   |  Neg. p = 0.0353  |
|      866       |       1        |        1.452   |        0.052   |       16.761   |  Neg. p = 0.0000  |
|      867       |       1        |        1.214   |        0.000   |       26.806   |  Neg. p = 0.0000  |
|      868       |       1        |        2.410   |        0.000   |       30.843   |  Neg. p = 0.0000  |
|      869       |       1        |        1.706   |        0.000   |       25.234   |  Neg. p = 0.0000  |
|      871       |       1        |        0.374   |        0.000   |        5.699   |  Neg. p = 0.0170  |
|      1033      |       1        |        0.374   |        0.000   |        5.699   |  Neg. p = 0.0170  |
|      872       |       1        |        1.208   |        0.089   |        7.527   |  Neg. p = 0.0061  |
|      873       |       1        |        0.796   |        0.026   |       12.498   |  Neg. p = 0.0004  |
|      874       |       1        |        1.221   |        0.046   |       16.975   |  Neg. p = 0.0000  |
|      875       |       1        |        0.556   |        0.000   |       13.557   |  Neg. p = 0.0002  |
|      876       |       1        |        0.374   |        0.025   |        8.609   |  Neg. p = 0.0033  |
|      877       |       1        |        0.823   |        0.036   |       10.167   |  Neg. p = 0.0014  |
|      878       |       1        |        0.931   |        0.025   |       14.441   |  Neg. p = 0.0001  |
|      879       |       1        |        0.209   |        0.028   |        2.869   |  Neg. p = 0.0903  |
|      880       |       1        |        3.453   |        0.000   |       35.152   |  Neg. p = 0.0000  |
|      881       |       1        |        0.357   |        0.021   |        2.881   |  Neg. p = 0.0896  |
|      882       |       1        |        1.746   |        0.000   |       14.689   |  Neg. p = 0.0001  |
|      883       |       1        |        0.753   |        0.000   |       19.243   |  Neg. p = 0.0000  |
|      884       |       1        |        3.272   |        0.039   |       29.559   |  Neg. p = 0.0000  |
|      885       |       1        |        0.159   |        0.000   |        3.911   |  Neg. p = 0.0480  |
|      887       |       1        |      190.335   |        0.000   |        6.946   |  Neg. p = 0.0084  |
|      888       |       1        |        0.723   |        0.069   |       10.837   |  Neg. p = 0.0010  |
|      889       |       1        |        4.285   |        0.086   |       23.853   |  Neg. p = 0.0000  |
|      890       |       1        |        0.497   |        0.000   |       14.596   |  Neg. p = 0.0001  |
|      891       |       1        |        2.002   |        0.026   |       25.567   |  Neg. p = 0.0000  |
|      892       |       1        |        1.548   |        0.041   |       13.841   |  Neg. p = 0.0002  |
|      893       |       1        |        1.093   |        0.000   |       22.514   |  Neg. p = 0.0000  |
|      894       |       1        |        0.603   |        0.000   |       12.642   |  Neg. p = 0.0004  |
|      896       |       1        |        0.818   |        0.025   |       12.810   |  Neg. p = 0.0003  |
|      897       |       1        |      190.335   |        0.000   |       23.438   |  Neg. p = 0.0000  |
|      898       |       1        |        0.846   |        0.000   |       18.370   |  Neg. p = 0.0000  |
|      899       |       1        |        0.312   |        0.000   |        7.710   |  Neg. p = 0.0055  |
|      900       |       1        |        0.773   |        0.000   |       15.086   |  Neg. p = 0.0001  |
|      901       |       1        |        1.749   |        0.000   |       30.415   |  Neg. p = 0.0000  |
|      902       |       1        |        1.281   |        0.000   |       23.333   |  Neg. p = 0.0000  |
|      903       |       1        |        0.246   |        0.000   |        6.537   |  Neg. p = 0.0106  |
|      904       |       1        |        0.841   |        0.000   |       14.644   |  Neg. p = 0.0001  |
|      905       |       1        |        1.343   |        0.000   |        6.187   |  Neg. p = 0.0129  |
|      1542      |       1        |        1.343   |        0.000   |        6.187   |  Neg. p = 0.0129  |
|      906       |       1        |        0.371   |        0.081   |        3.313   |  Neg. p = 0.0687  |
|      907       |       1        |        0.894   |        0.000   |       20.467   |  Neg. p = 0.0000  |
|      908       |       1        |        1.741   |        0.121   |        8.323   |  Neg. p = 0.0039  |
|      909       |       1        |        0.550   |        0.077   |        4.155   |  Neg. p = 0.0415  |
|      910       |       1        |        1.172   |        0.117   |       10.210   |  Neg. p = 0.0014  |
|      911       |       1        |        1.232   |        0.139   |        5.556   |  Neg. p = 0.0184  |
|      912       |       1        |        0.722   |        0.000   |       14.037   |  Neg. p = 0.0002  |
|      913       |       1        |        0.438   |        0.000   |       10.306   |  Neg. p = 0.0013  |
|      914       |       1        |        1.404   |        0.000   |       18.238   |  Neg. p = 0.0000  |
|      915       |       1        |        1.277   |        0.079   |       13.265   |  Neg. p = 0.0003  |
|      916       |       1        |        5.115   |        0.093   |       17.933   |  Neg. p = 0.0000  |
|      917       |       1        |       18.060   |        0.000   |       29.379   |  Neg. p = 0.0000  |
|      918       |       1        |        0.612   |        0.000   |       19.482   |  Neg. p = 0.0000  |
|      919       |       1        |      190.335   |        0.000   |       11.360   |  Neg. p = 0.0008  |
|      920       |       1        |        0.285   |        0.000   |        7.596   |  Neg. p = 0.0059  |
|      921       |       1        |        0.201   |        0.000   |        6.073   |  Neg. p = 0.0137  |
|      922       |       1        |        5.462   |        0.000   |       19.694   |  Neg. p = 0.0000  |
|      923       |       1        |        0.505   |        0.000   |       12.144   |  Neg. p = 0.0005  |
|      924       |       1        |        0.724   |        0.000   |       17.769   |  Neg. p = 0.0000  |
|      925       |       1        |        1.466   |        0.000   |       26.652   |  Neg. p = 0.0000  |
|      926       |       1        |        1.103   |        0.027   |       14.610   |  Neg. p = 0.0001  |
|      927       |       1        |        0.470   |        0.000   |       12.045   |  Neg. p = 0.0005  |
|      928       |       1        |       70.545   |        0.000   |       33.299   |  Neg. p = 0.0000  |
|      929       |       1        |        0.788   |        0.000   |       12.793   |  Neg. p = 0.0003  |
|      930       |       1        |        1.440   |        0.000   |       23.554   |  Neg. p = 0.0000  |
|      931       |       1        |        0.507   |        0.000   |       16.170   |  Neg. p = 0.0001  |
|      932       |       1        |        1.010   |        0.000   |       23.152   |  Neg. p = 0.0000  |
|      933       |       1        |        3.218   |        0.000   |       10.682   |  Neg. p = 0.0011  |
|      934       |       1        |        0.604   |        0.000   |       16.585   |  Neg. p = 0.0000  |
|      935       |       1        |        0.269   |        0.000   |        7.551   |  Neg. p = 0.0060  |
|      936       |       1        |       14.954   |        0.000   |       24.661   |  Neg. p = 0.0000  |
|      937       |       1        |        0.854   |        0.032   |       13.040   |  Neg. p = 0.0003  |
|      938       |       1        |        2.021   |        0.081   |       16.407   |  Neg. p = 0.0001  |
|      939       |       1        |        1.109   |        0.056   |       13.628   |  Neg. p = 0.0002  |
|      940       |       1        |        0.172   |        0.000   |        4.673   |  Neg. p = 0.0306  |
|      941       |       1        |        1.871   |        0.088   |        8.035   |  Neg. p = 0.0046  |
|      943       |       1        |        0.782   |        0.000   |       15.808   |  Neg. p = 0.0001  |
|      944       |       1        |        0.904   |        0.000   |       11.918   |  Neg. p = 0.0006  |
|      946       |       1        |        0.134   |        0.000   |        3.723   |  Neg. p = 0.0537  |
|      948       |       1        |        0.650   |        0.024   |       12.131   |  Neg. p = 0.0005  |
|      949       |       1        |        0.877   |        0.000   |       17.220   |  Neg. p = 0.0000  |
|      950       |       1        |        1.220   |        0.022   |       19.591   |  Neg. p = 0.0000  |
|      951       |       1        |       14.954   |        0.000   |       33.838   |  Neg. p = 0.0000  |
|      952       |       1        |      102.155   |        0.000   |       39.585   |  Neg. p = 0.0000  |
|      954       |       1        |        0.884   |        0.024   |       12.553   |  Neg. p = 0.0004  |
|      955       |       1        |        5.059   |        0.023   |       11.559   |  Neg. p = 0.0007  |
|      956       |       1        |        0.962   |        0.000   |       22.000   |  Neg. p = 0.0000  |
|      957       |       1        |        0.452   |        0.000   |        8.442   |  Neg. p = 0.0037  |
|      958       |       1        |        0.398   |        0.000   |        9.966   |  Neg. p = 0.0016  |
|      959       |       1        |       35.230   |        0.000   |       24.319   |  Neg. p = 0.0000  |
|      960       |       1        |        1.233   |        0.000   |       23.793   |  Neg. p = 0.0000  |
|      961       |       1        |        0.777   |        0.000   |       16.936   |  Neg. p = 0.0000  |
|      962       |       1        |        0.788   |        0.000   |       18.063   |  Neg. p = 0.0000  |
|      963       |       1        |        0.159   |        0.000   |        4.098   |  Neg. p = 0.0429  |
|      964       |       1        |        0.530   |        0.000   |       17.890   |  Neg. p = 0.0000  |
|      965       |       1        |        0.972   |        0.078   |        9.699   |  Neg. p = 0.0018  |
|      966       |       1        |        0.619   |        0.000   |       13.320   |  Neg. p = 0.0003  |
|      967       |       1        |        0.555   |        0.000   |       17.348   |  Neg. p = 0.0000  |
|      968       |       1        |        0.650   |        0.000   |       16.803   |  Neg. p = 0.0000  |
|      969       |       1        |        1.693   |        0.000   |       15.213   |  Neg. p = 0.0001  |
|      970       |       1        |        7.868   |        0.092   |       15.746   |  Neg. p = 0.0001  |
|      971       |       1        |        0.223   |        0.000   |        6.772   |  Neg. p = 0.0093  |
|      972       |       1        |      190.335   |        0.000   |       40.572   |  Neg. p = 0.0000  |
|      973       |       1        |        0.436   |        0.000   |       13.164   |  Neg. p = 0.0003  |
|      974       |       1        |        0.677   |        0.000   |       13.428   |  Neg. p = 0.0002  |
|      975       |       1        |        0.898   |        0.259   |        3.545   |  Neg. p = 0.0597  |
|      976       |       1        |        2.859   |        0.000   |       26.042   |  Neg. p = 0.0000  |
|      978       |       1        |      190.335   |        0.000   |       29.125   |  Neg. p = 0.0000  |
|      979       |       1        |        0.450   |        0.000   |        8.542   |  Neg. p = 0.0035  |
|      980       |       1        |        0.898   |        0.110   |        5.212   |  Neg. p = 0.0224  |
|      981       |       1        |        0.498   |        0.047   |        5.714   |  Neg. p = 0.0168  |
|      982       |       1        |        0.426   |        0.086   |        3.783   |  Neg. p = 0.0518  |
|      983       |       1        |        1.494   |        0.246   |        2.921   |  Neg. p = 0.0875  |
|      984       |       1        |        5.298   |        0.535   |        7.686   |  Neg. p = 0.0056  |
|      985       |       1        |        1.041   |        0.000   |       17.630   |  Neg. p = 0.0000  |
|      987       |       1        |        2.134   |        0.480   |        3.236   |  Neg. p = 0.0720  |
|      989       |       1        |        1.404   |        0.028   |       16.711   |  Neg. p = 0.0000  |
|      990       |       1        |        2.966   |        0.127   |        9.812   |  Neg. p = 0.0017  |
|      992       |       1        |        0.974   |        0.051   |       13.589   |  Neg. p = 0.0002  |
|      993       |       1        |        6.510   |        0.046   |       18.646   |  Neg. p = 0.0000  |
|      994       |       1        |        2.026   |        0.456   |        2.904   |  Neg. p = 0.0883  |
|      995       |       1        |        1.292   |        0.041   |       13.704   |  Neg. p = 0.0002  |
|      996       |       1        |        0.921   |        0.023   |       15.307   |  Neg. p = 0.0001  |
|      998       |       1        |        2.722   |        0.026   |       12.899   |  Neg. p = 0.0003  |
|      1000      |       1        |        0.538   |        0.000   |        7.421   |  Neg. p = 0.0064  |
|      1001      |       1        |      190.335   |        0.000   |       19.725   |  Neg. p = 0.0000  |
|      1002      |       1        |        1.020   |        0.000   |       17.248   |  Neg. p = 0.0000  |
|      1003      |       1        |        0.933   |        0.000   |       19.834   |  Neg. p = 0.0000  |
|      1004      |       1        |        3.020   |        0.076   |       11.270   |  Neg. p = 0.0008  |
|      1006      |       1        |        0.201   |        0.000   |        5.602   |  Neg. p = 0.0179  |
|      1007      |       1        |       14.954   |        0.000   |       20.148   |  Neg. p = 0.0000  |
|      1009      |       1        |        0.933   |        0.000   |       16.303   |  Neg. p = 0.0001  |
|      1010      |       1        |        0.355   |        0.054   |        2.741   |  Neg. p = 0.0978  |
|      1011      |       1        |      190.335   |        0.000   |        7.747   |  Neg. p = 0.0054  |
|      1012      |       1        |        0.598   |        0.000   |       16.980   |  Neg. p = 0.0000  |
|      1013      |       1        |      115.378   |        0.000   |       13.067   |  Neg. p = 0.0003  |
|      1014      |       1        |        0.790   |        0.000   |       16.827   |  Neg. p = 0.0000  |
|      1015      |       1        |        0.773   |        0.000   |       18.280   |  Neg. p = 0.0000  |
|      1017      |       1        |        1.729   |        0.229   |        6.265   |  Neg. p = 0.0123  |
|      1018      |       1        |        0.685   |        0.000   |       18.112   |  Neg. p = 0.0000  |
|      1020      |       1        |      190.335   |        0.000   |       14.251   |  Neg. p = 0.0002  |
|      1021      |       1        |        3.646   |        0.000   |       29.857   |  Neg. p = 0.0000  |
|      1022      |       1        |        4.424   |        0.000   |       40.611   |  Neg. p = 0.0000  |
|      1023      |       1        |        0.528   |        0.000   |       12.667   |  Neg. p = 0.0004  |
|      1024      |       1        |      190.335   |        0.000   |       32.257   |  Neg. p = 0.0000  |
|      1025      |       1        |        1.607   |        0.000   |       27.147   |  Neg. p = 0.0000  |
|      1026      |       1        |        1.885   |        0.000   |       13.130   |  Neg. p = 0.0003  |
|      1027      |       1        |        2.987   |        0.048   |       15.573   |  Neg. p = 0.0001  |
|      1028      |       1        |        2.002   |        0.000   |       25.455   |  Neg. p = 0.0000  |
|      1029      |       1        |      102.155   |        0.000   |       26.379   |  Neg. p = 0.0000  |
|      1030      |       1        |        1.008   |        0.000   |       18.994   |  Neg. p = 0.0000  |
|      1032      |       1        |        0.612   |        0.000   |       15.232   |  Neg. p = 0.0001  |
|      1034      |       1        |        1.736   |        0.024   |       25.331   |  Neg. p = 0.0000  |
|      1035      |       1        |        0.981   |        0.024   |       13.533   |  Neg. p = 0.0002  |
|      1036      |       1        |        1.042   |        0.000   |       17.869   |  Neg. p = 0.0000  |
|      1037      |       1        |        2.312   |        0.000   |       21.427   |  Neg. p = 0.0000  |
|      1038      |       1        |        3.454   |        0.197   |       16.121   |  Neg. p = 0.0001  |
|      1039      |       1        |        0.792   |        0.000   |       13.671   |  Neg. p = 0.0002  |
|      1040      |       1        |      190.335   |        0.000   |       34.071   |  Neg. p = 0.0000  |
|      1041      |       1        |        0.441   |        0.000   |        8.057   |  Neg. p = 0.0045  |
|      1042      |       1        |        1.043   |        0.000   |        5.351   |  Neg. p = 0.0207  |
|      1043      |       1        |        1.038   |        0.000   |       28.065   |  Neg. p = 0.0000  |
|      1044      |       1        |      190.335   |        0.000   |       29.257   |  Neg. p = 0.0000  |
|      1045      |       1        |        0.438   |        0.000   |       10.613   |  Neg. p = 0.0011  |
|      1046      |       1        |        0.410   |        0.000   |       10.881   |  Neg. p = 0.0010  |
|      1047      |       1        |        0.956   |        0.000   |       20.463   |  Neg. p = 0.0000  |
|      1048      |       1        |        0.282   |        0.000   |        7.340   |  Neg. p = 0.0067  |
|      1049      |       1        |        0.278   |        0.000   |        7.088   |  Neg. p = 0.0078  |
|      1050      |       1        |        0.463   |        0.022   |        8.897   |  Neg. p = 0.0029  |
|      1051      |       1        |        1.444   |        0.000   |       27.398   |  Neg. p = 0.0000  |
|      1052      |       1        |        0.442   |        0.000   |       13.095   |  Neg. p = 0.0003  |
|      1053      |       1        |        1.158   |        0.027   |       19.424   |  Neg. p = 0.0000  |
|      1054      |       1        |        1.186   |        0.043   |        9.193   |  Neg. p = 0.0024  |
|      1055      |       1        |        0.437   |        0.000   |       10.413   |  Neg. p = 0.0013  |
|      1056      |       1        |        1.220   |        0.000   |       14.643   |  Neg. p = 0.0001  |
|      1057      |       1        |        1.375   |        0.028   |       18.600   |  Neg. p = 0.0000  |
|      1058      |       1        |        0.739   |        0.047   |        6.360   |  Neg. p = 0.0117  |
|      1059      |       1        |       35.230   |        0.000   |       13.449   |  Neg. p = 0.0002  |
|      1060      |       1        |        0.453   |        0.000   |       13.022   |  Neg. p = 0.0003  |
|      1061      |       1        |        0.877   |        0.000   |       15.369   |  Neg. p = 0.0001  |
|      1062      |       1        |        0.250   |        0.000   |        7.012   |  Neg. p = 0.0081  |
|      1063      |       1        |        0.640   |        0.000   |       18.820   |  Neg. p = 0.0000  |
|      1064      |       1        |      190.335   |        0.000   |       30.226   |  Neg. p = 0.0000  |
|      1066      |       1        |        1.456   |        0.000   |       25.156   |  Neg. p = 0.0000  |
|      1067      |       1        |        1.944   |        0.000   |       25.801   |  Neg. p = 0.0000  |
|      1068      |       1        |        1.221   |        0.000   |       13.972   |  Neg. p = 0.0002  |
|      1069      |       1        |        0.662   |        0.000   |       17.034   |  Neg. p = 0.0000  |
|      1070      |       1        |        0.383   |        0.091   |        2.766   |  Neg. p = 0.0963  |
|      1072      |       1        |        1.537   |        0.000   |       27.066   |  Neg. p = 0.0000  |
|      1073      |       1        |        1.249   |        0.000   |       21.253   |  Neg. p = 0.0000  |
|      1074      |       1        |        2.072   |        0.000   |       24.448   |  Neg. p = 0.0000  |
|      1075      |       1        |        0.956   |        0.000   |       20.430   |  Neg. p = 0.0000  |
|      1076      |       1        |        0.475   |        0.000   |       13.945   |  Neg. p = 0.0002  |
|      1077      |       1        |        1.280   |        0.000   |       27.664   |  Neg. p = 0.0000  |
|      1078      |       1        |        1.666   |        0.026   |       24.323   |  Neg. p = 0.0000  |
|      1079      |       1        |        1.730   |        0.025   |       20.636   |  Neg. p = 0.0000  |
|      1080      |       1        |        1.794   |        0.000   |       29.969   |  Neg. p = 0.0000  |
|      1081      |       1        |        0.694   |        0.000   |       12.253   |  Neg. p = 0.0005  |
|      1082      |       1        |        1.061   |        0.000   |       23.275   |  Neg. p = 0.0000  |
|      1083      |       1        |        0.665   |        0.000   |       14.402   |  Neg. p = 0.0001  |
|      1084      |       1        |        0.689   |        0.000   |       11.999   |  Neg. p = 0.0005  |
|      1085      |       1        |        1.904   |        0.000   |       29.194   |  Neg. p = 0.0000  |
|      1086      |       1        |        0.566   |        0.000   |       14.346   |  Neg. p = 0.0002  |
|      1087      |       1        |        0.524   |        0.000   |       15.515   |  Neg. p = 0.0001  |
|      1088      |       1        |        0.724   |        0.000   |       15.102   |  Neg. p = 0.0001  |
|      1090      |       1        |        0.710   |        0.000   |       21.038   |  Neg. p = 0.0000  |
|      1091      |       1        |        1.664   |        0.000   |       16.533   |  Neg. p = 0.0000  |
|      1092      |       1        |        2.216   |        0.000   |       27.049   |  Neg. p = 0.0000  |
|      1093      |       1        |      115.378   |        0.000   |       12.208   |  Neg. p = 0.0005  |
|      1094      |       1        |        1.911   |        0.000   |       25.298   |  Neg. p = 0.0000  |
|      1095      |       1        |      190.335   |        0.000   |       20.031   |  Neg. p = 0.0000  |
|      1096      |       1        |        1.170   |        0.000   |       13.933   |  Neg. p = 0.0002  |
|      1097      |       1        |        2.688   |        0.057   |       23.080   |  Neg. p = 0.0000  |
|      1098      |       1        |        1.686   |        0.043   |       15.790   |  Neg. p = 0.0001  |
|      1099      |       1        |        2.885   |        0.000   |       29.054   |  Neg. p = 0.0000  |
|      1100      |       1        |        1.043   |        0.085   |        8.566   |  Neg. p = 0.0034  |
|      1101      |       1        |        1.066   |        0.084   |        6.251   |  Neg. p = 0.0124  |
|      1102      |       1        |        1.140   |        0.000   |       13.326   |  Neg. p = 0.0003  |
|      1105      |       1        |        0.595   |        0.020   |       11.914   |  Neg. p = 0.0006  |
|      1106      |       1        |        0.331   |        0.000   |        8.624   |  Neg. p = 0.0033  |
|      1107      |       1        |        1.183   |        0.157   |        6.755   |  Neg. p = 0.0093  |
|      1108      |       1        |        1.717   |        0.000   |       24.755   |  Neg. p = 0.0000  |
|      1109      |       1        |        1.639   |        0.000   |       21.185   |  Neg. p = 0.0000  |
|      1110      |       1        |        0.803   |        0.000   |       17.247   |  Neg. p = 0.0000  |
|      1111      |       1        |        2.321   |        0.314   |        8.133   |  Neg. p = 0.0043  |
|      1112      |       1        |        0.629   |        0.000   |       11.651   |  Neg. p = 0.0006  |
|      1113      |       1        |        1.649   |        0.000   |       29.128   |  Neg. p = 0.0000  |
|      1114      |       1        |        3.427   |        0.335   |        6.195   |  Neg. p = 0.0128  |
|      1115      |       1        |        0.776   |        0.000   |       12.518   |  Neg. p = 0.0004  |
|      1116      |       1        |       14.954   |        0.000   |       24.433   |  Neg. p = 0.0000  |
|      1117      |       1        |        1.596   |        0.000   |       27.592   |  Neg. p = 0.0000  |
|      1118      |       1        |        1.136   |        0.098   |        8.362   |  Neg. p = 0.0038  |
|      1119      |       1        |        2.967   |        0.000   |       29.009   |  Neg. p = 0.0000  |
|      1120      |       1        |      190.335   |        0.000   |        8.079   |  Neg. p = 0.0045  |
|      1121      |       1        |        0.562   |        0.042   |        9.630   |  Neg. p = 0.0019  |
|      1123      |       1        |        1.234   |        0.000   |       26.243   |  Neg. p = 0.0000  |
|      1124      |       1        |       14.954   |        0.000   |       26.706   |  Neg. p = 0.0000  |
|      1125      |       1        |       40.506   |        0.082   |        7.049   |  Neg. p = 0.0079  |
|      1126      |       1        |       14.954   |        0.000   |       10.165   |  Neg. p = 0.0014  |
|      1127      |       1        |        1.584   |        0.101   |       15.565   |  Neg. p = 0.0001  |
|      1128      |       1        |        1.441   |        0.091   |       12.960   |  Neg. p = 0.0003  |
|      1129      |       1        |        1.997   |        0.000   |       26.237   |  Neg. p = 0.0000  |
|      1130      |       1        |        0.476   |        0.025   |       10.510   |  Neg. p = 0.0012  |
|      1131      |       1        |        1.493   |        0.000   |       24.758   |  Neg. p = 0.0000  |
|      1132      |       1        |        0.773   |        0.000   |       17.298   |  Neg. p = 0.0000  |
|      1133      |       1        |      190.335   |        0.000   |       34.430   |  Neg. p = 0.0000  |
|      1134      |       1        |        0.894   |        0.000   |       16.168   |  Neg. p = 0.0001  |
|      1135      |       1        |       37.585   |        0.104   |       19.542   |  Neg. p = 0.0000  |
|      1136      |       1        |       51.558   |        0.000   |       33.676   |  Neg. p = 0.0000  |
|      1137      |       1        |        1.073   |        0.000   |       21.821   |  Neg. p = 0.0000  |
|      1138      |       1        |        1.372   |        0.000   |       21.079   |  Neg. p = 0.0000  |
|      1139      |       1        |        0.705   |        0.000   |       17.704   |  Neg. p = 0.0000  |
|      1140      |       1        |      190.335   |        0.000   |       19.560   |  Neg. p = 0.0000  |
|      1141      |       1        |        0.456   |        0.000   |       12.688   |  Neg. p = 0.0004  |
|      1142      |       1        |        0.531   |        0.078   |        5.750   |  Neg. p = 0.0165  |
|      1143      |       1        |        0.758   |        0.021   |       15.155   |  Neg. p = 0.0001  |
|      1144      |       1        |        0.452   |        0.000   |       14.308   |  Neg. p = 0.0002  |
|      1145      |       1        |        1.692   |        0.000   |       23.963   |  Neg. p = 0.0000  |
|      1146      |       1        |        1.808   |        0.000   |       22.374   |  Neg. p = 0.0000  |
|      1147      |       1        |      190.335   |        0.000   |       21.709   |  Neg. p = 0.0000  |
|      1148      |       1        |        1.387   |        0.000   |       27.043   |  Neg. p = 0.0000  |
|      1149      |       1        |        0.629   |        0.000   |       16.088   |  Neg. p = 0.0001  |
|      1150      |       1        |      190.335   |        0.000   |       27.675   |  Neg. p = 0.0000  |
|      1151      |       1        |        0.553   |        0.000   |       14.010   |  Neg. p = 0.0002  |
|      1152      |       1        |        0.841   |        0.000   |       17.269   |  Neg. p = 0.0000  |
|      1153      |       1        |        1.133   |        0.000   |       17.693   |  Neg. p = 0.0000  |
|      1154      |       1        |      190.335   |        0.000   |       30.853   |  Neg. p = 0.0000  |
|      1155      |       1        |        0.695   |        0.054   |        8.690   |  Neg. p = 0.0032  |
|      1156      |       1        |        0.567   |        0.000   |       15.827   |  Neg. p = 0.0001  |
|      1158      |       1        |        1.242   |        0.000   |       13.490   |  Neg. p = 0.0002  |
|      1159      |       1        |        0.216   |        0.022   |        4.295   |  Neg. p = 0.0382  |
|      1160      |       1        |        4.033   |        0.104   |       15.502   |  Neg. p = 0.0001  |
|      1161      |       1        |      190.335   |        0.000   |       25.609   |  Neg. p = 0.0000  |
|      1162      |       1        |        1.036   |        0.068   |        9.834   |  Neg. p = 0.0017  |
|      1164      |       1        |        0.650   |        0.030   |       10.615   |  Neg. p = 0.0011  |
|      1165      |       1        |        2.240   |        0.000   |       18.033   |  Neg. p = 0.0000  |
|      1168      |       1        |        1.325   |        0.079   |       11.691   |  Neg. p = 0.0006  |
|      1169      |       1        |        0.142   |        0.000   |        3.772   |  Neg. p = 0.0521  |
|      1170      |       1        |      190.335   |        0.000   |       32.959   |  Neg. p = 0.0000  |
|      1171      |       1        |        0.242   |        0.000   |        6.898   |  Neg. p = 0.0086  |
|      1172      |       1        |        1.051   |        0.000   |       24.362   |  Neg. p = 0.0000  |
|      1174      |       1        |      190.335   |        0.000   |       25.065   |  Neg. p = 0.0000  |
|      1175      |       1        |        1.290   |        0.000   |       13.996   |  Neg. p = 0.0002  |
|      1176      |       1        |      190.335   |        0.000   |       24.841   |  Neg. p = 0.0000  |
|      1177      |       1        |        0.803   |        0.000   |       14.698   |  Neg. p = 0.0001  |
|      1178      |       1        |        0.365   |        0.000   |       11.983   |  Neg. p = 0.0005  |
|      1179      |       1        |       24.578   |        0.019   |       10.362   |  Neg. p = 0.0013  |
|      1180      |       1        |        0.648   |        0.045   |        8.248   |  Neg. p = 0.0041  |
|      1181      |       1        |        0.659   |        0.021   |       14.246   |  Neg. p = 0.0002  |
|      1182      |       1        |        0.803   |        0.000   |       22.276   |  Neg. p = 0.0000  |
|      1183      |       1        |      190.335   |        0.000   |       12.629   |  Neg. p = 0.0004  |
|      1184      |       1        |      190.335   |        0.000   |       24.631   |  Neg. p = 0.0000  |
|      1185      |       1        |        1.020   |        0.000   |       13.086   |  Neg. p = 0.0003  |
|      1186      |       1        |      190.335   |        0.000   |       32.359   |  Neg. p = 0.0000  |
|      1187      |       1        |      190.335   |        0.000   |       26.994   |  Neg. p = 0.0000  |
|      1188      |       1        |        0.477   |        0.000   |       11.367   |  Neg. p = 0.0007  |
|      1189      |       1        |        0.915   |        0.000   |       20.710   |  Neg. p = 0.0000  |
|      1190      |       1        |        0.788   |        0.000   |       18.820   |  Neg. p = 0.0000  |
|      1191      |       1        |        2.002   |        0.025   |       29.040   |  Neg. p = 0.0000  |
|      1193      |       1        |        0.894   |        0.000   |       20.179   |  Neg. p = 0.0000  |
|      1194      |       1        |        0.785   |        0.000   |       12.619   |  Neg. p = 0.0004  |
|      1195      |       1        |        0.650   |        0.000   |       13.853   |  Neg. p = 0.0002  |
|      1196      |       1        |        2.491   |        0.000   |       24.504   |  Neg. p = 0.0000  |
|      1197      |       1        |        0.869   |        0.000   |       20.963   |  Neg. p = 0.0000  |
|      1198      |       1        |        0.540   |        0.000   |       16.780   |  Neg. p = 0.0000  |
|      1199      |       1        |       14.954   |        0.000   |       27.518   |  Neg. p = 0.0000  |
|      1200      |       1        |        0.248   |        0.000   |        8.282   |  Neg. p = 0.0040  |
|      1203      |       1        |        1.146   |        0.000   |       25.109   |  Neg. p = 0.0000  |
|      1204      |       1        |        4.274   |        0.073   |       14.236   |  Neg. p = 0.0002  |
|      1205      |       1        |        2.129   |        0.260   |        5.519   |  Neg. p = 0.0188  |
|      1206      |       1        |        0.956   |        0.000   |       19.648   |  Neg. p = 0.0000  |
|      1207      |       1        |        1.019   |        0.000   |        5.925   |  Neg. p = 0.0149  |
|      1428      |       1        |        1.019   |        0.000   |        5.925   |  Neg. p = 0.0149  |
|      1208      |       1        |        1.577   |        0.199   |        8.137   |  Neg. p = 0.0043  |
|      1209      |       1        |        0.349   |        0.024   |        4.365   |  Neg. p = 0.0367  |
|      1210      |       1        |        0.956   |        0.000   |       15.499   |  Neg. p = 0.0001  |
|      1211      |       1        |        0.184   |        0.000   |        4.970   |  Neg. p = 0.0258  |
|      1214      |       1        |        1.846   |        0.027   |       17.808   |  Neg. p = 0.0000  |
|      1215      |       1        |        2.036   |        0.103   |       14.807   |  Neg. p = 0.0001  |
|      1216      |       1        |      115.378   |        0.000   |       18.562   |  Neg. p = 0.0000  |
|      1217      |       1        |        0.825   |        0.102   |        4.136   |  Neg. p = 0.0420  |
|      1218      |       1        |        0.235   |        0.026   |        3.183   |  Neg. p = 0.0744  |
|      1219      |       1        |        4.537   |        0.051   |       26.312   |  Neg. p = 0.0000  |
|      1220      |       1        |        3.449   |        0.023   |       22.585   |  Neg. p = 0.0000  |
|      1221      |       1        |        0.634   |        0.000   |       13.208   |  Neg. p = 0.0003  |
|      1222      |       1        |        0.261   |        0.000   |        7.217   |  Neg. p = 0.0072  |
|      1223      |       1        |        2.609   |        0.000   |       36.263   |  Neg. p = 0.0000  |
|      1225      |       1        |        1.093   |        0.000   |       19.624   |  Neg. p = 0.0000  |
|      1226      |       1        |        1.093   |        0.000   |       20.044   |  Neg. p = 0.0000  |
|      1227      |       1        |      190.335   |        0.000   |       16.009   |  Neg. p = 0.0001  |
|      1228      |       1        |      190.335   |        0.000   |       29.725   |  Neg. p = 0.0000  |
|      1229      |       1        |        1.213   |        0.000   |       21.960   |  Neg. p = 0.0000  |
|      1232      |       1        |       15.621   |        0.000   |       20.277   |  Neg. p = 0.0000  |
|      1233      |       1        |        0.505   |        0.000   |       12.198   |  Neg. p = 0.0005  |
|      1234      |       1        |        1.638   |        0.000   |       24.866   |  Neg. p = 0.0000  |
|      1235      |       1        |        0.746   |        0.000   |       20.701   |  Neg. p = 0.0000  |
|      1236      |       1        |        0.552   |        0.000   |       15.577   |  Neg. p = 0.0001  |
|      1237      |       1        |        1.162   |        0.000   |       22.431   |  Neg. p = 0.0000  |
|      1238      |       1        |        1.423   |        0.000   |       17.394   |  Neg. p = 0.0000  |
|      1239      |       1        |        0.605   |        0.000   |       12.382   |  Neg. p = 0.0004  |
|      1242      |       1        |        1.268   |        0.000   |       15.869   |  Neg. p = 0.0001  |
|      1244      |       1        |        2.538   |        0.181   |       13.598   |  Neg. p = 0.0002  |
|      1245      |       1        |        1.381   |        0.000   |       16.733   |  Neg. p = 0.0000  |
|      1247      |       1        |        0.942   |        0.160   |        6.010   |  Neg. p = 0.0142  |
|      1248      |       1        |        0.225   |        0.000   |        6.692   |  Neg. p = 0.0097  |
|      1249      |       1        |        0.470   |        0.000   |       13.002   |  Neg. p = 0.0003  |
|      1250      |       1        |        0.972   |        0.000   |       14.217   |  Neg. p = 0.0002  |
|      1251      |       1        |        0.767   |        0.000   |       12.378   |  Neg. p = 0.0004  |
|      1252      |       1        |        0.720   |        0.000   |       14.502   |  Neg. p = 0.0001  |
|      1253      |       1        |        1.465   |        0.000   |       20.697   |  Neg. p = 0.0000  |
|      1254      |       1        |      190.335   |        0.000   |        7.765   |  Neg. p = 0.0053  |
|      1255      |       1        |        0.507   |        0.000   |       11.526   |  Neg. p = 0.0007  |
|      1256      |       1        |      190.335   |        0.000   |       13.432   |  Neg. p = 0.0002  |
|      1257      |       1        |        0.868   |        0.025   |       13.692   |  Neg. p = 0.0002  |
|      1258      |       1        |        1.003   |        0.082   |        8.229   |  Neg. p = 0.0041  |
|      1259      |       1        |        0.904   |        0.000   |       17.332   |  Neg. p = 0.0000  |
|      1260      |       1        |        0.784   |        0.021   |       11.626   |  Neg. p = 0.0007  |
|      1261      |       1        |        1.428   |        0.253   |        5.450   |  Neg. p = 0.0196  |
|      1262      |       1        |        1.980   |        0.000   |       31.540   |  Neg. p = 0.0000  |
|      1263      |       1        |        0.788   |        0.000   |       19.179   |  Neg. p = 0.0000  |
|      1264      |       1        |      190.335   |        0.000   |       28.187   |  Neg. p = 0.0000  |
|      1265      |       1        |        0.235   |        0.000   |        6.463   |  Neg. p = 0.0110  |
|      1266      |       1        |        1.088   |        0.000   |       15.461   |  Neg. p = 0.0001  |
|      1267      |       1        |        2.067   |        0.026   |       21.972   |  Neg. p = 0.0000  |
|      1268      |       1        |        0.487   |        0.047   |        6.401   |  Neg. p = 0.0114  |
|      1269      |       1        |      190.335   |        0.000   |       23.663   |  Neg. p = 0.0000  |
|      1270      |       1        |       35.230   |        0.000   |       30.770   |  Neg. p = 0.0000  |
|      1271      |       1        |        1.199   |        0.049   |       13.000   |  Neg. p = 0.0003  |
|      1272      |       1        |        0.101   |        0.000   |        2.876   |  Neg. p = 0.0899  |
|      1273      |       1        |        0.720   |        0.000   |       13.663   |  Neg. p = 0.0002  |
|      1274      |       1        |        0.664   |        0.000   |       17.492   |  Neg. p = 0.0000  |
|      1275      |       1        |      190.335   |        0.000   |       31.457   |  Neg. p = 0.0000  |
|      1276      |       1        |        1.747   |        0.000   |       14.270   |  Neg. p = 0.0002  |
|      1277      |       1        |        0.557   |        0.000   |       13.639   |  Neg. p = 0.0002  |
|      1279      |       1        |        1.352   |        0.176   |        4.475   |  Neg. p = 0.0344  |
|      1280      |       1        |      190.335   |        0.000   |       21.458   |  Neg. p = 0.0000  |
|      1281      |       1        |        1.120   |        0.000   |       21.832   |  Neg. p = 0.0000  |
|      1282      |       1        |        0.612   |        0.052   |        6.241   |  Neg. p = 0.0125  |
|      1283      |       1        |        3.058   |        0.178   |       14.125   |  Neg. p = 0.0002  |
|      1284      |       1        |        0.846   |        0.023   |       10.248   |  Neg. p = 0.0014  |
|      1285      |       1        |        1.038   |        0.000   |       23.714   |  Neg. p = 0.0000  |
|      1286      |       1        |      190.335   |        0.000   |       18.531   |  Neg. p = 0.0000  |
|      1287      |       1        |        0.610   |        0.000   |       12.304   |  Neg. p = 0.0005  |
|      1288      |       1        |        0.470   |        0.000   |       14.737   |  Neg. p = 0.0001  |
|      1289      |       1        |        1.372   |        0.000   |       26.235   |  Neg. p = 0.0000  |
|      1290      |       1        |        5.619   |        0.024   |       10.886   |  Neg. p = 0.0010  |
|      1291      |       1        |        5.350   |        0.050   |       22.145   |  Neg. p = 0.0000  |
|      1292      |       1        |       14.438   |        0.000   |       25.041   |  Neg. p = 0.0000  |
|      1293      |       1        |        0.630   |        0.023   |        5.995   |  Neg. p = 0.0143  |
|      1295      |       1        |        1.489   |        0.040   |       14.519   |  Neg. p = 0.0001  |
|      1296      |       1        |        2.047   |        0.052   |        7.283   |  Neg. p = 0.0070  |
|      1297      |       1        |        0.738   |        0.156   |        3.624   |  Neg. p = 0.0570  |
|      1298      |       1        |        1.234   |        0.000   |       21.407   |  Neg. p = 0.0000  |
|      1299      |       1        |        2.709   |        0.103   |       15.029   |  Neg. p = 0.0001  |
|      1300      |       1        |        1.215   |        0.000   |       16.933   |  Neg. p = 0.0000  |
|      1301      |       1        |        0.476   |        0.000   |       11.853   |  Neg. p = 0.0006  |
|      1302      |       1        |        1.299   |        0.000   |       19.136   |  Neg. p = 0.0000  |
|      1303      |       1        |        1.500   |        0.079   |       11.428   |  Neg. p = 0.0007  |
|      1304      |       1        |        1.915   |        0.000   |       23.250   |  Neg. p = 0.0000  |
|      1305      |       1        |        0.973   |        0.000   |       16.133   |  Neg. p = 0.0001  |
|      1306      |       1        |        1.734   |        0.000   |       26.543   |  Neg. p = 0.0000  |
|      1307      |       1        |        0.823   |        0.000   |       20.400   |  Neg. p = 0.0000  |
|      1308      |       1        |        0.494   |        0.056   |        4.779   |  Neg. p = 0.0288  |
|      1309      |       1        |        1.327   |        0.248   |        5.706   |  Neg. p = 0.0169  |
|      1310      |       1        |        1.165   |        0.175   |        3.647   |  Neg. p = 0.0562  |
|      1311      |       1        |        0.090   |        0.761   |        4.359   |  Pos. p = 0.0368  |
|      1312      |       1        |        0.507   |        0.000   |       10.700   |  Neg. p = 0.0011  |
|      1313      |       1        |        0.381   |        0.000   |       10.412   |  Neg. p = 0.0013  |
|      1315      |       1        |        0.874   |        0.000   |       17.087   |  Neg. p = 0.0000  |
|      1316      |       1        |        0.471   |        0.000   |       15.112   |  Neg. p = 0.0001  |
|      1317      |       1        |        0.551   |        0.000   |       11.861   |  Neg. p = 0.0006  |
|      1318      |       1        |        7.274   |        0.078   |       23.919   |  Neg. p = 0.0000  |
|      1320      |       1        |        0.691   |        0.000   |       13.854   |  Neg. p = 0.0002  |
|      1321      |       1        |        0.847   |        0.000   |       17.849   |  Neg. p = 0.0000  |
|      1322      |       1        |        1.717   |        0.121   |       12.507   |  Neg. p = 0.0004  |
|      1323      |       1        |        1.124   |        0.102   |        8.904   |  Neg. p = 0.0028  |
|      1324      |       1        |        2.137   |        0.105   |       15.432   |  Neg. p = 0.0001  |
|      1326      |       1        |        1.109   |        0.044   |       15.043   |  Neg. p = 0.0001  |
|      1327      |       1        |        1.269   |        0.024   |       17.608   |  Neg. p = 0.0000  |
|      1328      |       1        |        0.724   |        0.000   |       18.794   |  Neg. p = 0.0000  |
|      1329      |       1        |        2.430   |        0.000   |       24.615   |  Neg. p = 0.0000  |
|      1330      |       1        |        0.816   |        0.051   |       12.165   |  Neg. p = 0.0005  |
|      1331      |       1        |        1.542   |        0.000   |       23.050   |  Neg. p = 0.0000  |
|      1332      |       1        |        1.142   |        0.000   |       19.475   |  Neg. p = 0.0000  |
|      1333      |       1        |        0.182   |        0.000   |        6.085   |  Neg. p = 0.0136  |
|      1334      |       1        |        0.439   |        0.000   |       11.654   |  Neg. p = 0.0006  |
|      1335      |       1        |        0.498   |        0.000   |       13.498   |  Neg. p = 0.0002  |
|      1336      |       1        |        1.246   |        0.000   |        5.620   |  Neg. p = 0.0178  |
|      2870      |       1        |        1.246   |        0.000   |        5.620   |  Neg. p = 0.0178  |
|      1337      |       1        |        0.429   |        0.000   |        9.146   |  Neg. p = 0.0025  |
|      1339      |       1        |        1.057   |        0.000   |        6.347   |  Neg. p = 0.0118  |
|      2084      |       1        |        1.057   |        0.000   |        6.347   |  Neg. p = 0.0118  |
|      2771      |       1        |        1.057   |        0.000   |        6.347   |  Neg. p = 0.0118  |
|      1340      |       1        |        0.773   |        0.000   |       17.107   |  Neg. p = 0.0000  |
|      1341      |       1        |        1.449   |        0.000   |       18.525   |  Neg. p = 0.0000  |
|      1343      |       1        |        1.320   |        0.000   |       25.979   |  Neg. p = 0.0000  |
|      1344      |       1        |        0.634   |        0.000   |       16.575   |  Neg. p = 0.0000  |
|      1345      |       1        |        0.753   |        0.000   |       15.118   |  Neg. p = 0.0001  |
|      1346      |       1        |        1.248   |        0.000   |       23.872   |  Neg. p = 0.0000  |
|      1347      |       1        |        2.547   |        0.000   |       22.953   |  Neg. p = 0.0000  |
|      1348      |       1        |        1.356   |        0.000   |       26.987   |  Neg. p = 0.0000  |
|      1349      |       1        |        1.160   |        0.000   |       17.261   |  Neg. p = 0.0000  |
|      1350      |       1        |        1.386   |        0.000   |       22.958   |  Neg. p = 0.0000  |
|      1351      |       1        |        1.084   |        0.000   |       20.031   |  Neg. p = 0.0000  |
|      1352      |       1        |        0.354   |        0.000   |        9.713   |  Neg. p = 0.0018  |
|      1353      |       1        |        1.027   |        0.000   |       24.262   |  Neg. p = 0.0000  |
|      1354      |       1        |        0.363   |        0.050   |        2.829   |  Neg. p = 0.0926  |
|      1355      |       1        |        1.601   |        0.000   |       25.543   |  Neg. p = 0.0000  |
|      1356      |       1        |        1.001   |        0.000   |       17.311   |  Neg. p = 0.0000  |
|      1357      |       1        |        1.759   |        0.047   |       13.944   |  Neg. p = 0.0002  |
|      1358      |       1        |        1.018   |        0.000   |       20.564   |  Neg. p = 0.0000  |
|      1359      |       1        |        1.419   |        0.025   |       16.931   |  Neg. p = 0.0000  |
|      1360      |       1        |        0.718   |        0.161   |        3.230   |  Neg. p = 0.0723  |
|      1361      |       1        |        1.388   |        0.000   |       21.418   |  Neg. p = 0.0000  |
|      1362      |       1        |        0.724   |        0.000   |       14.691   |  Neg. p = 0.0001  |
|      1363      |       1        |     1171.415   |        0.043   |       11.933   |  Neg. p = 0.0006  |
|      1365      |       1        |        0.539   |        0.046   |        5.835   |  Neg. p = 0.0157  |
|      1367      |       1        |        4.399   |        0.000   |       25.920   |  Neg. p = 0.0000  |
|      1368      |       1        |        0.722   |        0.000   |       15.644   |  Neg. p = 0.0001  |
|      1369      |       1        |        0.411   |        0.026   |        4.441   |  Neg. p = 0.0351  |
|      1370      |       1        |        0.329   |        0.000   |        9.255   |  Neg. p = 0.0023  |
|      1371      |       1        |        0.456   |        0.000   |       11.193   |  Neg. p = 0.0008  |
|      1372      |       1        |      109.148   |        0.019   |       18.703   |  Neg. p = 0.0000  |
|      1374      |       1        |        1.592   |        0.021   |       23.483   |  Neg. p = 0.0000  |
|      1375      |       1        |        0.497   |        0.000   |       13.379   |  Neg. p = 0.0003  |
|      1376      |       1        |        1.888   |        0.000   |       29.764   |  Neg. p = 0.0000  |
|      1377      |       1        |        0.788   |        0.000   |       14.714   |  Neg. p = 0.0001  |
|      1378      |       1        |        1.166   |        0.030   |       13.549   |  Neg. p = 0.0002  |
|      1379      |       1        |      115.378   |        0.000   |       17.041   |  Neg. p = 0.0000  |
|      1380      |       1        |      190.335   |        0.000   |       28.626   |  Neg. p = 0.0000  |
|      1381      |       1        |        0.667   |        0.044   |       12.210   |  Neg. p = 0.0005  |
|      1382      |       1        |        7.434   |        0.051   |       18.862   |  Neg. p = 0.0000  |
|      1383      |       1        |        0.524   |        0.000   |       11.674   |  Neg. p = 0.0006  |
|      1384      |       1        |      190.335   |        0.000   |       28.262   |  Neg. p = 0.0000  |
|      1385      |       1        |        1.800   |        0.023   |       13.170   |  Neg. p = 0.0003  |
|      1386      |       1        |        2.262   |        0.000   |       27.674   |  Neg. p = 0.0000  |
|      1387      |       1        |        1.074   |        0.000   |       20.956   |  Neg. p = 0.0000  |
|      1388      |       1        |        0.788   |        0.000   |       15.670   |  Neg. p = 0.0001  |
|      1389      |       1        |     6417.151   |        0.048   |       27.001   |  Neg. p = 0.0000  |
|      1390      |       1        |        5.353   |        0.024   |       23.646   |  Neg. p = 0.0000  |
|      1392      |       1        |        0.595   |        0.020   |       12.096   |  Neg. p = 0.0005  |
|      1393      |       1        |        0.586   |        0.102   |        3.264   |  Neg. p = 0.0708  |
|      1395      |       1        |        4.724   |        0.399   |        8.599   |  Neg. p = 0.0034  |
|      1396      |       1        |        2.918   |        0.115   |       20.611   |  Neg. p = 0.0000  |
|      1397      |       1        |        2.485   |        0.000   |       24.662   |  Neg. p = 0.0000  |
|      1398      |       1        |        1.381   |        0.000   |       25.517   |  Neg. p = 0.0000  |
|      1399      |       1        |        0.733   |        0.043   |        7.759   |  Neg. p = 0.0053  |
|      1400      |       1        |        1.527   |        0.000   |       12.651   |  Neg. p = 0.0004  |
|      1401      |       1        |        1.749   |        0.000   |       25.928   |  Neg. p = 0.0000  |
|      1402      |       1        |        0.329   |        0.000   |        7.766   |  Neg. p = 0.0053  |
|      1403      |       1        |      115.378   |        0.000   |       13.028   |  Neg. p = 0.0003  |
|      1404      |       1        |        0.242   |        0.000   |        6.874   |  Neg. p = 0.0087  |
|      1405      |       1        |        0.443   |        0.000   |        8.287   |  Neg. p = 0.0040  |
|      1406      |       1        |        0.894   |        0.000   |       18.251   |  Neg. p = 0.0000  |
|      1407      |       1        |        2.421   |        0.021   |       16.544   |  Neg. p = 0.0000  |
|      1408      |       1        |        0.384   |        0.000   |        8.522   |  Neg. p = 0.0035  |
|      1409      |       1        |        1.142   |        0.000   |       18.475   |  Neg. p = 0.0000  |
|      1410      |       1        |        0.695   |        0.127   |        5.204   |  Neg. p = 0.0225  |
|      1411      |       1        |        1.808   |        0.000   |       20.832   |  Neg. p = 0.0000  |
|      1412      |       1        |        1.709   |        0.064   |       10.865   |  Neg. p = 0.0010  |
|      1414      |       1        |        0.839   |        0.054   |       10.118   |  Neg. p = 0.0015  |
|      1415      |       1        |        5.890   |        0.087   |       18.036   |  Neg. p = 0.0000  |
|      1417      |       1        |      190.335   |        0.000   |       26.161   |  Neg. p = 0.0000  |
|      1419      |       1        |      190.335   |        0.000   |       22.208   |  Neg. p = 0.0000  |
|      1420      |       1        |        0.381   |        0.054   |        4.020   |  Neg. p = 0.0450  |
|      1421      |       1        |        0.151   |        0.000   |        3.888   |  Neg. p = 0.0486  |
|      1422      |       1        |        0.159   |        0.000   |        3.894   |  Neg. p = 0.0485  |
|      1423      |       1        |        1.115   |        0.000   |       21.979   |  Neg. p = 0.0000  |
|      1424      |       1        |        0.823   |        0.000   |       12.913   |  Neg. p = 0.0003  |
|      1425      |       1        |        0.594   |        0.027   |       10.000   |  Neg. p = 0.0016  |
|      1426      |       1        |        0.347   |        0.025   |        5.744   |  Neg. p = 0.0165  |
|      1427      |       1        |        1.351   |        0.076   |       11.662   |  Neg. p = 0.0006  |
|      1429      |       1        |      190.335   |        0.000   |       20.125   |  Neg. p = 0.0000  |
|      1431      |       1        |        0.259   |        0.046   |        2.776   |  Neg. p = 0.0957  |
|      1432      |       1        |        3.619   |        0.000   |       33.740   |  Neg. p = 0.0000  |
|      1434      |       1        |        3.278   |        0.230   |       10.198   |  Neg. p = 0.0014  |
|      1435      |       1        |        2.133   |        0.156   |       13.582   |  Neg. p = 0.0002  |
|      1436      |       1        |        0.803   |        0.170   |        4.626   |  Neg. p = 0.0315  |
|      1437      |       1        |        1.012   |        0.152   |        6.269   |  Neg. p = 0.0123  |
|      1438      |       1        |        1.497   |        0.078   |       12.767   |  Neg. p = 0.0004  |
|      1440      |       1        |        2.321   |        0.000   |       23.711   |  Neg. p = 0.0000  |
|      1441      |       1        |        2.424   |        0.127   |        9.605   |  Neg. p = 0.0019  |
|      1443      |       1        |        0.823   |        0.000   |       12.739   |  Neg. p = 0.0004  |
|      1444      |       1        |        1.149   |        0.159   |        5.970   |  Neg. p = 0.0146  |
|      1446      |       1        |        5.189   |        0.024   |       21.862   |  Neg. p = 0.0000  |
|      1448      |       1        |        0.788   |        0.000   |       16.802   |  Neg. p = 0.0000  |
|      1450      |       1        |        1.604   |        0.117   |        9.940   |  Neg. p = 0.0016  |
|      1451      |       1        |        1.020   |        0.000   |       15.913   |  Neg. p = 0.0001  |
|      1453      |       1        |        0.327   |        0.000   |        8.482   |  Neg. p = 0.0036  |
|      1454      |       1        |        0.482   |        0.000   |       13.266   |  Neg. p = 0.0003  |
|      1455      |       1        |        0.321   |        0.038   |        3.356   |  Neg. p = 0.0670  |
|      1456      |       1        |       14.954   |        0.000   |       15.485   |  Neg. p = 0.0001  |
|      1457      |       1        |      842.460   |        0.027   |       38.503   |  Neg. p = 0.0000  |
|      1459      |       1        |        1.308   |        0.058   |       16.102   |  Neg. p = 0.0001  |
|      1460      |       1        |        1.025   |        0.021   |       17.579   |  Neg. p = 0.0000  |
|      1461      |       1        |        1.692   |        0.000   |       28.640   |  Neg. p = 0.0000  |
|      1462      |       1        |        1.053   |        0.000   |       22.606   |  Neg. p = 0.0000  |
|      1463      |       1        |        0.873   |        0.000   |       15.796   |  Neg. p = 0.0001  |
|      1465      |       1        |        0.281   |        0.000   |        9.285   |  Neg. p = 0.0023  |
|      1466      |       1        |        2.045   |        0.000   |       27.276   |  Neg. p = 0.0000  |
|      1467      |       1        |        0.907   |        0.028   |       15.687   |  Neg. p = 0.0001  |
|      1468      |       1        |        0.314   |        0.000   |        9.887   |  Neg. p = 0.0017  |
|      1469      |       1        |        2.307   |        0.000   |       32.073   |  Neg. p = 0.0000  |
|      1470      |       1        |       14.954   |        0.000   |       24.156   |  Neg. p = 0.0000  |
|      1471      |       1        |        0.956   |        0.000   |       18.467   |  Neg. p = 0.0000  |
|      1472      |       1        |        2.778   |        0.000   |       19.598   |  Neg. p = 0.0000  |
|      1473      |       1        |       25.655   |        0.000   |       30.687   |  Neg. p = 0.0000  |
|      1474      |       1        |       35.230   |        0.000   |       24.099   |  Neg. p = 0.0000  |
|      1475      |       1        |      190.335   |        0.000   |       24.313   |  Neg. p = 0.0000  |
|      1476      |       1        |        0.387   |        0.000   |        8.879   |  Neg. p = 0.0029  |
|      1477      |       1        |      190.335   |        0.000   |       26.506   |  Neg. p = 0.0000  |
|      1478      |       1        |        1.560   |        0.000   |       22.833   |  Neg. p = 0.0000  |
|      1479      |       1        |        0.542   |        0.000   |       11.586   |  Neg. p = 0.0007  |
|      1480      |       1        |        0.570   |        0.022   |        9.763   |  Neg. p = 0.0018  |
|      1481      |       1        |        1.486   |        0.000   |       19.654   |  Neg. p = 0.0000  |
|      1482      |       1        |        1.191   |        0.000   |       11.787   |  Neg. p = 0.0006  |
|      1483      |       1        |        0.644   |        0.000   |       13.507   |  Neg. p = 0.0002  |
|      1484      |       1        |        0.782   |        0.000   |       17.207   |  Neg. p = 0.0000  |
|      1486      |       1        |        1.323   |        0.000   |       23.217   |  Neg. p = 0.0000  |
|      1487      |       1        |        1.434   |        0.000   |       19.249   |  Neg. p = 0.0000  |
|      1489      |       1        |        0.234   |        0.000   |        6.352   |  Neg. p = 0.0117  |
|      1490      |       1        |        0.456   |        0.000   |        8.755   |  Neg. p = 0.0031  |
|      1491      |       1        |        1.441   |        0.000   |       19.749   |  Neg. p = 0.0000  |
|      1492      |       1        |      190.335   |        0.000   |       34.344   |  Neg. p = 0.0000  |
|      1493      |       1        |        2.885   |        0.084   |       10.053   |  Neg. p = 0.0015  |
|      1494      |       1        |        0.167   |        0.000   |        6.284   |  Neg. p = 0.0122  |
|      1495      |       1        |        0.473   |        0.000   |       11.587   |  Neg. p = 0.0007  |
|      1496      |       1        |        2.388   |        0.402   |        4.950   |  Neg. p = 0.0261  |
|      1498      |       1        |        1.654   |        0.000   |       29.165   |  Neg. p = 0.0000  |
|      1499      |       1        |        0.830   |        0.000   |       12.658   |  Neg. p = 0.0004  |
|      1500      |       1        |        0.823   |        0.000   |       17.263   |  Neg. p = 0.0000  |
|      1501      |       1        |        1.653   |        0.107   |        8.479   |  Neg. p = 0.0036  |
|      1502      |       1        |        0.309   |        0.000   |        8.120   |  Neg. p = 0.0044  |
|      1503      |       1        |        0.892   |        0.201   |        3.442   |  Neg. p = 0.0636  |
|      1505      |       1        |        3.620   |        0.136   |        7.299   |  Neg. p = 0.0069  |
|      1506      |       1        |        1.601   |        0.000   |       26.285   |  Neg. p = 0.0000  |
|      1507      |       1        |        4.799   |        0.889   |        3.916   |  Neg. p = 0.0478  |
|      1508      |       1        |        1.005   |        0.000   |       19.991   |  Neg. p = 0.0000  |
|      1509      |       1        |        1.079   |        0.000   |       16.976   |  Neg. p = 0.0000  |
|      1510      |       1        |        1.026   |        0.104   |        6.018   |  Neg. p = 0.0142  |
|      1511      |       1        |        1.001   |        0.026   |       15.178   |  Neg. p = 0.0001  |
|      1512      |       1        |        1.685   |        0.134   |        5.401   |  Neg. p = 0.0201  |
|      1513      |       1        |      115.378   |        0.000   |        5.969   |  Neg. p = 0.0146  |
|      3145      |       1        |      115.378   |        0.000   |        5.969   |  Neg. p = 0.0146  |
|      1514      |       1        |        0.272   |        0.033   |        2.997   |  Neg. p = 0.0834  |
|      1515      |       1        |        0.456   |        0.055   |        3.065   |  Neg. p = 0.0800  |
|      1516      |       1        |        0.991   |        0.064   |        6.079   |  Neg. p = 0.0137  |
|      1518      |       1        |      190.335   |        0.000   |       22.245   |  Neg. p = 0.0000  |
|      1519      |       1        |        0.512   |        0.000   |       12.424   |  Neg. p = 0.0004  |
|      1520      |       1        |        1.219   |        0.000   |       19.711   |  Neg. p = 0.0000  |
|      1521      |       1        |        1.494   |        0.146   |       10.643   |  Neg. p = 0.0011  |
|      1523      |       1        |      190.335   |        0.000   |       17.509   |  Neg. p = 0.0000  |
|      1524      |       1        |        2.498   |        0.289   |        6.185   |  Neg. p = 0.0129  |
|      1525      |       1        |        1.395   |        0.181   |        4.992   |  Neg. p = 0.0255  |
|      1526      |       1        |        7.696   |        0.051   |       14.623   |  Neg. p = 0.0001  |
|      1528      |       1        |        1.344   |        0.225   |        3.015   |  Neg. p = 0.0825  |
|      1529      |       1        |        0.265   |        0.000   |        6.718   |  Neg. p = 0.0095  |
|      1530      |       1        |        0.817   |        0.143   |        4.170   |  Neg. p = 0.0411  |
|      1531      |       1        |        0.733   |        0.119   |        6.144   |  Neg. p = 0.0132  |
|      1532      |       1        |        0.890   |        0.065   |        5.786   |  Neg. p = 0.0162  |
|      1533      |       1        |        2.449   |        0.000   |       14.731   |  Neg. p = 0.0001  |
|      1534      |       1        |        7.195   |        0.075   |       23.881   |  Neg. p = 0.0000  |
|      1535      |       1        |        1.930   |        0.172   |        9.701   |  Neg. p = 0.0018  |
|      1536      |       1        |        1.484   |        0.000   |       18.765   |  Neg. p = 0.0000  |
|      1537      |       1        |        0.801   |        0.000   |       15.761   |  Neg. p = 0.0001  |
|      1538      |       1        |        0.425   |        0.000   |        4.348   |  Neg. p = 0.0371  |
|      1539      |       1        |        1.314   |        0.000   |       20.853   |  Neg. p = 0.0000  |
|      1540      |       1        |        0.614   |        0.000   |       11.708   |  Neg. p = 0.0006  |
|      1541      |       1        |        1.758   |        0.000   |       26.569   |  Neg. p = 0.0000  |
|      1543      |       1        |        0.415   |        0.000   |       10.364   |  Neg. p = 0.0013  |
|      1544      |       1        |        1.006   |        0.000   |       19.548   |  Neg. p = 0.0000  |
|      1547      |       1        |        2.385   |        0.000   |       32.909   |  Neg. p = 0.0000  |
|      1548      |       1        |        5.612   |        0.110   |       15.627   |  Neg. p = 0.0001  |
|      1549      |       1        |       14.888   |        0.095   |       17.599   |  Neg. p = 0.0000  |
|      1550      |       1        |        0.785   |        0.132   |        5.742   |  Neg. p = 0.0166  |
|      1551      |       1        |        8.848   |        0.046   |       12.065   |  Neg. p = 0.0005  |
|      1552      |       1        |        1.999   |        0.026   |       27.384   |  Neg. p = 0.0000  |
|      1555      |       1        |        0.864   |        0.000   |       16.328   |  Neg. p = 0.0001  |
|      1556      |       1        |        0.894   |        0.000   |       18.787   |  Neg. p = 0.0000  |
|      1558      |       1        |        4.688   |        0.195   |       17.433   |  Neg. p = 0.0000  |
|      1559      |       1        |        1.410   |        0.000   |       13.461   |  Neg. p = 0.0002  |
|      1560      |       1        |        2.031   |        0.000   |       25.850   |  Neg. p = 0.0000  |
|      1561      |       1        |        3.302   |        0.326   |        4.535   |  Neg. p = 0.0332  |
|      1562      |       1        |        1.905   |        0.267   |        4.622   |  Neg. p = 0.0316  |
|      1563      |       1        |        0.399   |        0.024   |        4.665   |  Neg. p = 0.0308  |
|      1564      |       1        |        2.135   |        0.077   |        7.216   |  Neg. p = 0.0072  |
|      1565      |       1        |        6.291   |        0.218   |       11.234   |  Neg. p = 0.0008  |
|      1566      |       1        |        0.966   |        0.034   |       15.112   |  Neg. p = 0.0001  |
|      1568      |       1        |        0.376   |        0.000   |        9.822   |  Neg. p = 0.0017  |
|      1570      |       1        |        1.915   |        0.283   |        9.744   |  Neg. p = 0.0018  |
|      1573      |       1        |       22.606   |        0.095   |       15.139   |  Neg. p = 0.0001  |
|      1574      |       1        |      190.335   |        0.000   |        8.300   |  Neg. p = 0.0040  |
|      1720      |       1        |      190.335   |        0.000   |        8.300   |  Neg. p = 0.0040  |
|      1779      |       1        |      190.335   |        0.000   |        8.300   |  Neg. p = 0.0040  |
|      2723      |       1        |      190.335   |        0.000   |        8.300   |  Neg. p = 0.0040  |
|      1575      |       1        |        0.907   |        0.021   |        9.172   |  Neg. p = 0.0025  |
|      1576      |       1        |       18.927   |        0.306   |        4.837   |  Neg. p = 0.0279  |
|      1577      |       1        |        7.272   |        0.086   |       16.929   |  Neg. p = 0.0000  |
|      1578      |       1        |        0.890   |        0.039   |        8.791   |  Neg. p = 0.0030  |
|      1580      |       1        |        3.400   |        0.127   |        5.443   |  Neg. p = 0.0197  |
|      1582      |       1        |        0.291   |        0.000   |        7.970   |  Neg. p = 0.0048  |
|      1583      |       1        |        1.369   |        0.142   |        7.025   |  Neg. p = 0.0080  |
|      1584      |       1        |        0.804   |        0.041   |        9.577   |  Neg. p = 0.0020  |
|      1587      |       1        |        0.313   |        0.052   |        4.352   |  Neg. p = 0.0370  |
|      1588      |       1        |        0.945   |        0.222   |        3.229   |  Neg. p = 0.0723  |
|      1589      |       1        |        3.262   |        0.027   |       31.393   |  Neg. p = 0.0000  |
|      1590      |       1        |        2.028   |        0.076   |       12.137   |  Neg. p = 0.0005  |
|      1591      |       1        |        1.020   |        0.000   |       16.027   |  Neg. p = 0.0001  |
|      1592      |       1        |        2.189   |        0.070   |       17.852   |  Neg. p = 0.0000  |
|      1593      |       1        |        0.716   |        0.000   |       19.419   |  Neg. p = 0.0000  |
|      1594      |       1        |        0.334   |        0.049   |        2.838   |  Neg. p = 0.0921  |
|      1595      |       1        |        0.719   |        0.021   |       11.544   |  Neg. p = 0.0007  |
|      1596      |       1        |        0.680   |        0.025   |        8.129   |  Neg. p = 0.0044  |
|      1597      |       1        |        0.651   |        0.000   |       10.639   |  Neg. p = 0.0011  |
|      1598      |       1        |        0.346   |        0.024   |        8.971   |  Neg. p = 0.0027  |
|      1599      |       1        |        0.687   |        0.000   |       11.712   |  Neg. p = 0.0006  |
|      1600      |       1        |        0.927   |        0.079   |       11.620   |  Neg. p = 0.0007  |
|      1602      |       1        |        0.688   |        0.000   |       15.557   |  Neg. p = 0.0001  |
|      1604      |       1        |        2.458   |        0.083   |       18.099   |  Neg. p = 0.0000  |
|      1605      |       1        |        0.265   |        0.000   |        6.700   |  Neg. p = 0.0096  |
|      1606      |       1        |        0.350   |        0.000   |       10.155   |  Neg. p = 0.0014  |
|      1607      |       1        |        7.678   |        0.026   |       24.621   |  Neg. p = 0.0000  |
|      1608      |       1        |        0.543   |        0.048   |        7.730   |  Neg. p = 0.0054  |
|      1609      |       1        |      190.335   |        0.000   |        7.443   |  Neg. p = 0.0064  |
|      3103      |       1        |      190.335   |        0.000   |        7.443   |  Neg. p = 0.0064  |
|      1610      |       1        |        0.572   |        0.069   |        5.985   |  Neg. p = 0.0144  |
|      1611      |       1        |        1.711   |        0.000   |       23.957   |  Neg. p = 0.0000  |
|      1612      |       1        |      190.335   |        0.000   |       16.594   |  Neg. p = 0.0000  |
|      1613      |       1        |        2.697   |        0.000   |       28.734   |  Neg. p = 0.0000  |
|      1614      |       1        |        1.533   |        0.000   |       26.512   |  Neg. p = 0.0000  |
|      1615      |       1        |        0.873   |        0.000   |       13.524   |  Neg. p = 0.0002  |
|      1616      |       1        |        2.438   |        0.163   |       10.425   |  Neg. p = 0.0012  |
|      1617      |       1        |        0.473   |        0.052   |        3.863   |  Neg. p = 0.0494  |
|      1618      |       1        |        1.123   |        0.000   |       25.852   |  Neg. p = 0.0000  |
|      1619      |       1        |        0.917   |        0.027   |       12.522   |  Neg. p = 0.0004  |
|      1620      |       1        |        1.019   |        0.080   |        8.106   |  Neg. p = 0.0044  |
|      1621      |       1        |        0.365   |        0.000   |       12.150   |  Neg. p = 0.0005  |
|      1623      |       1        |        0.784   |        0.000   |       16.427   |  Neg. p = 0.0001  |
|      1624      |       1        |        1.909   |        0.000   |       13.765   |  Neg. p = 0.0002  |
|      1625      |       1        |        1.160   |        0.000   |       24.437   |  Neg. p = 0.0000  |
|      1626      |       1        |        0.861   |        0.105   |        5.989   |  Neg. p = 0.0144  |
|      1627      |       1        |        0.690   |        0.000   |       19.770   |  Neg. p = 0.0000  |
|      1628      |       1        |        0.433   |        0.000   |       14.153   |  Neg. p = 0.0002  |
|      1629      |       1        |        1.317   |        0.000   |       25.258   |  Neg. p = 0.0000  |
|      1631      |       1        |      115.378   |        0.000   |        6.059   |  Neg. p = 0.0138  |
|      2315      |       1        |      115.378   |        0.000   |        6.059   |  Neg. p = 0.0138  |
|      1632      |       1        |        1.460   |        0.000   |       21.596   |  Neg. p = 0.0000  |
|      1633      |       1        |        1.258   |        0.000   |       18.532   |  Neg. p = 0.0000  |
|      1634      |       1        |        0.655   |        0.108   |        4.357   |  Neg. p = 0.0369  |
|      1635      |       1        |       35.230   |        0.000   |       18.107   |  Neg. p = 0.0000  |
|      1636      |       1        |       14.954   |        0.000   |       28.970   |  Neg. p = 0.0000  |
|      1637      |       1        |        0.730   |        0.000   |       14.060   |  Neg. p = 0.0002  |
|      1639      |       1        |        0.676   |        0.101   |        3.889   |  Neg. p = 0.0486  |
|      1640      |       1        |        0.423   |        0.000   |       12.362   |  Neg. p = 0.0004  |
|      1641      |       1        |        1.660   |        0.304   |        4.492   |  Neg. p = 0.0340  |
|      1642      |       1        |        0.705   |        0.000   |       15.285   |  Neg. p = 0.0001  |
|      1643      |       1        |        1.124   |        0.026   |       17.702   |  Neg. p = 0.0000  |
|      1644      |       1        |        2.209   |        0.027   |       25.550   |  Neg. p = 0.0000  |
|      1645      |       1        |        0.926   |        0.222   |        3.014   |  Neg. p = 0.0825  |
|      1646      |       1        |        1.155   |        0.225   |        3.422   |  Neg. p = 0.0643  |
|      1647      |       1        |        2.814   |        0.055   |       16.984   |  Neg. p = 0.0000  |
|      1648      |       1        |      740.758   |        0.026   |       20.793   |  Neg. p = 0.0000  |
|      1649      |       1        |        4.231   |        0.023   |       18.299   |  Neg. p = 0.0000  |
|      1650      |       1        |        2.407   |        0.144   |       11.489   |  Neg. p = 0.0007  |
|      1651      |       1        |        1.238   |        0.021   |       16.864   |  Neg. p = 0.0000  |
|      1652      |       1        |        2.013   |        0.000   |       24.889   |  Neg. p = 0.0000  |
|      1655      |       1        |        0.776   |        0.022   |       15.155   |  Neg. p = 0.0001  |
|      1656      |       1        |        2.262   |        0.000   |       28.098   |  Neg. p = 0.0000  |
|      1657      |       1        |        0.621   |        0.140   |        4.011   |  Neg. p = 0.0452  |
|      1658      |       1        |       17.862   |        0.035   |       13.148   |  Neg. p = 0.0003  |
|      1659      |       1        |        0.400   |        0.000   |       13.155   |  Neg. p = 0.0003  |
|      1660      |       1        |        2.447   |        0.038   |       20.896   |  Neg. p = 0.0000  |
|      1661      |       1        |        1.217   |        0.085   |       12.200   |  Neg. p = 0.0005  |
|      1662      |       1        |        0.868   |        0.084   |        6.175   |  Neg. p = 0.0130  |
|      1665      |       1        |        1.143   |        0.000   |       21.100   |  Neg. p = 0.0000  |
|      1666      |       1        |        0.648   |        0.000   |       15.044   |  Neg. p = 0.0001  |
|      1667      |       1        |        1.143   |        0.000   |       20.676   |  Neg. p = 0.0000  |
|      1668      |       1        |       86.305   |        0.000   |       23.318   |  Neg. p = 0.0000  |
|      1669      |       1        |        1.200   |        0.000   |       22.556   |  Neg. p = 0.0000  |
|      1670      |       1        |        1.328   |        0.172   |        4.664   |  Neg. p = 0.0308  |
|      1671      |       1        |        1.124   |        0.026   |       16.856   |  Neg. p = 0.0000  |
|      1672      |       1        |        0.983   |        0.000   |       17.028   |  Neg. p = 0.0000  |
|      1673      |       1        |        2.672   |        0.052   |       16.575   |  Neg. p = 0.0000  |
|      1674      |       1        |        1.741   |        0.021   |       16.640   |  Neg. p = 0.0000  |
|      1675      |       1        |        2.263   |        0.030   |       17.441   |  Neg. p = 0.0000  |
|      1676      |       1        |        0.325   |        0.000   |        8.098   |  Neg. p = 0.0044  |
|      1677      |       1        |        0.372   |        0.000   |        8.826   |  Neg. p = 0.0030  |
|      1678      |       1        |        0.512   |        0.000   |       11.586   |  Neg. p = 0.0007  |
|      1679      |       1        |        0.756   |        0.140   |        5.772   |  Neg. p = 0.0163  |
|      1680      |       1        |        0.399   |        0.046   |        4.398   |  Neg. p = 0.0360  |
|      1681      |       1        |        2.018   |        0.000   |       25.844   |  Neg. p = 0.0000  |
|      1682      |       1        |        2.499   |        0.050   |        8.183   |  Neg. p = 0.0042  |
|      1683      |       1        |        0.551   |        0.000   |       11.228   |  Neg. p = 0.0008  |
|      1684      |       1        |        1.125   |        0.048   |       13.739   |  Neg. p = 0.0002  |
|      1685      |       1        |        1.830   |        0.146   |        9.967   |  Neg. p = 0.0016  |
|      1686      |       1        |        1.623   |        0.000   |       24.167   |  Neg. p = 0.0000  |
|      1688      |       1        |        0.238   |        0.000   |        6.808   |  Neg. p = 0.0091  |
|      1689      |       1        |        0.483   |        0.075   |        6.348   |  Neg. p = 0.0118  |
|      1690      |       1        |        0.614   |        0.000   |       18.432   |  Neg. p = 0.0000  |
|      1691      |       1        |        0.347   |        0.000   |        7.639   |  Neg. p = 0.0057  |
|      1692      |       1        |        1.054   |        0.000   |       17.460   |  Neg. p = 0.0000  |
|      1693      |       1        |        0.543   |        0.000   |       12.445   |  Neg. p = 0.0004  |
|      1694      |       1        |        1.601   |        0.000   |       14.204   |  Neg. p = 0.0002  |
|      1696      |       1        |        0.392   |        0.000   |       10.298   |  Neg. p = 0.0013  |
|      1697      |       1        |        0.669   |        0.000   |       12.241   |  Neg. p = 0.0005  |
|      1698      |       1        |        0.749   |        0.000   |       12.293   |  Neg. p = 0.0005  |
|      1699      |       1        |        0.371   |        0.000   |       10.860   |  Neg. p = 0.0010  |
|      1700      |       1        |        0.835   |        0.000   |       17.678   |  Neg. p = 0.0000  |
|      1701      |       1        |        0.384   |        0.000   |        8.531   |  Neg. p = 0.0035  |
|      1702      |       1        |        1.254   |        0.000   |       19.426   |  Neg. p = 0.0000  |
|      1704      |       1        |        0.752   |        0.000   |       11.926   |  Neg. p = 0.0006  |
|      1705      |       1        |        1.001   |        0.022   |       14.399   |  Neg. p = 0.0001  |
|      1706      |       1        |        0.479   |        0.000   |       10.378   |  Neg. p = 0.0013  |
|      1707      |       1        |        1.479   |        0.049   |        9.637   |  Neg. p = 0.0019  |
|      1708      |       1        |        0.598   |        0.000   |       12.376   |  Neg. p = 0.0004  |
|      1709      |       1        |        0.405   |        0.021   |        9.043   |  Neg. p = 0.0026  |
|      1710      |       1        |        0.806   |        0.000   |       16.169   |  Neg. p = 0.0001  |
|      1711      |       1        |        0.105   |        0.000   |        2.902   |  Neg. p = 0.0885  |
|      1712      |       1        |        0.788   |        0.000   |       16.615   |  Neg. p = 0.0000  |
|      1713      |       1        |        0.383   |        0.000   |       10.872   |  Neg. p = 0.0010  |
|      1714      |       1        |        0.176   |        0.000   |        6.535   |  Neg. p = 0.0106  |
|      1716      |       1        |        1.018   |        0.000   |       23.291   |  Neg. p = 0.0000  |
|      1717      |       1        |       70.545   |        0.000   |       28.868   |  Neg. p = 0.0000  |
|      1718      |       1        |        0.254   |        0.000   |        6.678   |  Neg. p = 0.0098  |
|      1719      |       1        |      190.335   |        0.000   |       19.804   |  Neg. p = 0.0000  |
|      1721      |       1        |        1.235   |        0.023   |       15.679   |  Neg. p = 0.0001  |
|      1722      |       1        |        1.837   |        0.000   |       34.132   |  Neg. p = 0.0000  |
|      1724      |       1        |        1.042   |        0.000   |       24.097   |  Neg. p = 0.0000  |
|      1725      |       1        |        1.830   |        0.057   |       10.979   |  Neg. p = 0.0009  |
|      1726      |       1        |       25.880   |        0.048   |       16.949   |  Neg. p = 0.0000  |
|      1727      |       1        |        0.932   |        0.000   |       20.645   |  Neg. p = 0.0000  |
|      1728      |       1        |        0.863   |        0.000   |       15.626   |  Neg. p = 0.0001  |
|      1729      |       1        |        0.245   |        0.000   |        6.603   |  Neg. p = 0.0102  |
|      1730      |       1        |        1.447   |        0.078   |       13.722   |  Neg. p = 0.0002  |
|      1731      |       1        |        1.539   |        0.033   |       10.745   |  Neg. p = 0.0010  |
|      1732      |       1        |        0.489   |        0.000   |       10.691   |  Neg. p = 0.0011  |
|      1733      |       1        |       28.760   |        0.024   |       14.305   |  Neg. p = 0.0002  |
|      1734      |       1        |        1.766   |        0.126   |       10.945   |  Neg. p = 0.0009  |
|      1735      |       1        |        1.093   |        0.000   |       22.828   |  Neg. p = 0.0000  |
|      1736      |       1        |        1.372   |        0.000   |       21.721   |  Neg. p = 0.0000  |
|      1737      |       1        |        1.022   |        0.051   |        8.997   |  Neg. p = 0.0027  |
|      1738      |       1        |        1.013   |        0.050   |       10.411   |  Neg. p = 0.0013  |
|      1739      |       1        |        0.583   |        0.000   |       12.122   |  Neg. p = 0.0005  |
|      1740      |       1        |        1.520   |        0.170   |        5.835   |  Neg. p = 0.0157  |
|      1742      |       1        |        1.392   |        0.039   |       14.272   |  Neg. p = 0.0002  |
|      1743      |       1        |        1.627   |        0.137   |       10.038   |  Neg. p = 0.0015  |
|      1744      |       1        |        1.121   |        0.163   |        6.003   |  Neg. p = 0.0143  |
|      1745      |       1        |        0.798   |        0.047   |        8.775   |  Neg. p = 0.0031  |
|      1747      |       1        |       14.954   |        0.000   |       30.844   |  Neg. p = 0.0000  |
|      1748      |       1        |        1.009   |        0.167   |        4.455   |  Neg. p = 0.0348  |
|      1749      |       1        |        2.374   |        0.260   |        4.889   |  Neg. p = 0.0270  |
|      1751      |       1        |        1.031   |        0.000   |       18.483   |  Neg. p = 0.0000  |
|      1752      |       1        |        1.636   |        0.128   |        6.112   |  Neg. p = 0.0134  |
|      1753      |       1        |        0.984   |        0.262   |        2.996   |  Neg. p = 0.0835  |
|      1754      |       1        |        0.716   |        0.083   |        5.763   |  Neg. p = 0.0164  |
|      1755      |       1        |        0.757   |        0.174   |        3.439   |  Neg. p = 0.0637  |
|      1756      |       1        |      190.335   |        0.000   |       17.113   |  Neg. p = 0.0000  |
|      1757      |       1        |        1.233   |        0.000   |       23.146   |  Neg. p = 0.0000  |
|      1758      |       1        |        1.490   |        0.038   |       17.622   |  Neg. p = 0.0000  |
|      1759      |       1        |        0.509   |        0.093   |        4.877   |  Neg. p = 0.0272  |
|      1761      |       1        |      190.335   |        0.000   |       15.121   |  Neg. p = 0.0001  |
|      1764      |       1        |        0.720   |        0.000   |       12.935   |  Neg. p = 0.0003  |
|      1765      |       1        |        1.423   |        0.000   |       20.978   |  Neg. p = 0.0000  |
|      1766      |       1        |        1.254   |        0.000   |       22.949   |  Neg. p = 0.0000  |
|      1767      |       1        |        0.416   |        0.000   |        9.179   |  Neg. p = 0.0024  |
|      1768      |       1        |        0.370   |        0.000   |       10.785   |  Neg. p = 0.0010  |
|      1769      |       1        |       14.954   |        0.000   |       26.441   |  Neg. p = 0.0000  |
|      1770      |       1        |        0.612   |        0.000   |       16.623   |  Neg. p = 0.0000  |
|      1771      |       1        |        0.890   |        0.000   |       18.175   |  Neg. p = 0.0000  |
|      1772      |       1        |        0.823   |        0.000   |       17.598   |  Neg. p = 0.0000  |
|      1773      |       1        |        0.728   |        0.043   |       13.680   |  Neg. p = 0.0002  |
|      1774      |       1        |        0.327   |        0.000   |        9.248   |  Neg. p = 0.0024  |
|      1775      |       1        |        1.462   |        0.000   |       21.823   |  Neg. p = 0.0000  |
|      1776      |       1        |       70.545   |        0.000   |       25.769   |  Neg. p = 0.0000  |
|      1777      |       1        |        1.484   |        0.000   |       24.232   |  Neg. p = 0.0000  |
|      1778      |       1        |        0.941   |        0.050   |       11.377   |  Neg. p = 0.0007  |
|      1780      |       1        |        0.226   |        0.000   |        5.066   |  Neg. p = 0.0244  |
|      1781      |       1        |      190.335   |        0.000   |       22.202   |  Neg. p = 0.0000  |
|      1782      |       1        |        0.604   |        0.000   |       13.775   |  Neg. p = 0.0002  |
|      1783      |       1        |        1.028   |        0.000   |        6.676   |  Neg. p = 0.0098  |
|      1784      |       1        |        1.216   |        0.000   |       15.847   |  Neg. p = 0.0001  |
|      1785      |       1        |        1.379   |        0.000   |       22.311   |  Neg. p = 0.0000  |
|      1786      |       1        |        1.317   |        0.000   |       23.281   |  Neg. p = 0.0000  |
|      1787      |       1        |        0.975   |        0.000   |       16.969   |  Neg. p = 0.0000  |
|      1788      |       1        |      542.960   |        0.000   |       29.528   |  Neg. p = 0.0000  |
|      1789      |       1        |       66.488   |        0.022   |       24.269   |  Neg. p = 0.0000  |
|      1790      |       1        |        2.959   |        0.075   |       20.031   |  Neg. p = 0.0000  |
|      1791      |       1        |       14.954   |        0.000   |       15.764   |  Neg. p = 0.0001  |
|      1792      |       1        |      190.335   |        0.000   |       28.734   |  Neg. p = 0.0000  |
|      1793      |       1        |        0.724   |        0.000   |       19.137   |  Neg. p = 0.0000  |
|      1794      |       1        |        0.573   |        0.000   |       12.076   |  Neg. p = 0.0005  |
|      1795      |       1        |        0.664   |        0.000   |       17.547   |  Neg. p = 0.0000  |
|      1796      |       1        |        1.988   |        0.000   |       19.058   |  Neg. p = 0.0000  |
|      1797      |       1        |        2.212   |        0.023   |       16.832   |  Neg. p = 0.0000  |
|      1798      |       1        |        0.641   |        0.000   |       18.000   |  Neg. p = 0.0000  |
|      1799      |       1        |        0.616   |        0.073   |        5.627   |  Neg. p = 0.0177  |
|      1800      |       1        |       14.954   |        0.000   |       32.056   |  Neg. p = 0.0000  |
|      1801      |       1        |       14.954   |        0.000   |       18.849   |  Neg. p = 0.0000  |
|      1803      |       1        |        0.239   |        0.000   |        7.325   |  Neg. p = 0.0068  |
|      1804      |       1        |        2.692   |        0.000   |       13.139   |  Neg. p = 0.0003  |
|      1805      |       1        |      190.335   |        0.000   |       28.681   |  Neg. p = 0.0000  |
|      1806      |       1        |        1.091   |        0.154   |        7.136   |  Neg. p = 0.0076  |
|      1807      |       1        |        0.764   |        0.000   |       12.877   |  Neg. p = 0.0003  |
|      1808      |       1        |        0.841   |        0.000   |       17.595   |  Neg. p = 0.0000  |
|      1809      |       1        |        1.078   |        0.024   |       13.816   |  Neg. p = 0.0002  |
|      1810      |       1        |        8.064   |        0.145   |       14.455   |  Neg. p = 0.0001  |
|      1811      |       1        |      190.335   |        0.000   |        7.968   |  Neg. p = 0.0048  |
|      1812      |       1        |      190.335   |        0.000   |       27.938   |  Neg. p = 0.0000  |
|      1814      |       1        |        1.023   |        0.195   |        4.213   |  Neg. p = 0.0401  |
|      1815      |       1        |        0.724   |        0.000   |       15.231   |  Neg. p = 0.0001  |
|      1816      |       1        |        1.348   |        0.178   |        9.655   |  Neg. p = 0.0019  |
|      1817      |       1        |        0.737   |        0.139   |        3.587   |  Neg. p = 0.0582  |
|      1818      |       1        |        2.451   |        0.127   |       10.252   |  Neg. p = 0.0014  |
|      1819      |       1        |        0.678   |        0.000   |       12.014   |  Neg. p = 0.0005  |
|      1821      |       1        |        0.476   |        0.000   |        8.837   |  Neg. p = 0.0030  |
|      1822      |       1        |        0.592   |        0.126   |        3.707   |  Neg. p = 0.0542  |
|      1823      |       1        |        1.020   |        0.216   |        4.489   |  Neg. p = 0.0341  |
|      1824      |       1        |        1.820   |        0.118   |        8.140   |  Neg. p = 0.0043  |
|      1825      |       1        |        3.385   |        0.201   |        9.495   |  Neg. p = 0.0021  |
|      1826      |       1        |       16.187   |        0.363   |       11.780   |  Neg. p = 0.0006  |
|      1827      |       1        |        6.640   |        0.232   |        5.686   |  Neg. p = 0.0171  |
|      1829      |       1        |        0.857   |        0.028   |       13.018   |  Neg. p = 0.0003  |
|      1830      |       1        |        1.336   |        0.066   |        5.262   |  Neg. p = 0.0218  |
|      1831      |       1        |        1.846   |        0.080   |       14.236   |  Neg. p = 0.0002  |
|      1833      |       1        |        2.192   |        0.139   |        8.821   |  Neg. p = 0.0030  |
|      1834      |       1        |        1.713   |        0.383   |        3.684   |  Neg. p = 0.0550  |
|      1835      |       1        |        4.944   |        0.246   |        9.280   |  Neg. p = 0.0023  |
|      1836      |       1        |        0.681   |        0.025   |       11.216   |  Neg. p = 0.0008  |
|      1837      |       1        |        0.819   |        0.114   |        3.058   |  Neg. p = 0.0804  |
|      1838      |       1        |        1.166   |        0.180   |        3.478   |  Neg. p = 0.0622  |
|      1839      |       1        |      244.020   |        0.026   |       21.344   |  Neg. p = 0.0000  |
|      1840      |       1        |        1.052   |        0.139   |        5.996   |  Neg. p = 0.0143  |
|      1841      |       1        |        0.347   |        0.042   |        4.379   |  Neg. p = 0.0364  |
|      1842      |       1        |        1.128   |        0.168   |        7.303   |  Neg. p = 0.0069  |
|      1843      |       1        |        1.531   |        0.000   |       18.472   |  Neg. p = 0.0000  |
|      1844      |       1        |        1.065   |        0.025   |       17.051   |  Neg. p = 0.0000  |
|      1847      |       1        |        0.360   |        0.000   |        8.109   |  Neg. p = 0.0044  |
|      1848      |       1        |        0.103   |        0.000   |        2.981   |  Neg. p = 0.0842  |
|      1849      |       1        |       24.974   |        0.000   |       10.570   |  Neg. p = 0.0011  |
|      1850      |       1        |        0.846   |        0.000   |       18.094   |  Neg. p = 0.0000  |
|      1851      |       1        |        0.214   |        0.000   |        5.725   |  Neg. p = 0.0167  |
|      1853      |       1        |        0.601   |        0.083   |        6.936   |  Neg. p = 0.0084  |
|      1854      |       1        |      190.335   |        0.000   |       23.294   |  Neg. p = 0.0000  |
|      1855      |       1        |        2.380   |        0.000   |       33.328   |  Neg. p = 0.0000  |
|      1856      |       1        |        0.209   |        0.000   |        5.711   |  Neg. p = 0.0169  |
|      1857      |       1        |        2.238   |        0.025   |       20.203   |  Neg. p = 0.0000  |
|      1858      |       1        |        0.829   |        0.030   |       11.819   |  Neg. p = 0.0006  |
|      1859      |       1        |        0.269   |        0.000   |        8.531   |  Neg. p = 0.0035  |
|      1860      |       1        |        0.797   |        0.000   |       17.448   |  Neg. p = 0.0000  |
|      1861      |       1        |       14.954   |        0.000   |        9.123   |  Neg. p = 0.0025  |
|      1862      |       1        |        0.491   |        0.000   |       12.449   |  Neg. p = 0.0004  |
|      1863      |       1        |        0.576   |        0.000   |       13.176   |  Neg. p = 0.0003  |
|      1864      |       1        |        1.420   |        0.048   |       11.720   |  Neg. p = 0.0006  |
|      1865      |       1        |        1.261   |        0.000   |       24.289   |  Neg. p = 0.0000  |
|      1866      |       1        |        0.449   |        0.000   |       10.559   |  Neg. p = 0.0012  |
|      1868      |       1        |        1.395   |        0.000   |        6.271   |  Neg. p = 0.0123  |
|      1869      |       1        |        2.063   |        0.000   |       19.988   |  Neg. p = 0.0000  |
|      1870      |       1        |        1.190   |        0.000   |       18.278   |  Neg. p = 0.0000  |
|      1871      |       1        |        1.297   |        0.000   |       21.539   |  Neg. p = 0.0000  |
|      1872      |       1        |        1.233   |        0.000   |       25.202   |  Neg. p = 0.0000  |
|      1873      |       1        |        0.918   |        0.083   |        7.238   |  Neg. p = 0.0071  |
|      1874      |       1        |        0.724   |        0.000   |       15.133   |  Neg. p = 0.0001  |
|      1875      |       1        |        0.109   |        0.000   |        3.078   |  Neg. p = 0.0794  |
|      1876      |       1        |        0.519   |        0.044   |        8.302   |  Neg. p = 0.0040  |
|      1877      |       1        |        0.819   |        0.184   |        3.879   |  Neg. p = 0.0489  |
|      1878      |       1        |        1.912   |        0.051   |       16.604   |  Neg. p = 0.0000  |
|      1879      |       1        |        2.348   |        0.029   |       19.416   |  Neg. p = 0.0000  |
|      1881      |       1        |        0.841   |        0.113   |        6.852   |  Neg. p = 0.0089  |
|      1882      |       1        |        6.128   |        0.073   |       20.776   |  Neg. p = 0.0000  |
|      1883      |       1        |        1.231   |        0.082   |       12.056   |  Neg. p = 0.0005  |
|      1884      |       1        |        0.643   |        0.131   |        3.398   |  Neg. p = 0.0653  |
|      1885      |       1        |        1.168   |        0.027   |       16.429   |  Neg. p = 0.0001  |
|      1886      |       1        |        1.285   |        0.099   |       11.530   |  Neg. p = 0.0007  |
|      1889      |       1        |        0.539   |        0.119   |        3.669   |  Neg. p = 0.0554  |
|      1890      |       1        |        0.769   |        0.148   |        4.108   |  Neg. p = 0.0427  |
|      1891      |       1        |        1.783   |        0.093   |        9.955   |  Neg. p = 0.0016  |
|      1892      |       1        |        1.038   |        0.000   |       21.364   |  Neg. p = 0.0000  |
|      1893      |       1        |        0.894   |        0.000   |       17.596   |  Neg. p = 0.0000  |
|      1896      |       1        |        1.560   |        0.073   |        8.893   |  Neg. p = 0.0029  |
|      1897      |       1        |        1.038   |        0.000   |       18.250   |  Neg. p = 0.0000  |
|      1899      |       1        |        0.738   |        0.156   |        3.482   |  Neg. p = 0.0621  |
|      1900      |       1        |        1.284   |        0.269   |        2.803   |  Neg. p = 0.0941  |
|      1902      |       1        |        0.394   |        0.048   |        5.470   |  Neg. p = 0.0193  |
|      1903      |       1        |        1.132   |        0.075   |        9.416   |  Neg. p = 0.0022  |
|      1906      |       1        |        0.214   |        0.025   |        2.978   |  Neg. p = 0.0844  |
|      1908      |       1        |        5.287   |        0.212   |        8.561   |  Neg. p = 0.0034  |
|      1910      |       1        |        0.985   |        0.000   |       24.763   |  Neg. p = 0.0000  |
|      1911      |       1        |        2.148   |        0.051   |       23.140   |  Neg. p = 0.0000  |
|      1912      |       1        |        1.621   |        0.306   |        3.738   |  Neg. p = 0.0532  |
|      1913      |       1        |        1.259   |        0.092   |        9.960   |  Neg. p = 0.0016  |
|      1914      |       1        |        1.696   |        0.053   |       15.624   |  Neg. p = 0.0001  |
|      1917      |       1        |        0.340   |        0.024   |        4.301   |  Neg. p = 0.0381  |
|      1918      |       1        |        3.187   |        0.084   |       14.327   |  Neg. p = 0.0002  |
|      1919      |       1        |        0.864   |        0.024   |        8.594   |  Neg. p = 0.0034  |
|      1920      |       1        |        0.934   |        0.042   |        5.265   |  Neg. p = 0.0218  |
|      1921      |       1        |        1.351   |        0.121   |        6.294   |  Neg. p = 0.0121  |
|      1922      |       1        |        0.937   |        0.238   |        2.706   |  Neg. p = 0.1000  |
|      1925      |       1        |        0.815   |        0.091   |        6.334   |  Neg. p = 0.0118  |
|      1926      |       1        |        2.792   |        0.000   |       30.490   |  Neg. p = 0.0000  |
|      1927      |       1        |        0.587   |        0.035   |        9.222   |  Neg. p = 0.0024  |
|      1929      |       1        |     6129.508   |        0.104   |       10.466   |  Neg. p = 0.0012  |
|      1930      |       1        |        4.711   |        0.045   |       15.916   |  Neg. p = 0.0001  |
|      1931      |       1        |       11.343   |        0.120   |       17.546   |  Neg. p = 0.0000  |
|      1932      |       1        |        1.638   |        0.039   |       14.968   |  Neg. p = 0.0001  |
|      1933      |       1        |        0.782   |        0.000   |       23.267   |  Neg. p = 0.0000  |
|      1934      |       1        |        1.278   |        0.049   |       15.166   |  Neg. p = 0.0001  |
|      1935      |       1        |        1.496   |        0.000   |       12.860   |  Neg. p = 0.0003  |
|      1936      |       1        |        0.885   |        0.000   |       21.273   |  Neg. p = 0.0000  |
|      1939      |       1        |        1.420   |        0.082   |       10.234   |  Neg. p = 0.0014  |
|      1941      |       1        |        5.555   |        0.128   |        9.709   |  Neg. p = 0.0018  |
|      1942      |       1        |        1.762   |        0.353   |        3.356   |  Neg. p = 0.0669  |
|      1943      |       1        |        2.843   |        0.191   |        9.619   |  Neg. p = 0.0019  |
|      1944      |       1        |        0.625   |        0.000   |       13.802   |  Neg. p = 0.0002  |
|      1945      |       1        |        0.384   |        0.000   |        9.363   |  Neg. p = 0.0022  |
|      1946      |       1        |        0.557   |        0.108   |        5.432   |  Neg. p = 0.0198  |
|      1949      |       1        |        1.574   |        0.049   |       17.578   |  Neg. p = 0.0000  |
|      1950      |       1        |        1.213   |        0.046   |       16.097   |  Neg. p = 0.0001  |
|      1951      |       1        |        1.199   |        0.049   |       12.137   |  Neg. p = 0.0005  |
|      1952      |       1        |        1.314   |        0.000   |       10.933   |  Neg. p = 0.0009  |
|      1953      |       1        |        0.673   |        0.000   |       16.221   |  Neg. p = 0.0001  |
|      1954      |       1        |        1.917   |        0.024   |       17.581   |  Neg. p = 0.0000  |
|      1955      |       1        |        0.726   |        0.086   |        5.917   |  Neg. p = 0.0150  |
|      1956      |       1        |        1.741   |        0.077   |       10.561   |  Neg. p = 0.0012  |
|      1957      |       1        |        2.078   |        0.000   |       12.799   |  Neg. p = 0.0003  |
|      1958      |       1        |        1.700   |        0.022   |       22.602   |  Neg. p = 0.0000  |
|      1959      |       1        |        1.348   |        0.024   |       20.324   |  Neg. p = 0.0000  |
|      1960      |       1        |        1.302   |        0.000   |       26.223   |  Neg. p = 0.0000  |
|      1961      |       1        |        0.782   |        0.000   |       17.686   |  Neg. p = 0.0000  |
|      1962      |       1        |        3.502   |        0.047   |        7.720   |  Neg. p = 0.0055  |
|      1963      |       1        |        1.997   |        0.147   |       10.531   |  Neg. p = 0.0012  |
|      1965      |       1        |        2.541   |        0.086   |       12.828   |  Neg. p = 0.0003  |
|      1966      |       1        |        1.621   |        0.120   |        7.317   |  Neg. p = 0.0068  |
|      1967      |       1        |        1.381   |        0.099   |       13.438   |  Neg. p = 0.0002  |
|      1968      |       1        |        1.727   |        0.139   |        8.425   |  Neg. p = 0.0037  |
|      1969      |       1        |        1.863   |        0.120   |        8.406   |  Neg. p = 0.0037  |
|      1971      |       1        |        0.505   |        0.000   |       12.166   |  Neg. p = 0.0005  |
|      1972      |       1        |        2.898   |        0.248   |        7.755   |  Neg. p = 0.0054  |
|      1973      |       1        |        1.368   |        0.211   |        2.982   |  Neg. p = 0.0842  |
|      1975      |       1        |        1.158   |        0.058   |       13.057   |  Neg. p = 0.0003  |
|      1976      |       1        |        0.988   |        0.064   |        9.342   |  Neg. p = 0.0022  |
|      1978      |       1        |        1.220   |        0.000   |       11.161   |  Neg. p = 0.0008  |
|      1979      |       1        |        1.874   |        0.077   |       16.211   |  Neg. p = 0.0001  |
|      1980      |       1        |        3.975   |        0.397   |        5.303   |  Neg. p = 0.0213  |
|      1982      |       1        |       72.288   |        0.058   |       13.736   |  Neg. p = 0.0002  |
|      1985      |       1        |        1.087   |        0.000   |       18.794   |  Neg. p = 0.0000  |
|      1986      |       1        |        2.350   |        0.287   |        4.849   |  Neg. p = 0.0277  |
|      1988      |       1        |        0.898   |        0.155   |        4.720   |  Neg. p = 0.0298  |
|      1989      |       1        |        1.370   |        0.033   |       13.048   |  Neg. p = 0.0003  |
|      1992      |       1        |        3.374   |        0.080   |        8.484   |  Neg. p = 0.0036  |
|      1993      |       1        |        1.830   |        0.180   |        9.552   |  Neg. p = 0.0020  |
|      1995      |       1        |        0.888   |        0.021   |       17.733   |  Neg. p = 0.0000  |
|      1996      |       1        |        0.444   |        0.043   |        6.349   |  Neg. p = 0.0117  |
|      1997      |       1        |        1.321   |        0.093   |       11.954   |  Neg. p = 0.0005  |
|      1998      |       1        |       26.065   |        0.023   |        9.436   |  Neg. p = 0.0021  |
|      1999      |       1        |      190.335   |        0.000   |        8.169   |  Neg. p = 0.0043  |
|      2000      |       1        |        1.384   |        0.000   |       19.091   |  Neg. p = 0.0000  |
|      2001      |       1        |       30.627   |        0.000   |       21.363   |  Neg. p = 0.0000  |
|      2004      |       1        |        1.074   |        0.000   |       19.596   |  Neg. p = 0.0000  |
|      2005      |       1        |        0.841   |        0.000   |       18.114   |  Neg. p = 0.0000  |
|      2006      |       1        |        0.384   |        0.000   |        8.149   |  Neg. p = 0.0043  |
|      2007      |       1        |       92.447   |        0.052   |       18.787   |  Neg. p = 0.0000  |
|      2009      |       1        |        1.826   |        0.026   |       25.263   |  Neg. p = 0.0000  |
|      2010      |       1        |        0.782   |        0.000   |       16.477   |  Neg. p = 0.0000  |
|      2011      |       1        |      190.335   |        0.000   |        8.091   |  Neg. p = 0.0044  |
|      2012      |       1        |        1.484   |        0.000   |       27.612   |  Neg. p = 0.0000  |
|      2013      |       1        |        0.736   |        0.050   |       10.682   |  Neg. p = 0.0011  |
|      2014      |       1        |       35.230   |        0.000   |       22.926   |  Neg. p = 0.0000  |
|      2015      |       1        |        1.877   |        0.000   |       23.662   |  Neg. p = 0.0000  |
|      2016      |       1        |        1.533   |        0.134   |       10.440   |  Neg. p = 0.0012  |
|      2017      |       1        |        1.323   |        0.086   |       11.008   |  Neg. p = 0.0009  |
|      2018      |       1        |        1.178   |        0.040   |       11.281   |  Neg. p = 0.0008  |
|      2019      |       1        |        2.427   |        0.470   |        4.018   |  Neg. p = 0.0450  |
|      2021      |       1        |        0.434   |        0.000   |       10.646   |  Neg. p = 0.0011  |
|      2022      |       1        |        2.309   |        0.071   |       12.750   |  Neg. p = 0.0004  |
|      2023      |       1        |        1.830   |        0.052   |       18.237   |  Neg. p = 0.0000  |
|      2024      |       1        |        0.610   |        0.000   |       12.205   |  Neg. p = 0.0005  |
|      2025      |       1        |        1.098   |        0.000   |       23.784   |  Neg. p = 0.0000  |
|      2026      |       1        |        0.108   |        0.000   |        3.393   |  Neg. p = 0.0655  |
|      2030      |       1        |        1.927   |        0.117   |        6.055   |  Neg. p = 0.0139  |
|      2031      |       1        |        0.882   |        0.000   |       20.273   |  Neg. p = 0.0000  |
|      2032      |       1        |        1.510   |        0.000   |       25.353   |  Neg. p = 0.0000  |
|      2033      |       1        |        4.189   |        0.244   |        7.078   |  Neg. p = 0.0078  |
|      2034      |       1        |        0.421   |        0.027   |        5.850   |  Neg. p = 0.0156  |
|      2035      |       1        |        4.531   |        0.077   |       19.502   |  Neg. p = 0.0000  |
|      2036      |       1        |        1.032   |        0.129   |        4.022   |  Neg. p = 0.0449  |
|      2037      |       1        |        0.860   |        0.055   |        7.056   |  Neg. p = 0.0079  |
|      2039      |       1        |        1.682   |        0.073   |       12.160   |  Neg. p = 0.0005  |
|      2040      |       1        |        1.781   |        0.149   |        9.738   |  Neg. p = 0.0018  |
|      2041      |       1        |        1.927   |        0.152   |       12.308   |  Neg. p = 0.0005  |
|      2042      |       1        |        1.249   |        0.218   |        6.083   |  Neg. p = 0.0137  |
|      2043      |       1        |        0.779   |        0.175   |        3.659   |  Neg. p = 0.0558  |
|      2044      |       1        |        0.508   |        0.021   |        7.847   |  Neg. p = 0.0051  |
|      2048      |       1        |        1.782   |        0.235   |        5.567   |  Neg. p = 0.0183  |
|      2050      |       1        |        0.861   |        0.135   |        6.541   |  Neg. p = 0.0105  |
|      2051      |       1        |        1.508   |        0.192   |        4.469   |  Neg. p = 0.0345  |
|      2052      |       1        |        0.925   |        0.144   |        5.973   |  Neg. p = 0.0145  |
|      2053      |       1        |        2.887   |        0.139   |       10.050   |  Neg. p = 0.0015  |
|      2054      |       1        |        1.911   |        0.321   |        7.554   |  Neg. p = 0.0060  |
|      2055      |       1        |        1.808   |        0.000   |       23.961   |  Neg. p = 0.0000  |
|      2056      |       1        |        2.480   |        0.079   |       11.683   |  Neg. p = 0.0006  |
|      2057      |       1        |        1.084   |        0.241   |        3.377   |  Neg. p = 0.0661  |
|      2059      |       1        |        0.331   |        0.000   |        8.109   |  Neg. p = 0.0044  |
|      2060      |       1        |        0.600   |        0.077   |        5.554   |  Neg. p = 0.0184  |
|      2062      |       1        |        1.507   |        0.062   |       14.588   |  Neg. p = 0.0001  |
|      2063      |       1        |        1.136   |        0.000   |       18.304   |  Neg. p = 0.0000  |
|      2064      |       1        |        0.759   |        0.000   |       15.815   |  Neg. p = 0.0001  |
|      2065      |       1        |        0.378   |        0.000   |        8.525   |  Neg. p = 0.0035  |
|      2066      |       1        |        0.601   |        0.000   |        5.736   |  Neg. p = 0.0166  |
|      2067      |       1        |        1.429   |        0.000   |       23.400   |  Neg. p = 0.0000  |
|      2068      |       1        |       37.401   |        0.031   |        4.995   |  Neg. p = 0.0254  |
|      2071      |       1        |      190.335   |        0.000   |        7.069   |  Neg. p = 0.0078  |
|      2206      |       1        |      190.335   |        0.000   |        7.069   |  Neg. p = 0.0078  |
|      2517      |       1        |      190.335   |        0.000   |        7.069   |  Neg. p = 0.0078  |
|      2072      |       1        |        1.002   |        0.022   |        9.408   |  Neg. p = 0.0022  |
|      2073      |       1        |        0.765   |        0.092   |        4.492   |  Neg. p = 0.0340  |
|      2074      |       1        |        1.254   |        0.000   |       21.675   |  Neg. p = 0.0000  |
|      2075      |       1        |        0.360   |        0.000   |        8.231   |  Neg. p = 0.0041  |
|      2076      |       1        |        0.633   |        0.000   |       14.153   |  Neg. p = 0.0002  |
|      2077      |       1        |        0.108   |        0.000   |        3.187   |  Neg. p = 0.0742  |
|      2078      |       1        |      190.335   |        0.000   |       17.507   |  Neg. p = 0.0000  |
|      2079      |       1        |        0.486   |        0.022   |       10.902   |  Neg. p = 0.0010  |
|      2080      |       1        |      190.335   |        0.000   |       24.513   |  Neg. p = 0.0000  |
|      2082      |       1        |        3.551   |        0.000   |       29.417   |  Neg. p = 0.0000  |
|      2085      |       1        |        0.917   |        0.251   |        2.707   |  Neg. p = 0.0999  |
|      2086      |       1        |        0.587   |        0.131   |        4.145   |  Neg. p = 0.0418  |
|      2087      |       1        |        3.835   |        0.104   |       17.270   |  Neg. p = 0.0000  |
|      2090      |       1        |      231.791   |        0.055   |       14.915   |  Neg. p = 0.0001  |
|      2091      |       1        |        0.617   |        0.095   |        3.971   |  Neg. p = 0.0463  |
|      2092      |       1        |        1.949   |        0.000   |       26.828   |  Neg. p = 0.0000  |
|      2093      |       1        |        1.628   |        0.195   |        6.068   |  Neg. p = 0.0138  |
|      2095      |       1        |        0.942   |        0.051   |       12.670   |  Neg. p = 0.0004  |
|      2096      |       1        |        2.020   |        0.327   |        6.194   |  Neg. p = 0.0128  |
|      2097      |       1        |        0.650   |        0.036   |       10.220   |  Neg. p = 0.0014  |
|      2098      |       1        |        0.360   |        0.000   |        8.161   |  Neg. p = 0.0043  |
|      2099      |       1        |        1.810   |        0.038   |       15.455   |  Neg. p = 0.0001  |
|      2100      |       1        |        2.025   |        0.426   |        3.105   |  Neg. p = 0.0780  |
|      2101      |       1        |        2.536   |        0.058   |       15.382   |  Neg. p = 0.0001  |
|      2102      |       1        |       35.230   |        0.000   |       36.585   |  Neg. p = 0.0000  |
|      2103      |       1        |        5.652   |        0.025   |       31.151   |  Neg. p = 0.0000  |
|      2105      |       1        |        1.190   |        0.110   |        7.998   |  Neg. p = 0.0047  |
|      2106      |       1        |        1.372   |        0.000   |       19.761   |  Neg. p = 0.0000  |
|      2108      |       1        |        0.379   |        0.080   |        3.735   |  Neg. p = 0.0533  |
|      2110      |       1        |       14.954   |        0.000   |       26.422   |  Neg. p = 0.0000  |
|      2113      |       1        |        0.522   |        0.138   |        3.665   |  Neg. p = 0.0556  |
|      2114      |       1        |        1.286   |        0.234   |        3.702   |  Neg. p = 0.0543  |
|      2116      |       1        |        1.309   |        0.127   |        7.573   |  Neg. p = 0.0059  |
|      2117      |       1        |        1.032   |        0.117   |        7.900   |  Neg. p = 0.0049  |
|      2118      |       1        |        1.278   |        0.311   |        4.251   |  Neg. p = 0.0392  |
|      2119      |       1        |        1.060   |        0.076   |       11.673   |  Neg. p = 0.0006  |
|      2120      |       1        |        0.501   |        0.026   |        6.851   |  Neg. p = 0.0089  |
|      2121      |       1        |        0.477   |        0.078   |        3.557   |  Neg. p = 0.0593  |
|      2123      |       1        |        0.705   |        0.129   |        4.197   |  Neg. p = 0.0405  |
|      2124      |       1        |        1.638   |        0.039   |       14.956   |  Neg. p = 0.0001  |
|      2125      |       1        |        1.486   |        0.055   |       20.236   |  Neg. p = 0.0000  |
|      2126      |       1        |        0.881   |        0.256   |        2.807   |  Neg. p = 0.0939  |
|      2127      |       1        |        0.964   |        0.197   |        4.815   |  Neg. p = 0.0282  |
|      2128      |       1        |      190.335   |        0.000   |        7.589   |  Neg. p = 0.0059  |
|      2278      |       1        |      190.335   |        0.000   |        7.589   |  Neg. p = 0.0059  |
|      2129      |       1        |        0.555   |        0.000   |       15.110   |  Neg. p = 0.0001  |
|      2130      |       1        |        1.786   |        0.000   |       24.328   |  Neg. p = 0.0000  |
|      2132      |       1        |        1.431   |        0.055   |       17.923   |  Neg. p = 0.0000  |
|      2134      |       1        |        1.994   |        0.294   |        4.221   |  Neg. p = 0.0399  |
|      2135      |       1        |        2.444   |        0.176   |       12.412   |  Neg. p = 0.0004  |
|      2136      |       1        |        1.793   |        0.290   |        6.896   |  Neg. p = 0.0086  |
|      2137      |       1        |        2.432   |        0.189   |        9.287   |  Neg. p = 0.0023  |
|      2138      |       1        |        4.629   |        0.075   |       14.019   |  Neg. p = 0.0002  |
|      2139      |       1        |        2.020   |        0.327   |        5.697   |  Neg. p = 0.0170  |
|      2141      |       1        |        1.181   |        0.239   |        4.512   |  Neg. p = 0.0337  |
|      2142      |       1        |        5.351   |        0.069   |       24.690   |  Neg. p = 0.0000  |
|      2143      |       1        |        0.531   |        0.040   |        5.939   |  Neg. p = 0.0148  |
|      2144      |       1        |        2.380   |        0.000   |       33.075   |  Neg. p = 0.0000  |
|      2146      |       1        |        0.238   |        0.000   |        5.094   |  Neg. p = 0.0240  |
|      2147      |       1        |        0.682   |        0.000   |       13.621   |  Neg. p = 0.0002  |
|      2148      |       1        |        0.676   |        0.000   |       18.209   |  Neg. p = 0.0000  |
|      2149      |       1        |        2.268   |        0.000   |       30.248   |  Neg. p = 0.0000  |
|      2150      |       1        |        2.005   |        0.000   |       25.417   |  Neg. p = 0.0000  |
|      2151      |       1        |        0.273   |        0.000   |        6.922   |  Neg. p = 0.0085  |
|      2152      |       1        |        1.436   |        0.025   |       20.985   |  Neg. p = 0.0000  |
|      2153      |       1        |        0.579   |        0.000   |       11.962   |  Neg. p = 0.0005  |
|      2154      |       1        |        0.485   |        0.000   |       12.935   |  Neg. p = 0.0003  |
|      2155      |       1        |        2.208   |        0.275   |        8.489   |  Neg. p = 0.0036  |
|      2156      |       1        |        0.761   |        0.000   |       15.346   |  Neg. p = 0.0001  |
|      2158      |       1        |      190.335   |        0.000   |       11.105   |  Neg. p = 0.0009  |
|      2159      |       1        |        2.240   |        0.332   |        5.353   |  Neg. p = 0.0207  |
|      2160      |       1        |    10000.000   |        0.049   |       30.286   |  Neg. p = 0.0000  |
|      2161      |       1        |        2.979   |        0.025   |       16.443   |  Neg. p = 0.0001  |
|      2162      |       1        |        9.056   |        0.121   |        7.772   |  Neg. p = 0.0053  |
|      2163      |       1        |        1.316   |        0.000   |       19.471   |  Neg. p = 0.0000  |
|      2164      |       1        |        7.004   |        0.083   |       20.310   |  Neg. p = 0.0000  |
|      2167      |       1        |        2.708   |        0.070   |       16.066   |  Neg. p = 0.0001  |
|      2168      |       1        |        1.933   |        0.239   |        6.440   |  Neg. p = 0.0112  |
|      2169      |       1        |    10000.000   |        0.386   |        3.091   |  Neg. p = 0.0787  |
|      2170      |       1        |        1.447   |        0.176   |        6.824   |  Neg. p = 0.0090  |
|      2173      |       1        |        1.293   |        0.058   |       12.560   |  Neg. p = 0.0004  |
|      2174      |       1        |        1.107   |        0.025   |       16.106   |  Neg. p = 0.0001  |
|      2176      |       1        |        2.062   |        0.077   |       10.548   |  Neg. p = 0.0012  |
|      2177      |       1        |        0.746   |        0.000   |       20.664   |  Neg. p = 0.0000  |
|      2178      |       1        |        1.977   |        0.116   |       10.200   |  Neg. p = 0.0014  |
|      2180      |       1        |        1.835   |        0.066   |       17.972   |  Neg. p = 0.0000  |
|      2181      |       1        |        0.269   |        0.000   |        7.218   |  Neg. p = 0.0072  |
|      2182      |       1        |        1.628   |        0.036   |       18.471   |  Neg. p = 0.0000  |
|      2184      |       1        |        0.295   |        0.000   |        7.385   |  Neg. p = 0.0066  |
|      2185      |       1        |        3.443   |        0.027   |       18.961   |  Neg. p = 0.0000  |
|      2186      |       1        |        1.043   |        0.000   |       13.273   |  Neg. p = 0.0003  |
|      2187      |       1        |      190.335   |        0.000   |       25.569   |  Neg. p = 0.0000  |
|      2189      |       1        |        1.749   |        0.000   |       27.206   |  Neg. p = 0.0000  |
|      2190      |       1        |        0.349   |        0.039   |        3.718   |  Neg. p = 0.0538  |
|      2191      |       1        |        3.854   |        0.048   |       20.276   |  Neg. p = 0.0000  |
|      2192      |       1        |       50.586   |        0.000   |       20.423   |  Neg. p = 0.0000  |
|      2194      |       1        |        0.704   |        0.051   |        7.855   |  Neg. p = 0.0051  |
|      2195      |       1        |        0.859   |        0.122   |        4.794   |  Neg. p = 0.0286  |
|      2196      |       1        |        0.624   |        0.038   |        6.101   |  Neg. p = 0.0135  |
|      2197      |       1        |        1.213   |        0.000   |       20.383   |  Neg. p = 0.0000  |
|      2199      |       1        |        2.345   |        0.026   |       27.539   |  Neg. p = 0.0000  |
|      2200      |       1        |        0.724   |        0.000   |       15.961   |  Neg. p = 0.0001  |
|      2201      |       1        |        2.070   |        0.083   |       12.995   |  Neg. p = 0.0003  |
|      2202      |       1        |        1.795   |        0.181   |        6.921   |  Neg. p = 0.0085  |
|      2203      |       1        |      190.335   |        0.000   |       22.726   |  Neg. p = 0.0000  |
|      2204      |       1        |       66.488   |        0.022   |       17.793   |  Neg. p = 0.0000  |
|      2207      |       1        |     5411.912   |        0.076   |        5.487   |  Neg. p = 0.0192  |
|      2208      |       1        |     1629.831   |        0.133   |       10.910   |  Neg. p = 0.0010  |
|      2209      |       1        |        3.157   |        0.078   |        3.746   |  Neg. p = 0.0529  |
|      2210      |       1        |        0.877   |        0.175   |        4.951   |  Neg. p = 0.0261  |
|      2211      |       1        |       10.750   |        0.251   |       13.336   |  Neg. p = 0.0003  |
|      2212      |       1        |      190.335   |        0.000   |       35.807   |  Neg. p = 0.0000  |
|      2213      |       1        |        0.802   |        0.107   |        5.622   |  Neg. p = 0.0177  |
|      2215      |       1        |        0.463   |        0.000   |       10.709   |  Neg. p = 0.0011  |
|      2217      |       1        |        1.717   |        0.302   |        6.390   |  Neg. p = 0.0115  |
|      2219      |       1        |        0.787   |        0.034   |       11.087   |  Neg. p = 0.0009  |
|      2220      |       1        |        0.953   |        0.078   |        8.148   |  Neg. p = 0.0043  |
|      2222      |       1        |        2.287   |        0.075   |       15.210   |  Neg. p = 0.0001  |
|      2223      |       1        |        0.372   |        0.021   |        6.617   |  Neg. p = 0.0101  |
|      2224      |       1        |        1.197   |        0.000   |       12.569   |  Neg. p = 0.0004  |
|      2226      |       1        |        2.918   |        0.000   |       22.059   |  Neg. p = 0.0000  |
|      2227      |       1        |      190.335   |        0.000   |       33.156   |  Neg. p = 0.0000  |
|      2228      |       1        |        1.381   |        0.000   |       15.843   |  Neg. p = 0.0001  |
|      2229      |       1        |        0.507   |        0.039   |        6.648   |  Neg. p = 0.0099  |
|      2230      |       1        |        0.857   |        0.047   |        9.406   |  Neg. p = 0.0022  |
|      2232      |       1        |        0.782   |        0.000   |       12.826   |  Neg. p = 0.0003  |
|      2234      |       1        |        1.130   |        0.000   |       12.874   |  Neg. p = 0.0003  |
|      2235      |       1        |        1.447   |        0.214   |        7.316   |  Neg. p = 0.0068  |
|      2237      |       1        |        1.532   |        0.000   |       24.807   |  Neg. p = 0.0000  |
|      2238      |       1        |        0.394   |        0.000   |       11.597   |  Neg. p = 0.0007  |
|      2239      |       1        |      190.335   |        0.000   |       23.563   |  Neg. p = 0.0000  |
|      2240      |       1        |        1.687   |        0.000   |       21.639   |  Neg. p = 0.0000  |
|      2241      |       1        |        1.042   |        0.000   |       16.045   |  Neg. p = 0.0001  |
|      2242      |       1        |        0.265   |        0.000   |        8.913   |  Neg. p = 0.0028  |
|      2243      |       1        |        0.293   |        0.000   |        8.216   |  Neg. p = 0.0042  |
|      2244      |       1        |        1.718   |        0.000   |       26.470   |  Neg. p = 0.0000  |
|      2246      |       1        |        0.812   |        0.203   |        4.722   |  Neg. p = 0.0298  |
|      2247      |       1        |        0.630   |        0.027   |       11.610   |  Neg. p = 0.0007  |
|      2248      |       1        |        2.499   |        0.000   |       28.396   |  Neg. p = 0.0000  |
|      2249      |       1        |        0.271   |        0.000   |        8.335   |  Neg. p = 0.0039  |
|      2250      |       1        |        0.941   |        0.075   |        7.055   |  Neg. p = 0.0079  |
|      2251      |       1        |        0.956   |        0.000   |       21.971   |  Neg. p = 0.0000  |
|      2252      |       1        |        0.612   |        0.000   |       12.835   |  Neg. p = 0.0003  |
|      2253      |       1        |        0.533   |        0.000   |       13.107   |  Neg. p = 0.0003  |
|      2256      |       1        |      190.335   |        0.000   |       32.094   |  Neg. p = 0.0000  |
|      2257      |       1        |        1.007   |        0.000   |       17.849   |  Neg. p = 0.0000  |
|      2258      |       1        |        0.772   |        0.000   |       17.512   |  Neg. p = 0.0000  |
|      2259      |       1        |        0.933   |        0.024   |       14.824   |  Neg. p = 0.0001  |
|      2260      |       1        |        0.788   |        0.000   |       20.800   |  Neg. p = 0.0000  |
|      2261      |       1        |        0.686   |        0.000   |       16.072   |  Neg. p = 0.0001  |
|      2262      |       1        |        1.042   |        0.000   |       22.124   |  Neg. p = 0.0000  |
|      2263      |       1        |       70.545   |        0.000   |       20.561   |  Neg. p = 0.0000  |
|      2264      |       1        |        0.762   |        0.000   |       16.537   |  Neg. p = 0.0000  |
|      2265      |       1        |        1.398   |        0.000   |       15.252   |  Neg. p = 0.0001  |
|      2266      |       1        |        0.972   |        0.000   |       17.044   |  Neg. p = 0.0000  |
|      2267      |       1        |      190.335   |        0.000   |       32.196   |  Neg. p = 0.0000  |
|      2268      |       1        |        0.113   |        0.000   |        3.167   |  Neg. p = 0.0751  |
|      2270      |       1        |        0.575   |        0.000   |       15.724   |  Neg. p = 0.0001  |
|      2271      |       1        |        1.542   |        0.000   |       29.269   |  Neg. p = 0.0000  |
|      2272      |       1        |        1.185   |        0.035   |       14.456   |  Neg. p = 0.0001  |
|      2273      |       1        |        2.014   |        0.000   |       18.880   |  Neg. p = 0.0000  |
|      2274      |       1        |        2.042   |        0.000   |       26.529   |  Neg. p = 0.0000  |
|      2275      |       1        |        0.724   |        0.000   |       16.564   |  Neg. p = 0.0000  |
|      2276      |       1        |        1.260   |        0.039   |       15.795   |  Neg. p = 0.0001  |
|      2277      |       1        |        0.583   |        0.000   |       13.828   |  Neg. p = 0.0002  |
|      2279      |       1        |        1.254   |        0.000   |       25.954   |  Neg. p = 0.0000  |
|      2281      |       1        |        3.605   |        0.031   |        4.856   |  Neg. p = 0.0275  |
|      2283      |       1        |        0.778   |        0.115   |        6.274   |  Neg. p = 0.0123  |
|      2285      |       1        |        0.729   |        0.158   |        4.071   |  Neg. p = 0.0436  |
|      2286      |       1        |        4.217   |        0.081   |        7.777   |  Neg. p = 0.0053  |
|      2287      |       1        |        1.197   |        0.151   |        7.525   |  Neg. p = 0.0061  |
|      2288      |       1        |        1.293   |        0.271   |        5.884   |  Neg. p = 0.0153  |
|      2290      |       1        |        2.047   |        0.082   |       15.474   |  Neg. p = 0.0001  |
|      2291      |       1        |        1.158   |        0.167   |        6.405   |  Neg. p = 0.0114  |
|      2293      |       1        |        0.578   |        0.000   |       12.580   |  Neg. p = 0.0004  |
|      2294      |       1        |    10000.000   |        0.050   |       12.153   |  Neg. p = 0.0005  |
|      2295      |       1        |        2.392   |        0.277   |        7.754   |  Neg. p = 0.0054  |
|      2296      |       1        |        3.153   |        0.068   |       19.000   |  Neg. p = 0.0000  |
|      2297      |       1        |        0.369   |        0.000   |        8.881   |  Neg. p = 0.0029  |
|      2298      |       1        |        0.509   |        0.130   |        3.827   |  Neg. p = 0.0504  |
|      2299      |       1        |        1.351   |        0.353   |        3.553   |  Neg. p = 0.0594  |
|      2300      |       1        |        0.969   |        0.056   |        8.798   |  Neg. p = 0.0030  |
|      2301      |       1        |        0.688   |        0.002   |       13.547   |  Neg. p = 0.0002  |
|      2302      |       1        |        0.625   |        0.021   |       12.377   |  Neg. p = 0.0004  |
|      2303      |       1        |        0.776   |        0.000   |       13.855   |  Neg. p = 0.0002  |
|      2304      |       1        |      190.335   |        0.000   |       15.093   |  Neg. p = 0.0001  |
|      2306      |       1        |        1.830   |        0.129   |       12.442   |  Neg. p = 0.0004  |
|      2308      |       1        |        3.097   |        0.030   |        9.768   |  Neg. p = 0.0018  |
|      2309      |       1        |        1.065   |        0.000   |       20.416   |  Neg. p = 0.0000  |
|      2310      |       1        |        0.406   |        0.000   |        9.888   |  Neg. p = 0.0017  |
|      2311      |       1        |        0.306   |        0.020   |        2.831   |  Neg. p = 0.0925  |
|      2312      |       1        |      190.335   |        0.000   |       15.128   |  Neg. p = 0.0001  |
|      2314      |       1        |        0.109   |        0.000   |        3.120   |  Neg. p = 0.0773  |
|      2316      |       1        |        0.599   |        0.090   |        5.343   |  Neg. p = 0.0208  |
|      2317      |       1        |        0.401   |        0.028   |        5.777   |  Neg. p = 0.0162  |
|      2318      |       1        |        0.869   |        0.231   |        2.878   |  Neg. p = 0.0898  |
|      2319      |       1        |        1.429   |        0.000   |       25.255   |  Neg. p = 0.0000  |
|      2320      |       1        |        2.228   |        0.024   |       28.245   |  Neg. p = 0.0000  |
|      2321      |       1        |        2.470   |        0.433   |        3.262   |  Neg. p = 0.0709  |
|      2322      |       1        |        0.830   |        0.000   |       11.712   |  Neg. p = 0.0006  |
|      2323      |       1        |        2.740   |        0.000   |       28.839   |  Neg. p = 0.0000  |
|      2324      |       1        |        1.224   |        0.072   |       10.693   |  Neg. p = 0.0011  |
|      2325      |       1        |        1.980   |        0.000   |       23.896   |  Neg. p = 0.0000  |
|      2326      |       1        |        0.339   |        0.045   |        4.319   |  Neg. p = 0.0377  |
|      2327      |       1        |        0.650   |        0.024   |        9.910   |  Neg. p = 0.0016  |
|      2328      |       1        |    10000.000   |        0.080   |        5.075   |  Neg. p = 0.0243  |
|      2330      |       1        |        0.803   |        0.000   |       18.282   |  Neg. p = 0.0000  |
|      2333      |       1        |        2.999   |        0.143   |       13.572   |  Neg. p = 0.0002  |
|      2335      |       1        |        1.037   |        0.087   |        3.975   |  Neg. p = 0.0462  |
|      2337      |       1        |        1.089   |        0.049   |       10.359   |  Neg. p = 0.0013  |
|      2338      |       1        |        0.397   |        0.000   |        8.480   |  Neg. p = 0.0036  |
|      2339      |       1        |        2.332   |        0.195   |       11.329   |  Neg. p = 0.0008  |
|      2340      |       1        |        0.353   |        0.024   |        5.945   |  Neg. p = 0.0148  |
|      2342      |       1        |        0.844   |        0.083   |        6.408   |  Neg. p = 0.0114  |
|      2343      |       1        |      190.335   |        0.000   |       24.092   |  Neg. p = 0.0000  |
|      2344      |       1        |        0.603   |        0.076   |        6.363   |  Neg. p = 0.0117  |
|      2345      |       1        |        1.294   |        0.043   |       11.940   |  Neg. p = 0.0005  |
|      2346      |       1        |    10000.000   |        0.024   |       20.278   |  Neg. p = 0.0000  |
|      2347      |       1        |        1.556   |        0.000   |       19.229   |  Neg. p = 0.0000  |
|      2349      |       1        |        3.126   |        0.259   |        6.128   |  Neg. p = 0.0133  |
|      2350      |       1        |        0.644   |        0.054   |        5.304   |  Neg. p = 0.0213  |
|      2351      |       1        |        6.296   |        0.010   |       18.734   |  Neg. p = 0.0000  |
|      2355      |       1        |        4.438   |        0.100   |       16.321   |  Neg. p = 0.0001  |
|      2356      |       1        |       24.375   |        0.030   |        8.191   |  Neg. p = 0.0042  |
|      2360      |       1        |        1.274   |        0.112   |        5.132   |  Neg. p = 0.0235  |
|      2361      |       1        |        0.929   |        0.219   |        4.631   |  Neg. p = 0.0314  |
|      2362      |       1        |        3.463   |        0.375   |        6.680   |  Neg. p = 0.0098  |
|      2363      |       1        |        3.263   |        0.124   |       12.080   |  Neg. p = 0.0005  |
|      2364      |       1        |        2.182   |        0.175   |       10.620   |  Neg. p = 0.0011  |
|      2365      |       1        |        1.000   |        0.087   |        8.748   |  Neg. p = 0.0031  |
|      2368      |       1        |      190.335   |        0.000   |       21.856   |  Neg. p = 0.0000  |
|      2371      |       1        |        0.393   |        0.000   |        8.856   |  Neg. p = 0.0029  |
|      2372      |       1        |        0.574   |        0.089   |        4.427   |  Neg. p = 0.0354  |
|      2373      |       1        |        1.158   |        0.000   |       18.813   |  Neg. p = 0.0000  |
|      2374      |       1        |        2.350   |        0.052   |       20.933   |  Neg. p = 0.0000  |
|      2375      |       1        |        2.009   |        0.117   |       14.183   |  Neg. p = 0.0002  |
|      2376      |       1        |        0.846   |        0.000   |       17.905   |  Neg. p = 0.0000  |
|      2377      |       1        |        1.447   |        0.000   |       20.450   |  Neg. p = 0.0000  |
|      2378      |       1        |        0.548   |        0.048   |        6.248   |  Neg. p = 0.0124  |
|      2379      |       1        |        1.222   |        0.177   |        4.994   |  Neg. p = 0.0254  |
|      2380      |       1        |        4.778   |        0.000   |       32.744   |  Neg. p = 0.0000  |
|      2381      |       1        |        0.816   |        0.025   |       10.226   |  Neg. p = 0.0014  |
|      2384      |       1        |        2.025   |        0.000   |       28.162   |  Neg. p = 0.0000  |
|      2385      |       1        |        1.835   |        0.000   |       26.535   |  Neg. p = 0.0000  |
|      2386      |       1        |        0.956   |        0.000   |       20.894   |  Neg. p = 0.0000  |
|      2387      |       1        |        5.767   |        0.000   |       29.730   |  Neg. p = 0.0000  |
|      2389      |       1        |        1.701   |        0.170   |       10.263   |  Neg. p = 0.0014  |
|      2390      |       1        |    10000.000   |        0.078   |       21.096   |  Neg. p = 0.0000  |
|      2391      |       1        |        0.270   |        0.000   |       11.091   |  Neg. p = 0.0009  |
|      2392      |       1        |       35.230   |        0.000   |       19.511   |  Neg. p = 0.0000  |
|      2393      |       1        |        1.542   |        0.000   |       16.952   |  Neg. p = 0.0000  |
|      2394      |       1        |        1.552   |        0.320   |        3.312   |  Neg. p = 0.0688  |
|      2395      |       1        |        1.197   |        0.000   |       19.056   |  Neg. p = 0.0000  |
|      2396      |       1        |        0.501   |        0.044   |        6.050   |  Neg. p = 0.0139  |
|      2397      |       1        |        1.072   |        0.248   |        2.761   |  Neg. p = 0.0966  |
|      2398      |       1        |        2.971   |        0.056   |        7.348   |  Neg. p = 0.0067  |
|      2399      |       1        |        0.883   |        0.019   |        8.521   |  Neg. p = 0.0035  |
|      2400      |       1        |        3.114   |        0.193   |       12.963   |  Neg. p = 0.0003  |
|      2406      |       1        |        1.039   |        0.151   |        8.016   |  Neg. p = 0.0046  |
|      2407      |       1        |        1.701   |        0.053   |       10.576   |  Neg. p = 0.0011  |
|      2408      |       1        |        2.215   |        0.061   |       14.988   |  Neg. p = 0.0001  |
|      2409      |       1        |        1.761   |        0.108   |       15.581   |  Neg. p = 0.0001  |
|      2410      |       1        |       22.606   |        0.048   |       18.230   |  Neg. p = 0.0000  |
|      2411      |       1        |        0.422   |        0.045   |        4.903   |  Neg. p = 0.0268  |
|      2412      |       1        |        3.138   |        0.102   |       14.846   |  Neg. p = 0.0001  |
|      2414      |       1        |        1.223   |        0.000   |       22.405   |  Neg. p = 0.0000  |
|      2415      |       1        |        1.054   |        0.000   |        5.834   |  Neg. p = 0.0157  |
|      2639      |       1        |        1.054   |        0.000   |        5.834   |  Neg. p = 0.0157  |
|      2418      |       1        |        1.042   |        0.000   |       16.763   |  Neg. p = 0.0000  |
|      2419      |       1        |        4.110   |        0.026   |       23.947   |  Neg. p = 0.0000  |
|      2420      |       1        |        1.238   |        0.023   |        3.940   |  Neg. p = 0.0472  |
|      2421      |       1        |        1.070   |        0.024   |       13.761   |  Neg. p = 0.0002  |
|      2422      |       1        |        0.583   |        0.000   |       15.900   |  Neg. p = 0.0001  |
|      2423      |       1        |        1.048   |        0.112   |        7.539   |  Neg. p = 0.0060  |
|      2424      |       1        |        0.444   |        0.022   |        7.154   |  Neg. p = 0.0075  |
|      2425      |       1        |        1.456   |        0.107   |       12.126   |  Neg. p = 0.0005  |
|      2426      |       1        |        2.858   |        0.000   |       17.046   |  Neg. p = 0.0000  |
|      2427      |       1        |        0.247   |        0.000   |        6.467   |  Neg. p = 0.0110  |
|      2428      |       1        |        1.514   |        0.048   |       12.655   |  Neg. p = 0.0004  |
|      2429      |       1        |       17.560   |        0.113   |       12.399   |  Neg. p = 0.0004  |
|      2430      |       1        |        0.404   |        0.024   |        7.706   |  Neg. p = 0.0055  |
|      2431      |       1        |       35.230   |        0.000   |       29.962   |  Neg. p = 0.0000  |
|      2432      |       1        |        0.776   |        0.047   |        7.351   |  Neg. p = 0.0067  |
|      2433      |       1        |        0.800   |        0.126   |        5.169   |  Neg. p = 0.0230  |
|      2434      |       1        |        0.371   |        0.000   |       10.597   |  Neg. p = 0.0011  |
|      2435      |       1        |        0.615   |        0.000   |        6.596   |  Neg. p = 0.0102  |
|      2436      |       1        |        1.757   |        0.091   |       16.997   |  Neg. p = 0.0000  |
|      2437      |       1        |        0.823   |        0.000   |       19.153   |  Neg. p = 0.0000  |
|      2438      |       1        |        1.373   |        0.000   |       21.331   |  Neg. p = 0.0000  |
|      2439      |       1        |        0.594   |        0.079   |        3.784   |  Neg. p = 0.0518  |
|      2440      |       1        |        1.115   |        0.000   |       22.275   |  Neg. p = 0.0000  |
|      2441      |       1        |        1.347   |        0.000   |       26.500   |  Neg. p = 0.0000  |
|      2442      |       1        |        1.533   |        0.000   |       21.778   |  Neg. p = 0.0000  |
|      2443      |       1        |        0.287   |        0.072   |        2.984   |  Neg. p = 0.0841  |
|      2444      |       1        |        0.549   |        0.023   |       10.494   |  Neg. p = 0.0012  |
|      2445      |       1        |        0.576   |        0.000   |       14.620   |  Neg. p = 0.0001  |
|      2446      |       1        |        0.372   |        0.024   |        7.702   |  Neg. p = 0.0055  |
|      2447      |       1        |        0.405   |        0.000   |        9.324   |  Neg. p = 0.0023  |
|      2448      |       1        |        1.545   |        0.000   |       17.802   |  Neg. p = 0.0000  |
|      2449      |       1        |        2.707   |        0.000   |       36.215   |  Neg. p = 0.0000  |
|      2450      |       1        |        0.295   |        0.043   |        2.843   |  Neg. p = 0.0917  |
|      2451      |       1        |       35.230   |        0.000   |       23.715   |  Neg. p = 0.0000  |
|      2452      |       1        |        0.734   |        0.051   |        7.010   |  Neg. p = 0.0081  |
|      2453      |       1        |      190.335   |        0.000   |       15.960   |  Neg. p = 0.0001  |
|      3188      |       1        |      190.335   |        0.000   |       15.960   |  Neg. p = 0.0001  |
|      2454      |       1        |        1.254   |        0.000   |       19.869   |  Neg. p = 0.0000  |
|      2455      |       1        |        1.322   |        0.000   |       20.290   |  Neg. p = 0.0000  |
|      2456      |       1        |      190.335   |        0.000   |       27.789   |  Neg. p = 0.0000  |
|      2457      |       1        |        2.268   |        0.000   |       33.225   |  Neg. p = 0.0000  |
|      2458      |       1        |        1.488   |        0.000   |       25.466   |  Neg. p = 0.0000  |
|      2460      |       1        |      190.335   |        0.000   |       22.122   |  Neg. p = 0.0000  |
|      2461      |       1        |        1.598   |        0.000   |       23.459   |  Neg. p = 0.0000  |
|      2462      |       1        |        0.268   |        0.000   |        6.950   |  Neg. p = 0.0084  |
|      2463      |       1        |        0.543   |        0.000   |       12.128   |  Neg. p = 0.0005  |
|      2464      |       1        |      190.335   |        0.000   |       17.324   |  Neg. p = 0.0000  |
|      2465      |       1        |        1.160   |        0.000   |       23.264   |  Neg. p = 0.0000  |
|      2466      |       1        |        0.109   |        0.000   |        3.075   |  Neg. p = 0.0795  |
|      2468      |       1        |        1.558   |        0.000   |       27.324   |  Neg. p = 0.0000  |
|      2469      |       1        |        0.833   |        0.000   |       19.301   |  Neg. p = 0.0000  |
|      2470      |       1        |        1.500   |        0.036   |       19.181   |  Neg. p = 0.0000  |
|      2471      |       1        |        0.846   |        0.000   |       17.920   |  Neg. p = 0.0000  |
|      2472      |       1        |        0.680   |        0.000   |       15.389   |  Neg. p = 0.0001  |
|      2473      |       1        |        1.485   |        0.000   |       23.377   |  Neg. p = 0.0000  |
|      2474      |       1        |        1.057   |        0.076   |       11.097   |  Neg. p = 0.0009  |
|      2475      |       1        |        1.065   |        0.000   |       20.369   |  Neg. p = 0.0000  |
|      2476      |       1        |        1.242   |        0.000   |       17.510   |  Neg. p = 0.0000  |
|      2477      |       1        |        3.949   |        0.119   |       13.226   |  Neg. p = 0.0003  |
|      2479      |       1        |        1.796   |        0.116   |        5.743   |  Neg. p = 0.0166  |
|      2480      |       1        |        0.898   |        0.125   |        5.365   |  Neg. p = 0.0205  |
|      2481      |       1        |       69.221   |        0.076   |       14.048   |  Neg. p = 0.0002  |
|      2484      |       1        |        1.020   |        0.000   |       17.731   |  Neg. p = 0.0000  |
|      2485      |       1        |        1.222   |        0.087   |        7.270   |  Neg. p = 0.0070  |
|      2486      |       1        |        1.758   |        0.000   |       21.440   |  Neg. p = 0.0000  |
|      2487      |       1        |        3.352   |        0.022   |       28.722   |  Neg. p = 0.0000  |
|      2488      |       1        |        1.830   |        0.100   |        8.176   |  Neg. p = 0.0042  |
|      2489      |       1        |        1.095   |        0.085   |        3.466   |  Neg. p = 0.0626  |
|      2490      |       1        |        0.587   |        0.050   |        9.370   |  Neg. p = 0.0022  |
|      2491      |       1        |       70.545   |        0.000   |       26.074   |  Neg. p = 0.0000  |
|      2493      |       1        |        1.306   |        0.200   |        3.232   |  Neg. p = 0.0722  |
|      2495      |       1        |        0.636   |        0.000   |        5.447   |  Neg. p = 0.0196  |
|      2496      |       1        |        0.684   |        0.092   |        6.080   |  Neg. p = 0.0137  |
|      2497      |       1        |        1.161   |        0.000   |       25.543   |  Neg. p = 0.0000  |
|      2498      |       1        |        1.244   |        0.023   |       17.394   |  Neg. p = 0.0000  |
|      2499      |       1        |        1.891   |        0.051   |       13.817   |  Neg. p = 0.0002  |
|      2500      |       1        |        4.550   |        0.085   |       16.338   |  Neg. p = 0.0001  |
|      2501      |       1        |        0.557   |        0.021   |       11.685   |  Neg. p = 0.0006  |
|      2502      |       1        |      190.335   |        0.000   |       25.597   |  Neg. p = 0.0000  |
|      2503      |       1        |        4.216   |        0.079   |       18.367   |  Neg. p = 0.0000  |
|      2504      |       1        |        0.934   |        0.077   |        9.435   |  Neg. p = 0.0021  |
|      2505      |       1        |      190.335   |        0.000   |        7.341   |  Neg. p = 0.0067  |
|      2507      |       1        |      190.335   |        0.000   |       41.143   |  Neg. p = 0.0000  |
|      2508      |       1        |        0.704   |        0.083   |        7.289   |  Neg. p = 0.0069  |
|      2509      |       1        |        0.394   |        0.000   |       11.687   |  Neg. p = 0.0006  |
|      2510      |       1        |        1.447   |        0.000   |       23.132   |  Neg. p = 0.0000  |
|      2511      |       1        |        1.038   |        0.110   |        8.046   |  Neg. p = 0.0046  |
|      2512      |       1        |        0.630   |        0.023   |        8.493   |  Neg. p = 0.0036  |
|      2513      |       1        |        1.169   |        0.000   |       16.671   |  Neg. p = 0.0000  |
|      2515      |       1        |        0.946   |        0.000   |       19.151   |  Neg. p = 0.0000  |
|      2516      |       1        |        1.648   |        0.000   |       31.593   |  Neg. p = 0.0000  |
|      2518      |       1        |        0.946   |        0.000   |       19.829   |  Neg. p = 0.0000  |
|      2519      |       1        |        0.583   |        0.000   |       15.833   |  Neg. p = 0.0001  |
|      2520      |       1        |      190.335   |        0.000   |       30.325   |  Neg. p = 0.0000  |
|      2521      |       1        |      190.335   |        0.000   |        7.819   |  Neg. p = 0.0052  |
|      2522      |       1        |        0.235   |        0.000   |        9.133   |  Neg. p = 0.0025  |
|      2523      |       1        |        0.894   |        0.000   |       18.572   |  Neg. p = 0.0000  |
|      2524      |       1        |        1.611   |        0.000   |       16.882   |  Neg. p = 0.0000  |
|      2525      |       1        |        1.213   |        0.000   |       25.341   |  Neg. p = 0.0000  |
|      2526      |       1        |        4.492   |        0.000   |       37.868   |  Neg. p = 0.0000  |
|      2527      |       1        |        0.751   |        0.000   |       18.626   |  Neg. p = 0.0000  |
|      2528      |       1        |        1.299   |        0.000   |       12.600   |  Neg. p = 0.0004  |
|      2529      |       1        |        1.166   |        0.049   |       13.206   |  Neg. p = 0.0003  |
|      2530      |       1        |        1.038   |        0.000   |       19.954   |  Neg. p = 0.0000  |
|      2531      |       1        |        0.882   |        0.000   |       19.981   |  Neg. p = 0.0000  |
|      2532      |       1        |        0.975   |        0.000   |       20.895   |  Neg. p = 0.0000  |
|      2533      |       1        |        2.209   |        0.054   |       16.455   |  Neg. p = 0.0000  |
|      2534      |       1        |        0.796   |        0.000   |       17.307   |  Neg. p = 0.0000  |
|      2535      |       1        |        0.122   |        0.000   |        3.477   |  Neg. p = 0.0622  |
|      2536      |       1        |      190.335   |        0.000   |       18.053   |  Neg. p = 0.0000  |
|      2537      |       1        |        0.548   |        0.000   |       11.532   |  Neg. p = 0.0007  |
|      2538      |       1        |        0.665   |        0.000   |       17.769   |  Neg. p = 0.0000  |
|      2539      |       1        |        0.744   |        0.024   |       14.306   |  Neg. p = 0.0002  |
|      2540      |       1        |        2.048   |        0.000   |       29.471   |  Neg. p = 0.0000  |
|      2541      |       1        |        1.539   |        0.000   |       25.373   |  Neg. p = 0.0000  |
|      2542      |       1        |        0.741   |        0.023   |       13.488   |  Neg. p = 0.0002  |
|      2544      |       1        |        0.583   |        0.000   |       12.559   |  Neg. p = 0.0004  |
|      2545      |       1        |        0.486   |        0.051   |        6.793   |  Neg. p = 0.0092  |
|      2546      |       1        |        0.686   |        0.139   |        3.772   |  Neg. p = 0.0521  |
|      2548      |       1        |      106.596   |        0.146   |       13.849   |  Neg. p = 0.0002  |
|      2549      |       1        |        1.606   |        0.077   |       12.640   |  Neg. p = 0.0004  |
|      2551      |       1        |        0.575   |        0.000   |       15.186   |  Neg. p = 0.0001  |
|      2553      |       1        |        0.931   |        0.025   |       13.459   |  Neg. p = 0.0002  |
|      2555      |       1        |        1.693   |        0.357   |        2.841   |  Neg. p = 0.0919  |
|      2557      |       1        |        1.274   |        0.097   |       11.601   |  Neg. p = 0.0007  |
|      2558      |       1        |      190.335   |        0.000   |       20.223   |  Neg. p = 0.0000  |
|      2559      |       1        |        1.335   |        0.000   |       20.500   |  Neg. p = 0.0000  |
|      2560      |       1        |      190.335   |        0.000   |       23.347   |  Neg. p = 0.0000  |
|      2561      |       1        |        2.403   |        0.136   |        8.731   |  Neg. p = 0.0031  |
|      2562      |       1        |        3.215   |        0.246   |        9.883   |  Neg. p = 0.0017  |
|      2563      |       1        |        1.773   |        0.039   |       13.486   |  Neg. p = 0.0002  |
|      2564      |       1        |        0.638   |        0.028   |       10.537   |  Neg. p = 0.0012  |
|      2565      |       1        |        1.660   |        0.133   |        9.493   |  Neg. p = 0.0021  |
|      2566      |       1        |      190.335   |        0.000   |        6.499   |  Neg. p = 0.0108  |
|      3198      |       1        |      190.335   |        0.000   |        6.499   |  Neg. p = 0.0108  |
|      2567      |       1        |      190.335   |        0.000   |       34.950   |  Neg. p = 0.0000  |
|      2568      |       1        |      190.335   |        0.000   |       13.170   |  Neg. p = 0.0003  |
|      2569      |       1        |        1.420   |        0.048   |       12.805   |  Neg. p = 0.0003  |
|      2571      |       1        |        0.604   |        0.000   |       15.802   |  Neg. p = 0.0001  |
|      2572      |       1        |        0.151   |        0.000   |        3.780   |  Neg. p = 0.0519  |
|      2573      |       1        |        0.726   |        0.000   |       17.904   |  Neg. p = 0.0000  |
|      2574      |       1        |        0.505   |        0.000   |       11.716   |  Neg. p = 0.0006  |
|      2575      |       1        |    10000.000   |        0.023   |       10.919   |  Neg. p = 0.0010  |
|      2576      |       1        |        1.305   |        0.041   |       17.344   |  Neg. p = 0.0000  |
|      2577      |       1        |        1.160   |        0.000   |       20.195   |  Neg. p = 0.0000  |
|      2579      |       1        |        0.583   |        0.000   |       14.276   |  Neg. p = 0.0002  |
|      2580      |       1        |        0.752   |        0.000   |       16.846   |  Neg. p = 0.0000  |
|      2581      |       1        |        0.109   |        0.000   |        3.058   |  Neg. p = 0.0803  |
|      2583      |       1        |        0.586   |        0.000   |       14.231   |  Neg. p = 0.0002  |
|      2584      |       1        |        0.987   |        0.035   |       13.226   |  Neg. p = 0.0003  |
|      2585      |       1        |        1.522   |        0.000   |       27.808   |  Neg. p = 0.0000  |
|      2586      |       1        |        0.665   |        0.000   |       15.842   |  Neg. p = 0.0001  |
|      2587      |       1        |       51.558   |        0.000   |       18.590   |  Neg. p = 0.0000  |
|      2588      |       1        |        0.650   |        0.026   |        9.423   |  Neg. p = 0.0021  |
|      2589      |       1        |        1.169   |        0.000   |       21.848   |  Neg. p = 0.0000  |
|      2590      |       1        |        5.065   |        0.049   |       30.378   |  Neg. p = 0.0000  |
|      2591      |       1        |       50.586   |        0.000   |       15.318   |  Neg. p = 0.0001  |
|      2592      |       1        |        0.767   |        0.000   |       13.216   |  Neg. p = 0.0003  |
|      2593      |       1        |      190.335   |        0.000   |       18.286   |  Neg. p = 0.0000  |
|      2594      |       1        |        1.335   |        0.046   |       11.306   |  Neg. p = 0.0008  |
|      2595      |       1        |        0.724   |        0.000   |       13.857   |  Neg. p = 0.0002  |
|      2596      |       1        |        1.388   |        0.000   |       28.509   |  Neg. p = 0.0000  |
|      2597      |       1        |        3.584   |        0.054   |       16.709   |  Neg. p = 0.0000  |
|      2599      |       1        |        0.670   |        0.022   |       12.288   |  Neg. p = 0.0005  |
|      2600      |       1        |        1.876   |        0.022   |       14.120   |  Neg. p = 0.0002  |
|      2601      |       1        |        0.469   |        0.000   |       11.873   |  Neg. p = 0.0006  |
|      2602      |       1        |        1.786   |        0.000   |       32.331   |  Neg. p = 0.0000  |
|      2603      |       1        |        1.785   |        0.077   |       14.977   |  Neg. p = 0.0001  |
|      2604      |       1        |        1.038   |        0.220   |        4.778   |  Neg. p = 0.0288  |
|      2605      |       1        |        1.797   |        0.037   |       12.897   |  Neg. p = 0.0003  |
|      2606      |       1        |      190.335   |        0.000   |       15.240   |  Neg. p = 0.0001  |
|      2607      |       1        |        2.310   |        0.023   |       20.148   |  Neg. p = 0.0000  |
|      2608      |       1        |        0.494   |        0.000   |       14.052   |  Neg. p = 0.0002  |
|      2609      |       1        |      190.335   |        0.000   |       32.062   |  Neg. p = 0.0000  |
|      2610      |       1        |        0.707   |        0.000   |       16.245   |  Neg. p = 0.0001  |
|      2611      |       1        |        1.576   |        0.000   |       29.017   |  Neg. p = 0.0000  |
|      2612      |       1        |        1.254   |        0.000   |       20.856   |  Neg. p = 0.0000  |
|      2613      |       1        |        0.841   |        0.000   |       18.113   |  Neg. p = 0.0000  |
|      2614      |       1        |        1.877   |        0.000   |       28.299   |  Neg. p = 0.0000  |
|      2615      |       1        |        1.351   |        0.121   |        7.287   |  Neg. p = 0.0069  |
|      2616      |       1        |        7.615   |        0.000   |       19.904   |  Neg. p = 0.0000  |
|      2618      |       1        |        0.360   |        0.000   |        8.081   |  Neg. p = 0.0045  |
|      2619      |       1        |        0.419   |        0.000   |       10.475   |  Neg. p = 0.0012  |
|      2620      |       1        |        0.360   |        0.000   |       10.766   |  Neg. p = 0.0010  |
|      2621      |       1        |        0.397   |        0.000   |        8.575   |  Neg. p = 0.0034  |
|      2622      |       1        |        0.817   |        0.054   |        9.433   |  Neg. p = 0.0021  |
|      2623      |       1        |      115.378   |        0.000   |       12.010   |  Neg. p = 0.0005  |
|      2624      |       1        |       14.954   |        0.000   |       24.162   |  Neg. p = 0.0000  |
|      2625      |       1        |      190.335   |        0.000   |        8.612   |  Neg. p = 0.0033  |
|      2626      |       1        |        1.822   |        0.000   |       25.992   |  Neg. p = 0.0000  |
|      2627      |       1        |        1.772   |        0.101   |       12.753   |  Neg. p = 0.0004  |
|      2628      |       1        |        0.583   |        0.000   |       15.799   |  Neg. p = 0.0001  |
|      2629      |       1        |        1.221   |        0.000   |       13.025   |  Neg. p = 0.0003  |
|      2630      |       1        |        0.228   |        0.000   |        6.050   |  Neg. p = 0.0139  |
|      2631      |       1        |        0.512   |        0.024   |       11.303   |  Neg. p = 0.0008  |
|      2633      |       1        |        2.856   |        0.023   |       23.368   |  Neg. p = 0.0000  |
|      2634      |       1        |        0.661   |        0.040   |        7.335   |  Neg. p = 0.0068  |
|      2635      |       1        |        0.745   |        0.072   |       10.390   |  Neg. p = 0.0013  |
|      2636      |       1        |        0.806   |        0.069   |        8.080   |  Neg. p = 0.0045  |
|      2637      |       1        |        0.865   |        0.000   |       16.961   |  Neg. p = 0.0000  |
|      2638      |       1        |        0.882   |        0.000   |       19.630   |  Neg. p = 0.0000  |
|      2640      |       1        |        1.172   |        0.256   |        5.159   |  Neg. p = 0.0231  |
|      2641      |       1        |        0.684   |        0.186   |        3.376   |  Neg. p = 0.0662  |
|      2642      |       1        |        0.912   |        0.031   |       14.776   |  Neg. p = 0.0001  |
|      2643      |       1        |        1.423   |        0.000   |       20.071   |  Neg. p = 0.0000  |
|      2644      |       1        |        0.872   |        0.000   |       16.612   |  Neg. p = 0.0000  |
|      2646      |       1        |        1.051   |        0.105   |       10.213   |  Neg. p = 0.0014  |
|      2649      |       1        |        0.794   |        0.000   |        8.762   |  Neg. p = 0.0031  |
|      2650      |       1        |        0.350   |        0.000   |        9.971   |  Neg. p = 0.0016  |
|      2651      |       1        |        1.011   |        0.267   |        3.181   |  Neg. p = 0.0745  |
|      2652      |       1        |        0.724   |        0.000   |       16.143   |  Neg. p = 0.0001  |
|      2653      |       1        |        1.021   |        0.000   |       17.620   |  Neg. p = 0.0000  |
|      2654      |       1        |        0.728   |        0.000   |       15.071   |  Neg. p = 0.0001  |
|      2655      |       1        |        0.866   |        0.070   |       12.084   |  Neg. p = 0.0005  |
|      2656      |       1        |        1.009   |        0.000   |       18.363   |  Neg. p = 0.0000  |
|      2657      |       1        |        0.675   |        0.000   |       16.354   |  Neg. p = 0.0001  |
|      2658      |       1        |        0.978   |        0.022   |       18.963   |  Neg. p = 0.0000  |
|      2659      |       1        |        0.775   |        0.000   |       12.356   |  Neg. p = 0.0004  |
|      2660      |       1        |        1.465   |        0.000   |       21.826   |  Neg. p = 0.0000  |
|      2661      |       1        |        1.672   |        0.000   |       25.041   |  Neg. p = 0.0000  |
|      2662      |       1        |        1.951   |        0.084   |       17.030   |  Neg. p = 0.0000  |
|      2663      |       1        |        1.373   |        0.000   |       25.539   |  Neg. p = 0.0000  |
|      2664      |       1        |        1.493   |        0.000   |       18.965   |  Neg. p = 0.0000  |
|      2665      |       1        |        2.482   |        0.000   |       19.083   |  Neg. p = 0.0000  |
|      2666      |       1        |        1.662   |        0.198   |        7.476   |  Neg. p = 0.0063  |
|      2667      |       1        |        1.074   |        0.000   |       16.126   |  Neg. p = 0.0001  |
|      2668      |       1        |        0.486   |        0.000   |       18.733   |  Neg. p = 0.0000  |
|      2669      |       1        |        0.409   |        0.000   |       10.527   |  Neg. p = 0.0012  |
|      2671      |       1        |        0.456   |        0.051   |        5.844   |  Neg. p = 0.0156  |
|      2673      |       1        |        1.026   |        0.108   |        7.843   |  Neg. p = 0.0051  |
|      2675      |       1        |        1.436   |        0.317   |        3.591   |  Neg. p = 0.0581  |
|      2676      |       1        |        0.643   |        0.000   |       15.118   |  Neg. p = 0.0001  |
|      2677      |       1        |        0.639   |        0.000   |       15.694   |  Neg. p = 0.0001  |
|      2678      |       1        |       24.974   |        0.000   |       18.407   |  Neg. p = 0.0000  |
|      2679      |       1        |        1.608   |        0.026   |       21.139   |  Neg. p = 0.0000  |
|      2680      |       1        |        2.936   |        0.021   |       12.255   |  Neg. p = 0.0005  |
|      2682      |       1        |        1.145   |        0.050   |       17.324   |  Neg. p = 0.0000  |
|      2683      |       1        |        0.743   |        0.048   |        9.987   |  Neg. p = 0.0016  |
|      2684      |       1        |        1.513   |        0.156   |        7.184   |  Neg. p = 0.0074  |
|      2685      |       1        |        0.458   |        0.000   |       12.474   |  Neg. p = 0.0004  |
|      2686      |       1        |        0.957   |        0.056   |        6.783   |  Neg. p = 0.0092  |
|      2689      |       1        |        0.725   |        0.000   |       18.392   |  Neg. p = 0.0000  |
|      2691      |       1        |        1.308   |        0.139   |        7.455   |  Neg. p = 0.0063  |
|      2692      |       1        |        5.993   |        0.023   |       24.762   |  Neg. p = 0.0000  |
|      2693      |       1        |        0.724   |        0.000   |       15.328   |  Neg. p = 0.0001  |
|      2694      |       1        |        0.335   |        0.044   |        5.322   |  Neg. p = 0.0211  |
|      2695      |       1        |        0.819   |        0.087   |        6.288   |  Neg. p = 0.0122  |
|      2696      |       1        |       51.558   |        0.000   |       15.265   |  Neg. p = 0.0001  |
|      2697      |       1        |        1.398   |        0.026   |       21.750   |  Neg. p = 0.0000  |
|      2698      |       1        |        1.740   |        0.074   |       11.388   |  Neg. p = 0.0007  |
|      2699      |       1        |        3.439   |        0.026   |       24.745   |  Neg. p = 0.0000  |
|      2700      |       1        |        2.264   |        0.000   |       19.148   |  Neg. p = 0.0000  |
|      2701      |       1        |        0.405   |        0.080   |        3.112   |  Neg. p = 0.0777  |
|      2702      |       1        |        0.456   |        0.104   |        3.113   |  Neg. p = 0.0777  |
|      2704      |       1        |        0.726   |        0.076   |        7.381   |  Neg. p = 0.0066  |
|      2706      |       1        |        0.798   |        0.031   |        9.084   |  Neg. p = 0.0026  |
|      2707      |       1        |        1.601   |        0.000   |       24.023   |  Neg. p = 0.0000  |
|      2709      |       1        |        1.103   |        0.195   |        5.598   |  Neg. p = 0.0180  |
|      2710      |       1        |        2.597   |        0.024   |       20.482   |  Neg. p = 0.0000  |
|      2711      |       1        |       26.592   |        0.210   |        3.452   |  Neg. p = 0.0632  |
|      2712      |       1        |        0.682   |        0.000   |       12.818   |  Neg. p = 0.0003  |
|      2713      |       1        |        2.410   |        0.166   |        9.671   |  Neg. p = 0.0019  |
|      2714      |       1        |        5.568   |        0.270   |       10.168   |  Neg. p = 0.0014  |
|      2715      |       1        |        0.630   |        0.132   |        2.914   |  Neg. p = 0.0878  |
|      2716      |       1        |        1.285   |        0.113   |        5.929   |  Neg. p = 0.0149  |
|      2717      |       1        |        5.524   |        0.290   |        5.511   |  Neg. p = 0.0189  |
|      2718      |       1        |        1.423   |        0.000   |       25.753   |  Neg. p = 0.0000  |
|      2719      |       1        |        0.975   |        0.000   |       15.391   |  Neg. p = 0.0001  |
|      2720      |       1        |        1.927   |        0.103   |       11.781   |  Neg. p = 0.0006  |
|      2721      |       1        |        0.263   |        0.000   |        7.420   |  Neg. p = 0.0064  |
|      2722      |       1        |        0.375   |        0.000   |        9.039   |  Neg. p = 0.0026  |
|      2724      |       1        |        1.026   |        0.079   |        8.469   |  Neg. p = 0.0036  |
|      2725      |       1        |        1.678   |        0.228   |        5.138   |  Neg. p = 0.0234  |
|      2726      |       1        |        1.887   |        0.037   |       15.733   |  Neg. p = 0.0001  |
|      2727      |       1        |       45.939   |        0.000   |       17.054   |  Neg. p = 0.0000  |
|      2728      |       1        |        1.649   |        0.227   |        5.496   |  Neg. p = 0.0191  |
|      2729      |       1        |       25.891   |        0.069   |       15.118   |  Neg. p = 0.0001  |
|      2730      |       1        |        0.282   |        0.000   |        7.453   |  Neg. p = 0.0063  |
|      2733      |       1        |        0.674   |        0.000   |       16.118   |  Neg. p = 0.0001  |
|      2734      |       1        |        2.334   |        0.035   |       21.520   |  Neg. p = 0.0000  |
|      2735      |       1        |        0.681   |        0.121   |        4.179   |  Neg. p = 0.0409  |
|      2736      |       1        |        0.880   |        0.034   |       10.668   |  Neg. p = 0.0011  |
|      2738      |       1        |        0.724   |        0.115   |        5.987   |  Neg. p = 0.0144  |
|      2739      |       1        |        0.763   |        0.119   |        5.681   |  Neg. p = 0.0172  |
|      2740      |       1        |        0.792   |        0.022   |        9.347   |  Neg. p = 0.0022  |
|      2741      |       1        |        1.517   |        0.000   |       27.568   |  Neg. p = 0.0000  |
|      2742      |       1        |        2.666   |        0.087   |       12.447   |  Neg. p = 0.0004  |
|      2743      |       1        |        9.738   |        0.133   |       15.317   |  Neg. p = 0.0001  |
|      2744      |       1        |    10000.000   |        0.023   |       23.081   |  Neg. p = 0.0000  |
|      2746      |       1        |        2.472   |        0.000   |       35.062   |  Neg. p = 0.0000  |
|      2748      |       1        |        1.544   |        0.182   |        9.262   |  Neg. p = 0.0023  |
|      2749      |       1        |        2.763   |        0.220   |        7.453   |  Neg. p = 0.0063  |
|      2751      |       1        |        1.193   |        0.000   |       21.376   |  Neg. p = 0.0000  |
|      2752      |       1        |        1.455   |        0.096   |       11.082   |  Neg. p = 0.0009  |
|      2755      |       1        |        0.894   |        0.000   |       20.022   |  Neg. p = 0.0000  |
|      2756      |       1        |        1.399   |        0.000   |       20.852   |  Neg. p = 0.0000  |
|      2757      |       1        |        1.091   |        0.202   |        3.707   |  Neg. p = 0.0542  |
|      2758      |       1        |        0.892   |        0.233   |        3.079   |  Neg. p = 0.0793  |
|      2759      |       1        |        0.794   |        0.025   |       14.074   |  Neg. p = 0.0002  |
|      2760      |       1        |        0.502   |        0.000   |       14.441   |  Neg. p = 0.0001  |
|      2762      |       1        |        1.743   |        0.000   |       20.136   |  Neg. p = 0.0000  |
|      2763      |       1        |        1.494   |        0.100   |        6.908   |  Neg. p = 0.0086  |
|      2764      |       1        |        0.401   |        0.077   |        3.673   |  Neg. p = 0.0553  |
|      2765      |       1        |        2.780   |        0.077   |        9.434   |  Neg. p = 0.0021  |
|      2766      |       1        |      842.460   |        0.027   |       26.335   |  Neg. p = 0.0000  |
|      2767      |       1        |        0.630   |        0.000   |       13.858   |  Neg. p = 0.0002  |
|      2768      |       1        |        0.354   |        0.060   |        3.488   |  Neg. p = 0.0618  |
|      2769      |       1        |        0.145   |        0.000   |        3.809   |  Neg. p = 0.0510  |
|      2770      |       1        |        0.722   |        0.000   |       13.677   |  Neg. p = 0.0002  |
|      2772      |       1        |        0.705   |        0.000   |       17.695   |  Neg. p = 0.0000  |
|      2773      |       1        |        2.209   |        0.054   |       15.714   |  Neg. p = 0.0001  |
|      2774      |       1        |        1.485   |        0.000   |       23.146   |  Neg. p = 0.0000  |
|      2775      |       1        |        0.409   |        0.000   |        9.831   |  Neg. p = 0.0017  |
|      2776      |       1        |      190.335   |        0.000   |       20.558   |  Neg. p = 0.0000  |
|      2777      |       1        |        0.248   |        0.000   |        6.738   |  Neg. p = 0.0094  |
|      2778      |       1        |      190.335   |        0.000   |       16.042   |  Neg. p = 0.0001  |
|      2779      |       1        |        1.545   |        0.000   |       24.051   |  Neg. p = 0.0000  |
|      2780      |       1        |        0.746   |        0.000   |       11.757   |  Neg. p = 0.0006  |
|      2781      |       1        |        3.277   |        0.024   |       10.535   |  Neg. p = 0.0012  |
|      2782      |       1        |        0.470   |        0.000   |       11.232   |  Neg. p = 0.0008  |
|      2783      |       1        |        1.674   |        0.000   |       21.279   |  Neg. p = 0.0000  |
|      2784      |       1        |        2.655   |        0.041   |       16.235   |  Neg. p = 0.0001  |
|      2785      |       1        |        0.782   |        0.000   |       16.226   |  Neg. p = 0.0001  |
|      2786      |       1        |        1.752   |        0.105   |        8.987   |  Neg. p = 0.0027  |
|      2789      |       1        |        1.124   |        0.102   |       11.059   |  Neg. p = 0.0009  |
|      2791      |       1        |        1.266   |        0.233   |        3.096   |  Neg. p = 0.0785  |
|      2793      |       1        |        0.922   |        0.113   |        5.602   |  Neg. p = 0.0179  |
|      2794      |       1        |        8.223   |        0.045   |       17.822   |  Neg. p = 0.0000  |
|      2796      |       1        |        0.687   |        0.024   |        8.662   |  Neg. p = 0.0032  |
|      2797      |       1        |        0.809   |        0.181   |        3.193   |  Neg. p = 0.0740  |
|      2798      |       1        |        0.829   |        0.173   |        3.637   |  Neg. p = 0.0565  |
|      2801      |       1        |        2.325   |        0.219   |        5.251   |  Neg. p = 0.0219  |
|      2802      |       1        |        1.351   |        0.076   |       11.001   |  Neg. p = 0.0009  |
|      2803      |       1        |        3.398   |        0.238   |        9.723   |  Neg. p = 0.0018  |
|      2804      |       1        |        0.885   |        0.000   |       21.522   |  Neg. p = 0.0000  |
|      2805      |       1        |        1.166   |        0.053   |       13.270   |  Neg. p = 0.0003  |
|      2806      |       1        |        0.660   |        0.109   |        4.453   |  Neg. p = 0.0348  |
|      2807      |       1        |        1.393   |        0.000   |       19.037   |  Neg. p = 0.0000  |
|      2808      |       1        |        0.877   |        0.000   |       20.104   |  Neg. p = 0.0000  |
|      2809      |       1        |        1.254   |        0.000   |       22.236   |  Neg. p = 0.0000  |
|      2810      |       1        |        0.721   |        0.022   |       15.268   |  Neg. p = 0.0001  |
|      2811      |       1        |        0.451   |        0.000   |       14.882   |  Neg. p = 0.0001  |
|      2812      |       1        |        0.695   |        0.023   |       12.062   |  Neg. p = 0.0005  |
|      2813      |       1        |    10000.000   |        0.020   |       27.478   |  Neg. p = 0.0000  |
|      2814      |       1        |        0.416   |        0.042   |        5.318   |  Neg. p = 0.0211  |
|      2815      |       1        |        1.611   |        0.023   |       22.256   |  Neg. p = 0.0000  |
|      2817      |       1        |        1.347   |        0.000   |       21.204   |  Neg. p = 0.0000  |
|      2818      |       1        |        0.720   |        0.000   |       15.724   |  Neg. p = 0.0001  |
|      2819      |       1        |        0.740   |        0.047   |       12.033   |  Neg. p = 0.0005  |
|      2820      |       1        |        2.776   |        0.000   |       26.857   |  Neg. p = 0.0000  |
|      2821      |       1        |        0.359   |        0.000   |        8.374   |  Neg. p = 0.0038  |
|      2822      |       1        |        1.280   |        0.023   |       15.196   |  Neg. p = 0.0001  |
|      2825      |       1        |        1.595   |        0.000   |       28.466   |  Neg. p = 0.0000  |
|      2826      |       1        |      190.335   |        0.000   |       27.369   |  Neg. p = 0.0000  |
|      2827      |       1        |        0.942   |        0.051   |       10.252   |  Neg. p = 0.0014  |
|      2828      |       1        |        1.020   |        0.000   |       20.434   |  Neg. p = 0.0000  |
|      2829      |       1        |        1.654   |        0.000   |       27.842   |  Neg. p = 0.0000  |
|      2830      |       1        |        3.324   |        0.159   |       11.613   |  Neg. p = 0.0007  |
|      2831      |       1        |        1.054   |        0.000   |       19.309   |  Neg. p = 0.0000  |
|      2832      |       1        |        2.115   |        0.139   |       10.093   |  Neg. p = 0.0015  |
|      2833      |       1        |        0.988   |        0.049   |       11.328   |  Neg. p = 0.0008  |
|      2835      |       1        |        3.845   |        0.021   |       16.042   |  Neg. p = 0.0001  |
|      2836      |       1        |        0.501   |        0.000   |       13.947   |  Neg. p = 0.0002  |
|      2837      |       1        |        0.285   |        0.000   |        7.829   |  Neg. p = 0.0051  |
|      2838      |       1        |        1.488   |        0.000   |       24.682   |  Neg. p = 0.0000  |
|      2839      |       1        |        0.413   |        0.000   |        9.249   |  Neg. p = 0.0024  |
|      2841      |       1        |        0.348   |        0.000   |        8.219   |  Neg. p = 0.0041  |
|      2842      |       1        |        1.259   |        0.105   |        7.838   |  Neg. p = 0.0051  |
|      2843      |       1        |        3.069   |        0.176   |        9.335   |  Neg. p = 0.0022  |
|      2846      |       1        |        0.351   |        0.000   |       10.125   |  Neg. p = 0.0015  |
|      2847      |       1        |        2.107   |        0.171   |       10.688   |  Neg. p = 0.0011  |
|      2848      |       1        |        1.251   |        0.144   |        6.347   |  Neg. p = 0.0118  |
|      2849      |       1        |       70.545   |        0.000   |       14.588   |  Neg. p = 0.0001  |
|      2850      |       1        |        1.767   |        0.075   |       15.060   |  Neg. p = 0.0001  |
|      2851      |       1        |        2.223   |        0.226   |        8.197   |  Neg. p = 0.0042  |
|      2852      |       1        |        0.462   |        0.056   |        5.457   |  Neg. p = 0.0195  |
|      2853      |       1        |        0.819   |        0.146   |        5.252   |  Neg. p = 0.0219  |
|      2856      |       1        |        2.847   |        0.025   |       17.624   |  Neg. p = 0.0000  |
|      2857      |       1        |        2.432   |        0.223   |        7.304   |  Neg. p = 0.0069  |
|      2860      |       1        |        6.888   |        0.175   |       17.891   |  Neg. p = 0.0000  |
|      2862      |       1        |        0.893   |        0.000   |       11.363   |  Neg. p = 0.0007  |
|      2865      |       1        |        0.383   |        0.048   |        4.298   |  Neg. p = 0.0382  |
|      2866      |       1        |        0.824   |        0.053   |       10.442   |  Neg. p = 0.0012  |
|      2868      |       1        |       35.230   |        0.000   |       16.695   |  Neg. p = 0.0000  |
|      2869      |       1        |        0.718   |        0.074   |        5.046   |  Neg. p = 0.0247  |
|      2871      |       1        |        6.807   |        0.299   |        9.343   |  Neg. p = 0.0022  |
|      2872      |       1        |        2.484   |        0.079   |       16.251   |  Neg. p = 0.0001  |
|      2873      |       1        |        0.733   |        0.129   |        4.694   |  Neg. p = 0.0303  |
|      2875      |       1        |        1.037   |        0.051   |       16.045   |  Neg. p = 0.0001  |
|      2876      |       1        |        2.430   |        0.293   |        7.205   |  Neg. p = 0.0073  |
|      2877      |       1        |       33.478   |        0.118   |        9.917   |  Neg. p = 0.0016  |
|      2878      |       1        |        0.556   |        0.076   |        5.370   |  Neg. p = 0.0205  |
|      2879      |       1        |        1.715   |        0.148   |        9.529   |  Neg. p = 0.0020  |
|      2880      |       1        |        0.756   |        0.030   |       11.576   |  Neg. p = 0.0007  |
|      2881      |       1        |        0.369   |        0.024   |        4.598   |  Neg. p = 0.0320  |
|      2882      |       1        |        1.120   |        0.000   |       20.501   |  Neg. p = 0.0000  |
|      2883      |       1        |        0.374   |        0.000   |        4.957   |  Neg. p = 0.0260  |
|      2885      |       1        |      190.335   |        0.000   |       30.655   |  Neg. p = 0.0000  |
|      2886      |       1        |        6.938   |        0.145   |       13.262   |  Neg. p = 0.0003  |
|      2887      |       1        |      244.020   |        0.026   |       12.548   |  Neg. p = 0.0004  |
|      2888      |       1        |        0.494   |        0.026   |        8.522   |  Neg. p = 0.0035  |
|      2889      |       1        |     8908.701   |        0.077   |       11.417   |  Neg. p = 0.0007  |
|      2890      |       1        |        1.012   |        0.152   |        4.841   |  Neg. p = 0.0278  |
|      2891      |       1        |        1.979   |        0.000   |       26.089   |  Neg. p = 0.0000  |
|      2893      |       1        |        1.168   |        0.027   |       16.632   |  Neg. p = 0.0000  |
|      2894      |       1        |        0.717   |        0.054   |        6.134   |  Neg. p = 0.0133  |
|      2895      |       1        |        1.746   |        0.020   |       23.697   |  Neg. p = 0.0000  |
|      2896      |       1        |        0.882   |        0.000   |       18.069   |  Neg. p = 0.0000  |
|      2897      |       1        |        1.670   |        0.080   |        9.936   |  Neg. p = 0.0016  |
|      2898      |       1        |        0.808   |        0.076   |        9.850   |  Neg. p = 0.0017  |
|      2899      |       1        |        0.678   |        0.000   |       14.732   |  Neg. p = 0.0001  |
|      2900      |       1        |      190.335   |        0.000   |       12.488   |  Neg. p = 0.0004  |
|      2901      |       1        |        0.914   |        0.054   |       11.162   |  Neg. p = 0.0008  |
|      2902      |       1        |        0.391   |        0.000   |       12.408   |  Neg. p = 0.0004  |
|      2903      |       1        |        1.117   |        0.025   |        6.572   |  Neg. p = 0.0104  |
|      2904      |       1        |       89.243   |        0.020   |       23.666   |  Neg. p = 0.0000  |
|      2905      |       1        |        0.525   |        0.025   |        7.012   |  Neg. p = 0.0081  |
|      2906      |       1        |        0.526   |        0.000   |       13.333   |  Neg. p = 0.0003  |
|      2908      |       1        |        1.221   |        0.000   |       15.018   |  Neg. p = 0.0001  |
|      2909      |       1        |        0.302   |        0.000   |        8.861   |  Neg. p = 0.0029  |
|      2910      |       1        |      190.335   |        0.000   |       20.002   |  Neg. p = 0.0000  |
|      2912      |       1        |        0.235   |        0.000   |        6.546   |  Neg. p = 0.0105  |
|      2913      |       1        |        0.365   |        0.000   |        8.678   |  Neg. p = 0.0032  |
|      2914      |       1        |      190.335   |        0.000   |       28.464   |  Neg. p = 0.0000  |
|      2916      |       1        |      190.335   |        0.000   |       23.515   |  Neg. p = 0.0000  |
|      2917      |       1        |        1.043   |        0.097   |        6.779   |  Neg. p = 0.0092  |
|      2919      |       1        |      190.335   |        0.000   |       23.742   |  Neg. p = 0.0000  |
|      2920      |       1        |        0.509   |        0.106   |        3.648   |  Neg. p = 0.0561  |
|      2921      |       1        |      115.378   |        0.000   |       11.559   |  Neg. p = 0.0007  |
|      2922      |       1        |      244.020   |        0.026   |       28.063   |  Neg. p = 0.0000  |
|      2923      |       1        |        4.917   |        0.000   |       38.406   |  Neg. p = 0.0000  |
|      2924      |       1        |        1.271   |        0.115   |        9.459   |  Neg. p = 0.0021  |
|      2925      |       1        |        5.891   |        0.197   |       13.772   |  Neg. p = 0.0002  |
|      2926      |       1        |       70.545   |        0.000   |       14.987   |  Neg. p = 0.0001  |
|      2927      |       1        |        0.773   |        0.000   |       16.194   |  Neg. p = 0.0001  |
|      2928      |       1        |        3.964   |        0.081   |       14.882   |  Neg. p = 0.0001  |
|      2929      |       1        |        1.243   |        0.024   |       21.491   |  Neg. p = 0.0000  |
|      2930      |       1        |        0.739   |        0.000   |       18.801   |  Neg. p = 0.0000  |
|      2931      |       1        |        0.925   |        0.128   |        3.046   |  Neg. p = 0.0809  |
|      2932      |       1        |        0.695   |        0.023   |        8.395   |  Neg. p = 0.0038  |
|      2933      |       1        |        0.735   |        0.000   |       12.228   |  Neg. p = 0.0005  |
|      2934      |       1        |        0.717   |        0.108   |        7.314   |  Neg. p = 0.0068  |
|      2935      |       1        |        0.957   |        0.025   |       13.654   |  Neg. p = 0.0002  |
|      2936      |       1        |        0.803   |        0.000   |       23.535   |  Neg. p = 0.0000  |
|      2937      |       1        |       35.230   |        0.000   |       25.383   |  Neg. p = 0.0000  |
|      2938      |       1        |      115.378   |        0.000   |       18.487   |  Neg. p = 0.0000  |
|      2939      |       1        |        0.474   |        0.042   |        5.713   |  Neg. p = 0.0168  |
|      2940      |       1        |        3.823   |        0.025   |       26.056   |  Neg. p = 0.0000  |
|      2941      |       1        |       35.230   |        0.000   |       18.702   |  Neg. p = 0.0000  |
|      2942      |       1        |        0.807   |        0.000   |       15.059   |  Neg. p = 0.0001  |
|      2943      |       1        |      190.335   |        0.000   |       14.017   |  Neg. p = 0.0002  |
|      2944      |       1        |       14.954   |        0.000   |       23.171   |  Neg. p = 0.0000  |
|      2945      |       1        |        0.992   |        0.000   |       15.202   |  Neg. p = 0.0001  |
|      2946      |       1        |        0.835   |        0.000   |       11.667   |  Neg. p = 0.0006  |
|      2947      |       1        |        0.664   |        0.000   |       20.661   |  Neg. p = 0.0000  |
|      2948      |       1        |        1.110   |        0.000   |       19.734   |  Neg. p = 0.0000  |
|      2949      |       1        |        0.422   |        0.000   |       15.880   |  Neg. p = 0.0001  |
|      2950      |       1        |        0.847   |        0.000   |       13.151   |  Neg. p = 0.0003  |
|      2951      |       1        |        0.519   |        0.000   |       11.893   |  Neg. p = 0.0006  |
|      2952      |       1        |        1.420   |        0.000   |       12.572   |  Neg. p = 0.0004  |
|      2953      |       1        |        0.933   |        0.000   |       20.622   |  Neg. p = 0.0000  |
|      2954      |       1        |      190.335   |        0.000   |       30.012   |  Neg. p = 0.0000  |
|      2955      |       1        |        1.841   |        0.078   |       15.779   |  Neg. p = 0.0001  |
|      2956      |       1        |        1.661   |        0.000   |       25.017   |  Neg. p = 0.0000  |
|      2957      |       1        |        0.894   |        0.000   |       20.310   |  Neg. p = 0.0000  |
|      2958      |       1        |        1.709   |        0.064   |       18.806   |  Neg. p = 0.0000  |
|      2959      |       1        |        1.692   |        0.000   |       11.755   |  Neg. p = 0.0006  |
|      2960      |       1        |        2.878   |        0.000   |       16.286   |  Neg. p = 0.0001  |
|      2961      |       1        |       46.105   |        0.142   |       13.481   |  Neg. p = 0.0002  |
|      2962      |       1        |        1.505   |        0.061   |       15.774   |  Neg. p = 0.0001  |
|      2963      |       1        |        0.254   |        0.031   |        2.718   |  Neg. p = 0.0992  |
|      2965      |       1        |        3.113   |        0.019   |       25.403   |  Neg. p = 0.0000  |
|      2966      |       1        |        1.067   |        0.000   |       24.801   |  Neg. p = 0.0000  |
|      2967      |       1        |        1.234   |        0.000   |       14.535   |  Neg. p = 0.0001  |
|      2968      |       1        |        2.384   |        0.000   |       27.891   |  Neg. p = 0.0000  |
|      2969      |       1        |        0.678   |        0.000   |       16.449   |  Neg. p = 0.0000  |
|      2970      |       1        |        0.235   |        0.000   |        9.143   |  Neg. p = 0.0025  |
|      2971      |       1        |        2.046   |        0.071   |       14.266   |  Neg. p = 0.0002  |
|      2972      |       1        |        2.143   |        0.000   |       21.285   |  Neg. p = 0.0000  |
|      2973      |       1        |        0.423   |        0.000   |       11.806   |  Neg. p = 0.0006  |
|      2974      |       1        |        0.624   |        0.049   |        5.527   |  Neg. p = 0.0187  |
|      2975      |       1        |        0.552   |        0.000   |       11.404   |  Neg. p = 0.0007  |
|      2976      |       1        |        0.685   |        0.000   |       15.302   |  Neg. p = 0.0001  |
|      2977      |       1        |        1.512   |        0.000   |       18.848   |  Neg. p = 0.0000  |
|      2978      |       1        |        0.759   |        0.000   |       18.751   |  Neg. p = 0.0000  |
|      2979      |       1        |        0.974   |        0.023   |       11.312   |  Neg. p = 0.0008  |
|      2980      |       1        |        1.136   |        0.000   |       20.727   |  Neg. p = 0.0000  |
|      2981      |       1        |       50.913   |        0.000   |       44.474   |  Neg. p = 0.0000  |
|      2982      |       1        |        4.890   |        0.024   |       32.565   |  Neg. p = 0.0000  |
|      2983      |       1        |        1.051   |        0.000   |       22.441   |  Neg. p = 0.0000  |
|      2984      |       1        |        1.329   |        0.025   |       16.719   |  Neg. p = 0.0000  |
|      2985      |       1        |        1.524   |        0.075   |       10.781   |  Neg. p = 0.0010  |
|      2986      |       1        |        0.802   |        0.138   |        6.028   |  Neg. p = 0.0141  |
|      2987      |       1        |        0.854   |        0.097   |        8.227   |  Neg. p = 0.0041  |
|      2989      |       1        |        0.457   |        0.043   |        5.626   |  Neg. p = 0.0177  |
|      2990      |       1        |      190.335   |        0.000   |        9.786   |  Neg. p = 0.0018  |
|      2991      |       1        |      842.460   |        0.027   |       19.936   |  Neg. p = 0.0000  |
|      2992      |       1        |        0.933   |        0.199   |        3.178   |  Neg. p = 0.0747  |
|      2994      |       1        |      154.310   |        0.046   |       14.168   |  Neg. p = 0.0002  |
|      2996      |       1        |        0.382   |        0.021   |        4.928   |  Neg. p = 0.0264  |
|      2997      |       1        |        0.809   |        0.083   |        6.636   |  Neg. p = 0.0100  |
|      2998      |       1        |       39.179   |        0.000   |       18.772   |  Neg. p = 0.0000  |
|      2999      |       1        |      185.721   |        0.089   |        7.028   |  Neg. p = 0.0080  |
|      3000      |       1        |        1.162   |        0.139   |       10.098   |  Neg. p = 0.0015  |
|      3002      |       1        |        1.181   |        0.031   |       13.179   |  Neg. p = 0.0003  |
|      3004      |       1        |        2.102   |        0.205   |        5.568   |  Neg. p = 0.0183  |
|      3006      |       1        |        1.311   |        0.027   |       19.294   |  Neg. p = 0.0000  |
|      3007      |       1        |        2.236   |        0.000   |       28.137   |  Neg. p = 0.0000  |
|      3009      |       1        |        2.380   |        0.000   |       25.892   |  Neg. p = 0.0000  |
|      3010      |       1        |        0.639   |        0.075   |        5.798   |  Neg. p = 0.0160  |
|      3011      |       1        |        1.210   |        0.159   |        6.503   |  Neg. p = 0.0108  |
|      3013      |       1        |        1.327   |        0.000   |       29.318   |  Neg. p = 0.0000  |
|      3014      |       1        |        0.625   |        0.000   |       15.482   |  Neg. p = 0.0001  |
|      3015      |       1        |        1.859   |        0.100   |       16.915   |  Neg. p = 0.0000  |
|      3016      |       1        |        1.829   |        0.000   |       23.784   |  Neg. p = 0.0000  |
|      3018      |       1        |        1.581   |        0.000   |       25.033   |  Neg. p = 0.0000  |
|      3019      |       1        |        1.510   |        0.000   |       28.732   |  Neg. p = 0.0000  |
|      3021      |       1        |        3.701   |        0.026   |       21.576   |  Neg. p = 0.0000  |
|      3022      |       1        |        2.646   |        0.028   |       23.902   |  Neg. p = 0.0000  |
|      3023      |       1        |        0.913   |        0.000   |       22.956   |  Neg. p = 0.0000  |
|      3024      |       1        |      115.378   |        0.000   |       12.848   |  Neg. p = 0.0003  |
|      3025      |       1        |        0.653   |        0.000   |       17.391   |  Neg. p = 0.0000  |
|      3027      |       1        |        0.603   |        0.000   |       16.562   |  Neg. p = 0.0000  |
|      3028      |       1        |        0.983   |        0.000   |       23.242   |  Neg. p = 0.0000  |
|      3029      |       1        |        0.708   |        0.027   |        9.258   |  Neg. p = 0.0023  |
|      3030      |       1        |        0.604   |        0.000   |       17.739   |  Neg. p = 0.0000  |
|      3032      |       1        |      190.335   |        0.000   |       16.448   |  Neg. p = 0.0001  |
|      3033      |       1        |        0.604   |        0.000   |       16.737   |  Neg. p = 0.0000  |
|      3034      |       1        |        2.337   |        0.000   |       33.071   |  Neg. p = 0.0000  |
|      3035      |       1        |        0.864   |        0.000   |       17.562   |  Neg. p = 0.0000  |
|      3036      |       1        |      190.335   |        0.000   |       41.140   |  Neg. p = 0.0000  |
|      3037      |       1        |        0.523   |        0.000   |       13.875   |  Neg. p = 0.0002  |
|      3038      |       1        |        0.442   |        0.000   |       10.324   |  Neg. p = 0.0013  |
|      3039      |       1        |        0.705   |        0.000   |       17.803   |  Neg. p = 0.0000  |
|      3040      |       1        |        0.170   |        0.000   |        4.662   |  Neg. p = 0.0308  |
|      3041      |       1        |        0.425   |        0.000   |       11.823   |  Neg. p = 0.0006  |
|      3042      |       1        |      190.335   |        0.000   |       23.298   |  Neg. p = 0.0000  |
|      3043      |       1        |        0.410   |        0.000   |       10.123   |  Neg. p = 0.0015  |
|      3044      |       1        |        0.975   |        0.000   |       18.051   |  Neg. p = 0.0000  |
|      3045      |       1        |        1.429   |        0.000   |       26.500   |  Neg. p = 0.0000  |
|      3046      |       1        |        1.062   |        0.000   |       11.752   |  Neg. p = 0.0006  |
|      3047      |       1        |        0.863   |        0.000   |       21.791   |  Neg. p = 0.0000  |
|      3048      |       1        |        0.720   |        0.000   |       15.956   |  Neg. p = 0.0001  |
|      3049      |       1        |        0.411   |        0.000   |       11.353   |  Neg. p = 0.0008  |
|      3050      |       1        |        1.447   |        0.000   |       22.797   |  Neg. p = 0.0000  |
|      3051      |       1        |        0.714   |        0.109   |        5.472   |  Neg. p = 0.0193  |
|      3052      |       1        |        0.145   |        0.000   |        3.733   |  Neg. p = 0.0533  |
|      3053      |       1        |        0.983   |        0.000   |       17.653   |  Neg. p = 0.0000  |
|      3054      |       1        |        0.427   |        0.040   |        5.701   |  Neg. p = 0.0170  |
|      3056      |       1        |        0.728   |        0.000   |       16.927   |  Neg. p = 0.0000  |
|      3057      |       1        |       73.414   |        0.000   |       26.629   |  Neg. p = 0.0000  |
|      3059      |       1        |        6.859   |        0.027   |       36.923   |  Neg. p = 0.0000  |
|      3060      |       1        |        2.639   |        0.038   |       14.829   |  Neg. p = 0.0001  |
|      3061      |       1        |        1.580   |        0.265   |        3.624   |  Neg. p = 0.0570  |
|      3062      |       1        |       32.094   |        0.090   |       11.592   |  Neg. p = 0.0007  |
|      3063      |       1        |        1.907   |        0.124   |       10.381   |  Neg. p = 0.0013  |
|      3064      |       1        |        0.546   |        0.043   |        6.414   |  Neg. p = 0.0113  |
|      3067      |       1        |        7.351   |        0.237   |        7.564   |  Neg. p = 0.0060  |
|      3068      |       1        |        1.695   |        0.073   |        9.466   |  Neg. p = 0.0021  |
|      3069      |       1        |        0.795   |        0.049   |       10.399   |  Neg. p = 0.0013  |
|      3071      |       1        |        1.738   |        0.076   |       13.901   |  Neg. p = 0.0002  |
|      3072      |       1        |        0.350   |        0.000   |        9.009   |  Neg. p = 0.0027  |
|      3073      |       1        |        0.746   |        0.000   |       13.581   |  Neg. p = 0.0002  |
|      3074      |       1        |        0.882   |        0.000   |       16.812   |  Neg. p = 0.0000  |
|      3075      |       1        |        1.553   |        0.000   |       25.894   |  Neg. p = 0.0000  |
|      3076      |       1        |        0.690   |        0.000   |       22.717   |  Neg. p = 0.0000  |
|      3077      |       1        |    10000.000   |        0.050   |       22.097   |  Neg. p = 0.0000  |
|      3078      |       1        |        0.964   |        0.000   |       17.815   |  Neg. p = 0.0000  |
|      3079      |       1        |      190.335   |        0.000   |       37.495   |  Neg. p = 0.0000  |
|      3080      |       1        |        0.653   |        0.000   |       13.852   |  Neg. p = 0.0002  |
|      3081      |       1        |        1.176   |        0.000   |       17.525   |  Neg. p = 0.0000  |
|      3082      |       1        |        0.494   |        0.026   |        6.767   |  Neg. p = 0.0093  |
|      3083      |       1        |        0.711   |        0.000   |       17.794   |  Neg. p = 0.0000  |
|      3084      |       1        |        0.951   |        0.164   |        4.963   |  Neg. p = 0.0259  |
|      3085      |       1        |      132.015   |        0.000   |       22.353   |  Neg. p = 0.0000  |
|      3086      |       1        |        1.006   |        0.000   |       23.638   |  Neg. p = 0.0000  |
|      3087      |       1        |        0.645   |        0.031   |       11.539   |  Neg. p = 0.0007  |
|      3088      |       1        |        0.628   |        0.024   |        9.934   |  Neg. p = 0.0016  |
|      3089      |       1        |       35.230   |        0.000   |        9.341   |  Neg. p = 0.0022  |
|      3090      |       1        |        1.819   |        0.000   |       27.699   |  Neg. p = 0.0000  |
|      3091      |       1        |      190.335   |        0.000   |       28.835   |  Neg. p = 0.0000  |
|      3092      |       1        |        0.918   |        0.000   |       16.352   |  Neg. p = 0.0001  |
|      3093      |       1        |        0.956   |        0.000   |       10.892   |  Neg. p = 0.0010  |
|      3095      |       1        |        0.630   |        0.023   |        7.894   |  Neg. p = 0.0050  |
|      3096      |       1        |        2.054   |        0.108   |       11.673   |  Neg. p = 0.0006  |
|      3097      |       1        |        1.317   |        0.000   |       30.351   |  Neg. p = 0.0000  |
|      3098      |       1        |        0.347   |        0.000   |        7.807   |  Neg. p = 0.0052  |
|      3099      |       1        |        1.654   |        0.000   |       28.773   |  Neg. p = 0.0000  |
|      3100      |       1        |        0.559   |        0.000   |       14.293   |  Neg. p = 0.0002  |
|      3101      |       1        |        2.380   |        0.000   |       29.074   |  Neg. p = 0.0000  |
|      3102      |       1        |       37.045   |        0.000   |       23.272   |  Neg. p = 0.0000  |
|      3104      |       1        |        0.339   |        0.000   |        8.445   |  Neg. p = 0.0037  |
|      3105      |       1        |        1.413   |        0.000   |       24.296   |  Neg. p = 0.0000  |
|      3106      |       1        |        1.647   |        0.000   |       24.412   |  Neg. p = 0.0000  |
|      3107      |       1        |      190.335   |        0.000   |       13.574   |  Neg. p = 0.0002  |
|      3108      |       1        |        1.379   |        0.101   |        7.564   |  Neg. p = 0.0060  |
|      3109      |       1        |        1.416   |        0.024   |       20.307   |  Neg. p = 0.0000  |
|      3110      |       1        |        1.233   |        0.000   |       25.969   |  Neg. p = 0.0000  |
|      3111      |       1        |        4.935   |        0.053   |       20.404   |  Neg. p = 0.0000  |
|      3112      |       1        |        1.114   |        0.000   |       26.778   |  Neg. p = 0.0000  |
|      3113      |       1        |        2.107   |        0.092   |       12.559   |  Neg. p = 0.0004  |
|      3115      |       1        |        0.356   |        0.000   |        8.869   |  Neg. p = 0.0029  |
|      3116      |       1        |        1.102   |        0.000   |       21.475   |  Neg. p = 0.0000  |
|      3117      |       1        |        1.079   |        0.025   |       11.133   |  Neg. p = 0.0008  |
|      3118      |       1        |        1.811   |        0.000   |       29.006   |  Neg. p = 0.0000  |
|      3119      |       1        |        0.691   |        0.000   |       12.621   |  Neg. p = 0.0004  |
|      3120      |       1        |        1.208   |        0.000   |       22.723   |  Neg. p = 0.0000  |
|      3121      |       1        |      115.378   |        0.000   |       17.593   |  Neg. p = 0.0000  |
|      3122      |       1        |        0.673   |        0.000   |       16.878   |  Neg. p = 0.0000  |
|      3123      |       1        |       35.230   |        0.000   |       23.974   |  Neg. p = 0.0000  |
|      3124      |       1        |        1.129   |        0.000   |       21.969   |  Neg. p = 0.0000  |
|      3125      |       1        |       14.954   |        0.000   |       13.502   |  Neg. p = 0.0002  |
|      3126      |       1        |      190.335   |        0.000   |       17.437   |  Neg. p = 0.0000  |
|      3127      |       1        |        0.497   |        0.000   |        5.726   |  Neg. p = 0.0167  |
|      3128      |       1        |        0.377   |        0.000   |       14.385   |  Neg. p = 0.0001  |
|      3129      |       1        |      283.045   |        0.023   |       22.122   |  Neg. p = 0.0000  |
|      3130      |       1        |        1.882   |        0.000   |       20.432   |  Neg. p = 0.0000  |
|      3131      |       1        |      102.155   |        0.000   |       30.357   |  Neg. p = 0.0000  |
|      3132      |       1        |        1.222   |        0.087   |        3.837   |  Neg. p = 0.0501  |
|      3133      |       1        |        0.933   |        0.000   |       20.403   |  Neg. p = 0.0000  |
|      3134      |       1        |        0.685   |        0.000   |       17.595   |  Neg. p = 0.0000  |
|      3135      |       1        |        1.136   |        0.000   |       18.380   |  Neg. p = 0.0000  |
|      3136      |       1        |        0.779   |        0.000   |       20.229   |  Neg. p = 0.0000  |
|      3137      |       1        |        0.960   |        0.000   |       20.268   |  Neg. p = 0.0000  |
|      3138      |       1        |      190.335   |        0.000   |       31.099   |  Neg. p = 0.0000  |
|      3139      |       1        |        1.290   |        0.000   |       21.536   |  Neg. p = 0.0000  |
|      3141      |       1        |        0.578   |        0.000   |       13.388   |  Neg. p = 0.0003  |
|      3142      |       1        |    10000.000   |        0.046   |       23.450   |  Neg. p = 0.0000  |
|      3143      |       1        |        0.985   |        0.060   |       11.477   |  Neg. p = 0.0007  |
|      3144      |       1        |      190.335   |        0.000   |       31.036   |  Neg. p = 0.0000  |
|      3146      |       1        |        1.019   |        0.000   |       18.212   |  Neg. p = 0.0000  |
|      3147      |       1        |      190.335   |        0.000   |       28.956   |  Neg. p = 0.0000  |
|      3150      |       1        |        0.710   |        0.000   |        5.883   |  Neg. p = 0.0153  |
|      3151      |       1        |        0.542   |        0.000   |        9.015   |  Neg. p = 0.0027  |
|      3152      |       1        |        3.040   |        0.059   |       22.208   |  Neg. p = 0.0000  |
|      3153      |       1        |        0.513   |        0.084   |        4.248   |  Neg. p = 0.0393  |
|      3155      |       1        |        0.725   |        0.087   |        3.635   |  Neg. p = 0.0566  |
|      3157      |       1        |        2.335   |        0.149   |        8.062   |  Neg. p = 0.0045  |
|      3158      |       1        |        1.233   |        0.000   |       19.732   |  Neg. p = 0.0000  |
|      3159      |       1        |        0.442   |        0.052   |        4.402   |  Neg. p = 0.0359  |
|      3160      |       1        |        0.894   |        0.000   |       21.557   |  Neg. p = 0.0000  |
|      3161      |       1        |        0.414   |        0.051   |        4.172   |  Neg. p = 0.0411  |
|      3162      |       1        |        1.259   |        0.026   |       18.334   |  Neg. p = 0.0000  |
|      3164      |       1        |        2.485   |        0.000   |       29.544   |  Neg. p = 0.0000  |
|      3165      |       1        |        0.803   |        0.139   |        5.049   |  Neg. p = 0.0246  |
|      3166      |       1        |        2.708   |        0.078   |        9.138   |  Neg. p = 0.0025  |
|      3167      |       1        |        1.770   |        0.030   |       15.429   |  Neg. p = 0.0001  |
|      3168      |       1        |        0.710   |        0.024   |        7.931   |  Neg. p = 0.0049  |
|      3169      |       1        |        0.907   |        0.037   |       11.874   |  Neg. p = 0.0006  |
|      3170      |       1        |        0.749   |        0.000   |       16.734   |  Neg. p = 0.0000  |
|      3171      |       1        |        2.624   |        0.000   |       31.246   |  Neg. p = 0.0000  |
|      3173      |       1        |        0.413   |        0.000   |        8.247   |  Neg. p = 0.0041  |
|      3174      |       1        |        2.212   |        0.049   |       15.751   |  Neg. p = 0.0001  |
|      3175      |       1        |        1.786   |        0.000   |       31.301   |  Neg. p = 0.0000  |
|      3176      |       1        |        0.511   |        0.000   |       11.308   |  Neg. p = 0.0008  |
|      3177      |       1        |        1.268   |        0.000   |       20.299   |  Neg. p = 0.0000  |
|      3179      |       1        |        1.329   |        0.000   |       22.620   |  Neg. p = 0.0000  |
|      3180      |       1        |        0.963   |        0.000   |       16.307   |  Neg. p = 0.0001  |
|      3181      |       1        |      115.378   |        0.000   |       16.890   |  Neg. p = 0.0000  |
|      3182      |       1        |        0.169   |        0.000   |        5.885   |  Neg. p = 0.0153  |
|      3184      |       1        |        1.102   |        0.000   |       19.443   |  Neg. p = 0.0000  |
|      3185      |       1        |        2.199   |        0.128   |       11.758   |  Neg. p = 0.0006  |
|      3186      |       1        |       50.586   |        0.000   |       33.284   |  Neg. p = 0.0000  |
|      3187      |       1        |        0.438   |        0.000   |       11.249   |  Neg. p = 0.0008  |
|      3189      |       1        |        0.996   |        0.079   |       10.147   |  Neg. p = 0.0014  |
|      3190      |       1        |        0.580   |        0.114   |        3.503   |  Neg. p = 0.0613  |
|      3191      |       1        |        0.340   |        0.044   |        3.157   |  Neg. p = 0.0756  |
|      3192      |       1        |        0.403   |        0.076   |        5.270   |  Neg. p = 0.0217  |
|      3193      |       1        |        0.732   |        0.027   |       13.981   |  Neg. p = 0.0002  |
|      3194      |       1        |        0.652   |        0.110   |        4.994   |  Neg. p = 0.0254  |
|      3195      |       1        |        0.324   |        0.024   |        5.620   |  Neg. p = 0.0178  |
|      3196      |       1        |        0.154   |        0.000   |        4.105   |  Neg. p = 0.0428  |
|      3199      |       1        |        0.078   |        0.000   |        3.054   |  Neg. p = 0.0805  |
|      3200      |       1        |        0.339   |        0.000   |        8.703   |  Neg. p = 0.0032  |
|      3201      |       1        |        1.060   |        0.232   |        3.882   |  Neg. p = 0.0488  |
|      3202      |       1        |        4.029   |        0.213   |       11.039   |  Neg. p = 0.0009  |
|      3203      |       1        |        0.677   |        0.023   |       14.036   |  Neg. p = 0.0002  |
|      3204      |       1        |        0.816   |        0.000   |       13.627   |  Neg. p = 0.0002  |
|      3205      |       1        |        1.653   |        0.076   |       11.470   |  Neg. p = 0.0007  |
|      3206      |       1        |        0.337   |        0.000   |       11.046   |  Neg. p = 0.0009  |
|      3207      |       1        |        0.841   |        0.000   |       18.439   |  Neg. p = 0.0000  |
|      3208      |       1        |        0.831   |        0.057   |       11.462   |  Neg. p = 0.0007  |
|      3209      |       1        |        2.379   |        0.158   |       13.544   |  Neg. p = 0.0002  |
|      3210      |       1        |        0.956   |        0.000   |       20.210   |  Neg. p = 0.0000  |
|      3211      |       1        |        0.439   |        0.068   |        6.354   |  Neg. p = 0.0117  |
|      3213      |       1        |        0.820   |        0.000   |       15.097   |  Neg. p = 0.0001  |
|      3214      |       1        |        0.932   |        0.000   |       12.958   |  Neg. p = 0.0003  |
|      3215      |       1        |        1.242   |        0.086   |       11.144   |  Neg. p = 0.0008  |
|      3216      |       1        |        0.530   |        0.000   |       12.565   |  Neg. p = 0.0004  |
|      3217      |       1        |        5.078   |        0.076   |        6.944   |  Neg. p = 0.0084  |
|      3218      |       1        |      283.045   |        0.023   |       30.321   |  Neg. p = 0.0000  |
|      3219      |       1        |        1.029   |        0.085   |        6.786   |  Neg. p = 0.0092  |
|      3220      |       1        |        1.063   |        0.111   |        7.901   |  Neg. p = 0.0049  |
|      3221      |       1        |        0.693   |        0.151   |        4.801   |  Neg. p = 0.0284  |
|      3222      |       1        |        1.695   |        0.073   |       17.965   |  Neg. p = 0.0000  |
|      3225      |       1        |        8.527   |        0.128   |        3.971   |  Neg. p = 0.0463  |
|      3226      |       1        |        1.120   |        0.000   |       26.204   |  Neg. p = 0.0000  |
|      3227      |       1        |        0.975   |        0.059   |       10.137   |  Neg. p = 0.0015  |
|      3228      |       1        |        0.713   |        0.051   |        6.693   |  Neg. p = 0.0097  |
|      3229      |       1        |        1.042   |        0.248   |        3.599   |  Neg. p = 0.0578  |
|      3230      |       1        |        0.528   |        0.151   |        2.799   |  Neg. p = 0.0943  |
|      3231      |       1        |        2.822   |        0.303   |        6.029   |  Neg. p = 0.0141  |
|      3232      |       1        |        2.626   |        0.355   |        6.671   |  Neg. p = 0.0098  |
|      3234      |       1        |        2.355   |        0.024   |       18.980   |  Neg. p = 0.0000  |
|      3235      |       1        |      190.335   |        0.000   |       29.617   |  Neg. p = 0.0000  |
|      3236      |       1        |        1.290   |        0.000   |       13.371   |  Neg. p = 0.0003  |
|      3237      |       1        |        0.532   |        0.084   |        6.113   |  Neg. p = 0.0134  |
|      3238      |       1        |        1.087   |        0.000   |       18.502   |  Neg. p = 0.0000  |
|      3239      |       1        |    10000.000   |        0.060   |        7.820   |  Neg. p = 0.0052  |
|      3240      |       1        |        0.502   |        0.000   |       12.656   |  Neg. p = 0.0004  |
|      3241      |       1        |        2.457   |        0.000   |       19.850   |  Neg. p = 0.0000  |
|      3242      |       1        |        1.434   |        0.152   |       10.759   |  Neg. p = 0.0010  |
|      3243      |       1        |        6.973   |        0.450   |        5.715   |  Neg. p = 0.0168  |
|      3244      |       1        |        0.242   |        0.000   |        5.359   |  Neg. p = 0.0206  |
|      3245      |       1        |        1.011   |        0.026   |       11.313   |  Neg. p = 0.0008  |
|      3246      |       1        |        2.112   |        0.054   |       18.853   |  Neg. p = 0.0000  |
|      3247      |       1        |        3.308   |        0.080   |       19.033   |  Neg. p = 0.0000  |
|      3248      |       1        |        0.633   |        0.021   |       10.626   |  Neg. p = 0.0011  |
|      3249      |       1        |        1.146   |        0.000   |       19.700   |  Neg. p = 0.0000  |
|      3250      |       1        |        2.489   |        0.052   |       20.509   |  Neg. p = 0.0000  |
|      3252      |       1        |        4.239   |        0.058   |       18.463   |  Neg. p = 0.0000  |
|      3253      |       1        |        1.019   |        0.080   |       12.221   |  Neg. p = 0.0005  |
|      3255      |       1        |        0.910   |        0.068   |        8.566   |  Neg. p = 0.0034  |
|      3256      |       1        |       18.650   |        0.026   |       25.136   |  Neg. p = 0.0000  |
|      3258      |       1        |        0.956   |        0.000   |       17.806   |  Neg. p = 0.0000  |
|      3259      |       1        |        1.661   |        0.170   |        7.939   |  Neg. p = 0.0048  |
|      3260      |       1        |        0.942   |        0.235   |        2.983   |  Neg. p = 0.0841  |
|      3265      |       1        |        0.807   |        0.000   |       19.190   |  Neg. p = 0.0000  |
|      3266      |       1        |        3.896   |        0.048   |       16.954   |  Neg. p = 0.0000  |
|      3267      |       1        |        1.093   |        0.000   |       20.623   |  Neg. p = 0.0000  |
|      3269      |       1        |        0.791   |        0.148   |        2.814   |  Neg. p = 0.0934  |
|      3270      |       1        |        4.939   |        0.197   |       10.030   |  Neg. p = 0.0015  |
|      3272      |       1        |        2.673   |        0.327   |        8.261   |  Neg. p = 0.0041  |
|      3273      |       1        |        0.800   |        0.137   |        4.187   |  Neg. p = 0.0407  |
|      3274      |       1        |        0.262   |        0.000   |        9.527   |  Neg. p = 0.0020  |
|      3275      |       1        |        2.849   |        0.000   |       29.919   |  Neg. p = 0.0000  |
|      3277      |       1        |        1.099   |        0.167   |        6.536   |  Neg. p = 0.0106  |
|      3278      |       1        |        1.288   |        0.024   |       19.259   |  Neg. p = 0.0000  |
|      3281      |       1        |        0.882   |        0.000   |       18.069   |  Neg. p = 0.0000  |
|      3282      |       1        |        1.370   |        0.059   |       11.746   |  Neg. p = 0.0006  |
|      3285      |       1        |        1.100   |        0.021   |       17.607   |  Neg. p = 0.0000  |
|      3286      |       1        |        1.431   |        0.120   |        6.499   |  Neg. p = 0.0108  |
|      3288      |       1        |        1.827   |        0.033   |       22.375   |  Neg. p = 0.0000  |
|      3289      |       1        |        0.802   |        0.000   |       12.404   |  Neg. p = 0.0004  |
|      3290      |       1        |        1.026   |        0.027   |       14.547   |  Neg. p = 0.0001  |
|      3292      |       1        |        4.274   |        0.114   |       18.125   |  Neg. p = 0.0000  |
|      3293      |       1        |        0.583   |        0.000   |       12.654   |  Neg. p = 0.0004  |
|      3294      |       1        |        0.469   |        0.000   |       13.059   |  Neg. p = 0.0003  |
|      3295      |       1        |        3.763   |        0.083   |       13.567   |  Neg. p = 0.0002  |
|      3296      |       1        |       21.174   |        0.110   |        3.394   |  Neg. p = 0.0654  |
|      3297      |       1        |        2.286   |        0.027   |       24.985   |  Neg. p = 0.0000  |
|      3299      |       1        |        5.551   |        0.074   |       18.673   |  Neg. p = 0.0000  |
|      3301      |       1        |        0.487   |        0.024   |        7.467   |  Neg. p = 0.0063  |
|      3302      |       1        |        2.034   |        0.000   |       25.329   |  Neg. p = 0.0000  |
|      3303      |       1        |        3.441   |        0.308   |        5.523   |  Neg. p = 0.0188  |
|      3304      |       1        |        8.042   |        0.419   |        9.220   |  Neg. p = 0.0024  |
|      3305      |       1        |        0.788   |        0.057   |       12.145   |  Neg. p = 0.0005  |
|      3309      |       1        |        1.100   |        0.035   |       14.435   |  Neg. p = 0.0001  |
|      3310      |       1        |        1.665   |        0.411   |        3.460   |  Neg. p = 0.0629  |
|      3311      |       1        |        3.046   |        0.324   |        3.511   |  Neg. p = 0.0610  |
|      3312      |       1        |        0.251   |        0.026   |        3.507   |  Neg. p = 0.0611  |
|      3314      |       1        |        3.845   |        0.122   |        5.634   |  Neg. p = 0.0176  |
|      3316      |       1        |        0.644   |        0.073   |        6.716   |  Neg. p = 0.0096  |
|      3317      |       1        |        1.339   |        0.152   |        8.837   |  Neg. p = 0.0030  |
|      3318      |       1        |        1.940   |        0.269   |        3.317   |  Neg. p = 0.0685  |
|      3319      |       1        |        0.403   |        0.000   |        9.294   |  Neg. p = 0.0023  |
|      3321      |       1        |        1.019   |        0.000   |       14.265   |  Neg. p = 0.0002  |
|      3323      |       1        |        2.057   |        0.195   |        7.523   |  Neg. p = 0.0061  |
|      3324      |       1        |       24.974   |        0.000   |       14.197   |  Neg. p = 0.0002  |
|      3326      |       1        |      291.028   |        0.020   |       17.517   |  Neg. p = 0.0000  |
|      3327      |       1        |        1.245   |        0.119   |        7.432   |  Neg. p = 0.0064  |
|      3329      |       1        |        1.628   |        0.189   |        7.961   |  Neg. p = 0.0048  |
|      3330      |       1        |        0.975   |        0.000   |       18.357   |  Neg. p = 0.0000  |

### ** Found _2_ sites under pervasive positive diversifying and _2890_ sites under negative selection at p <= 0.1**
