
Analysis Description
--------------------
aBSREL (Adaptive branch-site random effects likelihood) uses an adaptive
random effects branch-site model framework to test whether each branch
has evolved under positive selection, using a procedure which infers an
optimal number of rate categories per branch. v2.2 adds support for
multiple-hit models. v2.3 adds support for SRV. v2.5 adds support for
ancestral state reconstruction, identification of sites contributing to
selection signal, and some diagnostics. v2.6 adds tree reports and ASCII
art

- __Requirements__: in-frame codon alignment and a phylogenetic tree

- __Citation__:  Less Is More: An Adaptive Branch-Site Random Effects Model for
Efficient Detection of Episodic Diversifying Selection (2015). Mol Biol
Evol 32 (5): 1342-1353. 

- __Written by__: Sergei L Kosakovsky Pond, Ben Murrell, Steven Weaver and Temple iGEM /
UCSD viral evolution group

- __Contact Information__: spond@temple.edu

- __Analysis Version__: 2.6

[Advanced option] Bag of little bootstrap alignment resampling rate (permissible range = [0.01,1], default value = 1): blb: 1

>code => Universal
>Loaded a multiple sequence alignment with **483** sequences, **466** codons, and **1** partitions from `/Users/alex/Documents/selection-tutorial/data/21-empirical/rbcL.nex`

>branches => All

>multiple-hits => None

>srv => No


### * Selected 963 branches for testing: `DIOCA_Z97637, DILDI_AJ235796, DILDI_AF093721, DILDI_AF095734, DILDI_L01903, Node10, Node8, Node6, VITVT_AJ419726, VITVT_AJ419721, Node18, HALSF_U26325, MANGE_AJ235774, LEDGE_L14708, Node26, COMMY_U26321, COMMY_U26338, Node32, LYTMY_AY036148, LYTMY_AY905410, Node36, LYTMY_AY905408, ONAMY_L10219, LYTMY_AY905406, Node43, LYTMY_L10226, LYTMY_L10218, Node47, LYTMY_AY905413, LYTMY_AY496864, LYTMY_AY905404, Node52, Node50, Node46, Node42, Node40, LYTMY_AY905411, Node39, Node35, Node31, VOCMY_U26324, PSIMY_U26333, MYTMY_U26315, Node60, MYTMY_U26317, MYTMY_AJ235785, Node64, MYTMY_U26318, Node63, Node59, Node57, MCYMY_U26327, MCYMY_AF270752, Node70, MSTMY_AF215521, MSTMY_AF215533, MSTMY_AF215537, MSTMY_AJ235777, Node78, Node76, MSTMY_U26323, MSTMY_U26330, Node84, MSTMY_AY456135, Node83, MSTMY_U26334, MSTMY_U26339, Node88, Node82, MSTMY_AF215516, Node81, Node75, Node73, Node69, ALZMY_U26316, PENMY_U26331, OLIMY_U26329, OLIMY_AF215546, Node97, Node95, Node93, CRYMY_AY078157, CRYMY_AY078153, Node100, Node92, Node68, Node56, Node30, BIESP_AF035920, SAPSP_U38922, SAPSP_AJ403001, SAPSP_AJ403008, Node111, SAPSP_AY724341, Node110, SAPSP_AY724366, Node109, Node107, ZYGZY_DQ267165, ANASP_AY462008, ANASP_U38928, Node120, BURSP_U38856, BURSP_U39276, Node123, Node119, Node117, MELSP_DQ238061, MELSP_AJ403017, Node128, MELSP_U38859, Node127, EBEER_AJ402968, RUTSP_U38860, RUTSP_AF066819, RUTSP_AF066812, Node139, Node137, Node135, RUTSP_AF066808, RUTSP_U38862, RUTSP_AF066814, RUTSP_U38861, Node146, Node144, Node142, Node134, RUTSP_U38863, RUTSP_AF123276, Node149, Node133, SIMSP_U38927, SIMSP_U38923, SIMSP_U38924, Node154, Node152, Node132, Node126, Node116, Node106, Node104, SARMV_U26337, DCPMV_AF030238, DCPMV_AJ247623, Node161, Node159, BONMA_AJ402990, THYMV_U26322, THYMV_AJ297230, Node167, Node165, MLVMV_AY328183, MLVMV_AY328175, MLVMV_AY328176, Node175, Node173, MLVMV_AY328190, MLVMV_AY328194, Node178, Node172, MLVMV_AY328174, Node171, MLVMV_AJ233145, Node170, Node164, Node158, SVDBR_X69755, GYRBR_L22439, BRABR_AY483263, BRABR_AJ235809, Node188, Node186, Node184, PETMV_AJ233158, Node183, Node157, Node103, Node29, Node25, GEICS_X83990, ZYGZY_AJ133855, ZYGZY_Y15019, ZYGZY_AF200471, ZYGZY_AY935748, Node199, Node197, Node195, VIOMA_L11674, VIOMA_Z75693, Node209, PFLMA_L01940, PFLMA_AF206802, TURMA_Z75691, Node214, Node212, Node208, ACHMA_AJ418802, ACHMA_AJ418803, Node218, ACHMA_AJ418799, ACHMA_AJ235781, Node221, Node217, Node207, SALMA_AF206726, SALMA_AJ418824, SALMA_AJ418839, Node226, Node224, Node206, BALMA_AF089760, IXOMA_Z75680, ERYMA_AJ402976, RHIMA_AF127695, RHIMA_AF206744, Node237, RHIMA_U26335, Node236, Node234, Node232, Node230, PHAMA_AY663605, PHAMA_AY663597, Node242, PODMA_U68083, PODMA_D89475, Node250, PODMA_U68089, Node249, HYPMA_AF518396, HYPMA_AF518382, Node255, HYPMA_AF206779, HYPMA_AF518395, Node258, Node254, Node248, CLUMA_AF518397, CLUMA_AF518388, Node264, CLUMA_AF518392, Node263, CLUMA_AF518386, CLUMA_AF518381, Node269, CLUMA_AF518390, CLUMA_AF518383, Node272, Node268, Node262, CLUMA_AY625029, CLUMA_AY625025, Node276, CLUMA_AF518393, CLUMA_AY625008, Node280, CLUMA_AY625011, CLUMA_AY625015, Node283, Node279, Node275, Node261, Node247, ELTMA_AJ402927, EUPMA_AY794909, EUPMA_AJ418806, Node289, EUPMA_AY794821, EUPMA_AY794831, Node292, Node288, Node286, Node246, MALMA_AF344511, MALMA_AF344470, MALMA_AF344507, Node302, MALMA_AF344467, Node301, MALMA_AF344483, MALMA_AF344519, Node306, Node300, MALMA_AF344474, Node299, Node297, PDSSF_AJ403018, Node296, IRVMA_AF123278, LOPMA_AY663643, Node311, Node295, Node245, Node241, Node229, Node205, LBOCE_AJ402966, CELCE_AY935727, PARCE_AY935732, CELCE_AJ235795, CELCE_AJ402994, Node321, CELCE_X69754, CELCE_X83996, Node324, Node320, Node318, Node316, Node314, Node204, ELCOX_AF206765, CUNOX_AY549641, CUNOX_AF291930, Node331, CUNOX_AF206759, Node330, Node328, CONOX_L29493, OXAOX_L01938, Node335, Node327, Node203, POLFB_L29492, POLFB_AJ235799, Node340, CAEFB_AY904379, CAEFB_AY904398, CAEFB_AY904416, CAEFB_AY904417, CAEFB_AY904420, Node353, Node351, CAEFB_AY904406, CAEFB_AY904402, Node356, Node350, Node348, CAEFB_AY904395, CAEFB_AY904376, Node359, Node347, Node345, CAEFB_AY904377, CAEFB_AY308532, Node362, Node344, PAPFB_U74258, PAPFB_Z95536, PAPFB_AB045801, PAPFB_U74197, Node369, Node367, Node365, Node343, Node339, ROSRO_AF132893, ROSRO_AY052506, ROSRO_AY052518, ROSRO_AY052513, ROSRO_AF329002, Node382, Node380, ROSRO_AF411503, Node379, ROSRO_AF411494, ROSRO_AF411490, ROSRO_AF411496, Node388, Node386, Node378, Node376, Node374, CANRO_AJ402933, MORRO_AF500345, MORRO_AF500348, MORRO_AF500349, Node398, Node396, Node394, URTRO_AY208707, URTRO_AY208704, Node402, URTRO_AY208700, Node401, Node393, ULMRO_AF500338, Node392, DIRRO_AJ225789, BARRO_AJ225788, Node409, RHARO_AJ225785, RHARO_AJ390030, RHARO_AJ390028, Node415, Node413, RHARO_AJ390038, RHARO_AJ390035, Node418, Node412, Node408, ELARO_U59821, RHARO_AJ390052, RHARO_U59819, Node423, Node421, Node407, Node391, Node373, NOTFA_L13348, JUGFA_AJ235790, CANRO_L12638, FAGFA_AY147096, Node431, Node429, Node427, ANICU_AY935742, CUCCU_AY862550, CUCCU_AF008958, CUCCU_AJ235782, Node439, Node437, Node435, BEGCU_AF534722, BEGCU_AF534740, Node443, COCCU_U06840, Node442, Node434, Node426, Node372, Node338, Node202, Node194, Node192, Node24, HCHGE_L14699, GERGE_L14703, GERGE_L14697, GERGE_L14693, GERGE_U77901, GERGE_U77902, GERGE_U77903, Node458, Node456, Node454, Node452, Node450, Node448, CSOCS_AY101845, Node447, Node23, Node21, Node17, SAXSF_AF374730, HAMSF_AM183407, HAMSF_AF060709, Node466, Node464, HAMSF_AF060708, Node463, HAMSF_AJ131772, Node462, Node16, PLAPR_L01943, DDYBX_AF061994, BUXBX_AF093733, BUXBX_AF203485, Node477, Node475, SABSB_AF206793, CAARA_AF093720, KGDRA_AF093719, Node488, LARRA_L37916, LARRA_L37921, Node492, LARRA_AF093731, Node491, Node487, RANRA_L75849, RANRA_AF093730, RANRA_AF079453, Node500, Node498, BERRA_L75871, BERRA_AF190442, BERRA_L37920, BERRA_L75843, Node509, Node507, BERRA_L75867, Node506, BERRA_L75868, BERRA_L75869, BERRA_AF079454, BERRA_AF093716, Node517, Node515, Node513, Node505, Node503, Node497, MSPRA_AF093726, MSPRA_L37923, Node520, Node496, Node486, EPTRA_AY048174, Node485, PPVRA_U86624, PPVRA_U86632, Node525, FUMRA_U86628, PTPRA_U86631, Node528, Node524, Node484, PROPR_U79178, PROPR_U79165, PROPR_U79166, PROPR_DQ099446, PROPR_U79173, Node538, PROPR_U79164, PROPR_U79174, PROPR_U79171, Node543, Node541, Node537, Node535, Node533, Node531, Node483, NYSCO_AF119178, BRACHYPODIUM_DISTACHYON_NC_011032, HORDEUM_VULGARE_NC_008590, Node550, ORYZA_SATIVA_JAPONICA_NC_001320, ZEA_MAYS_NC_001666, SORGHUM_BICOLOR_NC_008602, Node555, Node553, Node549, Node547, NELPR_DQ182337, Node546, Node482, Node480, Node474, Node472, GUNGU_AF307918, GUNGU_AY008156, Node560, GUNGU_AF060707, Node559, Node471, Node15, SANSL_L26067, SANSL_L26070, Node564, Node14, SPTER_Z83135, LECER_AF077656, LECER_AF077652, LECER_AF077653, LECER_Z80177, LECER_Z80181, LECER_AF022134, Node584, Node582, Node580, Node578, LECER_Z80202, LECER_Z80180, Node588, LECER_Z80183, Node587, Node577, Node575, Node573, PMOER_Z83144, MSNER_AF213821, MSNER_AF213820, MSNER_AF213809, MSNER_AF213807, MSNER_AF213806, Node604, Node602, Node600, Node598, MSNER_AF213813, MSNER_AF213814, MSNER_AF213812, MSNER_AF213811, Node613, MSNER_AF213810, Node612, Node610, Node608, MSNER_Z83145, Node607, Node597, PRMER_AF394965, PRMER_AF395006, Node620, PRMER_AF395005, Node619, PRMER_U96943, PRMER_AF213801, PRMER_AF394964, Node628, Node626, PRMER_AF394997, PRMER_AF395007, PRMER_AF394967, PRMER_AF394975, Node635, Node633, Node631, Node625, PRMER_AF213794, Node624, Node618, Node596, THPER_AF213819, THPER_AF213817, THPER_AF213815, Node642, Node640, THPER_AF213818, Node639, Node595, Node593, THEER_AF380041, THEER_AF380046, THEER_AF380066, Node649, Node647, DIAER_Z83132, DIAER_AY049795, Node653, CYRER_AY082698, ERIER_L12616, MSNER_L12598, ERIER_AF419819, Node664, ERIER_AF419814, Node663, ERIER_L12622, ERIER_AF419838, Node669, ERIER_AF419818, Node668, Node662, ERIER_L12601, ERIER_AF419834, Node675, ERIER_AF419827, ERIER_L12617, ERIER_AF419823, Node681, Node679, ERIER_AF419816, ERIER_AF419828, Node687, ERIER_U49293, ERIER_AF419832, ERIER_U49286, Node692, Node690, Node686, ERIER_AF419820, ERIER_AF419822, Node696, ERIER_AF419821, Node695, Node685, ERIER_U49285, ERIER_AF419826, ERIER_U49289, ERIER_U49288, ERIER_U49294, Node707, Node705, Node703, ERIER_U49292, ERIER_U49291, ERIER_U49287, Node713, Node711, ERIER_U49284, Node710, Node702, Node700, Node684, Node678, Node674, ERIER_U82766, ERIER_AF124587, ERIER_AF124583, Node722, ERIER_AF124589, ERIER_AF124588, Node726, ERIER_U82764, ERIER_AF124580, ERIER_AF124578, Node733, Node731, ERIER_L12626, ERIER_AF419812, Node737, ERIER_L12618, ERIER_AF124574, ERIER_AF124585, ERIER_AF124575, Node746, Node744, ERIER_U82765, Node743, Node741, ERIER_AF124576, ERIER_AF419836, ERIER_AF419837, Node754, Node752, ERIER_AF419835, ERIER_AF419811, Node757, Node751, ERIER_AF124579, Node750, Node740, Node736, Node730, ERIER_AF124581, ERIER_AF124577, Node762, ERIER_AF124573, Node761, Node729, Node725, Node721, ERIER_U79743, ERIER_U79741, ERIER_U80422, ERIER_U80423, Node772, ERIER_U80419, ERIER_U80418, Node776, ERIER_U80424, ERIER_AF156095, ERIER_U80427, Node783, ERIER_U80426, Node782, Node780, ERIER_L12621, ERIER_U80431, ERIER_U80428, ERIER_U80432, ERIER_U80430, ERIER_U80434, Node796, Node794, Node792, Node790, ERIER_U80433, ERIER_U81798, Node799, Node789, Node787, Node779, Node775, Node771, Node769, ERIER_U80421, Node768, Node766, Node720, ERIER_L12606, Node719, Node717, Node673, Node661, Node659, CTHER_Z80212, CTHER_AF421088, Node805, CYRER_L01900, ACTER_AF088852, Node808, Node804, Node658, Node656, Node652, Node646, Node592, Node572, TSTER_Z83149, SYMER_Z80192, Node812, SLAER_AF421108, PPLER_AF419239, Node816, SLAER_AF421109, Node815, Node811, Node571, PCIER_AJ428893, MGVER_Z80200, Node820, Node570, BERRA_AF203487, COMMY_AF281478, Node823, Node569, HANCO_AF323190, HANCO_AF323188, Node827, CRNCO_AY530929, CRNCO_L14395, Node831, CRNCO_AY530927, CRNCO_AF190433, CRNCO_L11217, Node836, Node834, Node830, Node826, Node568, BBOBB_AJ235773, Node567, Node13, Node5, SMDCA_AF093732, APECA_Z83150, PHYCA_Y13116, Node843, MOLCA_AF093727, AIZCA_M62572, SBTCA_AY270148, AIZCA_AJ235778, PHLCA_AJ235800, Node854, Node852, Node850, HPHCA_AJ403024, PORCA_M62568, Node857, Node849, Node847, CPHCA_M83541, AMACA_AY270111, AMACA_AY270074, AMACA_AB050127, AMACA_AY270117, Node868, Node866, Node864, AMACA_AY270118, Node863, AMACA_AY270133, AMACA_AY489263, Node873, AMACA_AY270083, AMACA_AY270131, AMACA_AY270127, Node879, Node877, AMACA_AY270087, AMACA_AY270130, Node882, Node876, Node872, Node862, Node860, Node846, Node842, Node840, Node4, DROCA_L01904, DROCA_L01914, DROCA_AY096106, Node888, DROCA_L01913, DROCA_L01906, Node892, DROCA_L01909, DROCA_AY096107, Node895, Node891, Node887, Node885, Node3, PLMCA_AJ312252, PLMCA_Z97641, PLMCA_Y16905, PGNCA_M77702, Node904, Node902, PLMCA_Z97642, PLMCA_AJ286357, PLMCA_AJ286360, Node912, Node910, PLMCA_Z97639, Node909, PLMCA_AJ286359, PLMCA_Z97646, PLMCA_AJ286363, PLMCA_Z97645, Node921, PLMCA_Z97643, PLMCA_Z97644, Node924, Node920, Node918, Node916, Node908, PLMCA_Y16909, PLMCA_Y16907, Node927, Node907, Node901, Node899, PGNCA_AF297137, PGNCA_Z97648, PGNCA_AF297146, Node934, PGNCA_Z97647, PGNCA_AF297150, Node937, Node933, Node931, PGNCA_AF297135, PGNCA_AF297124, PGNCA_AF297141, PGNCA_AF297149, Node946, Node944, Node942, PGNCA_AF297125, PGNCA_AF297128, PGNCA_AJ235789, Node952, Node950, PGNCA_AF297145, PGNCA_AF297144, Node956, PGNCA_AF297139, Node955, Node949, Node941, PLMCA_M77701, PGNCA_AF297147, Node960, Node940, Node930, Node898, Node2, ACCCA_AF206733`


### Obtaining branch lengths and nucleotide substitution biases under the nucleotide GTR model

>kill-zero-lengths => Yes

### Deleted 20 zero-length internal branches: `Node146, Node207, Node229, Node279, Node347, Node362, Node42, Node496, Node573, Node582, Node633, Node685, Node722, Node725, Node730, Node771, Node796, Node811, Node815, Node924`
* Log(L) = -84171.84, AIC-c = 170288.48 (971 estimated parameters)
* 1 partition. Total tree length by partition (subs/site) 10.510

### Fitting the baseline model with a single dN/dS class per branch, and no site-to-site variation. 
* Log(L) = -77896.05, AIC-c = 159624.48 (1900 estimated parameters)
* Branch-level non-synonymous/synonymous rate ratio distribution has median  0.24, and 95% of the weight in  0.02 -  1.77

### Determining the optimal number of rate classes per branch using a step up procedure

|              Branch               |  Length  |  Rates   |     Max. dN/dS     |    Log(L)     |     AIC-c     |Best AIC-c so far|
|-----------------------------------|----------|----------|--------------------|---------------|---------------|-----------------|
|          NYSCO_AF119178           |   0.12   |    2     |    0.31 (14.51%)   |   -77895.27   |   159626.98   |    159624.48    |
|              Node549              |   0.11   |    2     |    2.00 ( 4.40%)   |   -77887.59   |   159611.62   |    159611.62    |
|              Node549              |   0.11   |    3     |    2.53 ( 2.58%)   |   -77887.59   |   159615.69   |    159611.62    |
|           LEDGE_L14708            |   0.07   |    2     |   0.02 (100.00%)   |   -77887.59   |   159615.69   |    159611.62    |
|          CELCE_AJ235795           |   0.07   |    2     |   0.12 (100.00%)   |   -77887.59   |   159615.69   |    159611.62    |
|          ZYGZY_AJ133855           |   0.06   |    2     |   0.07 (100.00%)   |   -77887.59   |   159615.69   |    159611.62    |
|           TURMA_Z75691            |   0.06   |    2     |    0.06 (88.35%)   |   -77887.59   |   159615.69   |    159611.62    |
|           PODMA_U68089            |   0.06   |    2     |   0.04 (100.00%)   |   -77887.59   |   159615.69   |    159611.62    |
|          HYPMA_AF206779           |   0.05   |    2     |   0.07 (100.00%)   |   -77887.59   |   159615.69   |    159611.62    |
|              Node249              |   0.05   |    2     |    1.02 ( 5.75%)   |   -77885.58   |   159611.67   |    159611.62    |
|           SANSL_L26067            |   0.05   |    2     |    0.30 (49.66%)   |   -77887.70   |   159615.90   |    159611.62    |
|           HALSF_U26325            |   0.05   |    2     |    5.62 ( 4.11%)   |   -77873.01   |   159586.53   |    159586.53    |
|           HALSF_U26325            |   0.05   |    3     |   12.20 ( 1.94%)   |   -77872.50   |   159589.58   |    159586.53    |
|          CAARA_AF093720           |   0.05   |    2     |    0.48 (22.14%)   |   -77873.10   |   159590.78   |    159586.53    |
|           FUMRA_U86628            |   0.05   |    2     |    0.03 (30.96%)   |   -77873.01   |   159590.60   |    159586.53    |
|           IXOMA_Z75680            |   0.05   |    2     |    1.79 ( 6.44%)   |   -77870.67   |   159585.92   |    159585.92    |
|           IXOMA_Z75680            |   0.05   |    3     |    2.22 ( 3.80%)   |   -77870.68   |   159590.00   |    159585.92    |
|          ANICU_AY935742           |   0.04   |    2     |    1.81 ( 9.38%)   |   -77868.67   |   159585.98   |    159585.92    |
|              Node250              |   0.04   |    2     |    0.06 (99.75%)   |   -77870.67   |   159589.99   |    159585.92    |
|          EBEER_AJ402968           |   0.04   |    2     |   >1000 ( 0.29%)   |   -77864.97   |   159578.58   |    159578.58    |
|          EBEER_AJ402968           |   0.04   |    3     |  199.21 ( 0.28%)   |   -77864.99   |   159582.69   |    159578.58    |
|          ERYMA_AJ402976           |   0.04   |    2     |    2.18 ( 5.58%)   |   -77864.53   |   159581.78   |    159578.58    |
|          ERIER_AF419812           |   0.04   |    2     |   94.48 ( 2.93%)   |   -77849.27   |   159551.25   |    159551.25    |
|          ERIER_AF419812           |   0.04   |    3     |   97.67 ( 2.87%)   |   -77849.27   |   159555.32   |    159551.25    |
|          LOPMA_AY663643           |   0.04   |    2     |    3.26 ( 9.87%)   |   -77845.31   |   159547.40   |    159547.40    |
|          LOPMA_AY663643           |   0.04   |    3     |    4.11 ( 6.33%)   |   -77845.32   |   159551.49   |    159547.40    |
|          DILDI_AJ235796           |   0.04   |    2     |  245.81 ( 0.78%)   |   -77841.95   |   159544.74   |    159544.74    |
|          DILDI_AJ235796           |   0.04   |    3     |  196.29 ( 0.78%)   |   -77841.96   |   159548.83   |    159544.74    |
|           PAPFB_U74258            |   0.04   |    2     |    4.15 ( 2.53%)   |   -77837.90   |   159540.72   |    159540.72    |
|           PAPFB_U74258            |   0.04   |    3     |    5.53 ( 1.67%)   |   -77837.88   |   159544.75   |    159540.72    |
|           PTPRA_U86631            |   0.04   |    2     |    0.07 (23.19%)   |   -77837.90   |   159544.79   |    159540.72    |
|          IRVMA_AF123278           |   0.04   |    2     |    2.67 ( 0.96%)   |   -77837.37   |   159543.72   |    159540.72    |
|          DDYBX_AF061994           |   0.04   |    2     |   41.67 ( 1.74%)   |   -77833.72   |   159536.43   |    159536.43    |
|          DDYBX_AF061994           |   0.04   |    3     |   50.03 ( 1.62%)   |   -77833.69   |   159540.44   |    159536.43    |
|           SVDBR_X69755            |   0.04   |    2     |    3.75 ( 3.28%)   |   -77832.13   |   159537.32   |    159536.43    |
|           CANRO_L12638            |   0.04   |    2     |   >1000 ( 3.53%)   |   -77800.58   |   159474.22   |    159474.22    |
|           CANRO_L12638            |   0.04   |    3     |   >1000 ( 3.15%)   |   -77800.18   |   159477.49   |    159474.22    |
|              Node195              |   0.04   |    2     |    5.36 ( 1.39%)   |   -77796.79   |   159470.70   |    159470.70    |
|              Node195              |   0.04   |    3     |    9.00 ( 0.95%)   |   -77796.82   |   159474.84   |    159470.70    |
|           CPHCA_M83541            |   0.04   |    2     |   0.08 (100.00%)   |   -77796.79   |   159474.77   |    159470.70    |
|           POLFB_L29492            |   0.04   |    2     |    4.63 ( 6.72%)   |   -77790.95   |   159463.10   |    159463.10    |
|           POLFB_L29492            |   0.04   |    3     |    5.69 ( 4.76%)   |   -77790.98   |   159467.22   |    159463.10    |
|           OXAOX_L01938            |   0.04   |    2     |    0.16 (99.94%)   |   -77790.95   |   159467.16   |    159463.10    |
|           NOTFA_L13348            |   0.04   |    2     |    1.32 (13.50%)   |   -77789.91   |   159465.08   |    159463.10    |
|           PODMA_D89475            |   0.04   |    2     |    6.37 ( 2.21%)   |   -77786.11   |   159457.49   |    159457.49    |
|           PODMA_D89475            |   0.04   |    3     |  533.28 ( 0.30%)   |   -77783.52   |   159456.38   |    159456.38    |
|           PODMA_D89475            |   0.04   |    4     |  507.86 ( 0.30%)   |   -77783.51   |   159460.42   |    159456.38    |
|          RHARO_AJ390038           |   0.04   |    2     |   41.67 ( 1.69%)   |   -77770.63   |   159434.67   |    159434.67    |
|          RHARO_AJ390038           |   0.04   |    3     |   45.37 ( 1.60%)   |   -77770.66   |   159438.78   |    159434.67    |
|           AIZCA_M62572            |   0.04   |    2     |   11.48 ( 3.45%)   |   -77756.10   |   159409.68   |    159409.68    |
|           AIZCA_M62572            |   0.04   |    3     |   78.36 ( 1.30%)   |   -77754.81   |   159411.16   |    159409.68    |
|              Node564              |   0.04   |    2     |    0.07 (22.11%)   |   -77756.11   |   159413.76   |    159409.68    |
|          ERIER_AF419838           |   0.04   |    2     |    9.89 ( 6.90%)   |   -77748.42   |   159398.37   |    159398.37    |
|          ERIER_AF419838           |   0.04   |    3     |   12.60 ( 5.38%)   |   -77748.42   |   159402.45   |    159398.37    |
|           PAPFB_Z95536            |   0.04   |    2     |    0.06 (99.75%)   |   -77748.42   |   159402.44   |    159398.37    |
|          BALMA_AF089760           |   0.03   |    2     |    1.62 (14.19%)   |   -77747.20   |   159400.01   |    159398.37    |
|           ELARO_U59821            |   0.03   |    2     |    0.07 (91.22%)   |   -77748.42   |   159402.45   |    159398.37    |
|          CSOCS_AY101845           |   0.03   |    2     |   50.03 ( 2.87%)   |   -77736.20   |   159378.02   |    159378.02    |
|          CSOCS_AY101845           |   0.03   |    3     |   51.64 ( 2.82%)   |   -77736.21   |   159382.09   |    159378.02    |
|          ERIER_AF419822           |   0.03   |    2     |   75.93 ( 1.46%)   |   -77727.61   |   159364.90   |    159364.90    |
|          ERIER_AF419822           |   0.03   |    3     |   77.59 ( 1.44%)   |   -77727.61   |   159368.98   |    159364.90    |
|          PCIER_AJ428893           |   0.03   |    2     |  103.54 ( 0.46%)   |   -77722.84   |   159359.42   |    159359.42    |
|          PCIER_AJ428893           |   0.03   |    3     |  110.85 ( 0.49%)   |   -77722.71   |   159363.25   |    159359.42    |
|          EUPMA_AY794909           |   0.03   |    2     |    2.72 ( 3.96%)   |   -77720.32   |   159358.47   |    159358.47    |
|          EUPMA_AY794909           |   0.03   |    3     |    5.33 ( 1.26%)   |   -77720.32   |   159362.53   |    159358.47    |
|          DIRRO_AJ225789           |   0.03   |    2     |    2.01 ( 9.27%)   |   -77718.71   |   159359.32   |    159358.47    |
|           VIOMA_L11674            |   0.03   |    2     |    8.58 ( 4.95%)   |   -77712.31   |   159346.51   |    159346.51    |
|           VIOMA_L11674            |   0.03   |    3     |   29.96 ( 1.60%)   |   -77711.99   |   159349.93   |    159346.51    |
|          LECER_AF077656           |   0.03   |    2     |   60.49 ( 4.40%)   |   -77686.50   |   159298.97   |    159298.97    |
|          LECER_AF077656           |   0.03   |    3     |  127.13 ( 2.90%)   |   -77685.16   |   159300.35   |    159298.97    |
|           TSTER_Z83149            |   0.03   |    2     |    0.27 (70.08%)   |   -77686.50   |   159303.04   |    159298.97    |
|           ONAMY_L10219            |   0.03   |    2     |   0.07 (100.00%)   |   -77686.50   |   159303.04   |    159298.97    |
|          SAXSF_AF374730           |   0.03   |    2     |    0.04 (61.88%)   |   -77686.50   |   159303.04   |    159298.97    |
|          SMDCA_AF093732           |   0.03   |    2     |    2.09 ( 4.33%)   |   -77686.03   |   159302.08   |    159298.97    |
|          PARCE_AY935732           |   0.03   |    2     |   14.27 ( 1.15%)   |   -77679.62   |   159289.27   |    159289.27    |
|          PARCE_AY935732           |   0.03   |    3     |   15.57 ( 0.96%)   |   -77679.85   |   159293.79   |    159289.27    |
|          ELTMA_AJ402927           |   0.03   |    2     |    3.81 ( 3.35%)   |   -77676.71   |   159287.53   |    159287.53    |
|          ELTMA_AJ402927           |   0.03   |    3     |    4.88 ( 2.23%)   |   -77676.69   |   159291.55   |    159287.53    |
|           PRMER_U96943            |   0.03   |    2     |   0.13 (100.00%)   |   -77676.71   |   159291.60   |    159287.53    |
|          PHAMA_AY663605           |   0.03   |    2     |    0.07 (37.54%)   |   -77676.72   |   159291.61   |    159287.53    |
|          SALMA_AJ418839           |   0.03   |    2     |    1.43 (30.91%)   |   -77676.19   |   159290.55   |    159287.53    |
|          EUPMA_AJ418806           |   0.03   |    2     |    2.45 (25.87%)   |   -77675.93   |   159290.04   |    159287.53    |
|          MALMA_AF344467           |   0.03   |    2     |    3.68 ( 4.65%)   |   -77674.17   |   159286.51   |    159286.51    |
|          MALMA_AF344467           |   0.03   |    3     |    4.67 ( 3.14%)   |   -77674.14   |   159290.53   |    159286.51    |
|          VITVT_AJ419721           |   0.03   |    2     |   0.15 (100.00%)   |   -77674.17   |   159290.58   |    159286.51    |
|          PHAMA_AY663597           |   0.03   |    2     |    9.41 ( 2.69%)   |   -77664.23   |   159270.70   |    159270.70    |
|          PHAMA_AY663597           |   0.03   |    3     |   10.44 ( 2.27%)   |   -77664.32   |   159274.94   |    159270.70    |
|           PMOER_Z83144            |   0.03   |    2     |    3.03 ( 4.56%)   |   -77661.86   |   159270.04   |    159270.04    |
|           PMOER_Z83144            |   0.03   |    3     |    3.91 ( 2.87%)   |   -77661.88   |   159274.15   |    159270.04    |
|          ACHMA_AJ418799           |   0.03   |    2     |    8.33 (25.30%)   |   -77659.95   |   159270.29   |    159270.04    |
|          SAPSP_AJ403001           |   0.03   |    2     |    6.99 ( 4.80%)   |   -77656.41   |   159263.20   |    159263.20    |
|          SAPSP_AJ403001           |   0.03   |    3     |  149.29 ( 0.52%)   |   -77655.04   |   159264.52   |    159263.20    |
|          URTRO_AY208707           |   0.03   |    2     |    4.33 ( 1.46%)   |   -77652.84   |   159260.14   |    159260.14    |
|          URTRO_AY208707           |   0.03   |    3     |    6.17 ( 0.96%)   |   -77652.83   |   159264.18   |    159260.14    |
|           PLMCA_Y16907            |   0.03   |    2     |  275.42 ( 0.91%)   |   -77646.97   |   159252.46   |    159252.46    |
|           PLMCA_Y16907            |   0.03   |    3     |  256.54 ( 0.95%)   |   -77646.88   |   159256.36   |    159252.46    |
|          CANRO_AJ402933           |   0.03   |    2     |    2.96 ( 6.91%)   |   -77644.96   |   159252.50   |    159252.46    |
|           DIAER_Z83132            |   0.03   |    2     |    0.14 (99.33%)   |   -77646.97   |   159256.53   |    159252.46    |
|          LBOCE_AJ402966           |   0.03   |    2     |    2.32 ( 3.76%)   |   -77646.55   |   159255.69   |    159252.46    |
|          MANGE_AJ235774           |   0.03   |    2     |    6.21 ( 6.23%)   |   -77641.70   |   159245.99   |    159245.99    |
|          MANGE_AJ235774           |   0.03   |    3     |    7.39 ( 4.82%)   |   -77641.66   |   159249.99   |    159245.99    |
|           MELSP_U38859            |   0.03   |    2     |    4.69 ( 6.77%)   |   -77637.51   |   159241.68   |    159241.68    |
|           MELSP_U38859            |   0.03   |    3     |    5.64 ( 4.90%)   |   -77637.52   |   159245.77   |    159241.68    |
|              Node159              |   0.03   |    2     |    7.30 ( 0.59%)   |   -77636.89   |   159244.53   |    159241.68    |
|          ULMRO_AF500338           |   0.03   |    2     |    2.89 ( 3.69%)   |   -77634.94   |   159240.62   |    159240.62    |
|          ULMRO_AF500338           |   0.03   |    3     |    5.45 ( 1.23%)   |   -77634.94   |   159244.69   |    159240.62    |
|           DROCA_L01913            |   0.03   |    2     |    5.83 ( 6.42%)   |   -77630.42   |   159235.65   |    159235.65    |
|           DROCA_L01913            |   0.03   |    3     |    7.04 ( 4.85%)   |   -77630.42   |   159239.71   |    159235.65    |
|          PGNCA_AF297137           |   0.03   |    2     |    0.51 (28.92%)   |   -77630.42   |   159239.72   |    159235.65    |
|              Node188              |   0.03   |    2     |    4.29 ( 2.96%)   |   -77627.42   |   159233.73   |    159233.73    |
|              Node188              |   0.03   |    3     |    5.28 ( 2.05%)   |   -77627.41   |   159237.77   |    159233.73    |
|              Node823              |   0.03   |    2     |   12.04 ( 2.84%)   |   -77618.26   |   159219.46   |    159219.46    |
|              Node823              |   0.03   |    3     |   14.76 ( 2.32%)   |   -77618.24   |   159223.51   |    159219.46    |
|          PETMV_AJ233158           |   0.03   |    2     |    0.28 ( 0.00%)   |   -77618.26   |   159223.54   |    159219.46    |
|              Node437              |   0.03   |    2     |    0.05 (59.61%)   |   -77618.26   |   159223.54   |    159219.46    |
|          SLAER_AF421109           |   0.03   |    2     |    0.47 ( 0.00%)   |   -77618.26   |   159223.54   |    159219.46    |
|           GERGE_L14703            |   0.03   |    2     |   31.27 ( 1.00%)   |   -77612.23   |   159211.48   |    159211.48    |
|           GERGE_L14703            |   0.03   |    3     |   63.42 ( 0.87%)   |   -77612.04   |   159215.16   |    159211.48    |
|           SANSL_L26070            |   0.03   |    2     |    9.57 ( 3.49%)   |   -77606.43   |   159203.95   |    159203.95    |
|           SANSL_L26070            |   0.03   |    3     |   11.96 ( 2.77%)   |   -77606.33   |   159207.81   |    159203.95    |
|          PAPFB_AB045801           |   0.03   |    2     |    0.17 (48.28%)   |   -77606.46   |   159208.09   |    159203.95    |
|          ANASP_AY462008           |   0.03   |    2     |   >1000 ( 1.23%)   |   -77597.62   |   159190.41   |    159190.41    |
|          ANASP_AY462008           |   0.03   |    3     |   >1000 ( 1.26%)   |   -77597.63   |   159194.49   |    159190.41    |
|           BERRA_L75867            |   0.03   |    2     |    2.53 ( 2.95%)   |   -77594.92   |   159189.07   |    159189.07    |
|           BERRA_L75867            |   0.03   |    3     |    4.80 ( 0.95%)   |   -77594.90   |   159193.10   |    159189.07    |
|           ERIER_U80423            |   0.03   |    2     |    0.08 (50.64%)   |   -77594.92   |   159193.15   |    159189.07    |
|          SABSB_AF206793           |   0.03   |    2     |    1.77 (15.76%)   |   -77593.83   |   159190.96   |    159189.07    |
|           LYTMY_L10218            |   0.03   |    2     |    2.95 ( 6.41%)   |   -77592.87   |   159189.05   |    159189.05    |
|           LYTMY_L10218            |   0.03   |    3     |   30.55 ( 0.36%)   |   -77592.61   |   159192.59   |    159189.05    |
|          PRMER_AF213794           |   0.03   |    2     |   30.18 ( 0.76%)   |   -77590.13   |   159187.65   |    159187.65    |
|          PRMER_AF213794           |   0.03   |    3     |   33.19 ( 0.70%)   |   -77590.15   |   159191.76   |    159187.65    |
|          COMMY_AF281478           |   0.03   |    2     |    0.12 (99.97%)   |   -77590.13   |   159191.72   |    159187.65    |
|           GEICS_X83990            |   0.03   |    2     |   46.19 ( 0.94%)   |   -77585.58   |   159182.61   |    159182.61    |
|           GEICS_X83990            |   0.03   |    3     |   48.31 ( 0.95%)   |   -77585.58   |   159186.68   |    159182.61    |
|           DROCA_L01904            |   0.03   |    2     |    4.91 ( 5.54%)   |   -77582.52   |   159180.57   |    159180.57    |
|           DROCA_L01904            |   0.03   |    3     |    5.84 ( 4.10%)   |   -77582.54   |   159184.67   |    159180.57    |
|          DIAER_AY049795           |   0.03   |    2     |    7.66 ( 3.73%)   |   -77578.21   |   159176.01   |    159176.01    |
|          DIAER_AY049795           |   0.03   |    3     |    8.79 ( 2.96%)   |   -77578.26   |   159180.18   |    159176.01    |
|           PLMCA_M77701            |   0.03   |    2     |   28.21 ( 5.26%)   |   -77563.23   |   159150.13   |    159150.13    |
|           PLMCA_M77701            |   0.03   |    3     |   30.59 ( 4.81%)   |   -77563.13   |   159154.00   |    159150.13    |
|           ERIER_L12601            |   0.03   |    2     |    0.31 (49.92%)   |   -77563.23   |   159154.20   |    159150.13    |
|          FAGFA_AY147096           |   0.03   |    2     |    3.93 ( 5.31%)   |   -77560.84   |   159149.42   |    159149.42    |
|          FAGFA_AY147096           |   0.03   |    3     |    4.75 ( 3.70%)   |   -77560.84   |   159153.50   |    159149.42    |
|          PGNCA_AF297125           |   0.03   |    2     |  139.91 ( 0.58%)   |   -77556.71   |   159145.22   |    159145.22    |
|          PGNCA_AF297125           |   0.03   |    3     |  186.99 ( 0.55%)   |   -77556.72   |   159149.32   |    159145.22    |
|          PRMER_AF394964           |   0.03   |    2     |    7.07 ( 2.91%)   |   -77551.27   |   159138.41   |    159138.41    |
|          PRMER_AF394964           |   0.03   |    3     |    8.59 ( 2.26%)   |   -77551.25   |   159142.45   |    159138.41    |
|          MORRO_AF500345           |   0.03   |    2     |    3.19 ( 6.37%)   |   -77549.41   |   159138.77   |    159138.41    |
|          PGNCA_AF297141           |   0.03   |    2     |    9.91 (11.22%)   |   -77547.48   |   159134.91   |    159134.91    |
|          PGNCA_AF297141           |   0.03   |    3     |   11.10 ( 9.37%)   |   -77547.48   |   159138.99   |    159134.91    |
|           LYTMY_L10226            |   0.03   |    2     |   20.17 ( 1.80%)   |   -77533.86   |   159111.74   |    159111.74    |
|           LYTMY_L10226            |   0.03   |    3     |   49.52 ( 0.97%)   |   -77533.26   |   159114.62   |    159111.74    |
|              Node843              |   0.03   |    2     |    4.44 ( 2.13%)   |   -77533.31   |   159114.72   |    159111.74    |
|          EUPMA_AY794821           |   0.03   |    2     |    7.44 ( 1.71%)   |   -77529.50   |   159107.09   |    159107.09    |
|          EUPMA_AY794821           |   0.03   |    3     |    9.18 ( 1.33%)   |   -77529.36   |   159110.88   |    159107.09    |
|          ELCOX_AF206765           |   0.03   |    2     |    0.47 (55.33%)   |   -77529.50   |   159111.16   |    159107.09    |
|           BERRA_L75869            |   0.03   |    2     |    0.24 ( 4.76%)   |   -77529.50   |   159111.17   |    159107.09    |
|          PRMER_AF395005           |   0.03   |    2     |   >1000 ( 0.93%)   |   -77521.23   |   159094.64   |    159094.64    |
|          PRMER_AF395005           |   0.03   |    3     |   >1000 ( 0.96%)   |   -77521.24   |   159098.72   |    159094.64    |
|              Node555              |   0.02   |    2     |   73.01 ( 0.81%)   |   -77515.02   |   159086.27   |    159086.27    |
|              Node555              |   0.02   |    3     |   90.41 ( 0.76%)   |   -77515.00   |   159090.31   |    159086.27    |
|           ERIER_L12606            |   0.02   |    2     |   11.73 ( 4.83%)   |   -77509.43   |   159079.18   |    159079.18    |
|           ERIER_L12606            |   0.02   |    3     |   11.47 ( 4.89%)   |   -77509.43   |   159083.25   |    159079.18    |
|          AMACA_AB050127           |   0.02   |    2     |    0.26 (50.78%)   |   -77509.44   |   159083.27   |    159079.18    |
|          LYTMY_AY036148           |   0.02   |    2     |    3.83 ( 3.47%)   |   -77506.81   |   159078.00   |    159078.00    |
|          LYTMY_AY036148           |   0.02   |    3     |    4.54 ( 2.49%)   |   -77506.82   |   159082.10   |    159078.00    |
|           DROCA_L01909            |   0.02   |    2     |    0.30 (19.65%)   |   -77506.81   |   159082.07   |    159078.00    |
|              Node369              |   0.02   |    2     |    0.01 (81.77%)   |   -77506.81   |   159082.07   |    159078.00    |
|          DROCA_AY096106           |   0.02   |    2     |    2.58 ( 9.81%)   |   -77505.41   |   159079.28   |    159078.00    |
|              Node885              |   0.02   |    2     |    0.09 (25.20%)   |   -77506.82   |   159082.09   |    159078.00    |
|          BONMA_AJ402990           |   0.02   |    2     |    0.10 (99.37%)   |   -77506.81   |   159082.08   |    159078.00    |
|          HYPMA_AF518382           |   0.02   |    2     |  106.45 ( 0.80%)   |   -77499.88   |   159068.22   |    159068.22    |
|          HYPMA_AF518382           |   0.02   |    3     |  106.16 ( 0.77%)   |   -77499.90   |   159072.32   |    159068.22    |
|          SALMA_AF206726           |   0.02   |    2     |    0.24 (25.19%)   |   -77499.88   |   159072.30   |    159068.22    |
|           SPTER_Z83135            |   0.02   |    2     |    2.57 ( 9.53%)   |   -77498.31   |   159069.15   |    159068.22    |
|           PORCA_M62568            |   0.02   |    2     |    6.90 ( 3.66%)   |   -77494.46   |   159061.46   |    159061.46    |
|           PORCA_M62568            |   0.02   |    3     |    8.28 ( 2.84%)   |   -77494.42   |   159065.44   |    159061.46    |
|          ACTER_AF088852           |   0.02   |    2     |    5.79 ( 8.39%)   |   -77490.94   |   159058.49   |    159058.49    |
|          ACTER_AF088852           |   0.02   |    3     |    6.57 ( 6.49%)   |   -77490.96   |   159062.61   |    159058.49    |
|           PLAPR_L01943            |   0.02   |    2     |    0.29 (28.44%)   |   -77490.94   |   159062.56   |    159058.49    |
|              Node32               |   0.02   |    2     |    3.46 ( 2.47%)   |   -77490.26   |   159061.19   |    159058.49    |
|           ERIER_U82766            |   0.02   |    2     |    3.06 (12.08%)   |   -77489.61   |   159059.90   |    159058.49    |
|              Node212              |   0.02   |    2     |   14.10 ( 1.49%)   |   -77482.78   |   159046.25   |    159046.25    |
|              Node212              |   0.02   |    3     |   15.90 ( 1.26%)   |   -77482.91   |   159050.58   |    159046.25    |
|          PLMCA_AJ286359           |   0.02   |    2     |    3.09 ( 5.05%)   |   -77482.64   |   159050.03   |    159046.25    |
|           MSPRA_L37923            |   0.02   |    2     |    6.70 ( 4.47%)   |   -77479.25   |   159043.25   |    159043.25    |
|           MSPRA_L37923            |   0.02   |    3     |    6.61 ( 4.46%)   |   -77479.25   |   159047.33   |    159043.25    |
|          CUNOX_AF206759           |   0.02   |    2     |   63.13 ( 2.43%)   |   -77465.51   |   159019.84   |    159019.84    |
|          CUNOX_AF206759           |   0.02   |    3     |  161.89 ( 1.41%)   |   -77464.15   |   159021.20   |    159019.84    |
|          PGNCA_AF297124           |   0.02   |    2     |    2.22 (10.47%)   |   -77464.36   |   159021.62   |    159019.84    |
|           PFLMA_L01940            |   0.02   |    2     |    3.29 ( 5.87%)   |   -77463.44   |   159019.77   |    159019.77    |
|           PFLMA_L01940            |   0.02   |    3     |    4.29 ( 3.62%)   |   -77463.41   |   159023.80   |    159019.77    |
|          ZYGZY_DQ267165           |   0.02   |    2     |   10.78 ( 4.31%)   |   -77459.17   |   159015.30   |    159015.30    |
|          ZYGZY_DQ267165           |   0.02   |    3     |   12.32 ( 3.57%)   |   -77459.22   |   159019.49   |    159015.30    |
|              Node899              |   0.02   |    2     |   96.07 ( 0.90%)   |   -77448.43   |   158997.89   |    158997.89    |
|              Node899              |   0.02   |    3     |   82.54 ( 0.98%)   |   -77448.28   |   159001.69   |    158997.89    |
|              Node209              |   0.02   |    2     |    0.22 ( 8.51%)   |   -77448.44   |   159002.00   |    158997.89    |
|          MOLCA_AF093727           |   0.02   |    2     |    8.62 ( 2.51%)   |   -77442.05   |   158989.23   |    158989.23    |
|          MOLCA_AF093727           |   0.02   |    3     |   10.27 ( 2.04%)   |   -77442.09   |   158993.38   |    158989.23    |
|           BERRA_L75871            |   0.02   |    2     |    0.07 (97.64%)   |   -77442.06   |   158993.30   |    158989.23    |
|          MLVMV_AY328174           |   0.02   |    2     |    8.72 (15.72%)   |   -77440.19   |   158989.56   |    158989.23    |
|              Node197              |   0.02   |    2     |    0.25 ( 9.52%)   |   -77441.96   |   158993.12   |    158989.23    |
|              Node184              |   0.02   |    2     |   17.93 ( 1.69%)   |   -77433.70   |   158976.60   |    158976.60    |
|              Node184              |   0.02   |    3     |   21.16 ( 1.44%)   |   -77433.72   |   158980.70   |    158976.60    |
|           PROPR_U79178            |   0.02   |    2     |    2.77 ( 7.23%)   |   -77431.89   |   158977.04   |    158976.60    |
|          RANRA_AF079453           |   0.02   |    2     |   84.48 ( 0.37%)   |   -77428.34   |   158969.94   |    158969.94    |
|          RANRA_AF079453           |   0.02   |    3     |  186.13 ( 0.35%)   |   -77428.20   |   158973.74   |    158969.94    |
|          CELCE_AY935727           |   0.02   |    2     |   0.07 (100.00%)   |   -77428.34   |   158974.02   |    158969.94    |
|           RHIMA_U26335            |   0.02   |    2     |  417.33 ( 1.18%)   |   -77418.43   |   158954.19   |    158954.19    |
|           RHIMA_U26335            |   0.02   |    3     |  414.11 ( 1.17%)   |   -77418.44   |   158958.29   |    158954.19    |
|          ERIER_AF419816           |   0.02   |    2     |    0.10 (74.87%)   |   -77418.43   |   158958.27   |    158954.19    |
|           PAPFB_U74197            |   0.02   |    2     |    8.78 ( 2.19%)   |   -77414.94   |   158951.28   |    158951.28    |
|           PAPFB_U74197            |   0.02   |    3     |   10.06 ( 1.84%)   |   -77414.97   |   158955.42   |    158951.28    |
|           DROCA_L01906            |   0.02   |    2     |  140.20 ( 0.73%)   |   -77406.19   |   158937.87   |    158937.87    |
|           DROCA_L01906            |   0.02   |    3     |  172.18 ( 0.69%)   |   -77406.18   |   158941.91   |    158937.87    |
|          SALMA_AJ418824           |   0.02   |    2     |    8.96 ( 7.68%)   |   -77404.11   |   158937.78   |    158937.78    |
|          SALMA_AJ418824           |   0.02   |    3     |   10.01 ( 6.27%)   |   -77404.14   |   158941.91   |    158937.78    |
|          BIESP_AF035920           |   0.02   |    2     |    5.43 ( 4.27%)   |   -77401.57   |   158936.77   |    158936.77    |
|          BIESP_AF035920           |   0.02   |    3     |    6.24 ( 3.27%)   |   -77401.58   |   158940.87   |    158936.77    |
|          ACHMA_AJ418803           |   0.02   |    2     |    6.52 ( 2.00%)   |   -77401.23   |   158940.17   |    158936.77    |
|              Node221              |   0.02   |    2     |    3.81 ( 4.28%)   |   -77400.88   |   158939.46   |    158936.77    |
|           PLMCA_Z97643            |   0.02   |    2     |    1.72 (14.61%)   |   -77401.33   |   158940.37   |    158936.77    |
|              Node255              |   0.02   |    2     |   15.05 ( 1.09%)   |   -77394.29   |   158926.29   |    158926.29    |
|              Node255              |   0.02   |    3     |   17.43 ( 0.92%)   |   -77394.35   |   158930.47   |    158926.29    |
|              Node930              |   0.02   |    2     |    9.24 ( 4.48%)   |   -77390.82   |   158923.43   |    158923.43    |
|              Node930              |   0.02   |    3     |   10.69 ( 3.61%)   |   -77390.83   |   158927.51   |    158923.43    |
|           ERIER_U80430            |   0.02   |    2     |    0.51 (15.78%)   |   -77390.85   |   158927.56   |    158923.43    |
|               Node5               |   0.02   |    2     |   11.87 ( 2.01%)   |   -77383.81   |   158913.47   |    158913.47    |
|               Node5               |   0.02   |    3     |   14.80 ( 1.62%)   |   -77383.72   |   158917.36   |    158913.47    |
|           PGNCA_Z97648            |   0.02   |    2     |   13.38 ( 1.32%)   |   -77376.00   |   158901.92   |    158901.92    |
|           PGNCA_Z97648            |   0.02   |    3     |   15.43 ( 1.11%)   |   -77376.02   |   158906.03   |    158901.92    |
|          ACHMA_AJ418802           |   0.02   |    2     |   >1000 ( 0.50%)   |   -77368.94   |   158891.88   |    158891.88    |
|          ACHMA_AJ418802           |   0.02   |    3     |   >1000 ( 0.52%)   |   -77368.91   |   158895.89   |    158891.88    |
|          RHARO_AJ390052           |   0.02   |    2     |    7.54 ( 3.34%)   |   -77365.10   |   158888.28   |    158888.28    |
|          RHARO_AJ390052           |   0.02   |    3     |    8.59 ( 2.70%)   |   -77365.13   |   158892.40   |    158888.28    |
|           GERGE_L14693            |   0.02   |    2     |   18.53 ( 0.81%)   |   -77360.50   |   158883.15   |    158883.15    |
|           GERGE_L14693            |   0.02   |    3     |   32.72 ( 0.67%)   |   -77360.34   |   158886.91   |    158883.15    |
|          LYTMY_AY905410           |   0.02   |    2     |    0.30 (50.11%)   |   -77360.52   |   158887.27   |    158883.15    |
|           SYMER_Z80192            |   0.02   |    2     |    5.56 ( 2.91%)   |   -77358.51   |   158883.24   |    158883.15    |
|           BERRA_L75868            |   0.02   |    2     |    0.07 (75.65%)   |   -77360.50   |   158887.23   |    158883.15    |
|          PLMCA_AJ286357           |   0.02   |    2     |    7.55 (12.80%)   |   -77358.43   |   158883.09   |    158883.09    |
|          PLMCA_AJ286357           |   0.02   |    3     |    8.45 (10.26%)   |   -77358.43   |   158887.17   |    158883.09    |
|           PLMCA_Z97639            |   0.02   |    2     |   >1000 ( 2.84%)   |   -77345.47   |   158861.24   |    158861.24    |
|           PLMCA_Z97639            |   0.02   |    3     |   >1000 ( 2.33%)   |   -77344.93   |   158864.23   |    158861.24    |
|          ACHMA_AJ235781           |   0.02   |    2     |    3.94 (24.62%)   |   -77345.14   |   158864.65   |    158861.24    |
|          SBTCA_AY270148           |   0.02   |    2     |    0.09 (91.36%)   |   -77345.47   |   158865.32   |    158861.24    |
|           HCHGE_L14699            |   0.02   |    2     |   30.68 ( 0.26%)   |   -77340.34   |   158855.05   |    158855.05    |
|           HCHGE_L14699            |   0.02   |    3     |   32.69 ( 0.23%)   |   -77340.44   |   158859.33   |    158855.05    |
|              Node443              |   0.02   |    2     |    6.31 ( 3.07%)   |   -77337.52   |   158853.49   |    158853.49    |
|              Node443              |   0.02   |    3     |    7.03 ( 2.51%)   |   -77337.55   |   158857.62   |    158853.49    |
|              Node547              |   0.02   |    2     |    0.27 ( 0.00%)   |   -77337.37   |   158857.27   |    158853.49    |
|          PGNCA_AF297147           |   0.02   |    2     |    1.07 (50.81%)   |   -77337.52   |   158857.56   |    158853.49    |
|              Node639              |   0.02   |    2     |    9.25 ( 1.00%)   |   -77333.45   |   158849.43   |    158849.43    |
|              Node639              |   0.02   |    3     |   13.66 ( 0.76%)   |   -77333.48   |   158853.56   |    158849.43    |
|          PRMER_AF213801           |   0.02   |    2     |   54.37 ( 2.64%)   |   -77315.54   |   158817.68   |    158817.68    |
|          PRMER_AF213801           |   0.02   |    3     |   58.65 ( 2.46%)   |   -77315.50   |   158821.66   |    158817.68    |
|          MSNER_AF213820           |   0.02   |    2     |  421.87 ( 1.06%)   |   -77309.99   |   158810.65   |    158810.65    |
|          MSNER_AF213820           |   0.02   |    3     |  436.26 ( 1.11%)   |   -77309.91   |   158814.56   |    158810.65    |
|              Node18               |   0.02   |    2     |  121.49 ( 0.84%)   |   -77305.02   |   158804.80   |    158804.80    |
|              Node18               |   0.02   |    3     |  128.88 ( 0.77%)   |   -77304.94   |   158808.70   |    158804.80    |
|          KGDRA_AF093719           |   0.02   |    2     |    9.30 ( 2.91%)   |   -77300.27   |   158799.35   |    158799.35    |
|          KGDRA_AF093719           |   0.02   |    3     |   10.62 ( 2.43%)   |   -77300.30   |   158803.49   |    158799.35    |
|          AMACA_AY270111           |   0.02   |    2     |   18.88 ( 1.53%)   |   -77292.76   |   158788.42   |    158788.42    |
|          AMACA_AY270111           |   0.02   |    3     |   21.15 ( 1.33%)   |   -77292.72   |   158792.41   |    158788.42    |
|          SAPSP_AY724366           |   0.02   |    2     |    7.76 ( 3.04%)   |   -77292.30   |   158791.57   |    158788.42    |
|           ERIER_U49288            |   0.02   |    2     |    2.60 ( 9.80%)   |   -77292.35   |   158791.67   |    158788.42    |
|          MORRO_AF500348           |   0.02   |    2     |    5.40 ( 3.07%)   |   -77292.29   |   158791.55   |    158788.42    |
|           PLMCA_Y16909            |   0.02   |    2     |    0.28 (51.17%)   |   -77292.79   |   158792.55   |    158788.42    |
|          BARRO_AJ225788           |   0.02   |    2     |   12.48 ( 0.28%)   |   -77292.34   |   158791.64   |    158788.42    |
|          PLMCA_AJ286360           |   0.02   |    2     |   >1000 ( 0.59%)   |   -77287.54   |   158782.05   |    158782.05    |
|          PLMCA_AJ286360           |   0.02   |    3     |   >1000 ( 0.59%)   |   -77287.26   |   158785.57   |    158782.05    |
|          PGNCA_AF297139           |   0.02   |    2     |    7.41 ( 6.35%)   |   -77286.38   |   158783.80   |    158782.05    |
|           CONOX_L29493            |   0.02   |    2     |   12.89 ( 4.17%)   |   -77283.31   |   158777.67   |    158777.67    |
|           CONOX_L29493            |   0.02   |    3     |   14.59 ( 3.57%)   |   -77283.30   |   158781.72   |    158777.67    |
|          ERIER_AF124585           |   0.02   |    2     |   26.01 ( 2.95%)   |   -77277.98   |   158771.08   |    158771.08    |
|          ERIER_AF124585           |   0.02   |    3     |   27.04 ( 2.59%)   |   -77278.01   |   158775.23   |    158771.08    |
|          URTRO_AY208700           |   0.02   |    2     |    0.99 ( 4.47%)   |   -77277.98   |   158775.15   |    158771.08    |
|  ORYZA_SATIVA_JAPONICA_NC_001320  |   0.02   |    2     |   18.37 ( 1.24%)   |   -77272.74   |   158764.67   |    158764.67    |
|  ORYZA_SATIVA_JAPONICA_NC_001320  |   0.02   |    3     |   21.50 ( 1.08%)   |   -77272.71   |   158768.69   |    158764.67    |
|          DROCA_AY096107           |   0.02   |    2     |   34.42 ( 1.88%)   |   -77265.37   |   158754.02   |    158754.02    |
|          DROCA_AY096107           |   0.02   |    3     |   39.49 ( 1.70%)   |   -77265.34   |   158758.02   |    158754.02    |
|           VOCMY_U26324            |   0.02   |    2     |    5.71 ( 2.52%)   |   -77264.39   |   158756.13   |    158754.02    |
|           ERIER_U49285            |   0.02   |    2     |    0.26 (52.51%)   |   -77265.39   |   158758.12   |    158754.02    |
|          EPTRA_AY048174           |   0.02   |    2     |    8.59 ( 4.02%)   |   -77264.02   |   158755.38   |    158754.02    |
|           GERGE_L14697            |   0.02   |    2     |    0.37 ( 0.00%)   |   -77265.37   |   158758.09   |    158754.02    |
|          ERIER_AF419811           |   0.02   |    2     |    0.08 (70.15%)   |   -77265.37   |   158758.10   |    158754.02    |
|          RANRA_AF093730           |   0.02   |    2     |   21.41 ( 0.60%)   |   -77261.93   |   158751.21   |    158751.21    |
|          RANRA_AF093730           |   0.02   |    3     |   23.14 ( 0.53%)   |   -77262.06   |   158755.55   |    158751.21    |
|           PLMCA_Z97646            |   0.02   |    2     |    4.63 ( 5.79%)   |   -77260.17   |   158751.76   |    158751.21    |
|              Node152              |   0.02   |    2     |    0.73 ( 4.93%)   |   -77261.96   |   158755.35   |    158751.21    |
|              Node450              |   0.02   |    2     |   0.09 (100.00%)   |   -77261.92   |   158755.27   |    158751.21    |
|          PGNCA_AF297149           |   0.02   |    2     |   >1000 ( 0.50%)   |   -77257.06   |   158745.54   |    158745.54    |
|          PGNCA_AF297149           |   0.02   |    3     |   >1000 ( 0.46%)   |   -77256.70   |   158748.90   |    158745.54    |
|          CYRER_AY082698           |   0.02   |    2     |  210.61 ( 0.84%)   |   -77252.49   |   158740.47   |    158740.47    |
|          CYRER_AY082698           |   0.02   |    3     |  196.81 ( 0.82%)   |   -77252.48   |   158744.54   |    158740.47    |
|           ZYGZY_Y15019            |   0.02   |    2     |   17.56 ( 6.06%)   |   -77247.22   |   158734.02   |    158734.02    |
|           ZYGZY_Y15019            |   0.02   |    3     |   18.84 ( 5.42%)   |   -77247.23   |   158738.11   |    158734.02    |
|           RUTSP_U38862            |   0.02   |    2     |    0.20 (49.57%)   |   -77247.24   |   158738.13   |    158734.02    |
|              Node374              |   0.02   |    2     |   10.25 ( 0.66%)   |   -77242.77   |   158729.20   |    158729.20    |
|              Node374              |   0.02   |    3     |   13.68 ( 0.52%)   |   -77242.82   |   158733.36   |    158729.20    |
|           ERIER_L12621            |   0.02   |    2     |   >1000 ( 1.25%)   |   -77229.54   |   158706.82   |    158706.82    |
|           ERIER_L12621            |   0.02   |    3     |   >1000 ( 1.25%)   |   -77229.09   |   158709.98   |    158706.82    |
|          MALMA_AF344507           |   0.02   |    2     |    5.24 ( 4.70%)   |   -77227.24   |   158706.29   |    158706.29    |
|          MALMA_AF344507           |   0.02   |    3     |    6.03 ( 3.59%)   |   -77227.24   |   158710.37   |    158706.29    |
|              Node820              |   0.02   |    2     |   10.09 ( 0.49%)   |   -77226.58   |   158709.05   |    158706.29    |
|          BBOBB_AJ235773           |   0.02   |    2     |    0.40 (92.12%)   |   -77227.25   |   158710.37   |    158706.29    |
|          ERIER_AF419827           |   0.02   |    2     |    0.06 (89.49%)   |   -77227.25   |   158710.37   |    158706.29    |
|           ERIER_L12617            |   0.02   |    2     |   17.57 ( 1.81%)   |   -77223.66   |   158703.20   |    158703.20    |
|           ERIER_L12617            |   0.02   |    3     |   20.29 ( 1.56%)   |   -77223.60   |   158707.16   |    158703.20    |
|          DCPMV_AF030238           |   0.02   |    2     |    5.26 ( 2.86%)   |   -77222.74   |   158705.43   |    158703.20    |
|          AMACA_AY270118           |   0.02   |    2     |    0.78 ( 5.13%)   |   -77223.66   |   158707.27   |    158703.20    |
|           MSTMY_U26334            |   0.02   |    2     |    6.25 ( 4.53%)   |   -77222.70   |   158705.36   |    158703.20    |
|              Node104              |   0.02   |    2     |   14.80 ( 0.83%)   |   -77222.08   |   158704.11   |    158703.20    |
|          DCPMV_AJ247623           |   0.02   |    2     |    6.02 ( 6.37%)   |   -77221.65   |   158703.26   |    158703.20    |
|              Node107              |   0.02   |    2     |    0.25 ( 0.00%)   |   -77223.66   |   158707.27   |    158703.20    |
|           ERIER_U80424            |   0.02   |    2     |    0.34 ( 5.28%)   |   -77223.66   |   158707.27   |    158703.20    |
|           ERIER_L12622            |   0.02   |    2     |    0.44 (46.63%)   |   -77223.65   |   158707.26   |    158703.20    |
|          BERRA_AF190442           |   0.02   |    2     |    0.33 ( 0.85%)   |   -77223.66   |   158707.27   |    158703.20    |
|              Node560              |   0.02   |    2     |   30.06 ( 1.26%)   |   -77212.70   |   158685.36   |    158685.36    |
|              Node560              |   0.02   |    3     |   30.86 ( 1.16%)   |   -77212.85   |   158689.72   |    158685.36    |
|           ERIER_L12616            |   0.02   |    2     |    0.18 (44.97%)   |   -77212.71   |   158689.46   |    158685.36    |
|              Node546              |   0.02   |    2     |    6.78 ( 1.66%)   |   -77211.58   |   158687.20   |    158685.36    |
|              Node448              |   0.02   |    2     |    0.25 (25.79%)   |   -77212.72   |   158689.47   |    158685.36    |
|          MORRO_AF500349           |   0.02   |    2     |   10.29 ( 5.37%)   |   -77211.70   |   158687.43   |    158685.36    |
|          ROSRO_AF411490           |   0.02   |    2     |  116.43 ( 1.05%)   |   -77204.44   |   158672.90   |    158672.90    |
|          ROSRO_AF411490           |   0.02   |    3     |  120.95 ( 1.01%)   |   -77204.38   |   158676.88   |    158672.90    |
|              Node477              |   0.02   |    2     |    0.04 (13.82%)   |   -77204.44   |   158676.98   |    158672.90    |
|           PLMCA_Y16905            |   0.02   |    2     |    7.38 ( 6.53%)   |   -77203.58   |   158675.26   |    158672.90    |
|          HPHCA_AJ403024           |   0.02   |    2     |    6.72 ( 3.57%)   |   -77201.84   |   158671.79   |    158671.79    |
|          HPHCA_AJ403024           |   0.02   |    3     |    7.60 ( 2.82%)   |   -77201.86   |   158675.90   |    158671.79    |
|          HYPMA_AF518395           |   0.02   |    2     |    0.26 (11.87%)   |   -77201.84   |   158675.86   |    158671.79    |
|           ERIER_U80421            |   0.02   |    2     |    0.33 ( 0.00%)   |   -77201.84   |   158675.86   |    158671.79    |
|          RHARO_AJ390035           |   0.02   |    2     |   11.38 ( 2.20%)   |   -77198.52   |   158669.22   |    158669.22    |
|          RHARO_AJ390035           |   0.02   |    3     |   13.37 ( 1.79%)   |   -77198.48   |   158673.23   |    158669.22    |
|               Node6               |   0.02   |    2     |    0.27 ( 0.00%)   |   -77198.52   |   158673.29   |    158669.22    |
|           RANRA_L75849            |   0.02   |    2     |  119.41 ( 0.53%)   |   -77191.06   |   158658.39   |    158658.39    |
|           RANRA_L75849            |   0.02   |    3     |  158.65 ( 0.50%)   |   -77190.78   |   158661.89   |    158658.39    |
|BRACHYPODIUM_DISTACHYON_NC_01103...|   0.02   |    2     |    0.15 (46.77%)   |   -77190.94   |   158662.22   |    158658.39    |
|          BEGCU_AF534740           |   0.02   |    2     |   24.92 ( 2.68%)   |   -77183.29   |   158646.91   |    158646.91    |
|          BEGCU_AF534740           |   0.02   |    3     |   26.73 ( 2.43%)   |   -77183.24   |   158650.89   |    158646.91    |
|              Node681              |   0.02   |    2     |  164.57 ( 0.93%)   |   -77170.31   |   158625.04   |    158625.04    |
|              Node681              |   0.02   |    3     |  194.19 ( 0.85%)   |   -77170.18   |   158628.85   |    158625.04    |
|           RUTSP_U38860            |   0.02   |    2     |  198.78 ( 1.84%)   |   -77165.94   |   158620.37   |    158620.37    |
|           RUTSP_U38860            |   0.02   |    3     |  189.33 ( 1.82%)   |   -77165.91   |   158624.39   |    158620.37    |
|           CYRER_L01900            |   0.02   |    2     |    0.25 (49.30%)   |   -77165.94   |   158624.44   |    158620.37    |
|          HANCO_AF323188           |   0.02   |    2     |   19.99 ( 5.70%)   |   -77162.64   |   158617.84   |    158617.84    |
|          HANCO_AF323188           |   0.02   |    3     |   21.92 ( 5.06%)   |   -77162.62   |   158621.89   |    158617.84    |
|              Node895              |   0.02   |    2     |   12.80 ( 2.71%)   |   -77158.23   |   158613.09   |    158613.09    |
|              Node895              |   0.02   |    3     |   13.98 ( 2.34%)   |   -77158.27   |   158617.25   |    158613.09    |
|              Node69               |   0.02   |    2     |   14.90 ( 1.16%)   |   -77154.20   |   158609.12   |    158609.12    |
|              Node69               |   0.02   |    3     |   18.58 ( 0.96%)   |   -77154.14   |   158613.07   |    158609.12    |
|          ERIER_AF419826           |   0.02   |    2     |    9.63 ( 7.26%)   |   -77153.60   |   158611.99   |    158609.12    |
|          MLVMV_AY328175           |   0.02   |    2     |    0.52 (81.93%)   |   -77154.20   |   158613.20   |    158609.12    |
|              Node520              |   0.02   |    2     |    0.13 (13.36%)   |   -77154.21   |   158613.21   |    158609.12    |
|          ERIER_AF124583           |   0.02   |    2     |   29.38 ( 0.60%)   |   -77151.79   |   158608.38   |    158608.38    |
|          ERIER_AF124583           |   0.02   |    3     |   65.16 ( 0.37%)   |   -77151.68   |   158612.23   |    158608.38    |
|              Node262              |   0.02   |    2     |   92.98 ( 0.71%)   |   -77135.63   |   158580.13   |    158580.13    |
|              Node262              |   0.02   |    3     |  101.83 ( 0.67%)   |   -77135.55   |   158584.06   |    158580.13    |
|           PLMCA_Z97641            |   0.02   |    2     |   14.18 ( 1.11%)   |   -77131.46   |   158575.87   |    158575.87    |
|           PLMCA_Z97641            |   0.02   |    3     |   15.41 ( 0.96%)   |   -77131.52   |   158580.07   |    158575.87    |
|              Node873              |   0.02   |    2     |    0.26 ( 0.00%)   |   -77131.46   |   158579.95   |    158575.87    |
|           PPVRA_U86624            |   0.02   |    2     |    0.14 (12.93%)   |   -77131.47   |   158579.96   |    158575.87    |
|              Node224              |   0.02   |    2     |    0.27 ( 0.00%)   |   -77131.46   |   158579.95   |    158575.87    |
|           MSNER_L12598            |   0.02   |    2     |    7.18 ( 4.95%)   |   -77129.19   |   158575.41   |    158575.41    |
|           MSNER_L12598            |   0.02   |    3     |    7.11 ( 4.96%)   |   -77129.19   |   158579.49   |    158575.41    |
|              Node531              |   0.02   |    2     |    0.25 ( 0.00%)   |   -77129.19   |   158579.49   |    158575.41    |
|           PROPR_U79165            |   0.02   |    2     |    0.79 ( 5.40%)   |   -77129.19   |   158579.49   |    158575.41    |
|              Node128              |   0.02   |    2     |   42.35 ( 2.27%)   |   -77120.36   |   158561.83   |    158561.83    |
|              Node128              |   0.02   |    3     |   44.57 ( 2.13%)   |   -77120.34   |   158565.87   |    158561.83    |
|              Node668              |   0.02   |    2     |   0.13 (100.00%)   |   -77120.36   |   158565.91   |    158561.83    |
|          CAEFB_AY308532           |   0.02   |    2     |    8.71 ( 2.77%)   |   -77117.42   |   158560.02   |    158560.02    |
|          CAEFB_AY308532           |   0.02   |    3     |   10.21 ( 2.30%)   |   -77117.43   |   158564.11   |    158560.02    |
|          PGNCA_AF297144           |   0.02   |    2     |    0.29 (23.32%)   |   -77117.42   |   158564.10   |    158560.02    |
|          CELCE_AJ402994           |   0.02   |    2     |    0.33 (51.20%)   |   -77117.42   |   158564.10   |    158560.02    |
|          AMACA_AY270074           |   0.02   |    2     |   11.59 ( 3.53%)   |   -77114.60   |   158558.46   |    158558.46    |
|          AMACA_AY270074           |   0.02   |    3     |   13.06 ( 2.93%)   |   -77114.59   |   158562.51   |    158558.46    |
|              Node75               |   0.02   |    2     |   21.71 ( 1.37%)   |   -77106.78   |   158546.90   |    158546.90    |
|              Node75               |   0.02   |    3     |   24.43 ( 1.21%)   |   -77106.78   |   158550.97   |    158546.90    |
|              Node653              |   0.02   |    2     |    0.11 (61.03%)   |   -77106.78   |   158550.97   |    158546.90    |
|           BURSP_U39276            |   0.02   |    2     |   24.08 ( 2.69%)   |   -77104.08   |   158545.57   |    158545.57    |
|           BURSP_U39276            |   0.02   |    3     |   23.57 ( 2.44%)   |   -77104.11   |   158549.70   |    158545.57    |
|              Node663              |   0.02   |    2     |    0.26 (50.51%)   |   -77104.09   |   158549.67   |    158545.57    |
|              Node517              |   0.02   |    2     |    0.24 (23.66%)   |   -77104.08   |   158549.65   |    158545.57    |
|           GYRBR_L22439            |   0.02   |    2     |   32.76 ( 0.49%)   |   -77098.86   |   158539.22   |    158539.22    |
|           GYRBR_L22439            |   0.02   |    3     |   39.06 ( 0.44%)   |   -77098.93   |   158543.43   |    158539.22    |
|          RHARO_AJ390028           |   0.02   |    2     |    5.10 (19.51%)   |   -77098.44   |   158542.44   |    158539.22    |
|           CELCE_X69754            |   0.01   |    2     |   29.64 ( 1.12%)   |   -77093.68   |   158532.93   |    158532.93    |
|           CELCE_X69754            |   0.01   |    3     |   36.32 ( 0.98%)   |   -77093.72   |   158537.08   |    158532.93    |
|          ERIER_AF124588           |   0.01   |    2     |    9.03 ( 4.69%)   |   -77092.99   |   158535.62   |    158532.93    |
|          HYPMA_AF518396           |   0.01   |    2     |    0.96 ( 8.61%)   |   -77093.55   |   158536.75   |    158532.93    |
|              Node70               |   0.01   |    2     |   22.78 ( 1.00%)   |   -77087.31   |   158524.26   |    158524.26    |
|              Node70               |   0.01   |    3     |   29.09 ( 0.87%)   |   -77087.44   |   158528.61   |    158524.26    |
|              Node898              |   0.01   |    2     |    0.27 ( 0.00%)   |   -77087.31   |   158528.34   |    158524.26    |
|          MSNER_AF213813           |   0.01   |    2     |    0.59 (51.12%)   |   -77087.31   |   158528.34   |    158524.26    |
|           ERIER_U80432            |   0.01   |    2     |    0.26 ( 0.00%)   |   -77087.31   |   158528.34   |    158524.26    |
|              Node170              |   0.01   |    2     |   13.42 ( 0.71%)   |   -77083.04   |   158519.81   |    158519.81    |
|              Node170              |   0.01   |    3     |   14.65 ( 0.62%)   |   -77083.07   |   158523.95   |    158519.81    |
|          THPER_AF213819           |   0.01   |    2     |   34.13 ( 1.53%)   |   -77077.91   |   158513.62   |    158513.62    |
|          THPER_AF213819           |   0.01   |    3     |   37.15 ( 1.31%)   |   -77077.92   |   158517.71   |    158513.62    |
|              Node413              |   0.01   |    2     |    0.07 (97.22%)   |   -77077.91   |   158517.70   |    158513.62    |
|          RUTSP_AF066812           |   0.01   |    2     |    7.39 ( 7.54%)   |   -77076.97   |   158515.82   |    158513.62    |
|           APECA_Z83150            |   0.01   |    2     |   0.13 (100.00%)   |   -77077.91   |   158517.70   |    158513.62    |
|              Node452              |   0.01   |    2     |   10.77 ( 1.08%)   |   -77073.95   |   158509.77   |    158509.77    |
|              Node452              |   0.01   |    3     |   13.39 ( 0.86%)   |   -77073.92   |   158513.79   |    158509.77    |
|           PLMCA_Z97644            |   0.01   |    2     |  111.56 ( 2.70%)   |   -77056.86   |   158479.68   |    158479.68    |
|           PLMCA_Z97644            |   0.01   |    3     |  526.46 ( 1.33%)   |   -77055.31   |   158480.65   |    158479.68    |
|          PLMCA_AJ286363           |   0.01   |    2     |    9.56 ( 3.76%)   |   -77056.15   |   158482.34   |    158479.68    |
|              Node488              |   0.01   |    2     |   22.13 ( 0.78%)   |   -77052.14   |   158474.32   |    158474.32    |
|              Node488              |   0.01   |    3     |   69.83 ( 0.58%)   |   -77052.03   |   158478.17   |    158474.32    |
|           PLMCA_Z97642            |   0.01   |    2     |    0.25 (11.69%)   |   -77052.14   |   158478.39   |    158474.32    |
|          MSPRA_AF093726           |   0.01   |    2     |    0.60 (78.75%)   |   -77052.15   |   158478.41   |    158474.32    |
|          ERIER_AF419836           |   0.01   |    2     |    9.74 ( 9.13%)   |   -77050.91   |   158475.93   |    158474.32    |
|              Node248              |   0.01   |    2     |    0.26 ( 0.00%)   |   -77052.14   |   158478.40   |    158474.32    |
|          MLVMV_AY328190           |   0.01   |    2     |   38.08 ( 4.84%)   |   -77047.21   |   158468.53   |    158468.53    |
|          MLVMV_AY328190           |   0.01   |    3     |   38.85 ( 4.57%)   |   -77047.20   |   158472.59   |    158468.53    |
|          URTRO_AY208704           |   0.01   |    2     |    0.14 (41.71%)   |   -77047.22   |   158472.62   |    158468.53    |
|           ERIER_U49289            |   0.01   |    2     |  152.06 ( 0.39%)   |   -77044.05   |   158466.29   |    158466.29    |
|           ERIER_U49289            |   0.01   |    3     |  136.10 ( 0.38%)   |   -77044.02   |   158470.31   |    158466.29    |
|              Node620              |   0.01   |    2     |    0.26 ( 0.00%)   |   -77044.05   |   158470.37   |    158466.29    |
|          MLVMV_AY328176           |   0.01   |    2     |   20.52 ( 1.74%)   |   -77042.08   |   158466.42   |    158466.29    |
|              Node575              |   0.01   |    2     |  177.65 ( 0.57%)   |   -77039.32   |   158460.92   |    158460.92    |
|              Node575              |   0.01   |    3     |  197.75 ( 0.56%)   |   -77039.32   |   158464.99   |    158460.92    |
|           BURSP_U38856            |   0.01   |    2     |   12.14 ( 7.19%)   |   -77037.09   |   158460.53   |    158460.53    |
|           BURSP_U38856            |   0.01   |    3     |   13.07 ( 6.28%)   |   -77037.10   |   158464.62   |    158460.53    |
|              Node907              |   0.01   |    2     |    1.27 ( 1.84%)   |   -77037.07   |   158464.57   |    158460.53    |
|          DILDI_AF095734           |   0.01   |    2     |    6.40 ( 3.05%)   |   -77036.08   |   158462.59   |    158460.53    |
|           CELCE_X83996            |   0.01   |    2     |    0.27 ( 9.59%)   |   -77037.06   |   158464.54   |    158460.53    |
|           ERIER_U80419            |   0.01   |    2     |   20.79 ( 0.62%)   |   -77035.05   |   158460.52   |    158460.52    |
|           ERIER_U80419            |   0.01   |    3     |   28.60 ( 0.52%)   |   -77035.11   |   158464.72   |    158460.52    |
|           ERIER_U49293            |   0.01   |    2     |  154.02 ( 0.41%)   |   -77033.12   |   158460.74   |    158460.52    |
|              Node30               |   0.01   |    2     |    0.25 ( 0.00%)   |   -77035.05   |   158464.60   |    158460.52    |
|           ERIER_L12626            |   0.01   |    2     |   14.92 ( 2.20%)   |   -77033.27   |   158461.05   |    158460.52    |
|          AMACA_AY270083           |   0.01   |    2     |    0.26 ( 0.00%)   |   -77035.05   |   158464.60   |    158460.52    |
|          ERIER_AF124580           |   0.01   |    2     |  119.87 ( 0.44%)   |   -77032.56   |   158459.63   |    158459.63    |
|          ERIER_AF124580           |   0.01   |    3     |  136.12 ( 0.41%)   |   -77032.54   |   158463.66   |    158459.63    |
|           DIOCA_Z97637            |   0.01   |    2     |    8.33 ( 3.05%)   |   -77031.99   |   158462.56   |    158459.63    |
|           ERIER_U80422            |   0.01   |    2     |   14.34 ( 1.05%)   |   -77028.50   |   158455.58   |    158455.58    |
|           ERIER_U80422            |   0.01   |    3     |   15.95 ( 0.90%)   |   -77028.51   |   158459.68   |    158455.58    |
|     HORDEUM_VULGARE_NC_008590     |   0.01   |    2     |    0.23 (48.11%)   |   -77028.37   |   158459.41   |    158455.58    |
|              Node598              |   0.01   |    2     |   24.20 ( 1.11%)   |   -77024.54   |   158451.74   |    158451.74    |
|              Node598              |   0.01   |    3     |   25.56 ( 1.01%)   |   -77024.55   |   158455.85   |    158451.74    |
|          DILDI_AF093721           |   0.01   |    2     |   20.27 ( 1.77%)   |   -77020.42   |   158447.57   |    158447.57    |
|          DILDI_AF093721           |   0.01   |    3     |   23.24 ( 1.60%)   |   -77020.44   |   158451.70   |    158447.57    |
|              Node827              |   0.01   |    2     |   11.38 ( 1.59%)   |   -77017.01   |   158444.83   |    158444.83    |
|              Node827              |   0.01   |    3     |   13.21 ( 1.32%)   |   -77017.00   |   158448.90   |    158444.83    |
|          ZYGZY_AF200471           |   0.01   |    2     |   31.48 ( 3.90%)   |   -77013.13   |   158441.17   |    158441.17    |
|          ZYGZY_AF200471           |   0.01   |    3     |   32.09 ( 3.58%)   |   -77013.13   |   158445.24   |    158441.17    |
|          PFLMA_AF206802           |   0.01   |    2     |   10.29 ( 4.27%)   |   -77010.68   |   158440.35   |    158440.35    |
|          PFLMA_AF206802           |   0.01   |    3     |   11.18 ( 3.51%)   |   -77010.71   |   158444.47   |    158440.35    |
|           PROPR_U79164            |   0.01   |    2     |    0.43 ( 9.63%)   |   -77010.69   |   158444.43   |    158440.35    |
|          RUTSP_AF123276           |   0.01   |    2     |    0.16 (99.80%)   |   -77010.68   |   158444.42   |    158440.35    |
|          CAEFB_AY904379           |   0.01   |    2     |    7.39 ( 2.22%)   |   -77009.56   |   158442.17   |    158440.35    |
|          ERIER_AF419837           |   0.01   |    2     |   1.69 (100.00%)   |   -77010.68   |   158444.42   |    158440.35    |
|          BERRA_AF203487           |   0.01   |    2     |   24.64 ( 1.80%)   |   -77006.68   |   158436.42   |    158436.42    |
|          BERRA_AF203487           |   0.01   |    3     |   25.41 ( 1.65%)   |   -77006.67   |   158440.47   |    158436.42    |
|           PROPR_U79166            |   0.01   |    2     |    8.54 ( 6.12%)   |   -77004.65   |   158436.44   |    158436.42    |
|           ALZMY_U26316            |   0.01   |    2     |    0.39 (89.00%)   |   -77006.68   |   158440.50   |    158436.42    |
|          JUGFA_AJ235790           |   0.01   |    2     |    0.25 (24.78%)   |   -77006.68   |   158440.50   |    158436.42    |
|           PGNCA_Z97647            |   0.01   |    2     |  446.64 ( 0.54%)   |   -76999.01   |   158425.16   |    158425.16    |
|           PGNCA_Z97647            |   0.01   |    3     |  480.14 ( 0.51%)   |   -76999.00   |   158429.21   |    158425.16    |
|           ERIER_U80434            |   0.01   |    2     |    0.39 (50.74%)   |   -76999.01   |   158429.24   |    158425.16    |
|          THYMV_AJ297230           |   0.01   |    2     |    0.36 ( 0.00%)   |   -76999.01   |   158429.23   |    158425.16    |
|           COCCU_U06840            |   0.01   |    2     |    0.40 (90.02%)   |   -76999.01   |   158429.23   |    158425.16    |
|              Node314              |   0.01   |    2     |    0.27 ( 0.00%)   |   -76999.01   |   158429.23   |    158425.16    |
|              Node955              |   0.01   |    2     |    0.03 (23.90%)   |   -76999.01   |   158429.23   |    158425.16    |
|              Node340              |   0.01   |    2     |    0.25 ( 0.00%)   |   -76999.01   |   158429.23   |    158425.16    |
|              Node456              |   0.01   |    2     |    0.28 ( 0.00%)   |   -76999.01   |   158429.23   |    158425.16    |
|           SIMSP_U38927            |   0.01   |    2     |   12.68 ( 1.49%)   |   -76995.43   |   158422.08   |    158422.08    |
|           SIMSP_U38927            |   0.01   |    3     |   14.16 ( 1.28%)   |   -76995.46   |   158426.22   |    158422.08    |
|          MALMA_AF344470           |   0.01   |    2     |   22.40 ( 2.00%)   |   -76993.06   |   158421.41   |    158421.41    |
|          MALMA_AF344470           |   0.01   |    3     |   22.22 ( 1.80%)   |   -76993.07   |   158425.52   |    158421.41    |
|          MSTMY_AF215521           |   0.01   |    2     |  111.44 ( 1.26%)   |   -76977.65   |   158394.68   |    158394.68    |
|          MSTMY_AF215521           |   0.01   |    3     |  125.92 ( 1.20%)   |   -76977.60   |   158398.65   |    158394.68    |
|          ERIER_AF419818           |   0.01   |    2     |   29.69 ( 1.56%)   |   -76973.52   |   158390.50   |    158390.50    |
|          ERIER_AF419818           |   0.01   |    3     |   32.49 ( 1.41%)   |   -76973.55   |   158394.63   |    158390.50    |
|              Node937              |   0.01   |    2     |   84.44 ( 4.64%)   |   -76966.20   |   158379.93   |    158379.93    |
|              Node937              |   0.01   |    3     |   81.39 ( 4.55%)   |   -76966.20   |   158384.02   |    158379.93    |
|              Node236              |   0.01   |    2     |    0.25 (23.80%)   |   -76966.21   |   158384.04   |    158379.93    |
|           ERIER_U49284            |   0.01   |    2     |    0.42 (61.29%)   |   -76966.20   |   158384.02   |    158379.93    |
|              Node297              |   0.01   |    2     |    0.13 (60.08%)   |   -76966.21   |   158384.02   |    158379.93    |
|          CAEFB_AY904377           |   0.01   |    2     |   0.16 (100.00%)   |   -76966.20   |   158384.01   |    158379.93    |
|              Node402              |   0.01   |    2     |    0.36 ( 0.00%)   |   -76966.19   |   158383.98   |    158379.93    |
|           VIOMA_Z75693            |   0.01   |    2     |   12.32 ( 4.01%)   |   -76965.37   |   158382.34   |    158379.93    |
|          MELSP_AJ403017           |   0.01   |    2     |   12.80 ( 3.59%)   |   -76963.56   |   158378.74   |    158378.74    |
|          MELSP_AJ403017           |   0.01   |    3     |   13.74 ( 3.06%)   |   -76963.57   |   158382.83   |    158378.74    |
|              Node135              |   0.01   |    2     |   15.89 ( 0.66%)   |   -76961.80   |   158379.28   |    158378.74    |
|              Node509              |   0.01   |    2     |   18.62 ( 1.33%)   |   -76959.60   |   158374.88   |    158374.88    |
|              Node509              |   0.01   |    3     |   20.47 ( 1.19%)   |   -76959.63   |   158379.04   |    158374.88    |
|           ERIER_U82765            |   0.01   |    2     |    0.60 (75.96%)   |   -76959.60   |   158378.96   |    158374.88    |
|           LECER_Z80202            |   0.01   |    2     |    0.40 (94.71%)   |   -76959.60   |   158378.97   |    158374.88    |
|              Node247              |   0.01   |    2     |    0.24 ( 9.94%)   |   -76959.60   |   158378.98   |    158374.88    |
|          AMACA_AY270117           |   0.01   |    2     |   17.42 ( 1.37%)   |   -76955.85   |   158371.47   |    158371.47    |
|          AMACA_AY270117           |   0.01   |    3     |   18.53 ( 1.22%)   |   -76955.86   |   158375.57   |    158371.47    |
|           SAPSP_U38922            |   0.01   |    2     |    0.16 (99.51%)   |   -76955.85   |   158375.55   |    158371.47    |
|           RUTSP_U38861            |   0.01   |    2     |   10.71 ( 3.91%)   |   -76954.53   |   158372.91   |    158371.47    |
|              Node842              |   0.01   |    2     |    0.25 ( 0.00%)   |   -76955.85   |   158375.55   |    158371.47    |
|          ROSRO_AY052513           |   0.01   |    2     |    0.76 ( 4.54%)   |   -76955.85   |   158375.54   |    158371.47    |
|          PPLER_AF419239           |   0.01   |    2     |    0.08 (37.22%)   |   -76955.85   |   158375.55   |    158371.47    |
|          PLMCA_AJ312252           |   0.01   |    2     |   >1000 ( 0.36%)   |   -76951.03   |   158365.91   |    158365.91    |
|          PLMCA_AJ312252           |   0.01   |    3     |   >1000 ( 0.36%)   |   -76951.03   |   158370.00   |    158365.91    |
|           LARRA_L37921            |   0.01   |    2     |    0.25 (50.22%)   |   -76951.04   |   158370.00   |    158365.91    |
|          MSNER_AF213811           |   0.01   |    2     |  122.89 ( 1.77%)   |   -76939.10   |   158346.13   |    158346.13    |
|          MSNER_AF213811           |   0.01   |    3     |  131.52 ( 1.69%)   |   -76939.00   |   158350.01   |    158346.13    |
|          PRMER_AF394997           |   0.01   |    2     |    0.09 (90.38%)   |   -76939.10   |   158350.21   |    158346.13    |
|          ERIER_AF419828           |   0.01   |    2     |    0.60 (90.82%)   |   -76939.10   |   158350.21   |    158346.13    |
|          MLVMV_AY328194           |   0.01   |    2     |    0.75 (49.43%)   |   -76939.10   |   158350.21   |    158346.13    |
|           ERIER_U80433            |   0.01   |    2     |    0.74 (25.12%)   |   -76939.10   |   158350.21   |    158346.13    |
|              Node674              |   0.01   |    2     |    0.26 ( 0.00%)   |   -76939.10   |   158350.21   |    158346.13    |
|              Node831              |   0.01   |    2     |   45.00 ( 0.85%)   |   -76931.27   |   158334.55   |    158334.55    |
|              Node831              |   0.01   |    3     |   49.82 ( 0.81%)   |   -76931.34   |   158338.77   |    158334.55    |
|           DROCA_L01914            |   0.01   |    2     |    0.64 ( 7.43%)   |   -76931.22   |   158338.52   |    158334.55    |
|              Node950              |   0.01   |    2     |    0.53 (10.42%)   |   -76931.29   |   158338.67   |    158334.55    |
|              Node862              |   0.01   |    2     |    0.24 ( 0.00%)   |   -76931.27   |   158338.63   |    158334.55    |
|              Node952              |   0.01   |    2     |    0.18 (18.12%)   |   -76931.27   |   158338.64   |    158334.55    |
|          CRNCO_AF190433           |   0.01   |    2     |   10.57 ( 8.71%)   |   -76930.08   |   158336.26   |    158334.55    |
|           SARMV_U26337            |   0.01   |    2     |    0.26 (10.18%)   |   -76931.27   |   158338.63   |    158334.55    |
|           PROPR_U79173            |   0.01   |    2     |   0.17 (100.00%)   |   -76931.27   |   158338.63   |    158334.55    |
|              Node199              |   0.01   |    2     |   32.10 ( 0.98%)   |   -76926.86   |   158329.81   |    158329.81    |
|              Node199              |   0.01   |    3     |   34.89 ( 0.91%)   |   -76926.84   |   158333.85   |    158329.81    |
|          BEGCU_AF534722           |   0.01   |    2     |    0.25 (24.95%)   |   -76926.86   |   158333.89   |    158329.81    |
|              Node316              |   0.01   |    2     |    0.26 ( 0.00%)   |   -76926.86   |   158333.89   |    158329.81    |
|          LARRA_AF093731           |   0.01   |    2     |    0.48 (25.86%)   |   -76926.86   |   158333.89   |    158329.81    |
|              Node296              |   0.01   |    2     |    0.25 ( 0.00%)   |   -76926.86   |   158333.89   |    158329.81    |
|          GUNGU_AF060707           |   0.01   |    2     |   10.36 ( 2.68%)   |   -76923.99   |   158328.15   |    158328.15    |
|          GUNGU_AF060707           |   0.01   |    3     |   11.05 ( 2.24%)   |   -76924.00   |   158332.26   |    158328.15    |
|          ROSRO_AY052506           |   0.01   |    2     |    0.74 (50.15%)   |   -76923.99   |   158332.23   |    158328.15    |
|           ERIER_U80426            |   0.01   |    2     |    0.40 (22.90%)   |   -76924.02   |   158332.28   |    158328.15    |
|              Node872              |   0.01   |    2     |   11.85 ( 4.24%)   |   -76921.57   |   158327.39   |    158327.39    |
|              Node872              |   0.01   |    3     |   13.11 ( 3.61%)   |   -76921.55   |   158331.44   |    158327.39    |
|          PHLCA_AJ235800           |   0.01   |    2     |   28.81 ( 2.36%)   |   -76920.35   |   158329.03   |    158327.39    |
|              Node661              |   0.01   |    2     |   24.85 ( 2.10%)   |   -76919.27   |   158326.87   |    158326.87    |
|              Node661              |   0.01   |    3     |   26.54 ( 1.84%)   |   -76919.27   |   158330.95   |    158326.87    |
|           ERIER_U80428            |   0.01   |    2     |    0.26 (10.32%)   |   -76919.28   |   158330.96   |    158326.87    |
|          PGNCA_AF297146           |   0.01   |    2     |    9.30 ( 4.78%)   |   -76917.04   |   158326.49   |    158326.49    |
|          PGNCA_AF297146           |   0.01   |    3     |   10.53 ( 3.90%)   |   -76917.05   |   158330.59   |    158326.49    |
|          RHARO_AJ225785           |   0.01   |    2     |   0.16 (100.00%)   |   -76917.04   |   158330.57   |    158326.49    |
|           RUTSP_U38863            |   0.01   |    2     |   18.89 ( 1.46%)   |   -76913.44   |   158323.38   |    158323.38    |
|           RUTSP_U38863            |   0.01   |    3     |   20.47 ( 1.29%)   |   -76913.42   |   158327.42   |    158323.38    |
|              Node846              |   0.01   |    2     |   56.00 ( 2.04%)   |   -76902.78   |   158306.12   |    158306.12    |
|              Node846              |   0.01   |    3     |   56.13 ( 1.96%)   |   -76902.77   |   158310.20   |    158306.12    |
|          THPER_AF213815           |   0.01   |    2     |   24.94 ( 2.46%)   |   -76899.43   |   158303.51   |    158303.51    |
|          THPER_AF213815           |   0.01   |    3     |   26.80 ( 2.20%)   |   -76899.43   |   158307.59   |    158303.51    |
|              Node242              |   0.01   |    2     |   17.32 ( 2.57%)   |   -76897.67   |   158304.07   |    158303.51    |
|          PGNCA_AF297145           |   0.01   |    2     |   1.76 (100.00%)   |   -76899.43   |   158307.59   |    158303.51    |
|           MGVER_Z80200            |   0.01   |    2     |   29.77 ( 4.90%)   |   -76898.30   |   158305.34   |    158303.51    |
|           ERIER_U80431            |   0.01   |    2     |    0.45 (24.27%)   |   -76899.43   |   158307.60   |    158303.51    |
|              Node597              |   0.01   |    2     |   21.23 ( 0.93%)   |   -76895.24   |   158299.22   |    158299.22    |
|              Node597              |   0.01   |    3     |   30.53 ( 0.76%)   |   -76895.32   |   158303.45   |    158299.22    |
|          MALMA_AF344474           |   0.01   |    2     |    0.40 (75.00%)   |   -76895.24   |   158303.30   |    158299.22    |
|          VITVT_AJ419726           |   0.01   |    2     |   1.74 (100.00%)   |   -76895.24   |   158303.30   |    158299.22    |
|              Node830              |   0.01   |    2     |    0.74 ( 5.06%)   |   -76895.09   |   158303.00   |    158299.22    |
|              Node631              |   0.01   |    2     |   55.70 ( 0.24%)   |   -76889.08   |   158290.98   |    158290.98    |
|              Node631              |   0.01   |    3     |   64.53 ( 0.22%)   |   -76889.15   |   158295.19   |    158290.98    |
|          AIZCA_AJ235778           |   0.01   |    2     |   37.61 ( 2.16%)   |   -76884.09   |   158285.07   |    158285.07    |
|          AIZCA_AJ235778           |   0.01   |    3     |   41.01 ( 2.00%)   |   -76884.08   |   158289.13   |    158285.07    |
|          AMACA_AY270087           |   0.01   |    2     |    0.13 (99.74%)   |   -76884.09   |   158289.15   |    158285.07    |
|              Node595              |   0.01   |    2     |    0.07 (34.65%)   |   -76884.09   |   158289.15   |    158285.07    |
|          CLUMA_AY625029           |   0.01   |    2     |    0.51 (28.87%)   |   -76884.09   |   158289.15   |    158285.07    |
|          SAPSP_AJ403008           |   0.01   |    2     |   45.53 ( 1.52%)   |   -76881.95   |   158284.88   |    158284.88    |
|          SAPSP_AJ403008           |   0.01   |    3     |   46.44 ( 1.35%)   |   -76881.95   |   158288.96   |    158284.88    |
|          ERIER_AF419814           |   0.01   |    2     |    0.77 ( 9.70%)   |   -76881.95   |   158288.96   |    158284.88    |
|           ERIER_U81798            |   0.01   |    2     |    0.05 (24.85%)   |   -76881.95   |   158288.96   |    158284.88    |
|              Node120              |   0.01   |    2     |    0.26 ( 0.00%)   |   -76881.43   |   158287.91   |    158284.88    |
|           PHYCA_Y13116            |   0.01   |    2     |    0.52 (90.81%)   |   -76881.95   |   158288.96   |    158284.88    |
|              Node550              |   0.01   |    2     |   22.41 ( 0.64%)   |   -76878.13   |   158281.32   |    158281.32    |
|              Node550              |   0.01   |    3     |   29.58 ( 0.57%)   |   -76878.12   |   158285.37   |    158281.32    |
|          LYTMY_AY905411           |   0.01   |    2     |    0.15 (77.98%)   |   -76878.14   |   158285.41   |    158281.32    |
|              Node275              |   0.01   |    2     |   69.49 ( 0.73%)   |   -76872.76   |   158274.66   |    158274.66    |
|              Node275              |   0.01   |    3     |   82.84 ( 0.69%)   |   -76872.76   |   158278.74   |    158274.66    |
|          CLUMA_AF518383           |   0.01   |    2     |   53.84 ( 1.84%)   |   -76867.31   |   158267.83   |    158267.83    |
|          CLUMA_AF518383           |   0.01   |    3     |   62.23 ( 1.70%)   |   -76867.25   |   158271.79   |    158267.83    |
|          ROSRO_AF132893           |   0.01   |    2     |    0.25 (25.84%)   |   -76867.31   |   158271.91   |    158267.83    |
|          MSNER_AF213821           |   0.01   |    2     |  570.54 ( 1.44%)   |   -76854.37   |   158246.03   |    158246.03    |
|          MSNER_AF213821           |   0.01   |    3     |  590.42 ( 1.42%)   |   -76854.39   |   158250.16   |    158246.03    |
|          SLAER_AF421108           |   0.01   |    2     |   19.73 ( 1.66%)   |   -76850.81   |   158242.99   |    158242.99    |
|          SLAER_AF421108           |   0.01   |    3     |   31.57 ( 1.25%)   |   -76850.87   |   158247.20   |    158242.99    |
|           PENMY_U26331            |   0.01   |    2     |    0.24 (47.95%)   |   -76850.81   |   158247.08   |    158242.99    |
|           CRNCO_L14395            |   0.01   |    2     |   68.09 ( 0.78%)   |   -76847.64   |   158240.74   |    158240.74    |
|           CRNCO_L14395            |   0.01   |    3     |  110.99 ( 0.56%)   |   -76847.64   |   158244.83   |    158240.74    |
|           ANASP_U38928            |   0.01   |    2     |    0.30 (50.32%)   |   -76847.65   |   158244.84   |    158240.74    |
|              Node339              |   0.01   |    2     |    0.22 ( 0.00%)   |   -76847.60   |   158244.75   |    158240.74    |
|           RHARO_U59819            |   0.01   |    2     |    0.27 ( 9.68%)   |   -76847.64   |   158244.82   |    158240.74    |
|          MSTMY_AJ235777           |   0.01   |    2     |   95.97 ( 2.37%)   |   -76840.97   |   158231.48   |    158231.48    |
|          MSTMY_AJ235777           |   0.01   |    3     |   93.70 ( 2.36%)   |   -76840.95   |   158235.53   |    158231.48    |
|          ROSRO_AF411494           |   0.01   |    2     |    0.90 ( 9.21%)   |   -76840.95   |   158235.51   |    158231.48    |
|              Node850              |   0.01   |    2     |   26.15 ( 1.14%)   |   -76838.70   |   158231.02   |    158231.02    |
|              Node850              |   0.01   |    3     |   27.68 ( 1.04%)   |   -76838.72   |   158235.14   |    158231.02    |
|          CAEFB_AY904376           |   0.01   |    2     |    1.00 (24.03%)   |   -76838.70   |   158235.11   |    158231.02    |
|              Node553              |   0.01   |    2     |    0.80 ( 5.30%)   |   -76838.66   |   158235.03   |    158231.02    |
|          MLVMV_AY328183           |   0.01   |    2     |   33.73 ( 4.30%)   |   -76836.16   |   158230.03   |    158230.03    |
|          MLVMV_AY328183           |   0.01   |    3     |   36.02 ( 3.99%)   |   -76836.17   |   158234.11   |    158230.03    |
|          MELSP_DQ238061           |   0.01   |    2     |    0.48 (24.68%)   |   -76836.15   |   158234.09   |    158230.03    |
|              Node165              |   0.01   |    2     |    0.26 (11.40%)   |   -76836.17   |   158234.12   |    158230.03    |
|          ERIER_AF124589           |   0.01   |    2     |   46.84 ( 0.85%)   |   -76831.25   |   158224.28   |    158224.28    |
|          ERIER_AF124589           |   0.01   |    3     |   49.94 ( 0.81%)   |   -76831.25   |   158228.36   |    158224.28    |
|           ERIER_U49292            |   0.01   |    2     |    0.23 (47.84%)   |   -76831.25   |   158228.37   |    158224.28    |
|           SIMSP_U38924            |   0.01   |    2     |    0.13 (67.29%)   |   -76831.25   |   158228.36   |    158224.28    |
|          RHARO_AJ390030           |   0.01   |    2     |  101.04 ( 4.81%)   |   -76826.62   |   158219.11   |    158219.11    |
|          RHARO_AJ390030           |   0.01   |    3     |   98.46 ( 4.64%)   |   -76826.61   |   158223.17   |    158219.11    |
|              Node35               |   0.01   |    2     |    0.27 (11.27%)   |   -76826.63   |   158223.21   |    158219.11    |
|              Node805              |   0.01   |    2     |    0.25 (50.21%)   |   -76826.63   |   158223.21   |    158219.11    |
|          ERIER_AF124587           |   0.01   |    2     |   14.17 ( 2.94%)   |   -76823.85   |   158217.66   |    158217.66    |
|          ERIER_AF124587           |   0.01   |    3     |   15.15 ( 2.60%)   |   -76823.87   |   158221.77   |    158217.66    |
|          ROSRO_AF329002           |   0.01   |    2     |   69.94 ( 7.44%)   |   -76821.97   |   158217.97   |    158217.66    |
|          EUPMA_AY794831           |   0.01   |    2     |    0.26 (25.95%)   |   -76823.86   |   158221.75   |    158217.66    |
|              Node365              |   0.01   |    2     |    0.16 (42.47%)   |   -76823.86   |   158221.75   |    158217.66    |
|          LYTMY_AY905406           |   0.01   |    2     |    0.40 (95.68%)   |   -76823.85   |   158221.74   |    158217.66    |
|          CLUMA_AF518388           |   0.01   |    2     |    1.56 (52.42%)   |   -76823.86   |   158221.74   |    158217.66    |
|          ACCCA_AF206733           |   0.01   |    2     |   29.88 ( 1.77%)   |   -76820.32   |   158214.67   |    158214.67    |
|          ACCCA_AF206733           |   0.01   |    3     |   33.09 ( 1.63%)   |   -76820.30   |   158218.71   |    158214.67    |
|          HAMSF_AJ131772           |   0.01   |    2     |    0.32 ( 9.69%)   |   -76820.33   |   158218.76   |    158214.67    |
|          THPER_AF213817           |   0.01   |    2     |   63.42 ( 2.54%)   |   -76813.75   |   158205.61   |    158205.61    |
|          THPER_AF213817           |   0.01   |    3     |   65.31 ( 2.44%)   |   -76813.75   |   158209.69   |    158205.61    |
|          MSTMY_AY456135           |   0.01   |    2     |   24.09 ( 1.47%)   |   -76811.69   |   158205.58   |    158205.58    |
|          MSTMY_AY456135           |   0.01   |    3     |   26.01 ( 1.34%)   |   -76811.71   |   158209.70   |    158205.58    |
|              Node731              |   0.01   |    2     |    0.37 (23.97%)   |   -76811.71   |   158209.69   |    158205.58    |
|              Node434              |   0.01   |    2     |    1.09 ( 5.19%)   |   -76811.69   |   158209.65   |    158205.58    |
|              Node327              |   0.01   |    2     |    0.26 ( 0.00%)   |   -76811.69   |   158209.65   |    158205.58    |
|           SIMSP_U38923            |   0.01   |    2     |   18.58 ( 2.89%)   |   -76810.13   |   158206.53   |    158205.58    |
|          ERIER_AF419835           |   0.01   |    2     |    0.40 (76.30%)   |   -76811.69   |   158209.66   |    158205.58    |
|           ERIER_U79743            |   0.01   |    2     |    0.35 (11.12%)   |   -76811.69   |   158209.66   |    158205.58    |
|          ERIER_AF419832           |   0.01   |    2     |   27.10 ( 1.42%)   |   -76807.93   |   158202.14   |    158202.14    |
|          ERIER_AF419832           |   0.01   |    3     |   28.59 ( 1.32%)   |   -76807.96   |   158206.27   |    158202.14    |
|              Node484              |   0.01   |    2     |   54.72 ( 1.32%)   |   -76804.73   |   158199.81   |    158199.81    |
|              Node484              |   0.01   |    3     |   54.95 ( 1.20%)   |   -76804.73   |   158203.91   |    158199.81    |
|          PDSSF_AJ403018           |   0.01   |    2     |    0.74 (10.18%)   |   -76804.74   |   158203.91   |    158199.81    |
|          POLFB_AJ235799           |   0.01   |    2     |    0.26 (23.82%)   |   -76804.73   |   158203.89   |    158199.81    |
|          LYTMY_AY905413           |   0.01   |    2     |    0.50 (49.92%)   |   -76804.73   |   158203.90   |    158199.81    |
|          MSNER_AF213806           |   0.01   |    2     |    1.40 (17.51%)   |   -76804.73   |   158203.90   |    158199.81    |
|              Node268              |   0.01   |    2     |    0.08 (21.87%)   |   -76804.73   |   158203.89   |    158199.81    |
|           LECER_Z80183            |   0.01   |    2     |    0.60 (90.00%)   |   -76804.73   |   158203.90   |    158199.81    |
|          ERIER_AF419823           |   0.01   |    2     |   25.36 ( 1.88%)   |   -76801.40   |   158197.24   |    158197.24    |
|          ERIER_AF419823           |   0.01   |    3     |   26.57 ( 1.69%)   |   -76801.41   |   158201.34   |    158197.24    |
|          ERIER_AF124573           |   0.01   |    2     |    0.40 (90.00%)   |   -76801.40   |   158201.33   |    158197.24    |
|           PGNCA_M77702            |   0.01   |    2     |   >1000 ( 1.50%)   |   -76790.66   |   158179.83   |    158179.83    |
|           PGNCA_M77702            |   0.01   |    3     |   >1000 ( 1.48%)   |   -76790.63   |   158183.85   |    158179.83    |
|              Node393              |   0.01   |    2     |    0.26 ( 0.00%)   |   -76790.66   |   158183.91   |    158179.83    |
|          CRNCO_AY530927           |   0.01   |    2     |    0.50 (50.00%)   |   -76790.63   |   158183.86   |    158179.83    |
|           PPVRA_U86632            |   0.01   |    2     |    0.24 ( 0.00%)   |   -76790.66   |   158183.91   |    158179.83    |
|              Node52               |   0.01   |    2     |   28.39 ( 0.95%)   |   -76786.94   |   158176.48   |    158176.48    |
|              Node52               |   0.01   |    3     |   38.67 ( 0.82%)   |   -76786.98   |   158180.64   |    158176.48    |
|          ROSRO_AF411503           |   0.01   |    2     |   34.61 ( 4.86%)   |   -76786.43   |   158179.54   |    158176.48    |
|          PRMER_AF395007           |   0.01   |    2     |    0.91 ( 4.41%)   |   -76786.94   |   158180.57   |    158176.48    |
|          ERIER_AF124575           |   0.01   |    2     |    1.01 (49.95%)   |   -76786.94   |   158180.57   |    158176.48    |
|          BERRA_AF079454           |   0.01   |    2     |    1.19 (29.23%)   |   -76786.94   |   158180.57   |    158176.48    |
|              Node376              |   0.01   |    2     |    0.06 (25.77%)   |   -76786.94   |   158180.57   |    158176.48    |
|          ROSRO_AF411496           |   0.01   |    2     |    1.04 (97.49%)   |   -76786.93   |   158180.55   |    158176.48    |
|              Node491              |   0.01   |    2     |   22.76 ( 1.44%)   |   -76785.46   |   158177.61   |    158176.48    |
|          CUCCU_AY862550           |   0.01   |    2     |    0.27 ( 9.94%)   |   -76786.94   |   158180.57   |    158176.48    |
|           ERIER_U82764            |   0.01   |    2     |   47.13 ( 3.37%)   |   -76784.34   |   158175.37   |    158175.37    |
|           ERIER_U82764            |   0.01   |    3     |   50.73 ( 3.18%)   |   -76784.34   |   158179.45   |    158175.37    |
|              Node288              |   0.01   |    2     |    0.25 ( 0.00%)   |   -76784.34   |   158179.45   |    158175.37    |
|              Node186              |   0.01   |    2     |   0.16 (100.00%)   |   -76784.34   |   158179.44   |    158175.37    |
|              Node205              |   0.01   |    2     |    0.25 ( 0.00%)   |   -76784.34   |   158179.45   |    158175.37    |
|          MYTMY_AJ235785           |   0.01   |    2     |   34.07 ( 1.84%)   |   -76780.76   |   158172.29   |    158172.29    |
|          MYTMY_AJ235785           |   0.01   |    3     |   36.82 ( 1.69%)   |   -76780.75   |   158176.36   |    158172.29    |
|           ERIER_U49294            |   0.01   |    2     |    0.24 (23.65%)   |   -76780.76   |   158176.37   |    158172.29    |
|          MALMA_AF344483           |   0.01   |    2     |    0.50 (24.69%)   |   -76780.76   |   158176.38   |    158172.29    |
|           MSNER_Z83145            |   0.01   |    2     |    0.40 (50.98%)   |   -76780.76   |   158176.37   |    158172.29    |
|          CRNCO_AY530929           |   0.01   |    2     |    0.51 (49.87%)   |   -76780.76   |   158176.37   |    158172.29    |
|              Node946              |   0.01   |    2     |   26.69 ( 4.68%)   |   -76779.06   |   158172.98   |    158172.29    |
|              Node123              |   0.01   |    2     |   38.79 ( 1.07%)   |   -76778.61   |   158172.06   |    158172.06    |
|              Node123              |   0.01   |    3     |   40.59 ( 1.00%)   |   -76778.63   |   158176.18   |    158172.06    |
|          BUXBX_AF203485           |   0.01   |    2     |    0.83 (20.35%)   |   -76778.61   |   158176.15   |    158172.06    |
|              Node68               |   0.01   |    2     |    0.27 ( 0.00%)   |   -76778.61   |   158176.14   |    158172.06    |
|              Node330              |   0.01   |    2     |    0.53 (10.26%)   |   -76778.61   |   158176.15   |    158172.06    |
|          AMACA_AY270131           |   0.01   |    2     |    1.00 (49.44%)   |   -76778.61   |   158176.15   |    158172.06    |
|           LARRA_L37916            |   0.01   |    2     |    0.32 (47.30%)   |   -76778.61   |   158176.14   |    158172.06    |
|              Node787              |   0.01   |    2     |    0.74 ( 5.12%)   |   -76778.61   |   158176.15   |    158172.06    |
|              Node254              |   0.01   |    2     |    0.27 ( 0.00%)   |   -76778.61   |   158176.14   |    158172.06    |
|              Node596              |   0.01   |    2     |    0.26 ( 0.00%)   |   -76778.61   |   158176.14   |    158172.06    |
|           ERIER_L12618            |   0.01   |    2     |  115.95 ( 1.29%)   |   -76774.69   |   158168.32   |    158168.32    |
|           ERIER_L12618            |   0.01   |    3     |  117.56 ( 1.25%)   |   -76774.70   |   158172.41   |    158168.32    |
|              Node497              |   0.01   |    2     |    0.30 (49.93%)   |   -76774.70   |   158172.41   |    158168.32    |
|              Node852              |   0.01   |    2     |   14.33 ( 2.60%)   |   -76774.47   |   158171.95   |    158168.32    |
|              Node392              |   0.01   |    2     |    0.56 (10.27%)   |   -76774.69   |   158172.40   |    158168.32    |
|              Node570              |   0.01   |    2     |    0.26 ( 0.00%)   |   -76774.69   |   158172.40   |    158168.32    |
|              Node920              |   0.01   |    2     |    0.26 (50.95%)   |   -76774.69   |   158172.40   |    158168.32    |
|               Node2               |   0.01   |    2     |  191.63 ( 0.54%)   |   -76766.57   |   158156.15   |    158156.15    |
|               Node2               |   0.01   |    3     |  196.34 ( 0.53%)   |   -76766.62   |   158160.34   |    158156.15    |
|              Node498              |   0.01   |    2     |    0.40 (50.96%)   |   -76766.44   |   158159.98   |    158156.15    |
|          ERIER_AF124574           |   0.01   |    2     |   45.34 ( 1.69%)   |   -76762.88   |   158152.87   |    158152.87    |
|          ERIER_AF124574           |   0.01   |    3     |   45.02 ( 1.61%)   |   -76762.89   |   158156.97   |    158152.87    |
|              Node435              |   0.01   |    2     |   45.44 ( 0.96%)   |   -76758.87   |   158148.92   |    158148.92    |
|              Node435              |   0.01   |    3     |   40.88 ( 0.93%)   |   -76758.83   |   158152.93   |    158148.92    |
|              Node292              |   0.01   |    2     |    0.39 ( 9.92%)   |   -76758.87   |   158153.00   |    158148.92    |
|          ERIER_AF419820           |   0.01   |    2     |    0.60 (75.18%)   |   -76758.87   |   158153.00   |    158148.92    |
|          PGNCA_AF297135           |   0.01   |    2     |    1.82 (62.58%)   |   -76758.86   |   158152.99   |    158148.92    |
|           CRNCO_L11217            |   0.01   |    2     |   31.94 ( 4.44%)   |   -76757.49   |   158150.23   |    158148.92    |
|          LECER_AF022134           |   0.01   |    2     |    0.40 (76.39%)   |   -76758.87   |   158153.00   |    158148.92    |
|              Node799              |   0.01   |    2     |    0.24 ( 0.00%)   |   -76758.87   |   158153.00   |    158148.92    |
|          RUTSP_AF066808           |   0.01   |    2     |    0.56 (50.80%)   |   -76758.87   |   158153.00   |    158148.92    |
|              Node100              |   0.01   |    2     |   22.42 ( 1.22%)   |   -76756.89   |   158149.05   |    158148.92    |
|              Node876              |   0.01   |    2     |    0.26 ( 0.00%)   |   -76758.87   |   158153.00   |    158148.92    |
|              Node237              |   0.01   |    2     |   22.57 ( 3.12%)   |   -76757.18   |   158149.62   |    158148.92    |
|              Node97               |   0.01   |    2     |   59.55 ( 1.14%)   |   -76754.41   |   158144.08   |    158144.08    |
|              Node97               |   0.01   |    3     |   57.28 ( 1.09%)   |   -76754.41   |   158148.17   |    158144.08    |
|          ERIER_AF419834           |   0.01   |    2     |    0.25 (83.67%)   |   -76754.41   |   158148.16   |    158144.08    |
|              Node335              |   0.01   |    2     |    0.25 ( 0.00%)   |   -76754.41   |   158148.16   |    158144.08    |
|           ERIER_U49291            |   0.01   |    2     |    0.40 (52.50%)   |   -76754.41   |   158148.16   |    158144.08    |
|              Node175              |   0.01   |    2     |    0.27 (31.40%)   |   -76794.84   |   158229.03   |    158144.08    |
|              Node593              |   0.01   |    2     |    0.28 (10.88%)   |   -76754.40   |   158148.15   |    158144.08    |
|          NELPR_DQ182337           |   0.01   |    2     |    0.38 (13.18%)   |   -76754.41   |   158148.16   |    158144.08    |
|          MSNER_AF213810           |   0.01   |    2     |    0.39 (77.16%)   |   -76754.41   |   158148.16   |    158144.08    |
|          BUXBX_AF093733           |   0.01   |    2     |   35.82 ( 1.69%)   |   -76752.16   |   158143.67   |    158143.67    |
|          BUXBX_AF093733           |   0.01   |    3     |   35.97 ( 1.60%)   |   -76752.17   |   158147.78   |    158143.67    |
|           PSIMY_U26333            |   0.01   |    2     |    0.16 (99.76%)   |   -76752.16   |   158147.75   |    158143.67    |
|          MSNER_AF213812           |   0.01   |    2     |    0.28 (55.22%)   |   -76752.16   |   158147.76   |    158143.67    |
|           MSTMY_U26330            |   0.01   |    2     |    0.26 ( 4.39%)   |   -76752.16   |   158147.74   |    158143.67    |
|              Node10               |   0.01   |    2     |  682.01 ( 1.18%)   |   -76738.16   |   158119.75   |    158119.75    |
|              Node10               |   0.01   |    3     |  707.99 ( 1.16%)   |   -76738.14   |   158123.79   |    158119.75    |
|              Node423              |   0.01   |    2     |    0.26 ( 0.00%)   |   -76738.16   |   158123.83   |    158119.75    |
|              Node500              |   0.01   |    2     |    0.52 (51.54%)   |   -76738.08   |   158123.68   |    158119.75    |
|              Node167              |   0.01   |    2     |    0.25 (50.64%)   |   -76738.17   |   158123.85   |    158119.75    |
|              Node158              |   0.01   |    2     |    0.10 (72.22%)   |   -76738.16   |   158123.83   |    158119.75    |
|              Node942              |   0.01   |    2     |    0.49 (49.29%)   |   -76738.16   |   158123.84   |    158119.75    |
|              Node234              |   0.01   |    2     |    0.25 ( 0.00%)   |   -76738.16   |   158123.83   |    158119.75    |
|              Node320              |   0.01   |    2     |    0.26 ( 0.00%)   |   -76738.16   |   158123.83   |    158119.75    |
|           MCYMY_U26327            |   0.01   |    2     |   45.85 ( 1.99%)   |   -76735.78   |   158119.07   |    158119.07    |
|           MCYMY_U26327            |   0.01   |    3     |   47.08 ( 1.88%)   |   -76735.79   |   158123.17   |    158119.07    |
|          CUNOX_AY549641           |   0.01   |    2     |   71.28 ( 1.55%)   |   -76732.93   |   158117.46   |    158117.46    |
|          CUNOX_AY549641           |   0.01   |    3     |   71.76 ( 1.48%)   |   -76732.93   |   158121.54   |    158117.46    |
|              Node695              |   0.01   |    2     |    0.25 ( 0.00%)   |   -76732.93   |   158121.54   |    158117.46    |
|           MSTMY_U26323            |   0.01   |    2     |    0.47 (23.77%)   |   -76732.93   |   158121.54   |    158117.46    |
|           ERIER_U49286            |   0.01   |    2     |   83.04 ( 1.13%)   |   -76727.94   |   158111.56   |    158111.56    |
|           ERIER_U49286            |   0.01   |    3     |  114.63 ( 1.08%)   |   -76727.85   |   158115.46   |    158111.56    |
|              Node864              |   0.01   |    2     |  322.37 ( 0.97%)   |   -76719.48   |   158098.73   |    158098.73    |
|              Node864              |   0.01   |    3     |  475.78 ( 0.97%)   |   -76719.19   |   158102.22   |    158098.73    |
|          MSTMY_AF215533           |   0.01   |    2     |    0.18 (44.68%)   |   -76719.48   |   158102.81   |    158098.73    |
|              Node647              |   0.01   |    2     |    0.25 ( 0.00%)   |   -76719.48   |   158102.81   |    158098.73    |
|          CAEFB_AY904406           |   0.01   |    2     |   2.99 (100.00%)   |   -76719.48   |   158102.81   |    158098.73    |
|          PRMER_AF394965           |   0.01   |    2     |    0.51 (24.69%)   |   -76719.48   |   158102.81   |    158098.73    |
|              Node892              |   0.01   |    2     |   21.68 ( 1.40%)   |   -76718.84   |   158101.53   |    158098.73    |
|          RUTSP_AF066819           |   0.01   |    2     |    0.80 (75.79%)   |   -76719.48   |   158102.81   |    158098.73    |
|          GUNGU_AY008156           |   0.01   |    2     |   27.95 ( 1.74%)   |   -76716.44   |   158096.72   |    158096.72    |
|          GUNGU_AY008156           |   0.01   |    3     |   28.45 ( 1.59%)   |   -76716.45   |   158100.83   |    158096.72    |
|              Node17               |   0.01   |    2     |   40.95 ( 1.46%)   |   -76712.68   |   158093.28   |    158093.28    |
|              Node17               |   0.01   |    3     |   41.16 ( 1.38%)   |   -76712.67   |   158097.35   |    158093.28    |
|          CAEFB_AY904398           |   0.01   |    2     |    0.50 (49.44%)   |   -76712.68   |   158097.37   |    158093.28    |
|          PGNCA_AJ235789           |   0.01   |    2     |    0.27 (81.70%)   |   -76712.68   |   158097.37   |    158093.28    |
|          ERIER_AF124579           |   0.01   |    2     |    0.50 (50.00%)   |   -76712.68   |   158097.37   |    158093.28    |
|           ERIER_U79741            |   0.01   |    2     |   39.41 ( 1.54%)   |   -76709.09   |   158090.20   |    158090.20    |
|           ERIER_U79741            |   0.01   |    3     |   40.91 ( 1.45%)   |   -76709.09   |   158094.27   |    158090.20    |
|          MLVMV_AJ233145           |   0.01   |    2     |    0.29 (29.07%)   |   -76709.08   |   158094.27   |    158090.20    |
|              Node214              |   0.01   |    2     |    0.26 ( 3.88%)   |   -76709.09   |   158094.28   |    158090.20    |
|              Node847              |   0.01   |    2     |   0.06 (100.00%)   |   -76759.34   |   158194.78   |    158090.20    |
|              Node127              |   0.01   |    2     |    0.26 ( 0.00%)   |   -76709.09   |   158094.28   |    158090.20    |
|              Node902              |   0.01   |    2     |    0.50 (24.80%)   |   -76709.09   |   158094.27   |    158090.20    |
|           DILDI_L01903            |   0.01   |    2     |    0.76 (24.44%)   |   -76709.00   |   158094.10   |    158090.20    |
|              Node343              |   0.01   |    2     |    0.22 (76.89%)   |   -76709.09   |   158094.28   |    158090.20    |
|              Node602              |   0.01   |    2     |   35.58 ( 1.10%)   |   -76705.24   |   158086.57   |    158086.57    |
|              Node602              |   0.01   |    3     |   37.70 ( 1.02%)   |   -76705.22   |   158090.62   |    158086.57    |
|           ERIER_U49287            |   0.01   |    2     |    0.28 (50.10%)   |   -76705.24   |   158090.66   |    158086.57    |
|              Node868              |   0.01   |    2     |    0.29 ( 0.00%)   |   -76705.23   |   158090.65   |    158086.57    |
|          RHIMA_AF127695           |   0.01   |    2     |    1.55 (26.16%)   |   -76705.24   |   158090.66   |    158086.57    |
|           PROPR_U79171            |   0.01   |    2     |    0.25 (47.50%)   |   -76705.24   |   158090.65   |    158086.57    |
|          CLUMA_AY625025           |   0.01   |    2     |    0.25 (24.12%)   |   -76705.24   |   158090.65   |    158086.57    |
|              Node882              |   0.01   |    2     |    0.29 (55.15%)   |   -76705.24   |   158090.66   |    158086.57    |
|              Node931              |   0.01   |    2     |   >1000 ( 0.64%)   |   -76695.38   |   158070.94   |    158070.94    |
|              Node931              |   0.01   |    3     |   >1000 ( 0.62%)   |   -76695.35   |   158074.96   |    158070.94    |
|              Node783              |   0.01   |    2     |    0.26 ( 0.00%)   |   -76695.38   |   158075.02   |    158070.94    |
|              Node36               |   0.01   |    2     |    0.25 ( 3.51%)   |   -76695.38   |   158075.02   |    158070.94    |
|          CLUMA_AY625011           |   0.01   |    2     |    0.24 (30.40%)   |   -76695.38   |   158075.02   |    158070.94    |
|          ERIER_AF124576           |   0.01   |    2     |    0.80 (52.50%)   |   -76695.38   |   158075.02   |    158070.94    |
|              Node766              |   0.01   |    2     |    0.60 (50.22%)   |   -76695.38   |   158075.02   |    158070.94    |
|              Node134              |   0.01   |    2     |    0.26 ( 0.00%)   |   -76695.38   |   158075.02   |    158070.94    |
|          AMACA_AY270127           |   0.01   |    2     |    0.40 (76.07%)   |   -76695.38   |   158075.02   |    158070.94    |
|          PRMER_AF395006           |   0.01   |    2     |    0.27 ( 0.00%)   |   -76695.38   |   158075.02   |    158070.94    |
|           GERGE_U77903            |   0.01   |    2     |    1.76 ( 8.35%)   |   -76695.38   |   158075.02   |    158070.94    |
|              Node50               |   0.01   |    2     |    0.26 ( 0.00%)   |   -76695.38   |   158075.02   |    158070.94    |
|          ERIER_AF124577           |   0.01   |    2     |    0.24 (48.40%)   |   -76695.38   |   158075.02   |    158070.94    |
|          CLUMA_AF518386           |   0.01   |    2     |    0.40 (75.08%)   |   -76695.38   |   158075.02   |    158070.94    |
|              Node891              |   0.01   |    2     |    0.23 (48.75%)   |   -76695.38   |   158075.02   |    158070.94    |
|              Node289              |   0.01   |    2     |    0.60 (98.00%)   |   -76695.38   |   158075.02   |    158070.94    |
|          LYTMY_AY905408           |   0.01   |    2     |    0.25 (25.00%)   |   -76695.38   |   158075.02   |    158070.94    |
|              Node571              |   0.01   |    2     |    0.35 ( 8.81%)   |   -76695.37   |   158075.01   |    158070.94    |
|           MYTMY_U26317            |   0.01   |    2     |    0.24 (48.80%)   |   -76695.38   |   158075.02   |    158070.94    |
|              Node380              |   0.01   |    2     |   >1000 ( 2.07%)   |   -76688.99   |   158062.25   |    158062.25    |
|              Node380              |   0.01   |    3     |   >1000 ( 2.08%)   |   -76688.99   |   158066.33   |    158062.25    |
|          MALMA_AF344519           |   0.01   |    2     |    1.57 (30.96%)   |   -76689.00   |   158066.34   |    158062.25    |
|          CLUMA_AF518390           |   0.01   |    2     |    1.90 ( 4.90%)   |   -76688.99   |   158066.33   |    158062.25    |
|              Node513              |   0.01   |    2     |    0.25 (25.84%)   |   -76688.99   |   158066.33   |    158062.25    |
|          PGNCA_AF297150           |   0.01   |    2     |    0.49 ( 8.47%)   |   -76688.96   |   158066.27   |    158062.25    |
|              Node396              |   0.01   |    2     |    0.79 (88.87%)   |   -76688.99   |   158066.33   |    158062.25    |
|              Node171              |   0.01   |    2     |    0.12 (58.30%)   |   -76688.99   |   158066.33   |    158062.25    |
|              Node154              |   0.01   |    2     |   65.43 ( 0.33%)   |   -76686.20   |   158060.76   |    158060.76    |
|              Node154              |   0.01   |    3     |   85.25 ( 0.30%)   |   -76686.24   |   158064.92   |    158060.76    |
|          AMACA_AY489263           |   0.01   |    2     |    0.25 ( 0.00%)   |   -76686.20   |   158064.84   |    158060.76    |
|              Node696              |   0.01   |    2     |    0.27 (51.86%)   |   -76686.20   |   158064.84   |    158060.76    |
|          ROSRO_AY052518           |   0.01   |    2     |    5.10 (39.43%)   |   -76686.21   |   158064.85   |    158060.76    |
|          SAPSP_AY724341           |   0.01   |    2     |    0.50 ( 3.51%)   |   -76686.20   |   158064.84   |    158060.76    |
|          ZYGZY_AY935748           |   0.01   |    2     |    1.34 (23.22%)   |   -76686.20   |   158064.84   |    158060.76    |
|              Node388              |   0.01   |    2     |  193.61 ( 0.84%)   |   -76677.44   |   158047.31   |    158047.31    |
|              Node388              |   0.01   |    3     |  195.15 ( 0.82%)   |   -76677.45   |   158051.41   |    158047.31    |
|          PRMER_AF394967           |   0.01   |    2     |  776.40 ( 0.82%)   |   -76669.69   |   158035.90   |    158035.90    |
|          PRMER_AF394967           |   0.01   |    3     |  788.38 ( 0.81%)   |   -76669.65   |   158039.89   |    158035.90    |
|              Node429              |   0.01   |    2     |   70.53 ( 0.65%)   |   -76666.89   |   158034.37   |    158034.37    |
|              Node429              |   0.01   |    3     |   69.94 ( 0.62%)   |   -76666.89   |   158038.47   |    158034.37    |
|          CUCCU_AF008958           |   0.01   |    2     |   61.19 ( 0.64%)   |   -76664.17   |   158033.03   |    158033.03    |
|          CUCCU_AF008958           |   0.01   |    3     |   86.59 ( 0.51%)   |   -76664.23   |   158037.22   |    158033.03    |
|              Node673              |   0.01   |    2     |    0.29 (49.90%)   |   -76664.17   |   158037.11   |    158033.03    |
|          PRMER_AF394975           |   0.01   |    2     |  106.51 ( 2.83%)   |   -76661.30   |   158031.37   |    158031.37    |
|          PRMER_AF394975           |   0.01   |    3     |  105.28 ( 2.74%)   |   -76661.30   |   158035.45   |    158031.37    |
|              Node378              |   0.01   |    2     |    0.71 (22.18%)   |   -76661.29   |   158035.44   |    158031.37    |
|              Node394              |   0.01   |    2     |    0.25 ( 0.00%)   |   -76661.30   |   158035.45   |    158031.37    |
|          LYTMY_AY905404           |   0.01   |    2     |    0.27 (52.04%)   |   -76661.27   |   158035.38   |    158031.37    |
|              Node887              |   0.01   |    2     |    0.53 (25.72%)   |   -76661.25   |   158035.34   |    158031.37    |
|              Node812              |   0.01   |    2     |  125.64 ( 1.10%)   |   -76656.00   |   158024.84   |    158024.84    |
|              Node812              |   0.01   |    3     |  124.26 ( 1.07%)   |   -76656.01   |   158028.96   |    158024.84    |
|              Node619              |   0.01   |    2     |  129.21 ( 0.46%)   |   -76651.40   |   158019.74   |    158019.74    |
|              Node619              |   0.01   |    3     |  155.53 ( 0.44%)   |   -76651.40   |   158023.81   |    158019.74    |
|              Node84               |   0.01   |    2     |  273.12 ( 0.50%)   |   -76640.41   |   158001.85   |    158001.85    |
|              Node84               |   0.01   |    3     |  333.90 ( 0.49%)   |   -76640.38   |   158005.87   |    158001.85    |
|              Node106              |   0.01   |    2     |   64.28 ( 0.94%)   |   -76636.38   |   157997.85   |    157997.85    |
|              Node106              |   0.01   |    3     |   63.18 ( 0.90%)   |   -76636.38   |   158001.95   |    157997.85    |
|              Node863              |   0.01   |    2     |    0.75 (24.42%)   |   -76636.34   |   158001.86   |    157997.85    |
|              Node344              |   0.01   |    2     |    0.24 (23.44%)   |   -76636.38   |   158001.94   |    157997.85    |
|              Node126              |   0.01   |    2     |    0.27 ( 0.00%)   |   -76636.38   |   158001.94   |    157997.85    |
|           MYTMY_U26318            |   0.01   |    2     |    0.27 (52.57%)   |   -76636.38   |   158001.94   |    157997.85    |
|              Node692              |   0.01   |    2     |    0.52 (25.95%)   |   -76636.38   |   158001.94   |    157997.85    |
|          HAMSF_AF060709           |   0.01   |    2     |    0.24 (24.12%)   |   -76636.38   |   158001.95   |    157997.85    |
|          CUNOX_AF291930           |   0.01   |    2     |    0.30 (50.08%)   |   -76636.38   |   158001.94   |    157997.85    |
|          MSNER_AF213807           |   0.01   |    2     |    0.73 (22.69%)   |   -76636.38   |   158001.94   |    157997.85    |
|          LECER_AF077653           |   0.01   |    2     |    0.45 ( 6.55%)   |   -76636.38   |   158001.94   |    157997.85    |
|              Node398              |   0.01   |    2     |   51.98 ( 1.45%)   |   -76635.83   |   158000.85   |    157997.85    |
|          HAMSF_AM183407           |   0.01   |    2     |    0.47 (23.38%)   |   -76636.38   |   158001.94   |    157997.85    |
|          ERIER_AF124581           |   0.01   |    2     |   >1000 ( 0.23%)   |   -76631.09   |   157991.36   |    157991.36    |
|          ERIER_AF124581           |   0.01   |    3     |   >1000 ( 0.23%)   |   -76631.11   |   157995.50   |    157991.36    |
|              Node503              |   0.01   |    2     |    0.25 ( 0.00%)   |   -76631.09   |   157995.45   |    157991.36    |
|              Node447              |   0.01   |    2     |    0.26 ( 0.00%)   |   -76631.09   |   157995.45   |    157991.36    |
|              Node559              |   0.01   |    2     |    0.29 (49.80%)   |   -76631.09   |   157995.45   |    157991.36    |
|              Node117              |   0.01   |    2     |    0.73 ( 9.66%)   |   -76631.08   |   157995.43   |    157991.36    |
|              Node26               |   0.01   |    2     |    0.60 (26.57%)   |   -76631.09   |   157995.46   |    157991.36    |
|          CLUMA_AF518393           |   0.01   |    2     |    0.98 (49.29%)   |   -76631.09   |   157995.45   |    157991.36    |
|              Node659              |   0.01   |    2     |    0.56 (30.01%)   |   -76631.09   |   157995.45   |    157991.36    |
|              Node719              |   0.01   |    2     |    0.26 (50.50%)   |   -76631.08   |   157995.44   |    157991.36    |
|           MSTMY_U26339            |   0.01   |    2     |    0.98 (24.08%)   |   -76631.09   |   157995.45   |    157991.36    |
|              Node57               |   0.01   |    2     |   >1000 ( 0.69%)   |   -76622.30   |   157977.86   |    157977.86    |
|              Node57               |   0.01   |    3     |   >1000 ( 0.68%)   |   -76622.28   |   157981.92   |    157977.86    |
|              Node762              |   0.01   |    2     |  >1000 (100.00%)   |   -76622.30   |   157981.95   |    157977.86    |
|              Node535              |   0.01   |    2     |   37.81 ( 1.20%)   |   -76621.45   |   157980.25   |    157977.86    |
|              Node269              |   0.01   |    2     |  853.99 (100.00%)  |   -76622.30   |   157981.95   |    157977.86    |
|           MYTMY_U26315            |   0.01   |    2     |    0.60 (73.05%)   |   -76622.30   |   157981.95   |    157977.86    |
|          AMACA_AY270130           |   0.01   |    2     |    0.73 (23.01%)   |   -76622.30   |   157981.95   |    157977.86    |
|           COMMY_U26321            |   0.01   |    2     |    1.00 ( 4.57%)   |   -76622.30   |   157981.95   |    157977.86    |
|          AMACA_AY270133           |   0.01   |    2     |    0.61 (76.59%)   |   -76622.30   |   157981.95   |    157977.86    |
|          ERIER_AF419821           |   0.01   |    2     |    0.24 (48.47%)   |   -76622.30   |   157981.95   |    157977.86    |
|              Node836              |   0.01   |    2     |    0.27 ( 0.00%)   |   -76622.30   |   157981.95   |    157977.86    |
|          HANCO_AF323190           |   0.00   |    2     |    0.51 (25.91%)   |   -76622.30   |   157981.95   |    157977.86    |
|              Node373              |   0.00   |    2     |    0.27 ( 0.00%)   |   -76622.30   |   157981.95   |    157977.86    |
|          CUCCU_AJ235782           |   0.00   |    2     |    0.28 (52.28%)   |   -76622.29   |   157981.94   |    157977.86    |
|          CLUMA_AY625015           |   0.00   |    2     |   23.85 ( 1.06%)   |   -76622.27   |   157981.90   |    157977.86    |
|              Node918              |   0.00   |    2     |    0.52 (25.07%)   |   -76622.26   |   157981.88   |    157977.86    |
|              Node321              |   0.00   |    2     |    0.50 (25.00%)   |   -76622.30   |   157981.95   |    157977.86    |
|              Node401              |   0.00   |    2     |    0.25 ( 0.00%)   |   -76622.30   |   157981.95   |    157977.86    |
|          BERRA_AF093716           |   0.00   |    2     |    2.05 (98.28%)   |   -76622.30   |   157981.95   |    157977.86    |
|           PLMCA_Z97645            |   0.00   |    2     |   55.16 ( 0.68%)   |   -76622.04   |   157981.44   |    157977.86    |
|              Node720              |   0.00   |    2     |    0.79 (25.45%)   |   -76622.27   |   157981.90   |    157977.86    |
|          LYTMY_AY496864           |   0.00   |    2     |    0.40 (51.15%)   |   -76622.30   |   157981.95   |    157977.86    |
|              Node587              |   0.00   |    2     |    0.26 ( 0.00%)   |   -76622.30   |   157981.95   |    157977.86    |
|              Node474              |   0.00   |    2     |    0.37 (52.65%)   |   -76622.29   |   157981.95   |    157977.86    |
|          PROPR_DQ099446           |   0.00   |    2     |    0.75 ( 9.15%)   |   -76622.29   |   157981.94   |    157977.86    |
|              Node524              |   0.00   |    2     |    0.27 (25.58%)   |   -76622.30   |   157981.96   |    157977.86    |
|              Node23               |   0.00   |    2     |    0.26 ( 0.00%)   |   -76622.30   |   157981.95   |    157977.86    |
|              Node427              |   0.00   |    2     |    0.25 ( 0.00%)   |   -76622.30   |   157981.95   |    157977.86    |
|              Node103              |   0.00   |    2     |    0.25 ( 0.00%)   |   -76622.30   |   157981.95   |    157977.86    |
|              Node415              |   0.00   |    2     |    0.34 (48.83%)   |   -76622.29   |   157981.93   |    157977.86    |
|              Node568              |   0.00   |    2     |  182.20 ( 0.24%)   |   -76616.12   |   157969.59   |    157969.59    |
|              Node568              |   0.00   |    3     |  192.24 ( 0.23%)   |   -76616.14   |   157973.73   |    157969.59    |
|              Node613              |   0.00   |    2     |   93.89 ( 1.39%)   |   -76615.21   |   157971.86   |    157969.59    |
|          MSNER_AF213814           |   0.00   |    2     |    0.73 (24.66%)   |   -76616.13   |   157973.69   |    157969.59    |
|          HAMSF_AF060708           |   0.00   |    2     |    0.26 ( 0.00%)   |   -76616.12   |   157973.68   |    157969.59    |
|              Node746              |   0.00   |    2     |    0.25 ( 2.00%)   |   -76629.72   |   158000.88   |    157969.59    |
|              Node263              |   0.00   |    2     |    0.25 ( 0.00%)   |   -76616.12   |   157973.68   |    157969.59    |
|          CRYMY_AY078153           |   0.00   |    2     |    0.74 ( 9.79%)   |   -76616.13   |   157973.69   |    157969.59    |
|              Node703              |   0.00   |    2     |    0.27 ( 0.00%)   |   -76616.12   |   157973.68   |    157969.59    |
|          CRYMY_AY078157           |   0.00   |    2     |    0.73 (24.22%)   |   -76616.13   |   157973.69   |    157969.59    |
|              Node904              |   0.00   |    2     |    0.53 (51.08%)   |   -76616.08   |   157973.60   |    157969.59    |
|              Node750              |   0.00   |    2     |    0.26 (26.13%)   |   -76616.12   |   157973.68   |    157969.59    |
|          THPER_AF213818           |   0.00   |    2     |    0.79 (76.22%)   |   -76616.12   |   157973.68   |    157969.59    |
|              Node454              |   0.00   |    2     |    0.76 ( 9.63%)   |   -76616.12   |   157973.69   |    157969.59    |
|              Node328              |   0.00   |    2     |   68.03 ( 0.48%)   |   -76613.09   |   157967.63   |    157967.63    |
|              Node328              |   0.00   |    3     |  117.40 ( 0.36%)   |   -76613.13   |   157971.79   |    157967.63    |
|              Node956              |   0.00   |    2     |    0.74 (24.54%)   |   -76613.10   |   157971.73   |    157967.63    |
|              Node194              |   0.00   |    2     |    0.25 ( 0.00%)   |   -76613.09   |   157971.71   |    157967.63    |
|              Node507              |   0.00   |    2     |    0.84 (11.33%)   |   -76613.10   |   157971.72   |    157967.63    |
|              Node82               |   0.00   |    2     |    0.25 ( 0.00%)   |   -76613.09   |   157971.71   |    157967.63    |
|              Node642              |   0.00   |    2     |  172.58 ( 1.46%)   |   -76609.69   |   157964.90   |    157964.90    |
|              Node642              |   0.00   |    3     |  171.86 ( 1.45%)   |   -76609.69   |   157968.99   |    157964.90    |
|           LECER_Z80180            |   0.00   |    2     |    0.51 (49.41%)   |   -76609.69   |   157968.99   |    157964.90    |
|              Node149              |   0.00   |    2     |  215.90 ( 0.31%)   |   -76604.10   |   157957.82   |    157957.82    |
|              Node149              |   0.00   |    3     |  199.17 ( 0.31%)   |   -76604.11   |   157961.92   |    157957.82    |
|              Node578              |   0.00   |    2     |    0.25 ( 0.00%)   |   -76604.10   |   157961.90   |    157957.82    |
|              Node13               |   0.00   |    2     |    0.25 ( 0.00%)   |   -76604.10   |   157961.89   |    157957.82    |
|              Node866              |   0.00   |    2     |    0.40 (51.13%)   |   -76604.10   |   157961.90   |    157957.82    |
|              Node92               |   0.00   |    2     |    0.26 ( 0.00%)   |   -76604.10   |   157961.90   |    157957.82    |
|              Node73               |   0.00   |    2     |  850.80 ( 2.84%)   |   -76601.41   |   157956.51   |    157956.51    |
|              Node73               |   0.00   |    3     |  807.99 ( 2.83%)   |   -76601.41   |   157960.60   |    157956.51    |
|          CLUMA_AF518381           |   0.00   |    2     |    2.09 ( 5.09%)   |   -76601.40   |   157960.59   |    157956.51    |
|              Node780              |   0.00   |    2     |    0.77 (10.20%)   |   -76601.41   |   157960.61   |    157956.51    |
|              Node528              |   0.00   |    2     |    0.26 ( 0.00%)   |   -76601.41   |   157960.59   |    157956.51    |
|              Node960              |   0.00   |    2     |    0.23 (35.05%)   |   -76601.40   |   157960.59   |    157956.51    |
|              Node31               |   0.00   |    2     |    0.78 (10.18%)   |   -76601.41   |   157960.61   |    157956.51    |
|          THEER_AF380046           |   0.00   |    2     |  176.35 ( 1.13%)   |   -76597.46   |   157952.70   |    157952.70    |
|          THEER_AF380046           |   0.00   |    3     |  174.88 ( 1.12%)   |   -76597.46   |   157956.79   |    157952.70    |
|              Node431              |   0.00   |    2     |    1.04 ( 4.64%)   |   -76597.13   |   157956.13   |    157952.70    |
|          ERIER_AF124578           |   0.00   |    2     |    0.81 (50.48%)   |   -76597.46   |   157956.78   |    157952.70    |
|              Node475              |   0.00   |    2     |    0.79 (10.50%)   |   -76597.46   |   157956.79   |    157952.70    |
|              Node480              |   0.00   |    2     |    0.24 (23.05%)   |   -76597.46   |   157956.78   |    157952.70    |
|              Node202              |   0.00   |    2     |    0.57 ( 2.00%)   |   -76597.46   |   157956.79   |    157952.70    |
|              Node741              |   0.00   |    2     |  119.49 ( 0.28%)   |   -76593.68   |   157949.23   |    157949.23    |
|              Node741              |   0.00   |    3     |  120.81 ( 0.28%)   |   -76593.70   |   157953.35   |    157949.23    |
|          MSTMY_AF215516           |   0.00   |    2     |    0.53 ( 9.52%)   |   -76593.68   |   157953.31   |    157949.23    |
|              Node93               |   0.00   |    2     |   >1000 ( 0.76%)   |   -76587.13   |   157940.22   |    157940.22    |
|              Node93               |   0.00   |    3     |   >1000 ( 0.77%)   |   -76587.14   |   157944.31   |    157940.22    |
|              Node161              |   0.00   |    2     |    0.27 (31.40%)   |   -76607.12   |   157984.27   |    157940.22    |
|              Node137              |   0.00   |    2     |    0.24 ( 0.00%)   |   -76587.14   |   157944.31   |    157940.22    |
|              Node324              |   0.00   |    2     |    0.29 (49.81%)   |   -76587.00   |   157944.04   |    157940.22    |
|              Node879              |   0.00   |    2     |  570.87 ( 0.26%)   |   -76580.15   |   157930.33   |    157930.33    |
|              Node879              |   0.00   |    3     |  587.91 ( 0.26%)   |   -76580.16   |   157934.43   |    157930.33    |
|              Node157              |   0.00   |    2     |    0.79 (10.53%)   |   -76580.15   |   157934.43   |    157930.33    |
|              Node761              |   0.00   |    2     |   76.49 ( 0.61%)   |   -76578.95   |   157932.03   |    157930.33    |
|          THEER_AF380041           |   0.00   |    2     |    0.59 (50.41%)   |   -76580.15   |   157934.41   |    157930.33    |
|              Node710              |   0.00   |    2     |    0.26 ( 0.00%)   |   -76580.15   |   157934.41   |    157930.33    |
|              Node610              |   0.00   |    2     |    0.75 (10.00%)   |   -76580.15   |   157934.41   |    157930.33    |
|              Node588              |   0.00   |    2     |    1.06 (10.33%)   |   -76580.15   |   157934.42   |    157930.33    |
|              Node421              |   0.00   |    2     |    0.61 (50.54%)   |   -76580.15   |   157934.41   |    157930.33    |
|              Node635              |   0.00   |    2     |    1.06 (10.33%)   |   -76580.15   |   157934.43   |    157930.33    |
|              Node768              |   0.00   |    2     |    0.26 ( 0.00%)   |   -76580.15   |   157934.41   |    157930.33    |
|              Node525              |   0.00   |    2     |    0.99 ( 9.94%)   |   -76580.15   |   157934.43   |    157930.33    |
|              Node584              |   0.00   |    2     |    1.99 (49.80%)   |   -76580.15   |   157934.42   |    157930.33    |
|          MALMA_AF344511           |   0.00   |    2     |    0.64 ( 8.60%)   |   -76580.15   |   157934.42   |    157930.33    |
|              Node733              |   0.00   |    2     |    0.49 (48.91%)   |   -76580.13   |   157934.39   |    157930.33    |
|          CLUMA_AF518392           |   0.00   |    2     |    0.48 ( 9.63%)   |   -76580.15   |   157934.41   |    157930.33    |
|          CAEFB_AY904416           |   0.00   |    2     |    0.46 ( 5.49%)   |   -76580.15   |   157934.41   |    157930.33    |
|          RUTSP_AF066814           |   0.00   |    2     |    0.94 (10.24%)   |   -76580.15   |   157934.42   |    157930.33    |
|          MSTMY_AF215537           |   0.00   |    2     |    0.40 (90.00%)   |   -76580.14   |   157934.41   |    157930.33    |
|           ERIER_U80427            |   0.00   |    2     |    0.44 (19.76%)   |   -76580.15   |   157934.42   |    157930.33    |
|              Node826              |   0.00   |    2     |    1.00 ( 9.67%)   |   -76580.15   |   157934.43   |    157930.33    |
|              Node737              |   0.00   |    2     |    0.26 ( 0.00%)   |   -76580.15   |   157934.41   |    157930.33    |
|              Node119              |   0.00   |    2     |    0.26 ( 0.00%)   |   -76580.15   |   157934.41   |    157930.33    |
|              Node912              |   0.00   |    2     |    0.60 (50.73%)   |   -76580.15   |   157934.41   |    157930.33    |
|              Node367              |   0.00   |    2     |    0.25 ( 0.00%)   |   -76580.15   |   157934.41   |    157930.33    |
|              Node543              |   0.00   |    2     |    1.04 ( 5.17%)   |   -76580.15   |   157934.42   |    157930.33    |
|              Node669              |   0.00   |    2     |  306.10 ( 0.47%)   |   -76575.16   |   157924.44   |    157924.44    |
|              Node669              |   0.00   |    3     |  312.84 ( 0.47%)   |   -76575.17   |   157928.54   |    157924.44    |
|           GERGE_U77901            |   0.00   |    2     |  433.44 ( 0.79%)   |   -76570.11   |   157918.43   |    157918.43    |
|           GERGE_U77901            |   0.00   |    3     |  449.18 ( 0.78%)   |   -76570.11   |   157922.51   |    157918.43    |
|              Node472              |   0.00   |    2     |    0.26 ( 0.00%)   |   -76570.11   |   157922.51   |    157918.43    |
|              Node47               |   0.00   |    2     |    0.25 ( 0.00%)   |   -76570.11   |   157922.51   |    157918.43    |
|               Node8               |   0.00   |    2     |    0.25 ( 0.00%)   |   -76570.11   |   157922.51   |    157918.43    |
|              Node772              |   0.00   |    2     |    0.25 ( 0.00%)   |   -76570.11   |   157922.51   |    157918.43    |
|              Node246              |   0.00   |    2     |    0.40 (90.00%)   |   -76570.11   |   157922.51   |    157918.43    |
|              Node941              |   0.00   |    2     |    0.75 ( 9.77%)   |   -76570.11   |   157922.51   |    157918.43    |
|              Node442              |   0.00   |    2     |    0.49 (47.96%)   |   -76570.10   |   157922.49   |    157918.43    |
|           COMMY_U26338            |   0.00   |    2     |    0.50 (24.45%)   |   -76570.11   |   157922.51   |    157918.43    |
|              Node726              |   0.00   |    2     |    0.26 ( 0.00%)   |   -76570.11   |   157922.51   |    157918.43    |
|              Node840              |   0.00   |    2     |  497.80 ( 0.65%)   |   -76564.97   |   157912.23   |    157912.23    |
|              Node840              |   0.00   |    3     |  493.41 ( 0.65%)   |   -76564.97   |   157916.31   |    157912.23    |
|              Node311              |   0.00   |    2     |    0.60 (50.89%)   |   -76564.97   |   157916.31   |    157912.23    |
|              Node808              |   0.00   |    2     |    0.68 ( 8.07%)   |   -76564.97   |   157916.31   |    157912.23    |
|          LECER_AF077652           |   0.00   |    2     |    1.79 (24.14%)   |   -76564.97   |   157916.32   |    157912.23    |
|              Node232              |   0.00   |    2     |    0.27 ( 0.00%)   |   -76564.97   |   157916.31   |    157912.23    |
|          PGNCA_AF297128           |   0.00   |    2     |    0.98 (24.51%)   |   -76564.97   |   157916.31   |    157912.23    |
|              Node359              |   0.00   |    2     |   >1000 ( 1.12%)   |   -76561.33   |   157909.04   |    157909.04    |
|              Node359              |   0.00   |    3     |   >1000 ( 1.15%)   |   -76561.33   |   157913.13   |    157909.04    |
|               Node4               |   0.00   |    2     |    0.26 ( 0.00%)   |   -76561.33   |   157913.13   |    157909.04    |
|              Node409              |   0.00   |    2     |  228.84 ( 2.88%)   |   -76561.14   |   157912.75   |    157909.04    |
|              Node418              |   0.00   |    2     |    9.46 (29.06%)   |   -76561.34   |   157913.15   |    157909.04    |
|              Node258              |   0.00   |    2     |    0.50 (10.00%)   |   -76561.33   |   157913.13   |    157909.04    |
|              Node43               |   0.00   |    2     |   >1000 ( 0.47%)   |   -76548.81   |   157888.08   |    157888.08    |
|              Node43               |   0.00   |    3     |   >1000 ( 0.46%)   |   -76548.82   |   157892.19   |    157888.08    |
|              Node940              |   0.00   |    2     |   44.31 ( 0.48%)   |   -76548.68   |   157891.90   |    157888.08    |
|              Node111              |   0.00   |    2     |    0.28 (51.92%)   |   -76548.75   |   157892.06   |    157888.08    |
|              Node888              |   0.00   |    2     |    2.04 (50.13%)   |   -76548.81   |   157892.17   |    157888.08    |
|              Node133              |   0.00   |    2     |    0.23 (47.63%)   |   -76548.81   |   157892.17   |    157888.08    |
|          CLUMA_AF518397           |   0.00   |    2     |    0.49 (49.29%)   |   -76548.81   |   157892.17   |    157888.08    |
|              Node618              |   0.00   |    2     |    1.94 ( 8.40%)   |   -76548.81   |   157892.17   |    157888.08    |
|              Node538              |   0.00   |    2     |    2.06 (50.79%)   |   -76548.81   |   157892.17   |    157888.08    |
|              Node40               |   0.00   |    2     |    0.75 ( 5.00%)   |   -76548.81   |   157892.17   |    157888.08    |
|              Node331              |   0.00   |    2     |  22.47 (100.00%)   |   -76548.70   |   157891.95   |    157888.08    |
|              Node462              |   0.00   |    2     |    0.26 ( 0.00%)   |   -76548.81   |   157892.17   |    157888.08    |
|           PROPR_U79174            |   0.00   |    2     |    0.26 (49.57%)   |   -76548.81   |   157892.17   |    157888.08    |
|              Node505              |   0.00   |    2     |  226.99 ( 0.45%)   |   -76544.29   |   157883.13   |    157883.13    |
|              Node505              |   0.00   |    3     |  197.72 ( 0.48%)   |   -76544.30   |   157887.23   |    157883.13    |
|              Node466              |   0.00   |    2     |    0.24 (48.32%)   |   -76544.29   |   157887.22   |    157883.13    |
|              Node203              |   0.00   |    2     |    0.41 (50.82%)   |   -76544.29   |   157887.22   |    157883.13    |
|              Node736              |   0.00   |    2     |    0.24 ( 0.00%)   |   -76544.29   |   157887.22   |    157883.13    |
|           THYMV_U26322            |   0.00   |    2     |    0.26 ( 0.00%)   |   -76544.29   |   157887.22   |    157883.13    |
|              Node78               |   0.00   |    2     |    0.75 (25.00%)   |   -76544.29   |   157887.21   |    157883.13    |
|           PODMA_U68083            |   0.00   |    2     |    0.26 ( 0.00%)   |   -76544.29   |   157887.21   |    157883.13    |
|              Node109              |   0.00   |    2     |    0.26 ( 0.00%)   |   -76544.29   |   157887.22   |    157883.13    |
|              Node391              |   0.00   |    2     |    0.26 ( 0.00%)   |   -76544.29   |   157887.22   |    157883.13    |
|              Node486              |   0.00   |    2     |    0.26 ( 0.00%)   |   -76544.29   |   157887.22   |    157883.13    |
|              Node652              |   0.00   |    2     |    0.25 ( 2.00%)   |   -76558.26   |   157915.16   |    157883.13    |
|              Node834              |   0.00   |    2     |    2.00 ( 2.00%)   |   -76544.29   |   157887.21   |    157883.13    |
|              Node740              |   0.00   |    2     |    0.40 (78.75%)   |   -76544.29   |   157887.22   |    157883.13    |
|              Node379              |   0.00   |    2     |    0.25 (49.07%)   |   -76544.29   |   157887.21   |    157883.13    |
|              Node300              |   0.00   |    2     |    0.26 (51.15%)   |   -76544.29   |   157887.22   |    157883.13    |
|              Node608              |   0.00   |    2     |    0.25 ( 2.00%)   |   -76561.18   |   157920.99   |    157883.13    |
|              Node218              |   0.00   |    2     |    0.40 (73.68%)   |   -76544.29   |   157887.22   |    157883.13    |
|     SORGHUM_BICOLOR_NC_008602     |   0.00   |    2     |  272.63 ( 0.60%)   |   -76539.53   |   157877.70   |    157877.70    |
|     SORGHUM_BICOLOR_NC_008602     |   0.00   |    3     |  277.12 ( 0.60%)   |   -76539.53   |   157881.78   |    157877.70    |
|           CTHER_Z80212            |   0.00   |    2     |    0.25 ( 0.00%)   |   -76539.53   |   157881.78   |    157877.70    |
|              Node60               |   0.00   |    2     |  676.13 (100.00%)  |   -76539.53   |   157881.79   |    157877.70    |
|              Node16               |   0.00   |    2     |    0.25 (50.00%)   |   -76539.53   |   157881.78   |    157877.70    |
|              Node776              |   0.00   |    2     |    0.25 ( 0.00%)   |   -76539.53   |   157881.78   |    157877.70    |
|              Node816              |   0.00   |    2     |   >1000 ( 0.25%)   |   -76534.75   |   157872.22   |    157872.22    |
|              Node816              |   0.00   |    3     |   >1000 ( 0.25%)   |   -76534.75   |   157876.30   |    157872.22    |
|              Node860              |   0.00   |    2     |    0.23 (48.13%)   |   -76533.85   |   157874.51   |    157872.22    |
|              Node789              |   0.00   |    2     |    0.26 ( 0.00%)   |   -76534.75   |   157876.30   |    157872.22    |
|              Node752              |   0.00   |    2     |    1.98 (49.70%)   |   -76534.75   |   157876.31   |    157872.22    |
|              Node687              |   0.00   |    2     |  825.97 ( 0.28%)   |   -76528.38   |   157863.57   |    157863.57    |
|              Node687              |   0.00   |    3     |  817.64 ( 0.27%)   |   -76528.38   |   157867.66   |    157863.57    |
|              Node700              |   0.00   |    2     |    0.79 (10.53%)   |   -76528.38   |   157867.66   |    157863.57    |
|              Node351              |   0.00   |    2     |    0.26 ( 0.00%)   |   -76528.38   |   157867.66   |    157863.57    |
|              Node59               |   0.00   |    2     |    0.59 (72.16%)   |   -76528.36   |   157867.61   |    157863.57    |
|              Node713              |   0.00   |    2     |    0.25 ( 2.00%)   |   -76547.46   |   157905.81   |    157863.57    |
|          ERIER_AF419819           |   0.00   |    2     |    1.99 (25.40%)   |   -76528.38   |   157867.66   |    157863.57    |
|          CAEFB_AY904395           |   0.00   |    2     |    0.44 (26.23%)   |   -76528.36   |   157867.62   |    157863.57    |
|              Node458              |   0.00   |    2     |    0.25 ( 0.00%)   |   -76528.38   |   157867.66   |    157863.57    |
|              Node506              |   0.00   |    2     |    0.25 ( 0.00%)   |   -76528.38   |   157867.66   |    157863.57    |
|              Node854              |   0.00   |    2     |    0.25 ( 0.00%)   |   -76528.38   |   157867.66   |    157863.57    |
|              Node949              |   0.00   |    2     |    2.05 (50.24%)   |   -76528.38   |   157867.66   |    157863.57    |
|              Node707              |   0.00   |    2     |    0.30 (51.71%)   |   -76528.38   |   157867.66   |    157863.57    |
|              Node301              |   0.00   |    2     |    0.75 (25.00%)   |   -76528.38   |   157867.66   |    157863.57    |
|              Node921              |   0.00   |    2     |    0.25 ( 0.00%)   |   -76528.38   |   157867.66   |    157863.57    |
|              Node471              |   0.00   |    2     |    0.25 ( 0.00%)   |   -76528.38   |   157867.66   |    157863.57    |
|              Node908              |   0.00   |    2     |    0.73 (11.55%)   |   -76528.38   |   157867.65   |    157863.57    |
|              Node625              |   0.00   |    2     |    0.27 ( 0.00%)   |   -76528.37   |   157867.64   |    157863.57    |
|          OLIMY_AF215546           |   0.00   |    2     |   59.02 ( 0.42%)   |   -76528.33   |   157867.56   |    157863.57    |
|               Node3               |   0.00   |    2     |    0.25 ( 2.00%)   |   -76539.06   |   157889.02   |    157863.57    |
|          CTHER_AF421088           |   0.00   |    2     |  >1000 (100.00%)   |   -76528.38   |   157867.66   |    157863.57    |
|              Node386              |   0.00   |    2     |    0.18 (31.40%)   |   -76535.28   |   157881.45   |    157863.57    |
|          ERIER_AF156095           |   0.00   |    2     |    9.08 ( 1.95%)   |   -76528.37   |   157867.63   |    157863.57    |
|              Node412              |   0.00   |    2     |    0.27 ( 0.00%)   |   -76528.38   |   157867.65   |    157863.57    |
|              Node664              |   0.00   |    2     |    9.05 ( 1.98%)   |   -76528.37   |   157867.63   |    157863.57    |
|              Node901              |   0.00   |    2     |    0.25 ( 2.00%)   |   -76537.44   |   157885.77   |    157863.57    |
|           LECER_Z80177            |   0.00   |    2     |    0.74 (24.18%)   |   -76528.38   |   157867.66   |    157863.57    |
|           BERRA_L37920            |   0.00   |    2     |    0.79 (76.41%)   |   -76528.38   |   157867.66   |    157863.57    |
|              Node757              |   0.00   |    2     |    0.74 (24.84%)   |   -76528.38   |   157867.66   |    157863.57    |
|              Node76               |   0.00   |    2     |    0.26 ( 0.00%)   |   -76528.38   |   157867.66   |    157863.57    |
|              Node56               |   0.00   |    2     |    0.25 ( 0.00%)   |   -76528.38   |   157867.66   |    157863.57    |
|              Node607              |   0.00   |    2     |    1.95 (49.26%)   |   -76528.38   |   157867.65   |    157863.57    |
|              Node804              |   0.00   |    2     |    0.25 ( 2.00%)   |   -76538.84   |   157888.57   |    157863.57    |
|        ZEA_MAYS_NC_001666         |   0.00   |    2     |    0.26 ( 0.00%)   |   -76528.38   |   157867.66   |    157863.57    |
|              Node857              |   0.00   |    2     |  148.37 ( 0.34%)   |   -76526.62   |   157864.13   |    157863.57    |
|              Node849              |   0.00   |    2     |    0.74 (49.15%)   |   -76528.38   |   157867.66   |    157863.57    |
|              Node286              |   0.00   |    2     |    2.00 ( 2.00%)   |   -76528.38   |   157867.66   |    157863.57    |
|              Node426              |   0.00   |    2     |  126.71 ( 0.62%)   |   -76525.94   |   157862.76   |    157862.76    |
|              Node426              |   0.00   |    3     |  170.32 ( 0.54%)   |   -76525.98   |   157866.93   |    157862.76    |
|              Node142              |   0.00   |    2     |    1.01 (24.59%)   |   -76525.94   |   157866.85   |    157862.76    |
|              Node910              |   0.00   |    2     |    0.27 ( 0.00%)   |   -76525.94   |   157866.85   |    157862.76    |
|              Node88               |   0.00   |    2     |  >1000 (100.00%)   |   -76525.94   |   157866.85   |    157862.76    |
|              Node721              |   0.00   |    2     |    0.25 ( 0.00%)   |   -76525.94   |   157866.85   |    157862.76    |
|              Node779              |   0.00   |    2     |  >1000 (100.00%)   |   -76525.94   |   157866.85   |    157862.76    |
|              Node338              |   0.00   |    2     |   62.03 ( 0.48%)   |   -76525.89   |   157866.76   |    157862.76    |
|              Node624              |   0.00   |    2     |    0.18 (31.40%)   |   -76535.32   |   157885.62   |    157862.76    |
|              Node144              |   0.00   |    2     |    0.26 ( 0.00%)   |   -76525.94   |   157866.85   |    157862.76    |
|              Node717              |   0.00   |    2     |    0.68 (24.06%)   |   -76525.88   |   157866.74   |    157862.76    |
|              Node217              |   0.00   |    2     |    0.26 ( 0.00%)   |   -76525.94   |   157866.85   |    157862.76    |
|              Node439              |   0.00   |    2     |    0.60 (50.92%)   |   -76525.92   |   157866.83   |    157862.76    |
|              Node487              |   0.00   |    2     |    0.73 ( 9.66%)   |   -76525.93   |   157866.85   |    157862.76    |
|              Node264              |   0.00   |    2     |    0.39 (86.64%)   |   -76525.94   |   157866.85   |    157862.76    |
|              Node208              |   0.00   |    2     |    0.24 ( 0.00%)   |   -76525.94   |   157866.85   |    157862.76    |
|              Node662              |   0.00   |    2     |  344.65 (100.00%)  |   -76525.94   |   157866.85   |    157862.76    |
|              Node675              |   0.00   |    2     |    0.25 ( 0.00%)   |   -76525.94   |   157866.85   |    157862.76    |
|              Node173              |   0.00   |    2     |    0.27 (31.40%)   |   -76529.08   |   157873.13   |    157862.76    |
|              Node577              |   0.00   |    2     |    0.22 ( 0.00%)   |   -76525.94   |   157866.85   |    157862.76    |
|              Node569              |   0.00   |    2     |    8.96 (24.63%)   |   -76525.93   |   157866.84   |    157862.76    |
|              Node533              |   0.00   |    2     |    0.24 ( 0.00%)   |   -76525.94   |   157866.85   |    157862.76    |
|              Node492              |   0.00   |    2     |    0.18 (31.40%)   |   -76531.43   |   157877.84   |    157862.76    |
|              Node276              |   0.00   |    2     |    0.40 (98.00%)   |   -76525.94   |   157866.85   |    157862.76    |
|              Node485              |   0.00   |    2     |    0.73 ( 9.44%)   |   -76525.94   |   157866.85   |    157862.76    |
|              Node183              |   0.00   |    2     |    0.25 ( 2.00%)   |   -76528.72   |   157872.42   |    157862.76    |
|              Node649              |   0.00   |    2     |    0.60 (75.00%)   |   -76525.94   |   157866.85   |    157862.76    |
|              Node63               |   0.00   |    2     |    0.75 ( 9.51%)   |   -76525.94   |   157866.85   |    157862.76    |
|          BRABR_AY483263           |   0.00   |    2     |    0.26 ( 0.00%)   |   -76525.94   |   157866.85   |    157862.76    |
|              Node743              |   0.00   |    2     |    0.25 ( 2.00%)   |   -76535.73   |   157886.44   |    157862.76    |
|              Node916              |   0.00   |    2     |    0.73 ( 9.42%)   |   -76525.94   |   157866.85   |    157862.76    |
|              Node656              |   0.00   |    2     |    0.59 (75.20%)   |   -76525.93   |   157866.84   |    157862.76    |
|              Node567              |   0.00   |    2     |    0.26 ( 0.00%)   |   -76525.94   |   157866.85   |    157862.76    |
|              Node744              |   0.00   |    2     |   9.70 (100.00%)   |   -76526.01   |   157866.99   |    157862.76    |
|              Node640              |   0.00   |    2     |    0.18 (31.40%)   |   -76535.04   |   157885.06   |    157862.76    |
|          CAEFB_AY904417           |   0.00   |    2     |    0.26 ( 0.00%)   |   -76525.94   |   157866.85   |    157862.76    |
|           ERIER_U80418            |   0.00   |    2     |    2.00 ( 5.00%)   |   -76525.94   |   157866.85   |    157862.76    |
|              Node934              |   0.00   |    2     |    0.25 ( 2.00%)   |   -76535.55   |   157886.08   |    157862.76    |
|              Node626              |   0.00   |    2     |  >1000 (100.00%)   |   -76525.93   |   157866.84   |    157862.76    |
|          GUNGU_AF307918           |   0.00   |    2     |    0.81 (50.47%)   |   -76525.92   |   157866.81   |    157862.76    |
|              Node782              |   0.00   |    2     |    0.26 ( 0.00%)   |   -76525.94   |   157866.85   |    157862.76    |
|          CAEFB_AY904402           |   0.00   |    2     |    0.40 (75.00%)   |   -76525.94   |   157866.85   |    157862.76    |
|              Node944              |   0.00   |    2     |    0.26 ( 0.00%)   |   -76525.94   |   157866.85   |    157862.76    |
|              Node933              |   0.00   |    2     |    0.49 (49.21%)   |   -76525.90   |   157866.78   |    157862.76    |
|              Node206              |   0.00   |    2     |    0.40 (50.95%)   |   -76525.94   |   157866.85   |    157862.76    |
|              Node751              |   0.00   |    2     |    0.25 ( 0.00%)   |   -76525.94   |   157866.85   |    157862.76    |
|              Node679              |   0.00   |    2     |    0.41 (53.82%)   |   -76525.93   |   157866.84   |    157862.76    |
|              Node407              |   0.00   |    2     |    0.40 (75.00%)   |   -76525.94   |   157866.85   |    157862.76    |
|          RHIMA_AF206744           |   0.00   |    2     |    0.18 (31.40%)   |   -76534.28   |   157883.53   |    157862.76    |
|              Node877              |   0.00   |    2     |    0.49 (24.04%)   |   -76525.94   |   157866.85   |    157862.76    |
|              Node646              |   0.00   |    2     |  >1000 (100.00%)   |   -76525.94   |   157866.85   |    157862.76    |
|              Node686              |   0.00   |    2     |    0.25 ( 0.00%)   |   -76525.94   |   157866.85   |    157862.76    |
|              Node348              |   0.00   |    2     |    0.26 ( 0.00%)   |   -76525.94   |   157866.85   |    157862.76    |
|          CLUMA_AY625008           |   0.00   |    2     |    0.40 (75.00%)   |   -76525.94   |   157866.85   |    157862.76    |
|              Node541              |   0.00   |    2     |    0.77 ( 8.77%)   |   -76525.94   |   157866.85   |    157862.76    |
|              Node139              |   0.00   |    2     |    0.27 (31.40%)   |   -76532.92   |   157880.81   |    157862.76    |
|              Node372              |   0.00   |    2     |    0.25 ( 0.00%)   |   -76525.94   |   157866.85   |    157862.76    |
|              Node280              |   0.00   |    2     |    0.39 (76.32%)   |   -76525.94   |   157866.85   |    157862.76    |
|              Node350              |   0.00   |    2     |    0.26 ( 0.00%)   |   -76525.94   |   157866.85   |    157862.76    |
|              Node95               |   0.00   |    2     |    0.27 (31.40%)   |   -76531.33   |   157877.64   |    157862.76    |
|              Node345              |   0.00   |    2     |  >1000 (100.00%)   |   -76525.94   |   157866.85   |    157862.76    |
|           BERRA_L75843            |   0.00   |    2     |    0.25 ( 2.00%)   |   -76538.40   |   157891.77   |    157862.76    |
|              Node283              |   0.00   |    2     |  >1000 (100.00%)   |   -76525.94   |   157866.85   |    157862.76    |
|              Node592              |   0.00   |    2     |    0.25 ( 2.00%)   |   -76537.39   |   157889.76   |    157862.76    |
|              Node729              |   0.00   |    2     |  >1000 (100.00%)   |   -76525.94   |   157866.85   |    157862.76    |
|              Node794              |   0.00   |    2     |  87.13 (100.00%)   |   -76525.94   |   157866.86   |    157862.76    |
|              Node29               |   0.00   |    2     |  34.15 (100.00%)   |   -76525.94   |   157866.85   |    157862.76    |
|           LECER_Z80181            |   0.00   |    2     |    0.25 ( 2.00%)   |   -76535.81   |   157886.60   |    157862.76    |
|              Node64               |   0.00   |    2     |  >1000 (100.00%)   |   -76525.94   |   157866.85   |    157862.76    |
|              Node14               |   0.00   |    2     |  162.30 (100.00%)  |   -76525.94   |   157866.86   |    157862.76    |
|              Node792              |   0.00   |    2     |    0.25 ( 2.00%)   |   -76535.86   |   157886.70   |    157862.76    |
|              Node464              |   0.00   |    2     |    0.40 (95.00%)   |   -76525.94   |   157866.85   |    157862.76    |
|              Node612              |   0.00   |    2     |    0.40 (95.00%)   |   -76525.94   |   157866.85   |    157862.76    |
|              Node754              |   0.00   |    2     |    7.46 (22.01%)   |   -76525.94   |   157866.85   |    157862.76    |
|              Node295              |   0.00   |    2     |    0.26 ( 0.00%)   |   -76525.94   |   157866.85   |    157862.76    |
|              Node302              |   0.00   |    2     |    8.40 ( 4.91%)   |   -76525.93   |   157866.84   |    157862.76    |
|              Node261              |   0.00   |    2     |    0.28 (51.48%)   |   -76525.91   |   157866.80   |    157862.76    |
|              Node178              |   0.00   |    2     |   12.77 (98.53%)   |   -76525.99   |   157866.95   |    157862.76    |
|              Node356              |   0.00   |    2     |    0.25 ( 2.00%)   |   -76532.03   |   157879.04   |    157862.76    |
|              Node382              |   0.00   |    2     |    0.27 (31.40%)   |   -76529.85   |   157874.67   |    157862.76    |
|              Node600              |   0.00   |    2     |    0.25 ( 2.00%)   |   -76529.94   |   157874.86   |    157862.76    |
|              Node230              |   0.00   |    2     |    0.25 ( 0.00%)   |   -76525.94   |   157866.85   |    157862.76    |
|              Node482              |   0.00   |    2     |    0.26 ( 0.00%)   |   -76525.94   |   157866.85   |    157862.76    |
|          THEER_AF380066           |   0.00   |    2     |    0.25 ( 2.00%)   |   -76532.89   |   157880.76   |    157862.76    |
|              Node226              |   0.00   |    2     |    8.79 (24.17%)   |   -76525.94   |   157866.85   |    157862.76    |
|              Node711              |   0.00   |    2     |    0.26 ( 0.00%)   |   -76525.94   |   157866.85   |    157862.76    |
|              Node628              |   0.00   |    2     |    0.27 (31.40%)   |   -76529.13   |   157873.23   |    157862.76    |
|              Node353              |   0.00   |    2     |    0.25 ( 0.00%)   |   -76525.94   |   157866.85   |    157862.76    |
|              Node705              |   0.00   |    2     |    0.26 ( 0.00%)   |   -76525.94   |   157866.85   |    157862.76    |
|              Node318              |   0.00   |    2     |    0.22 ( 0.00%)   |   -76525.94   |   157866.85   |    157862.76    |
|              Node110              |   0.00   |    2     |    0.27 ( 0.00%)   |   -76525.94   |   157866.85   |    157862.76    |
|              Node241              |   0.00   |    2     |    0.26 ( 0.00%)   |   -76525.94   |   157866.85   |    157862.76    |
|              Node909              |   0.00   |    2     |    0.25 ( 0.00%)   |   -76525.94   |   157866.85   |    157862.76    |
|              Node192              |   0.00   |    2     |    0.26 ( 0.00%)   |   -76525.94   |   157866.85   |    157862.76    |
|              Node272              |   0.00   |    2     |    0.18 (31.40%)   |   -76530.40   |   157875.79   |    157862.76    |
|              Node132              |   0.00   |    2     |    0.24 ( 0.00%)   |   -76525.94   |   157866.85   |    157862.76    |
|              Node515              |   0.00   |    2     |    0.26 ( 0.00%)   |   -76525.94   |   157866.85   |    157862.76    |
|              Node702              |   0.00   |    2     |    1.07 (10.37%)   |   -76525.94   |   157866.85   |    157862.76    |
|           OLIMY_U26329            |   0.00   |    2     |    0.25 ( 0.00%)   |   -76525.94   |   157866.85   |    157862.76    |
|              Node299              |   0.00   |    2     |    0.25 ( 0.00%)   |   -76525.94   |   157866.85   |    157862.76    |
|              Node39               |   0.00   |    2     |  >1000 (100.00%)   |   -76525.94   |   157866.85   |    157862.76    |
|              Node927              |   0.00   |    2     |    0.60 (94.97%)   |   -76525.90   |   157866.78   |    157862.76    |
|              Node172              |   0.00   |    2     |    0.27 (31.40%)   |   -76529.51   |   157874.00   |    157862.76    |
|              Node658              |   0.00   |    2     |    0.18 (31.40%)   |   -76530.60   |   157876.17   |    157862.76    |
|          BRABR_AJ235809           |   0.00   |    2     |   1.00 (100.00%)   |   -76526.29   |   157867.56   |    157862.76    |
|              Node690              |   0.00   |    2     |    0.25 ( 0.00%)   |   -76525.94   |   157866.85   |    157862.76    |
|           GERGE_U77902            |   0.00   |    2     |    0.26 ( 0.00%)   |   -76525.94   |   157866.85   |    157862.76    |
|              Node83               |   0.00   |    2     |    0.25 ( 2.00%)   |   -76526.66   |   157868.31   |    157862.76    |
|          CAEFB_AY904420           |   0.00   |    2     |   1.00 (100.00%)   |   -76526.25   |   157867.48   |    157862.76    |
|              Node408              |   0.00   |    2     |    0.25 ( 0.00%)   |   -76525.94   |   157866.85   |    157862.76    |
|              Node164              |   0.00   |    2     |   4.95 (100.00%)   |   -76525.94   |   157866.86   |    157862.76    |
|              Node537              |   0.00   |    2     |    0.27 ( 0.00%)   |   -76525.94   |   157866.85   |    157862.76    |
|              Node580              |   0.00   |    2     |    0.26 ( 0.00%)   |   -76525.94   |   157866.85   |    157862.76    |
|          MSNER_AF213809           |   0.00   |    2     |  968.20 (100.00%)  |   -76525.94   |   157866.85   |    157862.76    |
|              Node678              |   0.00   |    2     |   45.07 (98.08%)   |   -76525.94   |   157866.87   |    157862.76    |
|              Node684              |   0.00   |    2     |  927.14 (100.00%)  |   -76525.94   |   157866.85   |    157862.76    |
|              Node769              |   0.00   |    2     |  >1000 (100.00%)   |   -76525.94   |   157866.85   |    157862.76    |
|              Node775              |   0.00   |    2     |  >1000 (100.00%)   |   -76525.94   |   157866.85   |    157862.76    |
|              Node572              |   0.00   |    2     |  914.11 (100.00%)  |   -76525.94   |   157866.85   |    157862.76    |
|              Node46               |   0.00   |    2     |  442.81 (100.00%)  |   -76525.94   |   157866.85   |    157862.76    |
|              Node245              |   0.00   |    2     |  184.30 (100.00%)  |   -76525.94   |   157866.85   |    157862.76    |
|              Node604              |   0.00   |    2     |    0.25 ( 2.00%)   |   -76529.75   |   157874.49   |    157862.76    |
|              Node463              |   0.00   |    2     |    0.25 ( 0.00%)   |   -76525.94   |   157866.85   |    157862.76    |
|              Node81               |   0.00   |    2     |   35.09 (97.24%)   |   -76525.66   |   157866.30   |    157862.76    |
|              Node25               |   0.00   |    2     |    0.25 ( 0.00%)   |   -76525.94   |   157866.85   |    157862.76    |
|              Node24               |   0.00   |    2     |    0.25 ( 0.00%)   |   -76525.94   |   157866.85   |    157862.76    |
|              Node790              |   0.00   |    2     |    0.25 ( 0.00%)   |   -76525.94   |   157866.85   |    157862.76    |
|              Node306              |   0.00   |    2     |    0.25 ( 0.00%)   |   -76525.94   |   157866.85   |    157862.76    |
|              Node116              |   0.00   |    2     |    0.27 ( 0.00%)   |   -76525.94   |   157866.85   |    157862.76    |
|              Node483              |   0.00   |    2     |    0.25 ( 0.00%)   |   -76525.94   |   157866.85   |    157862.76    |
|              Node15               |   0.00   |    2     |    0.25 ( 0.00%)   |   -76525.94   |   157866.85   |    157862.76    |
|              Node204              |   0.00   |    2     |    0.25 ( 2.00%)   |   -76525.92   |   157866.82   |    157862.76    |
|              Node21               |   0.00   |    2     |    0.20 ( 0.00%)   |   -76525.94   |   157866.85   |    157862.76    |
|          MCYMY_AF270752           |   0.00   |    2     |    0.25 ( 2.00%)   |   -76525.94   |   157866.85   |    157862.76    |

### Rate class analyses summary
*  704 branches with **1** rate classes
*  238 branches with **2** rate classes
*  1 branches with **3** rate classes

### Annotated Tree
(DIOCA_Z97637{1},(((((DILDI_AJ235796{2},(DILDI_AF093721{2},(DILDI_AF095734{1},DILDI_L01903{1})Node10{2})Node8{1})Node6{1},((((((VITVT_AJ419726{1},VITVT_AJ419721{1})Node18{2},(HALSF_U26325{2},((((MANGE_AJ235774{2},LEDGE_L14708{1})Node26{1},((((COMMY_U26321{1},COMMY_U26338{1})Node32{1},((LYTMY_AY036148{2},LYTMY_AY905410{1})Node36{1},((LYTMY_AY905408{1},(ONAMY_L10219{1},LYTMY_AY905406{1})Node43{2},((LYTMY_L10226{2},LYTMY_L10218{2})Node47{1},(LYTMY_AY905413{1},(LYTMY_AY496864{1},LYTMY_AY905404{1})Node52{2})Node50{1})Node46{1})Node40{1},LYTMY_AY905411{1})Node39{1})Node35{1})Node31{1},((VOCMY_U26324{1},((PSIMY_U26333{1},MYTMY_U26315{1})Node60{1},((MYTMY_U26317{1},MYTMY_AJ235785{2})Node64{1},MYTMY_U26318{1})Node63{1})Node59{1})Node57{2},(((MCYMY_U26327{2},MCYMY_AF270752{1})Node70{2},(MSTMY_AF215521{2},((MSTMY_AF215533{1},(MSTMY_AF215537{1},MSTMY_AJ235777{2})Node78{1})Node76{1},((((MSTMY_U26323{1},MSTMY_U26330{1})Node84{2},MSTMY_AY456135{2})Node83{1},(MSTMY_U26334{1},MSTMY_U26339{1})Node88{1})Node82{1},MSTMY_AF215516{1})Node81{1})Node75{2})Node73{2})Node69{2},((ALZMY_U26316{1},(PENMY_U26331{1},(OLIMY_U26329{1},OLIMY_AF215546{1})Node97{2})Node95{1})Node93{2},(CRYMY_AY078157{1},CRYMY_AY078153{1})Node100{1})Node92{1})Node68{1})Node56{1})Node30{1},((BIESP_AF035920{2},((SAPSP_U38922{1},(((SAPSP_AJ403001{2},SAPSP_AJ403008{2})Node111{1},SAPSP_AY724341{1})Node110{1},SAPSP_AY724366{1})Node109{1})Node107{1},((ZYGZY_DQ267165{2},((ANASP_AY462008{2},ANASP_U38928{1})Node120{1},(BURSP_U38856{2},BURSP_U39276{2})Node123{2})Node119{1})Node117{1},(((MELSP_DQ238061{1},MELSP_AJ403017{2})Node128{2},MELSP_U38859{2})Node127{1},((((EBEER_AJ402968{2},(RUTSP_U38860{2},(RUTSP_AF066819{1},RUTSP_AF066812{1})Node139{1})Node137{1})Node135{1},(RUTSP_AF066808{1},(RUTSP_U38862{1},RUTSP_AF066814{1},RUTSP_U38861{1})Node144{1})Node142{1})Node134{1},(RUTSP_U38863{2},RUTSP_AF123276{1})Node149{2})Node133{1},(SIMSP_U38927{2},(SIMSP_U38923{1},SIMSP_U38924{1})Node154{2})Node152{1})Node132{1})Node126{1})Node116{1})Node106{2})Node104{1},(((SARMV_U26337{1},(DCPMV_AF030238{1},DCPMV_AJ247623{1})Node161{1})Node159{1},((BONMA_AJ402990{1},(THYMV_U26322{1},THYMV_AJ297230{1})Node167{1})Node165{1},((((MLVMV_AY328183{2},(MLVMV_AY328175{1},MLVMV_AY328176{1})Node175{1})Node173{1},(MLVMV_AY328190{2},MLVMV_AY328194{1})Node178{1})Node172{1},MLVMV_AY328174{1})Node171{1},MLVMV_AJ233145{1})Node170{2})Node164{1})Node158{1},((SVDBR_X69755{1},(GYRBR_L22439{2},(BRABR_AY483263{1},BRABR_AJ235809{1})Node188{2})Node186{1})Node184{2},PETMV_AJ233158{1})Node183{1})Node157{1})Node103{1})Node29{1})Node25{1},(GEICS_X83990{2},((ZYGZY_AJ133855{1},(ZYGZY_Y15019{2},(ZYGZY_AF200471{2},ZYGZY_AY935748{1})Node199{2})Node197{1})Node195{2},((((((SALMA_AF206726{1},(SALMA_AJ418824{2},SALMA_AJ418839{1})Node226{1})Node224{1},((VIOMA_L11674{2},VIOMA_Z75693{1})Node209{1},(PFLMA_L01940{2},(PFLMA_AF206802{2},TURMA_Z75691{1})Node214{1})Node212{2})Node208{1},((ACHMA_AJ418802{2},ACHMA_AJ418803{1})Node218{1},(ACHMA_AJ418799{1},ACHMA_AJ235781{1})Node221{1})Node217{1})Node206{1},(BALMA_AF089760{1},(IXOMA_Z75680{2},(ERYMA_AJ402976{1},((RHIMA_AF127695{1},RHIMA_AF206744{1})Node237{1},RHIMA_U26335{2})Node236{1})Node234{1})Node232{1})Node230{1},((PHAMA_AY663605{1},PHAMA_AY663597{2})Node242{1},((((((PODMA_U68083{1},PODMA_D89475{3})Node250{1},PODMA_U68089{1})Node249{1},((HYPMA_AF518396{1},HYPMA_AF518382{2})Node255{2},(HYPMA_AF206779{1},HYPMA_AF518395{1})Node258{1})Node254{1})Node248{1},((((CLUMA_AF518397{1},CLUMA_AF518388{1})Node264{1},CLUMA_AF518392{1})Node263{1},((CLUMA_AF518386{1},CLUMA_AF518381{1})Node269{1},(CLUMA_AF518390{1},CLUMA_AF518383{2})Node272{1})Node268{1})Node262{2},((CLUMA_AY625029{1},CLUMA_AY625025{1})Node276{1},(CLUMA_AF518393{1},CLUMA_AY625008{1})Node280{1},(CLUMA_AY625011{1},CLUMA_AY625015{1})Node283{1})Node275{2})Node261{1})Node247{1},(ELTMA_AJ402927{2},((EUPMA_AY794909{2},EUPMA_AJ418806{1})Node289{1},(EUPMA_AY794821{2},EUPMA_AY794831{1})Node292{1})Node288{1})Node286{1})Node246{1},(((MALMA_AF344511{1},((((MALMA_AF344470{2},MALMA_AF344507{2})Node302{1},MALMA_AF344467{2})Node301{1},(MALMA_AF344483{1},MALMA_AF344519{1})Node306{1})Node300{1},MALMA_AF344474{1})Node299{1})Node297{1},PDSSF_AJ403018{1})Node296{1},(IRVMA_AF123278{1},LOPMA_AY663643{2})Node311{1})Node295{1})Node245{1})Node241{1})Node205{1},(LBOCE_AJ402966{1},(CELCE_AY935727{1},(PARCE_AY935732{2},((CELCE_AJ235795{1},CELCE_AJ402994{1})Node321{1},(CELCE_X69754{2},CELCE_X83996{1})Node324{1})Node320{1})Node318{1})Node316{1})Node314{1})Node204{1},((ELCOX_AF206765{1},((CUNOX_AY549641{2},CUNOX_AF291930{1})Node331{1},CUNOX_AF206759{2})Node330{1})Node328{2},(CONOX_L29493{2},OXAOX_L01938{1})Node335{1})Node327{1})Node203{1},(((POLFB_L29492{2},POLFB_AJ235799{1})Node340{1},(((CAEFB_AY904379{1},(CAEFB_AY904398{1},((CAEFB_AY904416{1},(CAEFB_AY904417{1},CAEFB_AY904420{1})Node353{1})Node351{1},(CAEFB_AY904406{1},CAEFB_AY904402{1})Node356{1})Node350{1})Node348{1},(CAEFB_AY904395{1},CAEFB_AY904376{1})Node359{2})Node345{1},CAEFB_AY904377{1},CAEFB_AY308532{2})Node344{1},(PAPFB_U74258{2},(PAPFB_Z95536{1},(PAPFB_AB045801{1},PAPFB_U74197{2})Node369{1})Node367{1})Node365{1})Node343{1})Node339{1},(((ROSRO_AF132893{1},(ROSRO_AY052506{1},(((ROSRO_AY052518{1},(ROSRO_AY052513{1},ROSRO_AF329002{1})Node382{1})Node380{2},ROSRO_AF411503{1})Node379{1},(ROSRO_AF411494{1},(ROSRO_AF411490{2},ROSRO_AF411496{1})Node388{2})Node386{1})Node378{1})Node376{1})Node374{2},((((CANRO_AJ402933{1},(MORRO_AF500345{1},(MORRO_AF500348{1},MORRO_AF500349{1})Node398{1})Node396{1})Node394{1},((URTRO_AY208707{2},URTRO_AY208704{1})Node402{1},URTRO_AY208700{1})Node401{1})Node393{1},ULMRO_AF500338{2})Node392{1},(((DIRRO_AJ225789{1},BARRO_AJ225788{1})Node409{1},((RHARO_AJ225785{1},(RHARO_AJ390030{2},RHARO_AJ390028{1})Node415{1})Node413{1},(RHARO_AJ390038{2},RHARO_AJ390035{2})Node418{1})Node412{1})Node408{1},(ELARO_U59821{1},(RHARO_AJ390052{2},RHARO_U59819{1})Node423{1})Node421{1})Node407{1})Node391{1})Node373{1},((NOTFA_L13348{1},(JUGFA_AJ235790{1},(CANRO_L12638{2},FAGFA_AY147096{2})Node431{1})Node429{2})Node427{1},((ANICU_AY935742{1},(CUCCU_AY862550{1},(CUCCU_AF008958{2},CUCCU_AJ235782{1})Node439{1})Node437{1})Node435{2},((BEGCU_AF534722{1},BEGCU_AF534740{2})Node443{2},COCCU_U06840{1})Node442{1})Node434{1})Node426{2})Node372{1})Node338{1})Node202{1})Node194{1})Node192{1})Node24{1},((HCHGE_L14699{2},(GERGE_L14703{2},(GERGE_L14697{1},(GERGE_L14693{2},(GERGE_U77901{2},(GERGE_U77902{1},GERGE_U77903{1})Node458{1})Node456{1})Node454{1})Node452{2})Node450{1})Node448{1},CSOCS_AY101845{2})Node447{1})Node23{1})Node21{1})Node17{2},(((SAXSF_AF374730{1},(HAMSF_AM183407{1},HAMSF_AF060709{1})Node466{1})Node464{1},HAMSF_AF060708{1})Node463{1},HAMSF_AJ131772{1})Node462{1})Node16{1},((PLAPR_L01943{1},((DDYBX_AF061994{2},(BUXBX_AF093733{2},BUXBX_AF203485{1})Node477{1})Node475{1},(SABSB_AF206793{1},(((((((CAARA_AF093720{1},KGDRA_AF093719{2})Node488{2},((LARRA_L37916{1},LARRA_L37921{1})Node492{1},LARRA_AF093731{1})Node491{1})Node487{1},((RANRA_L75849{2},(RANRA_AF093730{2},RANRA_AF079453{2})Node500{1})Node498{1},(BERRA_L75871{1},(((BERRA_AF190442{1},(BERRA_L37920{1},BERRA_L75843{1})Node509{2})Node507{1},BERRA_L75867{2})Node506{1},(BERRA_L75868{1},(BERRA_L75869{1},(BERRA_AF079454{1},BERRA_AF093716{1})Node517{1})Node515{1})Node513{1})Node505{2})Node503{1})Node497{1},(MSPRA_AF093726{1},MSPRA_L37923{2})Node520{1})Node486{1},EPTRA_AY048174{1})Node485{1},((PPVRA_U86624{1},PPVRA_U86632{1})Node525{1},(FUMRA_U86628{1},PTPRA_U86631{1})Node528{1})Node524{1})Node484{2},(PROPR_U79178{1},(PROPR_U79165{1},(PROPR_U79166{1},((PROPR_DQ099446{1},PROPR_U79173{1})Node538{1},(PROPR_U79164{1},(PROPR_U79174{1},PROPR_U79171{1})Node543{1})Node541{1})Node537{1})Node535{1})Node533{1})Node531{1})Node483{1},((NYSCO_AF119178{1},((BRACHYPODIUM_DISTACHYON_NC_011032{1},HORDEUM_VULGARE_NC_008590{1})Node550{2},(ORYZA_SATIVA_JAPONICA_NC_001320{2},(ZEA_MAYS_NC_001666{1},SORGHUM_BICOLOR_NC_008602{2})Node555{2})Node553{1})Node549{2})Node547{1},NELPR_DQ182337{1})Node546{1})Node482{1})Node480{1})Node474{1})Node472{1},((GUNGU_AF307918{1},GUNGU_AY008156{2})Node560{2},GUNGU_AF060707{2})Node559{1})Node471{1})Node15{1},(SANSL_L26067{1},SANSL_L26070{2})Node564{1})Node14{1},((((((((PMOER_Z83144{2},((((MSNER_AF213821{2},(MSNER_AF213820{2},(MSNER_AF213809{1},(MSNER_AF213807{1},MSNER_AF213806{1})Node604{1})Node602{2})Node600{1})Node598{2},((MSNER_AF213813{1},(MSNER_AF213814{1},((MSNER_AF213812{1},MSNER_AF213811{2})Node613{1},MSNER_AF213810{1})Node612{1})Node610{1})Node608{1},MSNER_Z83145{1})Node607{1})Node597{2},(((PRMER_AF394965{1},PRMER_AF395006{1})Node620{1},PRMER_AF395005{2})Node619{2},(((PRMER_U96943{1},(PRMER_AF213801{2},PRMER_AF394964{2})Node628{1})Node626{1},(PRMER_AF394997{1},PRMER_AF395007{1},(PRMER_AF394967{2},PRMER_AF394975{2})Node635{1})Node631{2})Node625{1},PRMER_AF213794{2})Node624{1})Node618{1})Node596{1},((THPER_AF213819{2},(THPER_AF213817{2},THPER_AF213815{2})Node642{2})Node640{1},THPER_AF213818{1})Node639{2})Node595{1})Node593{1},((THEER_AF380041{1},(THEER_AF380046{2},THEER_AF380066{1})Node649{1})Node647{1},((DIAER_Z83132{1},DIAER_AY049795{2})Node653{1},(CYRER_AY082698{2},((ERIER_L12616{1},((((MSNER_L12598{2},ERIER_AF419819{1})Node664{1},ERIER_AF419814{1})Node663{1},((ERIER_L12622{1},ERIER_AF419838{2})Node669{2},ERIER_AF419818{2})Node668{1})Node662{1},(((ERIER_L12601{1},ERIER_AF419834{1})Node675{1},((ERIER_AF419827{1},(ERIER_L12617{2},ERIER_AF419823{2})Node681{2})Node679{1},((ERIER_U49285{1},((ERIER_AF419826{1},(ERIER_U49289{2},(ERIER_U49288{1},ERIER_U49294{1})Node707{1})Node705{1})Node703{1},((ERIER_U49292{1},(ERIER_U49291{1},ERIER_U49287{1})Node713{1})Node711{1},ERIER_U49284{1})Node710{1})Node702{1})Node700{1},((ERIER_AF419816{1},ERIER_AF419828{1})Node687{2},(ERIER_U49293{1},(ERIER_AF419832{2},ERIER_U49286{2})Node692{1})Node690{1})Node686{1},((ERIER_AF419820{1},ERIER_AF419822{2})Node696{1},ERIER_AF419821{1})Node695{1})Node684{1})Node678{1})Node674{1},(ERIER_U82766{1},(((ERIER_AF124587{2},ERIER_AF124583{2},(ERIER_AF124589{2},ERIER_AF124588{1})Node726{1},(((ERIER_AF124581{2},ERIER_AF124577{1})Node762{1},ERIER_AF124573{1})Node761{1},(ERIER_U82764{2},(ERIER_AF124580{2},ERIER_AF124578{1})Node733{1})Node731{1},((ERIER_L12626{1},ERIER_AF419812{2})Node737{1},((ERIER_L12618{2},((ERIER_AF124574{2},(ERIER_AF124585{2},ERIER_AF124575{1})Node746{1})Node744{1},ERIER_U82765{1})Node743{1})Node741{2},(((ERIER_AF124576{1},(ERIER_AF419836{1},ERIER_AF419837{1})Node754{1})Node752{1},(ERIER_AF419835{1},ERIER_AF419811{1})Node757{1})Node751{1},ERIER_AF124579{1})Node750{1})Node740{1})Node736{1})Node729{1})Node721{1},(ERIER_U79743{1},((ERIER_U79741{2},(ERIER_U80422{2},ERIER_U80423{1})Node772{1},((ERIER_U80419{2},ERIER_U80418{1})Node776{1},((ERIER_U80424{1},((ERIER_AF156095{1},ERIER_U80427{1})Node783{1},ERIER_U80426{1})Node782{1})Node780{1},(ERIER_L12621{2},((ERIER_U80431{1},(ERIER_U80428{1},(ERIER_U80432{1},ERIER_U80430{1},ERIER_U80434{1})Node794{1})Node792{1})Node790{1},(ERIER_U80433{1},ERIER_U81798{1})Node799{1})Node789{1})Node787{1})Node779{1})Node775{1})Node769{1},ERIER_U80421{1})Node768{1})Node766{1})Node720{1},ERIER_L12606{2})Node719{1})Node717{1})Node673{1})Node661{2})Node659{1},((CTHER_Z80212{1},CTHER_AF421088{1})Node805{1},(CYRER_L01900{1},ACTER_AF088852{2})Node808{1})Node804{1})Node658{1})Node656{1})Node652{1})Node646{1})Node592{1},SPTER_Z83135{1},(LECER_AF077656{2},((LECER_AF077652{1},(LECER_AF077653{1},LECER_Z80177{1},(LECER_Z80181{1},LECER_AF022134{1})Node584{1})Node580{1})Node578{1},((LECER_Z80202{1},LECER_Z80180{1})Node588{1},LECER_Z80183{1})Node587{1})Node577{1})Node575{2})Node572{1},(TSTER_Z83149{1},SYMER_Z80192{1})Node812{2},(SLAER_AF421108{2},PPLER_AF419239{1})Node816{2},SLAER_AF421109{1})Node571{1},(PCIER_AJ428893{2},MGVER_Z80200{1})Node820{1})Node570{1},(BERRA_AF203487{2},COMMY_AF281478{1})Node823{2})Node569{1},((HANCO_AF323190{1},HANCO_AF323188{2})Node827{2},((CRNCO_AY530929{1},CRNCO_L14395{2})Node831{2},(CRNCO_AY530927{1},(CRNCO_AF190433{1},CRNCO_L11217{1})Node836{1})Node834{1})Node830{1})Node826{1})Node568{2},BBOBB_AJ235773{1})Node567{1})Node13{1})Node5{2},(SMDCA_AF093732{1},((APECA_Z83150{1},PHYCA_Y13116{1})Node843{1},((MOLCA_AF093727{2},((AIZCA_M62572{2},(SBTCA_AY270148{1},(AIZCA_AJ235778{2},PHLCA_AJ235800{1})Node854{1})Node852{1})Node850{2},(HPHCA_AJ403024{2},PORCA_M62568{2})Node857{1})Node849{1})Node847{1},(CPHCA_M83541{1},(((AMACA_AY270111{2},(AMACA_AY270074{2},(AMACA_AB050127{1},AMACA_AY270117{2})Node868{1})Node866{1})Node864{2},AMACA_AY270118{1})Node863{1},((AMACA_AY270133{1},AMACA_AY489263{1})Node873{1},((AMACA_AY270083{1},(AMACA_AY270131{1},AMACA_AY270127{1})Node879{2})Node877{1},(AMACA_AY270087{1},AMACA_AY270130{1})Node882{1})Node876{1})Node872{2})Node862{1})Node860{1})Node846{2})Node842{1})Node840{2})Node4{1},(DROCA_L01904{2},((DROCA_L01914{1},DROCA_AY096106{1})Node888{1},((DROCA_L01913{2},DROCA_L01906{2})Node892{1},(DROCA_L01909{1},DROCA_AY096107{2})Node895{2})Node891{1})Node887{1})Node885{1})Node3{1},((PLMCA_AJ312252{2},((PLMCA_Z97641{2},(PLMCA_Y16905{1},PGNCA_M77702{2})Node904{1})Node902{1},((((PLMCA_Z97642{1},(PLMCA_AJ286357{2},PLMCA_AJ286360{2})Node912{1})Node910{1},PLMCA_Z97639{2})Node909{1},(PLMCA_AJ286359{1},(PLMCA_Z97646{1},((PLMCA_AJ286363{1},PLMCA_Z97645{1})Node921{1},PLMCA_Z97643{1},PLMCA_Z97644{2})Node920{1})Node918{1})Node916{1})Node908{1},(PLMCA_Y16909{1},PLMCA_Y16907{2})Node927{1})Node907{1})Node901{1})Node899{2},((PGNCA_AF297137{1},((PGNCA_Z97648{2},PGNCA_AF297146{2})Node934{1},(PGNCA_Z97647{2},PGNCA_AF297150{1})Node937{2})Node933{1})Node931{2},(((PGNCA_AF297135{1},(PGNCA_AF297124{1},(PGNCA_AF297141{2},PGNCA_AF297149{2})Node946{1})Node944{1})Node942{1},((PGNCA_AF297125{2},(PGNCA_AF297128{1},PGNCA_AJ235789{1})Node952{1})Node950{1},((PGNCA_AF297145{1},PGNCA_AF297144{1})Node956{1},PGNCA_AF297139{1})Node955{1})Node949{1})Node941{1},(PLMCA_M77701{2},PGNCA_AF297147{1})Node960{1})Node940{1})Node930{2})Node898{1})Node2{2},ACCCA_AF206733{2})

----

```
|DIOCA_Z97637 (1)
|    |DILDI_AJ235796 (2)
|   |+Node6 (1)
|   |||DILDI_AF093721 (2)
|   ||+Node8 (1)
|   | ||DILDI_AF095734 (1)
|   | |+Node10 (2)
|   |  |DILDI_L01903 (1)
|  |+Node5 (2)
|  ||     |VITVT_AJ419726 (1)
|  ||    |+Node18 (2)
|  ||    ||VITVT_AJ419721 (1)
|  ||   |+Node17 (2)
|  ||   |||HALSF_U26325 (2)
|  ||   ||+Node21 (1)
|  ||   | |   |MANGE_AJ235774 (2)
|  ||   | |  |+Node26 (1)
|  ||   | |  ||LEDGE_L14708 (1)
|  ||   | | |+Node25 (1)
|  ||   | | ||   |COMMY_U26321 (1)
|  ||   | | ||  |+Node32 (1)
|  ||   | | ||  ||COMMY_U26338 (1)
|  ||   | | || |+Node31 (1)
|  ||   | | || || |LYTMY_AY036148 (2)
|  ||   | | || |||+Node36 (1)
|  ||   | | || ||||LYTMY_AY905410 (1)
|  ||   | | || ||+Node35 (1)
|  ||   | | || | | |LYTMY_AY905408 (1)
|  ||   | | || | ||+Node40 (1)
|  ||   | | || | ||||ONAMY_L10219 (1)
|  ||   | | || | |||+Node43 (2)
|  ||   | | || | ||||LYTMY_AY905406 (1)
|  ||   | | || | ||| |LYTMY_L10226 (2)
|  ||   | | || | ||||+Node47 (1)
|  ||   | | || | |||||LYTMY_L10218 (2)
|  ||   | | || | |||+Node46 (1)
|  ||   | | || | || ||LYTMY_AY905413 (1)
|  ||   | | || | || |+Node50 (1)
|  ||   | | || | ||  ||LYTMY_AY496864 (1)
|  ||   | | || | ||  |+Node52 (2)
|  ||   | | || | ||   |LYTMY_AY905404 (1)
|  ||   | | || | |+Node39 (1)
|  ||   | | || |  |LYTMY_AY905411 (1)
|  ||   | | |||+Node30 (1)
|  ||   | | |||| |VOCMY_U26324 (1)
|  ||   | | |||||+Node57 (2)
|  ||   | | |||||| |PSIMY_U26333 (1)
|  ||   | | |||||||+Node60 (1)
|  ||   | | ||||||||MYTMY_U26315 (1)
|  ||   | | ||||||+Node59 (1)
|  ||   | | ||||| | |MYTMY_U26317 (1)
|  ||   | | ||||| ||+Node64 (1)
|  ||   | | ||||| |||MYTMY_AJ235785 (2)
|  ||   | | ||||| |+Node63 (1)
|  ||   | | |||||  |MYTMY_U26318 (1)
|  ||   | | ||||+Node56 (1)
|  ||   | | ||| |  |MCYMY_U26327 (2)
|  ||   | | ||| | |+Node70 (2)
|  ||   | | ||| | ||MCYMY_AF270752 (1)
|  ||   | | ||| ||+Node69 (2)
|  ||   | | ||| ||||MSTMY_AF215521 (2)
|  ||   | | ||| |||+Node73 (2)
|  ||   | | ||| || | |MSTMY_AF215533 (1)
|  ||   | | ||| || ||+Node76 (1)
|  ||   | | ||| || ||||MSTMY_AF215537 (1)
|  ||   | | ||| || |||+Node78 (1)
|  ||   | | ||| || || |MSTMY_AJ235777 (2)
|  ||   | | ||| || |+Node75 (2)
|  ||   | | ||| ||  |   |MSTMY_U26323 (1)
|  ||   | | ||| ||  |  |+Node84 (2)
|  ||   | | ||| ||  |  ||MSTMY_U26330 (1)
|  ||   | | ||| ||  | |+Node83 (1)
|  ||   | | ||| ||  | ||MSTMY_AY456135 (2)
|  ||   | | ||| ||  ||+Node82 (1)
|  ||   | | ||| ||  ||||MSTMY_U26334 (1)
|  ||   | | ||| ||  |||+Node88 (1)
|  ||   | | ||| ||  || |MSTMY_U26339 (1)
|  ||   | | ||| ||  |+Node81 (1)
|  ||   | | ||| ||   |MSTMY_AF215516 (1)
|  ||   | | ||| |+Node68 (1)
|  ||   | | |||  | |ALZMY_U26316 (1)
|  ||   | | |||  ||+Node93 (2)
|  ||   | | |||  ||||PENMY_U26331 (1)
|  ||   | | |||  |||+Node95 (1)
|  ||   | | |||  || ||OLIMY_U26329 (1)
|  ||   | | |||  || |+Node97 (2)
|  ||   | | |||  ||  |OLIMY_AF215546 (1)
|  ||   | | |||  |+Node92 (1)
|  ||   | | |||   ||CRYMY_AY078157 (1)
|  ||   | | |||   |+Node100 (1)
|  ||   | | |||    |CRYMY_AY078153 (1)
|  ||   | | ||+Node29 (1)
|  ||   | | | | |BIESP_AF035920 (2)
|  ||   | | | ||+Node104 (1)
|  ||   | | | ||| |SAPSP_U38922 (1)
|  ||   | | | ||||+Node107 (1)
|  ||   | | | |||||  |SAPSP_AJ403001 (2)
|  ||   | | | ||||| |+Node111 (1)
|  ||   | | | ||||| ||SAPSP_AJ403008 (2)
|  ||   | | | ||||||+Node110 (1)
|  ||   | | | |||||||SAPSP_AY724341 (1)
|  ||   | | | |||||+Node109 (1)
|  ||   | | | |||| |SAPSP_AY724366 (1)
|  ||   | | | |||+Node106 (2)
|  ||   | | | || | |ZYGZY_DQ267165 (2)
|  ||   | | | || ||+Node117 (1)
|  ||   | | | || ||| |ANASP_AY462008 (2)
|  ||   | | | || ||||+Node120 (1)
|  ||   | | | || |||||ANASP_U38928 (1)
|  ||   | | | || |||+Node119 (1)
|  ||   | | | || || ||BURSP_U38856 (2)
|  ||   | | | || || |+Node123 (2)
|  ||   | | | || ||  |BURSP_U39276 (2)
|  ||   | | | || |+Node116 (1)
|  ||   | | | ||  |  |MELSP_DQ238061 (1)
|  ||   | | | ||  | |+Node128 (2)
|  ||   | | | ||  | ||MELSP_AJ403017 (2)
|  ||   | | | ||  ||+Node127 (1)
|  ||   | | | ||  |||MELSP_U38859 (2)
|  ||   | | | ||  |+Node126 (1)
|  ||   | | | ||   |   |EBEER_AJ402968 (2)
|  ||   | | | ||   |  |+Node135 (1)
|  ||   | | | ||   |  |||RUTSP_U38860 (2)
|  ||   | | | ||   |  ||+Node137 (1)
|  ||   | | | ||   |  | ||RUTSP_AF066819 (1)
|  ||   | | | ||   |  | |+Node139 (1)
|  ||   | | | ||   |  |  |RUTSP_AF066812 (1)
|  ||   | | | ||   | |+Node134 (1)
|  ||   | | | ||   | |||RUTSP_AF066808 (1)
|  ||   | | | ||   | ||+Node142 (1)
|  ||   | | | ||   | | ||RUTSP_U38862 (1)
|  ||   | | | ||   | | |+Node144 (1)
|  ||   | | | ||   | |  |RUTSP_AF066814 (1)
|  ||   | | | ||   | |  |RUTSP_U38861 (1)
|  ||   | | | ||   ||+Node133 (1)
|  ||   | | | ||   ||||RUTSP_U38863 (2)
|  ||   | | | ||   |||+Node149 (2)
|  ||   | | | ||   || |RUTSP_AF123276 (1)
|  ||   | | | ||   |+Node132 (1)
|  ||   | | | ||    ||SIMSP_U38927 (2)
|  ||   | | | ||    |+Node152 (1)
|  ||   | | | ||     ||SIMSP_U38923 (1)
|  ||   | | | ||     |+Node154 (2)
|  ||   | | | ||      |SIMSP_U38924 (1)
|  ||   | | | |+Node103 (1)
|  ||   | | |  |  |SARMV_U26337 (1)
|  ||   | | |  | |+Node159 (1)
|  ||   | | |  | |||DCPMV_AF030238 (1)
|  ||   | | |  | ||+Node161 (1)
|  ||   | | |  | | |DCPMV_AJ247623 (1)
|  ||   | | |  ||+Node158 (1)
|  ||   | | |  ||| |BONMA_AJ402990 (1)
|  ||   | | |  ||||+Node165 (1)
|  ||   | | |  ||||||THYMV_U26322 (1)
|  ||   | | |  |||||+Node167 (1)
|  ||   | | |  |||| |THYMV_AJ297230 (1)
|  ||   | | |  |||+Node164 (1)
|  ||   | | |  || |   |MLVMV_AY328183 (2)
|  ||   | | |  || |  |+Node173 (1)
|  ||   | | |  || |  |||MLVMV_AY328175 (1)
|  ||   | | |  || |  ||+Node175 (1)
|  ||   | | |  || |  | |MLVMV_AY328176 (1)
|  ||   | | |  || | |+Node172 (1)
|  ||   | | |  || | |||MLVMV_AY328190 (2)
|  ||   | | |  || | ||+Node178 (1)
|  ||   | | |  || | | |MLVMV_AY328194 (1)
|  ||   | | |  || ||+Node171 (1)
|  ||   | | |  || |||MLVMV_AY328174 (1)
|  ||   | | |  || |+Node170 (2)
|  ||   | | |  ||  |MLVMV_AJ233145 (1)
|  ||   | | |  |+Node157 (1)
|  ||   | | |   | |SVDBR_X69755 (1)
|  ||   | | |   ||+Node184 (2)
|  ||   | | |   ||||GYRBR_L22439 (2)
|  ||   | | |   |||+Node186 (1)
|  ||   | | |   || ||BRABR_AY483263 (1)
|  ||   | | |   || |+Node188 (2)
|  ||   | | |   ||  |BRABR_AJ235809 (1)
|  ||   | | |   |+Node183 (1)
|  ||   | | |    |PETMV_AJ233158 (1)
|  ||   | ||+Node24 (1)
|  ||   | ||||GEICS_X83990 (2)
|  ||   | |||+Node192 (1)
|  ||   | || | |ZYGZY_AJ133855 (1)
|  ||   | || ||+Node195 (2)
|  ||   | || ||||ZYGZY_Y15019 (2)
|  ||   | || |||+Node197 (1)
|  ||   | || || ||ZYGZY_AF200471 (2)
|  ||   | || || |+Node199 (2)
|  ||   | || ||  |ZYGZY_AY935748 (1)
|  ||   | || |+Node194 (1)
|  ||   | ||  |     |SALMA_AF206726 (1)
|  ||   | ||  |    |+Node224 (1)
|  ||   | ||  |    |||SALMA_AJ418824 (2)
|  ||   | ||  |    ||+Node226 (1)
|  ||   | ||  |    | |SALMA_AJ418839 (1)
|  ||   | ||  |   |+Node206 (1)
|  ||   | ||  |   || |VIOMA_L11674 (2)
|  ||   | ||  |   |||+Node209 (1)
|  ||   | ||  |   ||||VIOMA_Z75693 (1)
|  ||   | ||  |   ||+Node208 (1)
|  ||   | ||  |   ||||PFLMA_L01940 (2)
|  ||   | ||  |   |||+Node212 (2)
|  ||   | ||  |   || ||PFLMA_AF206802 (2)
|  ||   | ||  |   || |+Node214 (1)
|  ||   | ||  |   ||  |TURMA_Z75691 (1)
|  ||   | ||  |   || |ACHMA_AJ418802 (2)
|  ||   | ||  |   |||+Node218 (1)
|  ||   | ||  |   ||||ACHMA_AJ418803 (1)
|  ||   | ||  |   ||+Node217 (1)
|  ||   | ||  |   | ||ACHMA_AJ418799 (1)
|  ||   | ||  |   | |+Node221 (1)
|  ||   | ||  |   |  |ACHMA_AJ235781 (1)
|  ||   | ||  |  |+Node205 (1)
|  ||   | ||  |  |||BALMA_AF089760 (1)
|  ||   | ||  |  ||+Node230 (1)
|  ||   | ||  |  ||||IXOMA_Z75680 (2)
|  ||   | ||  |  |||+Node232 (1)
|  ||   | ||  |  || ||ERYMA_AJ402976 (1)
|  ||   | ||  |  || |+Node234 (1)
|  ||   | ||  |  ||  | |RHIMA_AF127695 (1)
|  ||   | ||  |  ||  ||+Node237 (1)
|  ||   | ||  |  ||  |||RHIMA_AF206744 (1)
|  ||   | ||  |  ||  |+Node236 (1)
|  ||   | ||  |  ||   |RHIMA_U26335 (2)
|  ||   | ||  |  || |PHAMA_AY663605 (1)
|  ||   | ||  |  |||+Node242 (1)
|  ||   | ||  |  ||||PHAMA_AY663597 (2)
|  ||   | ||  |  ||+Node241 (1)
|  ||   | ||  |  | |     |PODMA_U68083 (1)
|  ||   | ||  |  | |    |+Node250 (1)
|  ||   | ||  |  | |    ||PODMA_D89475 (3)
|  ||   | ||  |  | |   |+Node249 (1)
|  ||   | ||  |  | |   ||PODMA_U68089 (1)
|  ||   | ||  |  | |  |+Node248 (1)
|  ||   | ||  |  | |  || |HYPMA_AF518396 (1)
|  ||   | ||  |  | |  |||+Node255 (2)
|  ||   | ||  |  | |  ||||HYPMA_AF518382 (2)
|  ||   | ||  |  | |  ||+Node254 (1)
|  ||   | ||  |  | |  | ||HYPMA_AF206779 (1)
|  ||   | ||  |  | |  | |+Node258 (1)
|  ||   | ||  |  | |  |  |HYPMA_AF518395 (1)
|  ||   | ||  |  | | |+Node247 (1)
|  ||   | ||  |  | | ||   |CLUMA_AF518397 (1)
|  ||   | ||  |  | | ||  |+Node264 (1)
|  ||   | ||  |  | | ||  ||CLUMA_AF518388 (1)
|  ||   | ||  |  | | || |+Node263 (1)
|  ||   | ||  |  | | || ||CLUMA_AF518392 (1)
|  ||   | ||  |  | | |||+Node262 (2)
|  ||   | ||  |  | | |||| |CLUMA_AF518386 (1)
|  ||   | ||  |  | | |||||+Node269 (1)
|  ||   | ||  |  | | ||||||CLUMA_AF518381 (1)
|  ||   | ||  |  | | ||||+Node268 (1)
|  ||   | ||  |  | | ||| ||CLUMA_AF518390 (1)
|  ||   | ||  |  | | ||| |+Node272 (1)
|  ||   | ||  |  | | |||  |CLUMA_AF518383 (2)
|  ||   | ||  |  | | ||+Node261 (1)
|  ||   | ||  |  | | | | |CLUMA_AY625029 (1)
|  ||   | ||  |  | | | ||+Node276 (1)
|  ||   | ||  |  | | | |||CLUMA_AY625025 (1)
|  ||   | ||  |  | | | |+Node275 (2)
|  ||   | ||  |  | | |  ||CLUMA_AF518393 (1)
|  ||   | ||  |  | | |  |+Node280 (1)
|  ||   | ||  |  | | |  ||CLUMA_AY625008 (1)
|  ||   | ||  |  | | |  ||CLUMA_AY625011 (1)
|  ||   | ||  |  | | |  |+Node283 (1)
|  ||   | ||  |  | | |   |CLUMA_AY625015 (1)
|  ||   | ||  |  | ||+Node246 (1)
|  ||   | ||  |  | ||||ELTMA_AJ402927 (2)
|  ||   | ||  |  | |||+Node286 (1)
|  ||   | ||  |  | || | |EUPMA_AY794909 (2)
|  ||   | ||  |  | || ||+Node289 (1)
|  ||   | ||  |  | || |||EUPMA_AJ418806 (1)
|  ||   | ||  |  | || |+Node288 (1)
|  ||   | ||  |  | ||  ||EUPMA_AY794821 (2)
|  ||   | ||  |  | ||  |+Node292 (1)
|  ||   | ||  |  | ||   |EUPMA_AY794831 (1)
|  ||   | ||  |  | |+Node245 (1)
|  ||   | ||  |  |  |  |MALMA_AF344511 (1)
|  ||   | ||  |  |  | |+Node297 (1)
|  ||   | ||  |  |  | ||   |MALMA_AF344470 (2)
|  ||   | ||  |  |  | ||  |+Node302 (1)
|  ||   | ||  |  |  | ||  ||MALMA_AF344507 (2)
|  ||   | ||  |  |  | || |+Node301 (1)
|  ||   | ||  |  |  | || ||MALMA_AF344467 (2)
|  ||   | ||  |  |  | |||+Node300 (1)
|  ||   | ||  |  |  | |||||MALMA_AF344483 (1)
|  ||   | ||  |  |  | ||||+Node306 (1)
|  ||   | ||  |  |  | ||| |MALMA_AF344519 (1)
|  ||   | ||  |  |  | ||+Node299 (1)
|  ||   | ||  |  |  | | |MALMA_AF344474 (1)
|  ||   | ||  |  |  ||+Node296 (1)
|  ||   | ||  |  |  |||PDSSF_AJ403018 (1)
|  ||   | ||  |  |  |+Node295 (1)
|  ||   | ||  |  |   ||IRVMA_AF123278 (1)
|  ||   | ||  |  |   |+Node311 (1)
|  ||   | ||  |  |    |LOPMA_AY663643 (2)
|  ||   | ||  | |+Node204 (1)
|  ||   | ||  | |||LBOCE_AJ402966 (1)
|  ||   | ||  | ||+Node314 (1)
|  ||   | ||  | | ||CELCE_AY935727 (1)
|  ||   | ||  | | |+Node316 (1)
|  ||   | ||  | |  ||PARCE_AY935732 (2)
|  ||   | ||  | |  |+Node318 (1)
|  ||   | ||  | |   | |CELCE_AJ235795 (1)
|  ||   | ||  | |   ||+Node321 (1)
|  ||   | ||  | |   |||CELCE_AJ402994 (1)
|  ||   | ||  | |   |+Node320 (1)
|  ||   | ||  | |    ||CELCE_X69754 (2)
|  ||   | ||  | |    |+Node324 (1)
|  ||   | ||  | |     |CELCE_X83996 (1)
|  ||   | ||  ||+Node203 (1)
|  ||   | ||  ||| |ELCOX_AF206765 (1)
|  ||   | ||  ||||+Node328 (2)
|  ||   | ||  ||||| |CUNOX_AY549641 (2)
|  ||   | ||  ||||||+Node331 (1)
|  ||   | ||  |||||||CUNOX_AF291930 (1)
|  ||   | ||  |||||+Node330 (1)
|  ||   | ||  |||| |CUNOX_AF206759 (2)
|  ||   | ||  |||+Node327 (1)
|  ||   | ||  || ||CONOX_L29493 (2)
|  ||   | ||  || |+Node335 (1)
|  ||   | ||  ||  |OXAOX_L01938 (1)
|  ||   | ||  |+Node202 (1)
|  ||   | ||   |  |POLFB_L29492 (2)
|  ||   | ||   | |+Node340 (1)
|  ||   | ||   | ||POLFB_AJ235799 (1)
|  ||   | ||   ||+Node339 (1)
|  ||   | ||   |||  |CAEFB_AY904379 (1)
|  ||   | ||   ||| |+Node345 (1)
|  ||   | ||   ||| |||CAEFB_AY904398 (1)
|  ||   | ||   ||| ||+Node348 (1)
|  ||   | ||   ||| ||| |CAEFB_AY904416 (1)
|  ||   | ||   ||| ||||+Node351 (1)
|  ||   | ||   ||| ||||||CAEFB_AY904417 (1)
|  ||   | ||   ||| |||||+Node353 (1)
|  ||   | ||   ||| |||| |CAEFB_AY904420 (1)
|  ||   | ||   ||| |||+Node350 (1)
|  ||   | ||   ||| || ||CAEFB_AY904406 (1)
|  ||   | ||   ||| || |+Node356 (1)
|  ||   | ||   ||| ||  |CAEFB_AY904402 (1)
|  ||   | ||   ||| |||CAEFB_AY904395 (1)
|  ||   | ||   ||| ||+Node359 (2)
|  ||   | ||   ||| | |CAEFB_AY904376 (1)
|  ||   | ||   ||||+Node344 (1)
|  ||   | ||   |||||CAEFB_AY904377 (1)
|  ||   | ||   |||||CAEFB_AY308532 (2)
|  ||   | ||   |||+Node343 (1)
|  ||   | ||   || ||PAPFB_U74258 (2)
|  ||   | ||   || |+Node365 (1)
|  ||   | ||   ||  ||PAPFB_Z95536 (1)
|  ||   | ||   ||  |+Node367 (1)
|  ||   | ||   ||   ||PAPFB_AB045801 (1)
|  ||   | ||   ||   |+Node369 (1)
|  ||   | ||   ||    |PAPFB_U74197 (2)
|  ||   | ||   |+Node338 (1)
|  ||   | ||    |  |ROSRO_AF132893 (1)
|  ||   | ||    | |+Node374 (2)
|  ||   | ||    | |||ROSRO_AY052506 (1)
|  ||   | ||    | ||+Node376 (1)
|  ||   | ||    | | |  |ROSRO_AY052518 (1)
|  ||   | ||    | | | |+Node380 (2)
|  ||   | ||    | | | |||ROSRO_AY052513 (1)
|  ||   | ||    | | | ||+Node382 (1)
|  ||   | ||    | | | | |ROSRO_AF329002 (1)
|  ||   | ||    | | ||+Node379 (1)
|  ||   | ||    | | |||ROSRO_AF411503 (1)
|  ||   | ||    | | |+Node378 (1)
|  ||   | ||    | |  ||ROSRO_AF411494 (1)
|  ||   | ||    | |  |+Node386 (1)
|  ||   | ||    | |   ||ROSRO_AF411490 (2)
|  ||   | ||    | |   |+Node388 (2)
|  ||   | ||    | |    |ROSRO_AF411496 (1)
|  ||   | ||    ||+Node373 (1)
|  ||   | ||    |||   |CANRO_AJ402933 (1)
|  ||   | ||    |||  |+Node394 (1)
|  ||   | ||    |||  |||MORRO_AF500345 (1)
|  ||   | ||    |||  ||+Node396 (1)
|  ||   | ||    |||  | ||MORRO_AF500348 (1)
|  ||   | ||    |||  | |+Node398 (1)
|  ||   | ||    |||  |  |MORRO_AF500349 (1)
|  ||   | ||    ||| |+Node393 (1)
|  ||   | ||    ||| || |URTRO_AY208707 (2)
|  ||   | ||    ||| |||+Node402 (1)
|  ||   | ||    ||| ||||URTRO_AY208704 (1)
|  ||   | ||    ||| ||+Node401 (1)
|  ||   | ||    ||| | |URTRO_AY208700 (1)
|  ||   | ||    ||||+Node392 (1)
|  ||   | ||    |||||ULMRO_AF500338 (2)
|  ||   | ||    |||+Node391 (1)
|  ||   | ||    || |  |DIRRO_AJ225789 (1)
|  ||   | ||    || | |+Node409 (1)
|  ||   | ||    || | ||BARRO_AJ225788 (1)
|  ||   | ||    || ||+Node408 (1)
|  ||   | ||    || ||| |RHARO_AJ225785 (1)
|  ||   | ||    || ||||+Node413 (1)
|  ||   | ||    || ||||||RHARO_AJ390030 (2)
|  ||   | ||    || |||||+Node415 (1)
|  ||   | ||    || |||| |RHARO_AJ390028 (1)
|  ||   | ||    || |||+Node412 (1)
|  ||   | ||    || || ||RHARO_AJ390038 (2)
|  ||   | ||    || || |+Node418 (1)
|  ||   | ||    || ||  |RHARO_AJ390035 (2)
|  ||   | ||    || |+Node407 (1)
|  ||   | ||    ||  ||ELARO_U59821 (1)
|  ||   | ||    ||  |+Node421 (1)
|  ||   | ||    ||   ||RHARO_AJ390052 (2)
|  ||   | ||    ||   |+Node423 (1)
|  ||   | ||    ||    |RHARO_U59819 (1)
|  ||   | ||    |+Node372 (1)
|  ||   | ||     | |NOTFA_L13348 (1)
|  ||   | ||     ||+Node427 (1)
|  ||   | ||     ||||JUGFA_AJ235790 (1)
|  ||   | ||     |||+Node429 (2)
|  ||   | ||     || ||CANRO_L12638 (2)
|  ||   | ||     || |+Node431 (1)
|  ||   | ||     ||  |FAGFA_AY147096 (2)
|  ||   | ||     |+Node426 (2)
|  ||   | ||      | |ANICU_AY935742 (1)
|  ||   | ||      ||+Node435 (2)
|  ||   | ||      ||||CUCCU_AY862550 (1)
|  ||   | ||      |||+Node437 (1)
|  ||   | ||      || ||CUCCU_AF008958 (2)
|  ||   | ||      || |+Node439 (1)
|  ||   | ||      ||  |CUCCU_AJ235782 (1)
|  ||   | ||      |+Node434 (1)
|  ||   | ||       | |BEGCU_AF534722 (1)
|  ||   | ||       ||+Node443 (2)
|  ||   | ||       |||BEGCU_AF534740 (2)
|  ||   | ||       |+Node442 (1)
|  ||   | ||        |COCCU_U06840 (1)
|  ||   | |+Node23 (1)
|  ||   |  | |HCHGE_L14699 (2)
|  ||   |  ||+Node448 (1)
|  ||   |  ||||GERGE_L14703 (2)
|  ||   |  |||+Node450 (1)
|  ||   |  || ||GERGE_L14697 (1)
|  ||   |  || |+Node452 (2)
|  ||   |  ||  ||GERGE_L14693 (2)
|  ||   |  ||  |+Node454 (1)
|  ||   |  ||   ||GERGE_U77901 (2)
|  ||   |  ||   |+Node456 (1)
|  ||   |  ||    ||GERGE_U77902 (1)
|  ||   |  ||    |+Node458 (1)
|  ||   |  ||     |GERGE_U77903 (1)
|  ||   |  |+Node447 (1)
|  ||   |   |CSOCS_AY101845 (2)
|  ||  |+Node16 (1)
|  ||  ||  |SAXSF_AF374730 (1)
|  ||  || |+Node464 (1)
|  ||  || |||HAMSF_AM183407 (1)
|  ||  || ||+Node466 (1)
|  ||  || | |HAMSF_AF060709 (1)
|  ||  |||+Node463 (1)
|  ||  ||||HAMSF_AF060708 (1)
|  ||  ||+Node462 (1)
|  ||  | |HAMSF_AJ131772 (1)
|  || |+Node15 (1)
|  || || |PLAPR_L01943 (1)
|  || |||+Node472 (1)
|  || |||| |DDYBX_AF061994 (2)
|  || |||||+Node475 (1)
|  || |||||||BUXBX_AF093733 (2)
|  || ||||||+Node477 (1)
|  || ||||| |BUXBX_AF203485 (1)
|  || ||||+Node474 (1)
|  || ||| ||SABSB_AF206793 (1)
|  || ||| |+Node480 (1)
|  || |||  |      |CAARA_AF093720 (1)
|  || |||  |     |+Node488 (2)
|  || |||  |     ||KGDRA_AF093719 (2)
|  || |||  |    |+Node487 (1)
|  || |||  |    || |LARRA_L37916 (1)
|  || |||  |    |||+Node492 (1)
|  || |||  |    ||||LARRA_L37921 (1)
|  || |||  |    ||+Node491 (1)
|  || |||  |    | |LARRA_AF093731 (1)
|  || |||  |   |+Node486 (1)
|  || |||  |   || |RANRA_L75849 (2)
|  || |||  |   |||+Node498 (1)
|  || |||  |   |||||RANRA_AF093730 (2)
|  || |||  |   ||||+Node500 (1)
|  || |||  |   ||| |RANRA_AF079453 (2)
|  || |||  |   ||+Node497 (1)
|  || |||  |   ||||BERRA_L75871 (1)
|  || |||  |   |||+Node503 (1)
|  || |||  |   || |  |BERRA_AF190442 (1)
|  || |||  |   || | |+Node507 (1)
|  || |||  |   || | |||BERRA_L37920 (1)
|  || |||  |   || | ||+Node509 (2)
|  || |||  |   || | | |BERRA_L75843 (1)
|  || |||  |   || ||+Node506 (1)
|  || |||  |   || |||BERRA_L75867 (2)
|  || |||  |   || |+Node505 (2)
|  || |||  |   ||  ||BERRA_L75868 (1)
|  || |||  |   ||  |+Node513 (1)
|  || |||  |   ||   ||BERRA_L75869 (1)
|  || |||  |   ||   |+Node515 (1)
|  || |||  |   ||    ||BERRA_AF079454 (1)
|  || |||  |   ||    |+Node517 (1)
|  || |||  |   ||     |BERRA_AF093716 (1)
|  || |||  |   |||MSPRA_AF093726 (1)
|  || |||  |   ||+Node520 (1)
|  || |||  |   | |MSPRA_L37923 (2)
|  || |||  |  |+Node485 (1)
|  || |||  |  ||EPTRA_AY048174 (1)
|  || |||  | |+Node484 (2)
|  || |||  | || |PPVRA_U86624 (1)
|  || |||  | |||+Node525 (1)
|  || |||  | ||||PPVRA_U86632 (1)
|  || |||  | ||+Node524 (1)
|  || |||  | | ||FUMRA_U86628 (1)
|  || |||  | | |+Node528 (1)
|  || |||  | |  |PTPRA_U86631 (1)
|  || |||  ||+Node483 (1)
|  || |||  ||||PROPR_U79178 (1)
|  || |||  |||+Node531 (1)
|  || |||  || ||PROPR_U79165 (1)
|  || |||  || |+Node533 (1)
|  || |||  ||  ||PROPR_U79166 (1)
|  || |||  ||  |+Node535 (1)
|  || |||  ||   | |PROPR_DQ099446 (1)
|  || |||  ||   ||+Node538 (1)
|  || |||  ||   |||PROPR_U79173 (1)
|  || |||  ||   |+Node537 (1)
|  || |||  ||    ||PROPR_U79164 (1)
|  || |||  ||    |+Node541 (1)
|  || |||  ||     ||PROPR_U79174 (1)
|  || |||  ||     |+Node543 (1)
|  || |||  ||      |PROPR_U79171 (1)
|  || |||  |+Node482 (1)
|  || |||   | |NYSCO_AF119178 (1)
|  || |||   ||+Node547 (1)
|  || |||   ||| |BRACHYPODIUM_DISTACHYON_NC_011032 (1)
|  || |||   ||||+Node550 (2)
|  || |||   |||||HORDEUM_VULGARE_NC_008590 (1)
|  || |||   |||+Node549 (2)
|  || |||   || ||ORYZA_SATIVA_JAPONICA_NC_001320 (2)
|  || |||   || |+Node553 (1)
|  || |||   ||  ||ZEA_MAYS_NC_001666 (1)
|  || |||   ||  |+Node555 (2)
|  || |||   ||   |SORGHUM_BICOLOR_NC_008602 (2)
|  || |||   |+Node546 (1)
|  || |||    |NELPR_DQ182337 (1)
|  || ||+Node471 (1)
|  || | | |GUNGU_AF307918 (1)
|  || | ||+Node560 (2)
|  || | |||GUNGU_AY008156 (2)
|  || | |+Node559 (1)
|  || |  |GUNGU_AF060707 (2)
|  |||+Node14 (1)
|  |||||SANSL_L26067 (1)
|  ||||+Node564 (1)
|  ||| |SANSL_L26070 (2)
|  ||+Node13 (1)
|  | |       |PMOER_Z83144 (2)
|  | |      |+Node593 (1)
|  | |      ||   |MSNER_AF213821 (2)
|  | |      ||  |+Node598 (2)
|  | |      ||  |||MSNER_AF213820 (2)
|  | |      ||  ||+Node600 (1)
|  | |      ||  | ||MSNER_AF213809 (1)
|  | |      ||  | |+Node602 (2)
|  | |      ||  |  ||MSNER_AF213807 (1)
|  | |      ||  |  |+Node604 (1)
|  | |      ||  |   |MSNER_AF213806 (1)
|  | |      || |+Node597 (2)
|  | |      || || |MSNER_AF213813 (1)
|  | |      || |||+Node608 (1)
|  | |      || |||||MSNER_AF213814 (1)
|  | |      || ||||+Node610 (1)
|  | |      || ||| | |MSNER_AF213812 (1)
|  | |      || ||| ||+Node613 (1)
|  | |      || ||| |||MSNER_AF213811 (2)
|  | |      || ||| |+Node612 (1)
|  | |      || |||  |MSNER_AF213810 (1)
|  | |      || ||+Node607 (1)
|  | |      || | |MSNER_Z83145 (1)
|  | |      |||+Node596 (1)
|  | |      ||||  |PRMER_AF394965 (1)
|  | |      |||| |+Node620 (1)
|  | |      |||| ||PRMER_AF395006 (1)
|  | |      |||||+Node619 (2)
|  | |      ||||||PRMER_AF395005 (2)
|  | |      ||||+Node618 (1)
|  | |      ||| |  |PRMER_U96943 (1)
|  | |      ||| | |+Node626 (1)
|  | |      ||| | |||PRMER_AF213801 (2)
|  | |      ||| | ||+Node628 (1)
|  | |      ||| | | |PRMER_AF394964 (2)
|  | |      ||| ||+Node625 (1)
|  | |      ||| ||||PRMER_AF394997 (1)
|  | |      ||| |||+Node631 (2)
|  | |      ||| || |PRMER_AF395007 (1)
|  | |      ||| || ||PRMER_AF394967 (2)
|  | |      ||| || |+Node635 (1)
|  | |      ||| ||  |PRMER_AF394975 (2)
|  | |      ||| |+Node624 (1)
|  | |      |||  |PRMER_AF213794 (2)
|  | |      ||+Node595 (1)
|  | |      | | |THPER_AF213819 (2)
|  | |      | ||+Node640 (1)
|  | |      | ||||THPER_AF213817 (2)
|  | |      | |||+Node642 (2)
|  | |      | || |THPER_AF213815 (2)
|  | |      | |+Node639 (2)
|  | |      |  |THPER_AF213818 (1)
|  | |     |+Node592 (1)
|  | |     || |THEER_AF380041 (1)
|  | |     |||+Node647 (1)
|  | |     |||||THEER_AF380046 (2)
|  | |     ||||+Node649 (1)
|  | |     ||| |THEER_AF380066 (1)
|  | |     ||+Node646 (1)
|  | |     | | |DIAER_Z83132 (1)
|  | |     | ||+Node653 (1)
|  | |     | |||DIAER_AY049795 (2)
|  | |     | |+Node652 (1)
|  | |     |  ||CYRER_AY082698 (2)
|  | |     |  |+Node656 (1)
|  | |     |   | |ERIER_L12616 (1)
|  | |     |   ||+Node659 (1)
|  | |     |   |||   |MSNER_L12598 (2)
|  | |     |   |||  |+Node664 (1)
|  | |     |   |||  ||ERIER_AF419819 (1)
|  | |     |   ||| |+Node663 (1)
|  | |     |   ||| ||ERIER_AF419814 (1)
|  | |     |   ||||+Node662 (1)
|  | |     |   ||||| |ERIER_L12622 (1)
|  | |     |   ||||||+Node669 (2)
|  | |     |   |||||||ERIER_AF419838 (2)
|  | |     |   |||||+Node668 (1)
|  | |     |   |||| |ERIER_AF419818 (2)
|  | |     |   |||+Node661 (2)
|  | |     |   || |  |ERIER_L12601 (1)
|  | |     |   || | |+Node675 (1)
|  | |     |   || | ||ERIER_AF419834 (1)
|  | |     |   || ||+Node674 (1)
|  | |     |   || ||| |ERIER_AF419827 (1)
|  | |     |   || ||||+Node679 (1)
|  | |     |   || ||||||ERIER_L12617 (2)
|  | |     |   || |||||+Node681 (2)
|  | |     |   || |||| |ERIER_AF419823 (2)
|  | |     |   || |||+Node678 (1)
|  | |     |   || || | |ERIER_U49285 (1)
|  | |     |   || || ||+Node700 (1)
|  | |     |   || || ||| |ERIER_AF419826 (1)
|  | |     |   || || ||||+Node703 (1)
|  | |     |   || || ||||||ERIER_U49289 (2)
|  | |     |   || || |||||+Node705 (1)
|  | |     |   || || |||| ||ERIER_U49288 (1)
|  | |     |   || || |||| |+Node707 (1)
|  | |     |   || || ||||  |ERIER_U49294 (1)
|  | |     |   || || |||+Node702 (1)
|  | |     |   || || || | |ERIER_U49292 (1)
|  | |     |   || || || ||+Node711 (1)
|  | |     |   || || || ||||ERIER_U49291 (1)
|  | |     |   || || || |||+Node713 (1)
|  | |     |   || || || || |ERIER_U49287 (1)
|  | |     |   || || || |+Node710 (1)
|  | |     |   || || ||  |ERIER_U49284 (1)
|  | |     |   || || |+Node684 (1)
|  | |     |   || ||  | |ERIER_AF419816 (1)
|  | |     |   || ||  ||+Node687 (2)
|  | |     |   || ||  |||ERIER_AF419828 (1)
|  | |     |   || ||  |+Node686 (1)
|  | |     |   || ||  |||ERIER_U49293 (1)
|  | |     |   || ||  ||+Node690 (1)
|  | |     |   || ||  | ||ERIER_AF419832 (2)
|  | |     |   || ||  | |+Node692 (1)
|  | |     |   || ||  |  |ERIER_U49286 (2)
|  | |     |   || ||  | |ERIER_AF419820 (1)
|  | |     |   || ||  ||+Node696 (1)
|  | |     |   || ||  |||ERIER_AF419822 (2)
|  | |     |   || ||  |+Node695 (1)
|  | |     |   || ||   |ERIER_AF419821 (1)
|  | |     |   || |+Node673 (1)
|  | |     |   ||  ||ERIER_U82766 (1)
|  | |     |   ||  |+Node717 (1)
|  | |     |   ||   |  |ERIER_AF124587 (2)
|  | |     |   ||   |  |ERIER_AF124583 (2)
|  | |     |   ||   | |+Node721 (1)
|  | |     |   ||   | |||ERIER_AF124589 (2)
|  | |     |   ||   | ||+Node726 (1)
|  | |     |   ||   | |||ERIER_AF124588 (1)
|  | |     |   ||   | ||  |ERIER_AF124581 (2)
|  | |     |   ||   | || |+Node762 (1)
|  | |     |   ||   | || ||ERIER_AF124577 (1)
|  | |     |   ||   | |||+Node761 (1)
|  | |     |   ||   | ||||ERIER_AF124573 (1)
|  | |     |   ||   | ||+Node729 (1)
|  | |     |   ||   | | ||ERIER_U82764 (2)
|  | |     |   ||   | | |+Node731 (1)
|  | |     |   ||   | | |||ERIER_AF124580 (2)
|  | |     |   ||   | | ||+Node733 (1)
|  | |     |   ||   | | | |ERIER_AF124578 (1)
|  | |     |   ||   | | | |ERIER_L12626 (1)
|  | |     |   ||   | | ||+Node737 (1)
|  | |     |   ||   | | |||ERIER_AF419812 (2)
|  | |     |   ||   | | |+Node736 (1)
|  | |     |   ||   | |  | |ERIER_L12618 (2)
|  | |     |   ||   | |  ||+Node741 (2)
|  | |     |   ||   | |  ||| |ERIER_AF124574 (2)
|  | |     |   ||   | |  ||||+Node744 (1)
|  | |     |   ||   | |  ||||||ERIER_AF124585 (2)
|  | |     |   ||   | |  |||||+Node746 (1)
|  | |     |   ||   | |  |||| |ERIER_AF124575 (1)
|  | |     |   ||   | |  |||+Node743 (1)
|  | |     |   ||   | |  || |ERIER_U82765 (1)
|  | |     |   ||   | |  |+Node740 (1)
|  | |     |   ||   | |   |  |ERIER_AF124576 (1)
|  | |     |   ||   | |   | |+Node752 (1)
|  | |     |   ||   | |   | |||ERIER_AF419836 (1)
|  | |     |   ||   | |   | ||+Node754 (1)
|  | |     |   ||   | |   | | |ERIER_AF419837 (1)
|  | |     |   ||   | |   ||+Node751 (1)
|  | |     |   ||   | |   ||||ERIER_AF419835 (1)
|  | |     |   ||   | |   |||+Node757 (1)
|  | |     |   ||   | |   || |ERIER_AF419811 (1)
|  | |     |   ||   | |   |+Node750 (1)
|  | |     |   ||   | |    |ERIER_AF124579 (1)
|  | |     |   ||   ||+Node720 (1)
|  | |     |   ||   ||||ERIER_U79743 (1)
|  | |     |   ||   |||+Node766 (1)
|  | |     |   ||   || | |ERIER_U79741 (2)
|  | |     |   ||   || ||+Node769 (1)
|  | |     |   ||   || ||||ERIER_U80422 (2)
|  | |     |   ||   || |||+Node772 (1)
|  | |     |   ||   || ||||ERIER_U80423 (1)
|  | |     |   ||   || ||| |ERIER_U80419 (2)
|  | |     |   ||   || ||||+Node776 (1)
|  | |     |   ||   || |||||ERIER_U80418 (1)
|  | |     |   ||   || |||+Node775 (1)
|  | |     |   ||   || || | |ERIER_U80424 (1)
|  | |     |   ||   || || ||+Node780 (1)
|  | |     |   ||   || || ||| |ERIER_AF156095 (1)
|  | |     |   ||   || || ||||+Node783 (1)
|  | |     |   ||   || || |||||ERIER_U80427 (1)
|  | |     |   ||   || || |||+Node782 (1)
|  | |     |   ||   || || || |ERIER_U80426 (1)
|  | |     |   ||   || || |+Node779 (1)
|  | |     |   ||   || ||  ||ERIER_L12621 (2)
|  | |     |   ||   || ||  |+Node787 (1)
|  | |     |   ||   || ||   | |ERIER_U80431 (1)
|  | |     |   ||   || ||   ||+Node790 (1)
|  | |     |   ||   || ||   ||||ERIER_U80428 (1)
|  | |     |   ||   || ||   |||+Node792 (1)
|  | |     |   ||   || ||   || ||ERIER_U80432 (1)
|  | |     |   ||   || ||   || |+Node794 (1)
|  | |     |   ||   || ||   ||  |ERIER_U80430 (1)
|  | |     |   ||   || ||   ||  |ERIER_U80434 (1)
|  | |     |   ||   || ||   |+Node789 (1)
|  | |     |   ||   || ||    ||ERIER_U80433 (1)
|  | |     |   ||   || ||    |+Node799 (1)
|  | |     |   ||   || ||     |ERIER_U81798 (1)
|  | |     |   ||   || |+Node768 (1)
|  | |     |   ||   ||  |ERIER_U80421 (1)
|  | |     |   ||   |+Node719 (1)
|  | |     |   ||    |ERIER_L12606 (2)
|  | |     |   |+Node658 (1)
|  | |     |    | |CTHER_Z80212 (1)
|  | |     |    ||+Node805 (1)
|  | |     |    |||CTHER_AF421088 (1)
|  | |     |    |+Node804 (1)
|  | |     |     ||CYRER_L01900 (1)
|  | |     |     |+Node808 (1)
|  | |     |      |ACTER_AF088852 (2)
|  | |    |+Node572 (1)
|  | |    ||SPTER_Z83135 (1)
|  | |    |||LECER_AF077656 (2)
|  | |    ||+Node575 (2)
|  | |    | | |LECER_AF077652 (1)
|  | |    | ||+Node578 (1)
|  | |    | ||||LECER_AF077653 (1)
|  | |    | |||+Node580 (1)
|  | |    | || |LECER_Z80177 (1)
|  | |    | || ||LECER_Z80181 (1)
|  | |    | || |+Node584 (1)
|  | |    | ||  |LECER_AF022134 (1)
|  | |    | |+Node577 (1)
|  | |    |  | |LECER_Z80202 (1)
|  | |    |  ||+Node588 (1)
|  | |    |  |||LECER_Z80180 (1)
|  | |    |  |+Node587 (1)
|  | |    |   |LECER_Z80183 (1)
|  | |    ||TSTER_Z83149 (1)
|  | |    |+Node812 (2)
|  | |    ||SYMER_Z80192 (1)
|  | |   |+Node571 (1)
|  | |   |||SLAER_AF421108 (2)
|  | |   ||+Node816 (2)
|  | |   |||PPLER_AF419239 (1)
|  | |   ||SLAER_AF421109 (1)
|  | |  |+Node570 (1)
|  | |  |||PCIER_AJ428893 (2)
|  | |  ||+Node820 (1)
|  | |  | |MGVER_Z80200 (1)
|  | | |+Node569 (1)
|  | | |||BERRA_AF203487 (2)
|  | | ||+Node823 (2)
|  | | | |COMMY_AF281478 (1)
|  | ||+Node568 (2)
|  | ||| |HANCO_AF323190 (1)
|  | ||||+Node827 (2)
|  | |||||HANCO_AF323188 (2)
|  | |||+Node826 (1)
|  | || | |CRNCO_AY530929 (1)
|  | || ||+Node831 (2)
|  | || |||CRNCO_L14395 (2)
|  | || |+Node830 (1)
|  | ||  ||CRNCO_AY530927 (1)
|  | ||  |+Node834 (1)
|  | ||   ||CRNCO_AF190433 (1)
|  | ||   |+Node836 (1)
|  | ||    |CRNCO_L11217 (1)
|  | |+Node567 (1)
|  |  |BBOBB_AJ235773 (1)
| |+Node4 (1)
| |||SMDCA_AF093732 (1)
| ||+Node840 (2)
| | | |APECA_Z83150 (1)
| | ||+Node843 (1)
| | |||PHYCA_Y13116 (1)
| | |+Node842 (1)
| |  | |MOLCA_AF093727 (2)
| |  ||+Node847 (1)
| |  ||| |AIZCA_M62572 (2)
| |  ||||+Node850 (2)
| |  ||||||SBTCA_AY270148 (1)
| |  |||||+Node852 (1)
| |  |||| ||AIZCA_AJ235778 (2)
| |  |||| |+Node854 (1)
| |  ||||  |PHLCA_AJ235800 (1)
| |  |||+Node849 (1)
| |  || ||HPHCA_AJ403024 (2)
| |  || |+Node857 (1)
| |  ||  |PORCA_M62568 (2)
| |  |+Node846 (2)
| |   ||CPHCA_M83541 (1)
| |   |+Node860 (1)
| |    |  |AMACA_AY270111 (2)
| |    | |+Node864 (2)
| |    | |||AMACA_AY270074 (2)
| |    | ||+Node866 (1)
| |    | | ||AMACA_AB050127 (1)
| |    | | |+Node868 (1)
| |    | |  |AMACA_AY270117 (2)
| |    ||+Node863 (1)
| |    |||AMACA_AY270118 (1)
| |    |+Node862 (1)
| |     | |AMACA_AY270133 (1)
| |     ||+Node873 (1)
| |     |||AMACA_AY489263 (1)
| |     |+Node872 (2)
| |      | |AMACA_AY270083 (1)
| |      ||+Node877 (1)
| |      ||||AMACA_AY270131 (1)
| |      |||+Node879 (2)
| |      || |AMACA_AY270127 (1)
| |      |+Node876 (1)
| |       ||AMACA_AY270087 (1)
| |       |+Node882 (1)
| |        |AMACA_AY270130 (1)
||+Node3 (1)
||||DROCA_L01904 (2)
|||+Node885 (1)
|| | |DROCA_L01914 (1)
|| ||+Node888 (1)
|| |||DROCA_AY096106 (1)
|| |+Node887 (1)
||  | |DROCA_L01913 (2)
||  ||+Node892 (1)
||  |||DROCA_L01906 (2)
||  |+Node891 (1)
||   ||DROCA_L01909 (1)
||   |+Node895 (2)
||    |DROCA_AY096107 (2)
|+Node2 (2)
|| |PLMCA_AJ312252 (2)
|||+Node899 (2)
|||| |PLMCA_Z97641 (2)
|||||+Node902 (1)
|||||||PLMCA_Y16905 (1)
||||||+Node904 (1)
||||| |PGNCA_M77702 (2)
||||+Node901 (1)
||| |   |PLMCA_Z97642 (1)
||| |  |+Node910 (1)
||| |  |||PLMCA_AJ286357 (2)
||| |  ||+Node912 (1)
||| |  | |PLMCA_AJ286360 (2)
||| | |+Node909 (1)
||| | ||PLMCA_Z97639 (2)
||| ||+Node908 (1)
||| ||||PLMCA_AJ286359 (1)
||| |||+Node916 (1)
||| || ||PLMCA_Z97646 (1)
||| || |+Node918 (1)
||| ||  | |PLMCA_AJ286363 (1)
||| ||  ||+Node921 (1)
||| ||  |||PLMCA_Z97645 (1)
||| ||  |+Node920 (1)
||| ||   |PLMCA_Z97643 (1)
||| ||   |PLMCA_Z97644 (2)
||| |+Node907 (1)
|||  ||PLMCA_Y16909 (1)
|||  |+Node927 (1)
|||   |PLMCA_Y16907 (2)
||+Node898 (1)
| | |PGNCA_AF297137 (1)
| ||+Node931 (2)
| ||| |PGNCA_Z97648 (2)
| ||||+Node934 (1)
| |||||PGNCA_AF297146 (2)
| |||+Node933 (1)
| || ||PGNCA_Z97647 (2)
| || |+Node937 (2)
| ||  |PGNCA_AF297150 (1)
| |+Node930 (2)
|  |  |PGNCA_AF297135 (1)
|  | |+Node942 (1)
|  | |||PGNCA_AF297124 (1)
|  | ||+Node944 (1)
|  | | ||PGNCA_AF297141 (2)
|  | | |+Node946 (1)
|  | |  |PGNCA_AF297149 (2)
|  ||+Node941 (1)
|  ||| |PGNCA_AF297125 (2)
|  ||||+Node950 (1)
|  ||||||PGNCA_AF297128 (1)
|  |||||+Node952 (1)
|  |||| |PGNCA_AJ235789 (1)
|  |||+Node949 (1)
|  || | |PGNCA_AF297145 (1)
|  || ||+Node956 (1)
|  || |||PGNCA_AF297144 (1)
|  || |+Node955 (1)
|  ||  |PGNCA_AF297139 (1)
|  |+Node940 (1)
|   ||PLMCA_M77701 (2)
|   |+Node960 (1)
|    |PGNCA_AF297147 (1)
|ACCCA_AF206733 (2)
```


### Improving parameter estimates of the adaptive rate class model
* Log(L) = -75946.24, AIC-c = 156703.37 (2380 estimated parameters)

### Testing selected branches for selection

|              Branch               |  Rates   |     Max. dN/dS     | Sites @ EBF>=100 |      Test LRT      |Uncorrected p-value |
|-----------------------------------|----------|--------------------|------------------|--------------------|--------------------|
|          NYSCO_AF119178           |     1    |   0.03 (100.00%)   |       N/A        |        0.00        |       1.00000      |
|              Node549              |     2    |    1.42 ( 4.78%)   |         14       |       -1.76        |       0.50000      |
|           LEDGE_L14708            |     1    |   0.01 (100.00%)   |       N/A        |        0.00        |       1.00000      |
|          CELCE_AJ235795           |     1    |   0.09 (100.00%)   |       N/A        |        0.00        |       1.00000      |
|          ZYGZY_AJ133855           |     1    |   0.06 (100.00%)   |       N/A        |        0.00        |       1.00000      |
|           TURMA_Z75691            |     1    |   0.04 (100.00%)   |       N/A        |        0.00        |       1.00000      |
|           PODMA_U68089            |     1    |   0.03 (100.00%)   |       N/A        |        0.00        |       1.00000      |
|          HYPMA_AF206779           |     1    |   0.05 (100.00%)   |       N/A        |        0.00        |       1.00000      |
|              Node249              |     1    |   0.04 (100.00%)   |       N/A        |        0.00        |       1.00000      |
|           SANSL_L26067            |     1    |   0.12 (100.00%)   |       N/A        |        0.00        |       1.00000      |
|           HALSF_U26325            |     2    |   10.13 ( 2.14%)   |          6       |        8.00        |       0.00644      |
|          CAARA_AF093720           |     1    |   0.08 (100.00%)   |       N/A        |        0.00        |       1.00000      |
|           FUMRA_U86628            |     1    |   0.02 (100.00%)   |       N/A        |        0.00        |       1.00000      |
|           IXOMA_Z75680            |     2    |    1.59 ( 5.72%)   |         10       |       -1.89        |       0.50000      |
|          ANICU_AY935742           |     1    |   0.11 (100.00%)   |       N/A        |        0.00        |       1.00000      |
|              Node250              |     1    |   0.05 (100.00%)   |       N/A        |        0.00        |       1.00000      |
|          EBEER_AJ402968           |     2    |   >1000 ( 0.29%)   |          1       |        5.77        |       0.02002      |
|          ERYMA_AJ402976           |     1    |   0.24 (100.00%)   |       N/A        |        0.00        |       1.00000      |
|          ERIER_AF419812           |     2    |   98.66 ( 2.77%)   |          5       |       19.42        |       0.00002      |
|          LOPMA_AY663643           |     2    |    2.98 ( 8.99%)   |         20       |       -2.26        |       0.50000      |
|          DILDI_AJ235796           |     2    |  165.88 ( 0.82%)   |          1       |        1.98        |       0.14307      |
|           PAPFB_U74258            |     2    |    2.94 ( 2.46%)   |          6       |       -1.12        |       0.50000      |
|           PTPRA_U86631            |     1    |   0.02 (100.00%)   |       N/A        |        0.00        |       1.00000      |
|          IRVMA_AF123278           |     1    |   0.01 (100.00%)   |       N/A        |        0.00        |       1.00000      |
|          DDYBX_AF061994           |     2    |   58.12 ( 1.43%)   |          4       |        2.68        |       0.09888      |
|           SVDBR_X69755            |     1    |   0.06 (100.00%)   |       N/A        |        0.00        |       1.00000      |
|           CANRO_L12638            |     2    |   >1000 ( 3.16%)   |         10       |       44.91        |       0.00000      |
|              Node195              |     2    |    4.58 ( 1.36%)   |          4       |       -0.63        |       0.50000      |
|           CPHCA_M83541            |     1    |   0.06 (100.00%)   |       N/A        |        0.00        |       1.00000      |
|           POLFB_L29492            |     2    |    3.65 ( 6.44%)   |         16       |        0.84        |       0.26909      |
|           OXAOX_L01938            |     1    |   0.13 (100.00%)   |       N/A        |        0.00        |       1.00000      |
|           NOTFA_L13348            |     1    |   0.11 (100.00%)   |       N/A        |        0.00        |       1.00000      |
|           PODMA_D89475            |     3    |   >1000 ( 0.31%)   |          1       |        5.16        |       0.02737      |
|          RHARO_AJ390038           |     2    |   20.93 ( 1.96%)   |          5       |       10.44        |       0.00187      |
|           AIZCA_M62572            |     2    |   31.82 ( 1.40%)   |          4       |       10.85        |       0.00152      |
|              Node564              |     1    |   0.01 (100.00%)   |       N/A        |        0.00        |       1.00000      |
|          ERIER_AF419838           |     2    |   10.63 ( 6.13%)   |         18       |        6.72        |       0.01230      |
|           PAPFB_Z95536            |     1    |   0.04 (100.00%)   |       N/A        |        0.00        |       1.00000      |
|          BALMA_AF089760           |     1    |   0.17 (100.00%)   |       N/A        |        0.00        |       1.00000      |
|           ELARO_U59821            |     1    |   0.05 (100.00%)   |       N/A        |        0.00        |       1.00000      |
|          CSOCS_AY101845           |     2    |   38.58 ( 2.75%)   |          5       |       12.83        |       0.00056      |
|          ERIER_AF419822           |     2    |   66.90 ( 1.33%)   |          4       |       11.00        |       0.00141      |
|          PCIER_AJ428893           |     2    |  134.79 ( 0.43%)   |          1       |        1.72        |       0.16452      |
|          EUPMA_AY794909           |     2    |    2.11 ( 3.86%)   |          7       |       -4.01        |       0.50000      |
|          DIRRO_AJ225789           |     1    |   0.13 (100.00%)   |       N/A        |        0.00        |       1.00000      |
|           VIOMA_L11674            |     2    |    7.29 ( 4.86%)   |         14       |        5.31        |       0.02536      |
|          LECER_AF077656           |     2    |   98.19 ( 3.04%)   |          7       |       35.31        |       0.00000      |
|           TSTER_Z83149            |     1    |   0.21 (100.00%)   |       N/A        |        0.00        |       1.00000      |
|           ONAMY_L10219            |     1    |   0.05 (100.00%)   |       N/A        |        0.00        |       1.00000      |
|          SAXSF_AF374730           |     1    |   0.03 (100.00%)   |       N/A        |        0.00        |       1.00000      |
|          SMDCA_AF093732           |     1    |   0.05 (100.00%)   |       N/A        |        0.00        |       1.00000      |
|          PARCE_AY935732           |     2    |   10.71 ( 1.16%)   |          4       |        1.43        |       0.19348      |
|          ELTMA_AJ402927           |     2    |    3.48 ( 2.94%)   |          7       |       -3.24        |       0.50000      |
|           PRMER_U96943            |     1    |   0.10 (100.00%)   |       N/A        |        0.00        |       1.00000      |
|          PHAMA_AY663605           |     1    |   0.02 (100.00%)   |       N/A        |        0.00        |       1.00000      |
|          SALMA_AJ418839           |     1    |   0.34 (100.00%)   |       N/A        |        0.00        |       1.00000      |
|          EUPMA_AJ418806           |     1    |   0.48 (100.00%)   |       N/A        |        0.00        |       1.00000      |
|          MALMA_AF344467           |     2    |    3.87 ( 3.97%)   |         10       |       -2.70        |       0.50000      |
|          VITVT_AJ419721           |     1    |   0.12 (100.00%)   |       N/A        |        0.00        |       1.00000      |
|          PHAMA_AY663597           |     2    |    6.78 ( 2.81%)   |          9       |        4.51        |       0.03827      |
|           PMOER_Z83144            |     2    |    2.94 ( 4.03%)   |          7       |       -1.30        |       0.50000      |
|          ACHMA_AJ418799           |     1    |   1.55 (100.00%)   |       N/A        |       -1.14        |       0.50000      |
|          SAPSP_AJ403001           |     2    |   75.22 ( 0.57%)   |          2       |        2.62        |       0.10202      |
|          URTRO_AY208707           |     2    |    3.62 ( 1.43%)   |          3       |       -0.86        |       0.50000      |
|           PLMCA_Y16907            |     2    |  172.64 ( 0.76%)   |          3       |        2.79        |       0.09327      |
|          CANRO_AJ402933           |     1    |   0.14 (100.00%)   |       N/A        |        0.00        |       1.00000      |
|           DIAER_Z83132            |     1    |   0.11 (100.00%)   |       N/A        |        0.00        |       1.00000      |
|          LBOCE_AJ402966           |     1    |   0.05 (100.00%)   |       N/A        |        0.00        |       1.00000      |
|          MANGE_AJ235774           |     2    |    5.94 ( 5.54%)   |         14       |        2.62        |       0.10191      |
|           MELSP_U38859            |     2    |    3.41 ( 6.93%)   |         14       |       -0.16        |       0.50000      |
|              Node159              |     1    |   0.02 (100.00%)   |       N/A        |        0.00        |       1.00000      |
|          ULMRO_AF500338           |     2    |    2.29 ( 3.70%)   |          5       |       -1.48        |       0.50000      |
|           DROCA_L01913            |     2    |    5.46 ( 5.80%)   |         13       |       -0.00        |       0.50000      |
|          PGNCA_AF297137           |     1    |   0.42 (100.00%)   |       N/A        |        0.00        |       1.00000      |
|              Node188              |     2    |    3.74 ( 2.80%)   |          7       |       -2.42        |       0.50000      |
|              Node823              |     2    |    6.29 ( 3.32%)   |          7       |       -0.63        |       0.50000      |
|          PETMV_AJ233158           |     1    |   0.15 (100.00%)   |       N/A        |        0.00        |       1.00000      |
|              Node437              |     1    |   0.04 (100.00%)   |       N/A        |        0.00        |       1.00000      |
|          SLAER_AF421109           |     1    |   0.32 (100.00%)   |       N/A        |        0.00        |       1.00000      |
|           GERGE_L14703            |     2    |   >1000 ( 0.52%)   |          2       |        5.99        |       0.01791      |
|           SANSL_L26070            |     2    |  178.05 ( 0.87%)   |          3       |        5.20        |       0.02680      |
|          PAPFB_AB045801           |     1    |   0.07 (100.00%)   |       N/A        |        0.00        |       1.00000      |
|          ANASP_AY462008           |     2    |   >1000 ( 1.23%)   |          5       |       10.13        |       0.00218      |
|           BERRA_L75867            |     2    |    2.31 ( 2.37%)   |          4       |       -1.44        |       0.50000      |
|           ERIER_U80423            |     1    |   0.04 (100.00%)   |       N/A        |        0.00        |       1.00000      |
|          SABSB_AF206793           |     1    |   0.21 (100.00%)   |       N/A        |        0.00        |       1.00000      |
|           LYTMY_L10218            |     2    |    2.45 ( 5.14%)   |          1       |       -1.66        |       0.50000      |
|          PRMER_AF213794           |     2    |   46.65 ( 0.69%)   |          2       |       -0.85        |       0.50000      |
|          COMMY_AF281478           |     1    |   0.10 (100.00%)   |       N/A        |        0.00        |       1.00000      |
|           GEICS_X83990            |     2    |   16.86 ( 1.20%)   |          2       |       -1.93        |       0.50000      |
|           DROCA_L01904            |     2    |    3.78 ( 5.05%)   |          2       |       -3.42        |       0.50000      |
|          DIAER_AY049795           |     2    |    6.96 ( 3.68%)   |          6       |        2.26        |       0.12372      |
|           PLMCA_M77701            |     2    |  424.17 ( 1.96%)   |          7       |       20.01        |       0.00002      |
|           ERIER_L12601            |     1    |   0.25 (100.00%)   |       N/A        |        0.00        |       1.00000      |
|          FAGFA_AY147096           |     2    |    3.91 ( 4.50%)   |         10       |       -0.45        |       0.50000      |
|          PGNCA_AF297125           |     2    |   99.68 ( 0.55%)   |          2       |        0.48        |       0.33405      |
|          PRMER_AF394964           |     2    |   23.34 ( 0.96%)   |          3       |       -0.09        |       0.50000      |
|          MORRO_AF500345           |     1    |   0.14 (100.00%)   |       N/A        |        0.00        |       1.00000      |
|          PGNCA_AF297141           |     2    |    9.41 ( 9.90%)   |         19       |        1.28        |       0.20929      |
|           LYTMY_L10226            |     2    |   15.40 ( 1.68%)   |          7       |        9.40        |       0.00315      |
|              Node843              |     1    |   0.06 (100.00%)   |       N/A        |        0.00        |       1.00000      |
|          EUPMA_AY794821           |     2    |  218.81 ( 0.30%)   |          1       |        0.80        |       0.27605      |
|          ELCOX_AF206765           |     1    |   0.35 (100.00%)   |       N/A        |        0.00        |       1.00000      |
|           BERRA_L75869            |     1    |   0.01 (100.00%)   |       N/A        |        0.00        |       1.00000      |
|          PRMER_AF395005           |     2    |   >1000 ( 0.95%)   |          3       |        5.72        |       0.02049      |
|              Node555              |     2    |   70.28 ( 0.67%)   |          2       |        5.20        |       0.02679      |
|           ERIER_L12606            |     2    |    9.18 ( 4.77%)   |         14       |        0.90        |       0.26019      |
|          AMACA_AB050127           |     1    |   0.11 (100.00%)   |       N/A        |        0.00        |       1.00000      |
|          LYTMY_AY036148           |     2    |    3.57 ( 3.13%)   |          6       |       -0.97        |       0.50000      |
|           DROCA_L01909            |     1    |   0.24 (100.00%)   |       N/A        |        0.00        |       1.00000      |
|              Node369              |     1    |   0.01 (100.00%)   |       N/A        |        0.00        |       1.00000      |
|          DROCA_AY096106           |     1    |   0.19 (100.00%)   |       N/A        |        0.00        |       1.00000      |
|              Node885              |     1    |   0.02 (100.00%)   |       N/A        |        0.00        |       1.00000      |
|          BONMA_AJ402990           |     1    |   0.08 (100.00%)   |       N/A        |        0.00        |       1.00000      |
|          HYPMA_AF518382           |     2    |   82.13 ( 0.84%)   |          2       |        8.27        |       0.00561      |
|          SALMA_AF206726           |     1    |   0.17 (100.00%)   |       N/A        |        0.00        |       1.00000      |
|           SPTER_Z83135            |     1    |   0.18 (100.00%)   |       N/A        |        0.00        |       1.00000      |
|           PORCA_M62568            |     2    |    4.66 ( 3.78%)   |          9       |       -1.62        |       0.50000      |
|          ACTER_AF088852           |     2    |    5.00 ( 8.02%)   |         13       |       -1.29        |       0.50000      |
|           PLAPR_L01943            |     1    |   0.25 (100.00%)   |       N/A        |        0.00        |       1.00000      |
|              Node32               |     1    |   0.05 (100.00%)   |       N/A        |        0.00        |       1.00000      |
|           ERIER_U82766            |     1    |   0.28 (100.00%)   |       N/A        |        0.00        |       1.00000      |
|              Node212              |     2    |   10.48 ( 1.52%)   |          5       |        4.79        |       0.03312      |
|          PLMCA_AJ286359           |     1    |   0.24 (100.00%)   |       N/A        |        0.00        |       1.00000      |
|           MSPRA_L37923            |     2    |    5.59 ( 4.43%)   |         10       |       -1.44        |       0.50000      |
|          CUNOX_AF206759           |     2    |  135.75 ( 1.29%)   |          4       |       11.83        |       0.00092      |
|          PGNCA_AF297124           |     1    |   0.18 (100.00%)   |       N/A        |        0.00        |       1.00000      |
|           PFLMA_L01940            |     2    |    2.65 ( 5.96%)   |          8       |       -1.25        |       0.50000      |
|          ZYGZY_DQ267165           |     2    |   12.57 ( 3.73%)   |         12       |        6.72        |       0.01234      |
|              Node899              |     2    |   46.59 ( 1.01%)   |          4       |        6.79        |       0.01187      |
|              Node209              |     1    |   0.02 (100.00%)   |       N/A        |        0.00        |       1.00000      |
|          MOLCA_AF093727           |     2    |    7.35 ( 2.43%)   |          7       |        0.13        |       0.42451      |
|           BERRA_L75871            |     1    |   0.06 (100.00%)   |       N/A        |        0.00        |       1.00000      |
|          MLVMV_AY328174           |     1    |   0.91 (100.00%)   |       N/A        |        0.00        |       1.00000      |
|              Node197              |     1    |   0.02 (100.00%)   |       N/A        |        0.00        |       1.00000      |
|              Node184              |     2    |   15.88 ( 1.60%)   |          6       |        4.23        |       0.04412      |
|           PROPR_U79178            |     1    |   0.16 (100.00%)   |       N/A        |        0.00        |       1.00000      |
|          RANRA_AF079453           |     2    |  109.61 ( 0.32%)   |          1       |        6.95        |       0.01096      |
|          CELCE_AY935727           |     1    |   0.06 (100.00%)   |       N/A        |        0.00        |       1.00000      |
|           RHIMA_U26335            |     2    |  275.82 ( 1.14%)   |          4       |       11.98        |       0.00086      |
|          ERIER_AF419816           |     1    |   0.06 (100.00%)   |       N/A        |        0.00        |       1.00000      |
|           PAPFB_U74197            |     2    |    8.07 ( 2.12%)   |          6       |        1.14        |       0.22670      |
|           DROCA_L01906            |     2    |  145.64 ( 0.72%)   |          2       |        9.29        |       0.00334      |
|          SALMA_AJ418824           |     2    |    6.18 ( 6.82%)   |          2       |       -0.60        |       0.50000      |
|          BIESP_AF035920           |     2    |    4.39 ( 3.99%)   |          7       |       -0.69        |       0.50000      |
|          ACHMA_AJ418803           |     1    |   0.22 (100.00%)   |       N/A        |        0.00        |       1.00000      |
|              Node221              |     1    |   0.10 (100.00%)   |       N/A        |        0.00        |       1.00000      |
|           PLMCA_Z97643            |     1    |   0.18 (100.00%)   |       N/A        |        0.00        |       1.00000      |
|              Node255              |     2    |   10.56 ( 1.11%)   |          4       |        3.15        |       0.07741      |
|              Node930              |     2    |    8.46 ( 4.09%)   |         10       |        0.08        |       0.44551      |
|           ERIER_U80430            |     1    |   0.07 (100.00%)   |       N/A        |        0.00        |       1.00000      |
|               Node5               |     2    |   30.19 ( 0.88%)   |          3       |        4.01        |       0.04944      |
|           PGNCA_Z97648            |     2    |   11.95 ( 1.27%)   |          4       |        1.48        |       0.18810      |
|          ACHMA_AJ418802           |     2    |   >1000 ( 0.45%)   |          2       |        6.47        |       0.01402      |
|          RHARO_AJ390052           |     2    |    6.04 ( 3.33%)   |          7       |        0.90        |       0.26039      |
|           GERGE_L14693            |     2    |   >1000 ( 0.25%)   |          1       |        6.31        |       0.01520      |
|          LYTMY_AY905410           |     1    |   0.12 (100.00%)   |       N/A        |        0.00        |       1.00000      |
|           SYMER_Z80192            |     1    |   0.07 (100.00%)   |       N/A        |        0.00        |       1.00000      |
|           BERRA_L75868            |     1    |   0.05 (100.00%)   |       N/A        |        0.00        |       1.00000      |
|          PLMCA_AJ286357           |     2    |    5.80 (12.96%)   |         17       |       -1.88        |       0.50000      |
|           PLMCA_Z97639            |     2    |   >1000 ( 2.31%)   |          5       |       22.55        |       0.00000      |
|          ACHMA_AJ235781           |     1    |   0.67 (100.00%)   |       N/A        |        0.00        |       1.00000      |
|          SBTCA_AY270148           |     1    |   0.07 (100.00%)   |       N/A        |        0.00        |       1.00000      |
|           HCHGE_L14699            |     2    |   17.20 ( 0.26%)   |          1       |        1.14        |       0.22663      |
|              Node443              |     2    |    5.89 ( 2.74%)   |          6       |       -0.10        |       0.50000      |
|              Node547              |     1    |   0.02 (100.00%)   |       N/A        |        0.00        |       1.00000      |
|          PGNCA_AF297147           |     1    |   0.78 (100.00%)   |       N/A        |        0.00        |       1.00000      |
|              Node639              |     2    |    7.86 ( 0.96%)   |          3       |        0.17        |       0.41197      |
|          PRMER_AF213801           |     2    |   46.36 ( 2.53%)   |         10       |       22.05        |       0.00001      |
|          MSNER_AF213820           |     2    |  476.97 ( 1.07%)   |          4       |        8.45        |       0.00511      |
|              Node18               |     2    |   95.20 ( 0.75%)   |          4       |        1.92        |       0.14821      |
|          KGDRA_AF093719           |     2    |    6.40 ( 2.70%)   |          6       |       -0.14        |       0.50000      |
|          AMACA_AY270111           |     2    |   15.51 ( 1.46%)   |          5       |        3.26        |       0.07286      |
|          SAPSP_AY724366           |     1    |   0.30 (100.00%)   |       N/A        |        0.00        |       1.00000      |
|           ERIER_U49288            |     1    |   0.18 (100.00%)   |       N/A        |        0.00        |       1.00000      |
|          MORRO_AF500348           |     1    |   0.09 (100.00%)   |       N/A        |        0.00        |       1.00000      |
|           PLMCA_Y16909            |     1    |   0.12 (100.00%)   |       N/A        |        0.00        |       1.00000      |
|          BARRO_AJ225788           |     1    |   0.01 (100.00%)   |       N/A        |        0.00        |       1.00000      |
|          PLMCA_AJ286360           |     2    |   >1000 ( 0.61%)   |          2       |        6.29        |       0.01536      |
|          PGNCA_AF297139           |     1    |   0.50 (100.00%)   |       N/A        |        0.00        |       1.00000      |
|           CONOX_L29493            |     2    |   10.11 ( 4.30%)   |         11       |        0.16        |       0.41445      |
|          ERIER_AF124585           |     2    |   14.42 ( 5.02%)   |          9       |        3.62        |       0.06066      |
|          URTRO_AY208700           |     1    |   0.03 (100.00%)   |       N/A        |        0.00        |       1.00000      |
|  ORYZA_SATIVA_JAPONICA_NC_001320  |     2    |   14.08 ( 1.05%)   |          4       |        1.90        |       0.14957      |
|          DROCA_AY096107           |     2    |   17.37 ( 2.07%)   |          7       |        2.31        |       0.12044      |
|           VOCMY_U26324            |     1    |   0.07 (100.00%)   |       N/A        |        0.00        |       1.00000      |
|           ERIER_U49285            |     1    |   0.11 (100.00%)   |       N/A        |        0.00        |       1.00000      |
|          EPTRA_AY048174           |     1    |   0.41 (100.00%)   |       N/A        |        0.00        |       1.00000      |
|           GERGE_L14697            |     1    |   0.14 (100.00%)   |       N/A        |        0.00        |       1.00000      |
|          ERIER_AF419811           |     1    |   0.04 (100.00%)   |       N/A        |        0.00        |       1.00000      |
|          RANRA_AF093730           |     2    |   18.94 ( 0.54%)   |          2       |        1.51        |       0.18475      |
|           PLMCA_Z97646            |     1    |   0.18 (100.00%)   |       N/A        |        0.00        |       1.00000      |
|              Node152              |     1    |   0.03 (100.00%)   |       N/A        |        0.00        |       1.00000      |
|              Node450              |     1    |   0.07 (100.00%)   |       N/A        |        0.00        |       1.00000      |
|          PGNCA_AF297149           |     2    |   >1000 ( 0.52%)   |          2       |        4.36        |       0.04137      |
|          CYRER_AY082698           |     2    |  234.22 ( 0.78%)   |          3       |        4.08        |       0.04759      |
|           ZYGZY_Y15019            |     2    |   13.18 ( 6.33%)   |         12       |        3.09        |       0.07995      |
|           RUTSP_U38862            |     1    |   0.08 (100.00%)   |       N/A        |        0.00        |       1.00000      |
|              Node374              |     2    |    9.20 ( 0.63%)   |          2       |        0.53        |       0.32413      |
|           ERIER_L12621            |     2    |   >1000 ( 1.26%)   |          5       |       20.82        |       0.00001      |
|          MALMA_AF344507           |     2    |    4.32 ( 4.69%)   |          7       |       -2.81        |       0.50000      |
|              Node820              |     1    |   0.01 (100.00%)   |       N/A        |        0.00        |       1.00000      |
|          BBOBB_AJ235773           |     1    |   0.31 (100.00%)   |       N/A        |        0.00        |       1.00000      |
|          ERIER_AF419827           |     1    |   0.05 (100.00%)   |       N/A        |        0.00        |       1.00000      |
|           ERIER_L12617            |     2    |   >1000 ( 0.82%)   |          3       |        0.19        |       0.40443      |
|          DCPMV_AF030238           |     1    |   0.09 (100.00%)   |       N/A        |        0.00        |       1.00000      |
|          AMACA_AY270118           |     1    |   0.02 (100.00%)   |       N/A        |        0.00        |       1.00000      |
|           MSTMY_U26334            |     1    |   0.16 (100.00%)   |       N/A        |        0.00        |       1.00000      |
|              Node104              |     1    |   0.03 (100.00%)   |       N/A        |        0.00        |       1.00000      |
|          DCPMV_AJ247623           |     1    |   0.26 (100.00%)   |       N/A        |        0.00        |       1.00000      |
|              Node107              |     1    |   0.00 (100.00%)   |       N/A        |        0.00        |       1.00000      |
|           ERIER_U80424            |     1    |   0.21 (100.00%)   |       N/A        |        0.00        |       1.00000      |
|           ERIER_L12622            |     1    |   0.35 (100.00%)   |       N/A        |        0.00        |       1.00000      |
|          BERRA_AF190442           |     1    |   0.20 (100.00%)   |       N/A        |        0.00        |       1.00000      |
|              Node560              |     2    |   33.21 ( 1.16%)   |          4       |        8.98        |       0.00392      |
|           ERIER_L12616            |     1    |   0.08 (100.00%)   |       N/A        |        0.00        |       1.00000      |
|              Node546              |     1    |   0.06 (100.00%)   |       N/A        |        0.00        |       1.00000      |
|              Node448              |     1    |   0.05 (100.00%)   |       N/A        |        0.00        |       1.00000      |
|          MORRO_AF500349           |     1    |   0.71 (100.00%)   |       N/A        |        0.00        |       1.00000      |
|          ROSRO_AF411490           |     2    |   90.33 ( 0.91%)   |          2       |        7.72        |       0.00742      |
|              Node477              |     1    |   0.02 (100.00%)   |       N/A        |        0.00        |       1.00000      |
|           PLMCA_Y16905            |     1    |   0.27 (100.00%)   |       N/A        |        0.00        |       1.00000      |
|          HPHCA_AJ403024           |     2    |    5.94 ( 3.38%)   |          5       |       -2.77        |       0.50000      |
|          HYPMA_AF518395           |     1    |   0.20 (100.00%)   |       N/A        |        0.00        |       1.00000      |
|           ERIER_U80421            |     1    |   0.14 (100.00%)   |       N/A        |        0.00        |       1.00000      |
|          RHARO_AJ390035           |     2    |    9.05 ( 2.11%)   |          6       |        0.50        |       0.33026      |
|               Node6               |     1    |   0.15 (100.00%)   |       N/A        |        0.00        |       1.00000      |
|           RANRA_L75849            |     2    |  160.26 ( 0.32%)   |          1       |        5.55        |       0.02239      |
|BRACHYPODIUM_DISTACHYON_NC_01103...|     1    |   0.05 (100.00%)   |       N/A        |        0.00        |       1.00000      |
|          BEGCU_AF534740           |     2    |  138.58 ( 0.77%)   |          2       |        9.21        |       0.00349      |
|              Node681              |     2    |  175.49 ( 0.80%)   |          4       |        5.20        |       0.02673      |
|           RUTSP_U38860            |     2    |  220.80 ( 1.78%)   |          6       |        5.68        |       0.02099      |
|           CYRER_L01900            |     1    |   0.18 (100.00%)   |       N/A        |        0.00        |       1.00000      |
|          HANCO_AF323188           |     2    |   18.55 ( 5.39%)   |         13       |        2.82        |       0.09209      |
|              Node895              |     2    |   10.08 ( 2.57%)   |          5       |       -1.64        |       0.50000      |
|              Node69               |     2    |   48.34 ( 0.44%)   |          1       |        2.40        |       0.11456      |
|          ERIER_AF419826           |     1    |   0.64 (100.00%)   |       N/A        |        0.00        |       1.00000      |
|          MLVMV_AY328175           |     1    |   0.42 (100.00%)   |       N/A        |        0.00        |       1.00000      |
|              Node520              |     1    |   0.01 (100.00%)   |       N/A        |        0.00        |       1.00000      |
|          ERIER_AF124583           |     2    |   30.68 ( 0.54%)   |          1       |       -2.50        |       0.50000      |
|              Node262              |     2    |   77.34 ( 0.70%)   |          3       |       13.84        |       0.00034      |
|           PLMCA_Z97641            |     2    |   10.68 ( 1.08%)   |          3       |       -1.43        |       0.50000      |
|              Node873              |     1    |   0.00 (100.00%)   |       N/A        |        0.00        |       1.00000      |
|           PPVRA_U86624            |     1    |   0.01 (100.00%)   |       N/A        |        0.00        |       1.00000      |
|              Node224              |     1    |   0.00 (100.00%)   |       N/A        |        0.00        |       1.00000      |
|           MSNER_L12598            |     2    |    6.50 ( 4.60%)   |          7       |       -2.17        |       0.50000      |
|              Node531              |     1    |   0.00 (100.00%)   |       N/A        |        0.00        |       1.00000      |
|           PROPR_U79165            |     1    |   0.03 (100.00%)   |       N/A        |        0.00        |       1.00000      |
|              Node128              |     2    |   58.82 ( 1.67%)   |          5       |       13.75        |       0.00035      |
|              Node668              |     1    |   0.11 (100.00%)   |       N/A        |        0.00        |       1.00000      |
|          CAEFB_AY308532           |     2    |    6.10 ( 3.01%)   |          6       |       -0.18        |       0.50000      |
|          PGNCA_AF297144           |     1    |   0.22 (100.00%)   |       N/A        |        0.00        |       1.00000      |
|          CELCE_AJ402994           |     1    |   0.26 (100.00%)   |       N/A        |        0.00        |       1.00000      |
|          AMACA_AY270074           |     2    |   10.73 ( 3.17%)   |          7       |       -0.93        |       0.50000      |
|              Node75               |     2    |   16.43 ( 1.24%)   |          4       |        4.68        |       0.03496      |
|              Node653              |     1    |   0.06 (100.00%)   |       N/A        |        0.00        |       1.00000      |
|           BURSP_U39276            |     2    |   11.77 ( 4.95%)   |          9       |        1.64        |       0.17219      |
|              Node663              |     1    |   0.11 (100.00%)   |       N/A        |        0.00        |       1.00000      |
|              Node517              |     1    |   0.04 (100.00%)   |       N/A        |        0.00        |       1.00000      |
|           GYRBR_L22439            |     2    |   16.76 ( 0.48%)   |          2       |       -0.42        |       0.50000      |
|          RHARO_AJ390028           |     1    |   0.74 (100.00%)   |       N/A        |        0.00        |       1.00000      |
|           CELCE_X69754            |     2    |   20.84 ( 1.10%)   |          4       |        1.52        |       0.18407      |
|          ERIER_AF124588           |     1    |   0.40 (100.00%)   |       N/A        |        0.00        |       1.00000      |
|          HYPMA_AF518396           |     1    |   0.07 (100.00%)   |       N/A        |        0.00        |       1.00000      |
|              Node70               |     2    |   20.45 ( 0.91%)   |          3       |        4.96        |       0.03026      |
|              Node898              |     1    |   0.00 (100.00%)   |       N/A        |        0.00        |       1.00000      |
|          MSNER_AF213813           |     1    |   0.43 (100.00%)   |       N/A        |        0.00        |       1.00000      |
|           ERIER_U80432            |     1    |   0.16 (100.00%)   |       N/A        |        0.00        |       1.00000      |
|              Node170              |     2    |   12.40 ( 0.68%)   |          2       |       -0.66        |       0.50000      |
|          THPER_AF213819           |     2    |   13.92 ( 3.84%)   |          9       |        1.95        |       0.14601      |
|              Node413              |     1    |   0.05 (100.00%)   |       N/A        |        0.00        |       1.00000      |
|          RUTSP_AF066812           |     1    |   0.35 (100.00%)   |       N/A        |        0.00        |       1.00000      |
|           APECA_Z83150            |     1    |   0.10 (100.00%)   |       N/A        |        0.00        |       1.00000      |
|              Node452              |     2    |    8.70 ( 1.02%)   |          3       |        0.24        |       0.39042      |
|           PLMCA_Z97644            |     2    |  386.60 ( 1.40%)   |          4       |       26.40        |       0.00000      |
|          PLMCA_AJ286363           |     1    |   0.36 (100.00%)   |       N/A        |        0.00        |       1.00000      |
|              Node488              |     2    |   47.45 ( 0.47%)   |          2       |        2.10        |       0.13454      |
|           PLMCA_Z97642            |     1    |   0.17 (100.00%)   |       N/A        |        0.00        |       1.00000      |
|          MSPRA_AF093726           |     1    |   0.44 (100.00%)   |       N/A        |        0.00        |       1.00000      |
|          ERIER_AF419836           |     1    |   0.81 (100.00%)   |       N/A        |        0.00        |       1.00000      |
|              Node248              |     1    |   0.00 (100.00%)   |       N/A        |        0.00        |       1.00000      |
|          MLVMV_AY328190           |     2    |   32.83 ( 4.03%)   |         11       |        7.81        |       0.00707      |
|          URTRO_AY208704           |     1    |   0.05 (100.00%)   |       N/A        |        0.00        |       1.00000      |
|           ERIER_U49289            |     2    |  137.12 ( 0.34%)   |          1       |        1.88        |       0.15092      |
|              Node620              |     1    |   0.00 (100.00%)   |       N/A        |        0.00        |       1.00000      |
|          MLVMV_AY328176           |     1    |   0.41 (100.00%)   |       N/A        |        0.00        |       1.00000      |
|              Node575              |     2    |  170.15 ( 0.54%)   |          2       |        6.10        |       0.01695      |
|           BURSP_U38856            |     2    |    7.29 ( 8.88%)   |         11       |       -0.02        |       0.50000      |
|              Node907              |     1    |   0.02 (100.00%)   |       N/A        |        0.00        |       1.00000      |
|          DILDI_AF095734           |     1    |   0.12 (100.00%)   |       N/A        |        0.00        |       1.00000      |
|           CELCE_X83996            |     1    |   0.19 (100.00%)   |       N/A        |        0.00        |       1.00000      |
|           ERIER_U80419            |     2    |   13.96 ( 0.60%)   |          2       |       -2.39        |       0.50000      |
|           ERIER_U49293            |     1    |   0.79 (100.00%)   |       N/A        |        0.00        |       1.00000      |
|              Node30               |     1    |   0.00 (100.00%)   |       N/A        |        0.00        |       1.00000      |
|           ERIER_L12626            |     1    |   0.14 (100.00%)   |       N/A        |        0.00        |       1.00000      |
|          AMACA_AY270083           |     1    |   0.15 (100.00%)   |       N/A        |        0.00        |       1.00000      |
|          ERIER_AF124580           |     2    |  120.40 ( 0.41%)   |          1       |        0.05        |       0.45724      |
|           DIOCA_Z97637            |     1    |   0.13 (100.00%)   |       N/A        |        0.00        |       1.00000      |
|           ERIER_U80422            |     2    |   13.66 ( 1.01%)   |          3       |       -0.87        |       0.50000      |
|     HORDEUM_VULGARE_NC_008590     |     1    |   0.10 (100.00%)   |       N/A        |        0.00        |       1.00000      |
|              Node598              |     2    |   19.22 ( 1.09%)   |          4       |       -0.16        |       0.50000      |
|          DILDI_AF093721           |     2    |   13.97 ( 1.71%)   |          5       |        1.45        |       0.19052      |
|              Node827              |     2    |    9.74 ( 1.51%)   |          4       |       -1.91        |       0.50000      |
|          ZYGZY_AF200471           |     2    |   27.38 ( 3.65%)   |          3       |        2.19        |       0.12808      |
|          PFLMA_AF206802           |     2    |    8.73 ( 3.66%)   |          8       |        0.11        |       0.43308      |
|           PROPR_U79164            |     1    |   0.20 (100.00%)   |       N/A        |        0.00        |       1.00000      |
|          RUTSP_AF123276           |     1    |   0.12 (100.00%)   |       N/A        |        0.00        |       1.00000      |
|          CAEFB_AY904379           |     1    |   0.09 (100.00%)   |       N/A        |        0.00        |       1.00000      |
|          ERIER_AF419837           |     1    |   1.47 (100.00%)   |       N/A        |       -1.74        |       0.50000      |
|          BERRA_AF203487           |     2    |   21.11 ( 1.79%)   |          4       |        3.03        |       0.08233      |
|           PROPR_U79166            |     1    |   0.38 (100.00%)   |       N/A        |        0.00        |       1.00000      |
|           ALZMY_U26316            |     1    |   0.29 (100.00%)   |       N/A        |        0.00        |       1.00000      |
|          JUGFA_AJ235790           |     1    |   0.18 (100.00%)   |       N/A        |        0.00        |       1.00000      |
|           PGNCA_Z97647            |     2    |  339.22 ( 0.54%)   |          2       |        5.64        |       0.02144      |
|           ERIER_U80434            |     1    |   0.25 (100.00%)   |       N/A        |        0.00        |       1.00000      |
|          THYMV_AJ297230           |     1    |   0.14 (100.00%)   |       N/A        |        0.00        |       1.00000      |
|           COCCU_U06840            |     1    |   0.31 (100.00%)   |       N/A        |        0.00        |       1.00000      |
|              Node314              |     1    |   0.00 (100.00%)   |       N/A        |        0.00        |       1.00000      |
|              Node955              |     1    |   0.02 (100.00%)   |       N/A        |        0.00        |       1.00000      |
|              Node340              |     1    |   0.00 (100.00%)   |       N/A        |        0.00        |       1.00000      |
|              Node456              |     1    |   0.16 (100.00%)   |       N/A        |        0.00        |       1.00000      |
|           SIMSP_U38927            |     2    |   10.56 ( 1.50%)   |          4       |        0.89        |       0.26104      |
|          MALMA_AF344470           |     2    |   16.83 ( 2.86%)   |          8       |       -0.96        |       0.50000      |
|          MSTMY_AF215521           |     2    |  121.54 ( 1.01%)   |          4       |       17.64        |       0.00005      |
|          ERIER_AF419818           |     2    |   22.95 ( 1.43%)   |          4       |        0.62        |       0.30704      |
|              Node937              |     2    |   75.06 ( 4.46%)   |          8       |       12.00        |       0.00085      |
|              Node236              |     1    |   0.05 (100.00%)   |       N/A        |        0.00        |       1.00000      |
|           ERIER_U49284            |     1    |   0.28 (100.00%)   |       N/A        |        0.00        |       1.00000      |
|              Node297              |     1    |   0.06 (100.00%)   |       N/A        |        0.00        |       1.00000      |
|          CAEFB_AY904377           |     1    |   0.13 (100.00%)   |       N/A        |        0.00        |       1.00000      |
|              Node402              |     1    |   0.15 (100.00%)   |       N/A        |        0.00        |       1.00000      |
|           VIOMA_Z75693            |     1    |   0.40 (100.00%)   |       N/A        |        0.00        |       1.00000      |
|          MELSP_AJ403017           |     2    |   11.01 ( 3.43%)   |          6       |       -0.76        |       0.50000      |
|              Node135              |     1    |   0.04 (100.00%)   |       N/A        |        0.00        |       1.00000      |
|              Node509              |     2    |   17.20 ( 1.24%)   |          4       |        2.07        |       0.13634      |
|           ERIER_U82765            |     1    |   0.44 (100.00%)   |       N/A        |        0.00        |       1.00000      |
|           LECER_Z80202            |     1    |   0.32 (100.00%)   |       N/A        |        0.00        |       1.00000      |
|              Node247              |     1    |   0.02 (100.00%)   |       N/A        |        0.00        |       1.00000      |
|          AMACA_AY270117           |     2    |   11.23 ( 1.52%)   |          3       |        0.64        |       0.30210      |
|           SAPSP_U38922            |     1    |   0.12 (100.00%)   |       N/A        |        0.00        |       1.00000      |
|           RUTSP_U38861            |     1    |   0.24 (100.00%)   |       N/A        |        0.00        |       1.00000      |
|              Node842              |     1    |   0.00 (100.00%)   |       N/A        |        0.00        |       1.00000      |
|          ROSRO_AY052513           |     1    |   0.48 (100.00%)   |       N/A        |        0.00        |       1.00000      |
|          PPLER_AF419239           |     1    |   0.07 (100.00%)   |       N/A        |        0.00        |       1.00000      |
|          PLMCA_AJ312252           |     2    |   >1000 ( 0.32%)   |          1       |        3.47        |       0.06527      |
|           LARRA_L37921            |     1    |   0.12 (100.00%)   |       N/A        |        0.00        |       1.00000      |
|          MSNER_AF213811           |     2    |  270.35 ( 0.77%)   |          3       |       17.91        |       0.00004      |
|          PRMER_AF394997           |     1    |   0.07 (100.00%)   |       N/A        |        0.00        |       1.00000      |
|          ERIER_AF419828           |     1    |   0.48 (100.00%)   |       N/A        |        0.00        |       1.00000      |
|          MLVMV_AY328194           |     1    |   0.54 (100.00%)   |       N/A        |        0.00        |       1.00000      |
|           ERIER_U80433            |     1    |   0.51 (100.00%)   |       N/A        |        0.00        |       1.00000      |
|              Node674              |     1    |   0.00 (100.00%)   |       N/A        |        0.00        |       1.00000      |
|              Node831              |     2    |   37.42 ( 0.77%)   |          3       |        2.07        |       0.13659      |
|           DROCA_L01914            |     1    |   0.18 (100.00%)   |       N/A        |        0.00        |       1.00000      |
|              Node950              |     1    |   0.04 (100.00%)   |       N/A        |        0.00        |       1.00000      |
|              Node862              |     1    |   0.00 (100.00%)   |       N/A        |        0.00        |       1.00000      |
|              Node952              |     1    |   0.03 (100.00%)   |       N/A        |        0.00        |       1.00000      |
|          CRNCO_AF190433           |     1    |   0.66 (100.00%)   |       N/A        |        0.00        |       1.00000      |
|           SARMV_U26337            |     1    |   0.02 (100.00%)   |       N/A        |        0.00        |       1.00000      |
|           PROPR_U79173            |     1    |   0.14 (100.00%)   |       N/A        |        0.00        |       1.00000      |
|              Node199              |     2    |   24.47 ( 1.01%)   |          4       |        2.70        |       0.09784      |
|          BEGCU_AF534722           |     1    |   0.18 (100.00%)   |       N/A        |        0.00        |       1.00000      |
|              Node316              |     1    |   0.00 (100.00%)   |       N/A        |        0.00        |       1.00000      |
|          LARRA_AF093731           |     1    |   0.38 (100.00%)   |       N/A        |        0.00        |       1.00000      |
|              Node296              |     1    |   0.00 (100.00%)   |       N/A        |        0.00        |       1.00000      |
|          GUNGU_AF060707           |     2    |    9.05 ( 2.50%)   |          5       |       -1.96        |       0.50000      |
|          ROSRO_AY052506           |     1    |   0.51 (100.00%)   |       N/A        |        0.00        |       1.00000      |
|           ERIER_U80426            |     1    |   0.07 (100.00%)   |       N/A        |        0.00        |       1.00000      |
|              Node872              |     2    |  115.58 ( 0.44%)   |          1       |        0.49        |       0.33246      |
|          PHLCA_AJ235800           |     1    |   0.81 (100.00%)   |       N/A        |        0.00        |       1.00000      |
|              Node661              |     2    |   26.06 ( 1.61%)   |          1       |       -1.18        |       0.50000      |
|           ERIER_U80428            |     1    |   0.02 (100.00%)   |       N/A        |        0.00        |       1.00000      |
|          PGNCA_AF297146           |     2    |    9.42 ( 4.06%)   |          7       |       -1.52        |       0.50000      |
|          RHARO_AJ225785           |     1    |   0.13 (100.00%)   |       N/A        |        0.00        |       1.00000      |
|           RUTSP_U38863            |     2    |   16.09 ( 1.11%)   |          3       |        0.58        |       0.31423      |
|              Node846              |     2    |   57.90 ( 2.06%)   |          7       |       13.21        |       0.00046      |
|          THPER_AF213815           |     2    |   19.30 ( 2.52%)   |          7       |       -0.12        |       0.50000      |
|              Node242              |     1    |   0.21 (100.00%)   |       N/A        |        0.00        |       1.00000      |
|          PGNCA_AF297145           |     1    |   1.39 (100.00%)   |       N/A        |       -4.22        |       0.50000      |
|           MGVER_Z80200            |     1    |   1.34 (100.00%)   |       N/A        |       -4.24        |       0.50000      |
|           ERIER_U80431            |     1    |   0.21 (100.00%)   |       N/A        |        0.00        |       1.00000      |
|              Node597              |     2    |   18.29 ( 0.89%)   |          3       |        1.53        |       0.18238      |
|          MALMA_AF344474           |     1    |   0.30 (100.00%)   |       N/A        |        0.00        |       1.00000      |
|          VITVT_AJ419726           |     1    |   1.41 (100.00%)   |       N/A        |       -1.85        |       0.50000      |
|              Node830              |     1    |   0.03 (100.00%)   |       N/A        |        0.00        |       1.00000      |
|              Node631              |     2    |   46.33 ( 0.24%)   |          1       |        3.55        |       0.06263      |
|          AIZCA_AJ235778           |     2    |   63.54 ( 1.10%)   |          2       |        6.38        |       0.01469      |
|          AMACA_AY270087           |     1    |   0.11 (100.00%)   |       N/A        |        0.00        |       1.00000      |
|              Node595              |     1    |   0.02 (100.00%)   |       N/A        |        0.00        |       1.00000      |
|          CLUMA_AY625029           |     1    |   0.38 (100.00%)   |       N/A        |        0.00        |       1.00000      |
|          SAPSP_AJ403008           |     2    |   31.46 ( 1.47%)   |          1       |       -1.51        |       0.50000      |
|          ERIER_AF419814           |     1    |   0.36 (100.00%)   |       N/A        |        0.00        |       1.00000      |
|           ERIER_U81798            |     1    |   0.03 (100.00%)   |       N/A        |        0.00        |       1.00000      |
|              Node120              |     1    |   0.00 (100.00%)   |       N/A        |        0.00        |       1.00000      |
|           PHYCA_Y13116            |     1    |   0.40 (100.00%)   |       N/A        |        0.00        |       1.00000      |
|              Node550              |     2    |   19.69 ( 0.62%)   |          2       |       -0.81        |       0.50000      |
|          LYTMY_AY905411           |     1    |   0.09 (100.00%)   |       N/A        |        0.00        |       1.00000      |
|              Node275              |     2    |   43.77 ( 0.72%)   |          3       |        2.18        |       0.12878      |
|          CLUMA_AF518383           |     2    |   >1000 ( 0.82%)   |          1       |        8.29        |       0.00556      |
|          ROSRO_AF132893           |     1    |   0.17 (100.00%)   |       N/A        |        0.00        |       1.00000      |
|          MSNER_AF213821           |     2    |  389.31 ( 1.42%)   |          6       |       15.76        |       0.00013      |
|          SLAER_AF421108           |     2    |   49.01 ( 0.63%)   |          2       |        0.28        |       0.38041      |
|           PENMY_U26331            |     1    |   0.09 (100.00%)   |       N/A        |        0.00        |       1.00000      |
|           CRNCO_L14395            |     2    |   58.56 ( 0.71%)   |          2       |       -0.76        |       0.50000      |
|           ANASP_U38928            |     1    |   0.12 (100.00%)   |       N/A        |        0.00        |       1.00000      |
|              Node339              |     1    |   0.00 (100.00%)   |       N/A        |        0.00        |       1.00000      |
|           RHARO_U59819            |     1    |   0.19 (100.00%)   |       N/A        |        0.00        |       1.00000      |
|          MSTMY_AJ235777           |     2    |  287.06 ( 0.78%)   |          2       |       12.74        |       0.00058      |
|          ROSRO_AF411494           |     1    |   0.41 (100.00%)   |       N/A        |        0.00        |       1.00000      |
|              Node850              |     2    |   25.10 ( 1.09%)   |          4       |        0.10        |       0.43469      |
|          CAEFB_AY904376           |     1    |   0.57 (100.00%)   |       N/A        |        0.00        |       1.00000      |
|              Node553              |     1    |   0.04 (100.00%)   |       N/A        |        0.00        |       1.00000      |
|          MLVMV_AY328183           |     2    |   31.46 ( 3.89%)   |          7       |        2.72        |       0.09695      |
|          MELSP_DQ238061           |     1    |   0.21 (100.00%)   |       N/A        |        0.00        |       1.00000      |
|              Node165              |     1    |   0.02 (100.00%)   |       N/A        |        0.00        |       1.00000      |
|          ERIER_AF124589           |     2    |   20.64 ( 0.98%)   |          3       |       -0.50        |       0.50000      |
|           ERIER_U49292            |     1    |   0.09 (100.00%)   |       N/A        |        0.00        |       1.00000      |
|           SIMSP_U38924            |     1    |   0.09 (100.00%)   |       N/A        |        0.00        |       1.00000      |
|          RHARO_AJ390030           |     2    |  153.90 ( 0.77%)   |          1       |        8.09        |       0.00614      |
|              Node35               |     1    |   0.02 (100.00%)   |       N/A        |        0.00        |       1.00000      |
|              Node805              |     1    |   0.10 (100.00%)   |       N/A        |        0.00        |       1.00000      |
|          ERIER_AF124587           |     2    |   12.33 ( 2.78%)   |          5       |       -1.29        |       0.50000      |
|          ROSRO_AF329002           |     1    |   3.47 (100.00%)   |       N/A        |       -0.13        |       0.50000      |
|          EUPMA_AY794831           |     1    |   0.06 (100.00%)   |       N/A        |        0.00        |       1.00000      |
|              Node365              |     1    |   0.06 (100.00%)   |       N/A        |        0.00        |       1.00000      |
|          LYTMY_AY905406           |     1    |   0.35 (100.00%)   |       N/A        |        0.00        |       1.00000      |
|          CLUMA_AF518388           |     1    |   1.04 (100.00%)   |       N/A        |       -4.39        |       0.50000      |
|          ACCCA_AF206733           |     2    |   25.91 ( 1.40%)   |          4       |       -0.36        |       0.50000      |
|          HAMSF_AJ131772           |     1    |   0.03 (100.00%)   |       N/A        |        0.00        |       1.00000      |
|          THPER_AF213817           |     2    |   47.19 ( 2.47%)   |          7       |        5.77        |       0.02002      |
|          MSTMY_AY456135           |     2    |   22.92 ( 1.44%)   |          4       |        1.37        |       0.19980      |
|              Node731              |     1    |   0.08 (100.00%)   |       N/A        |        0.00        |       1.00000      |
|              Node434              |     1    |   0.01 (100.00%)   |       N/A        |        0.00        |       1.00000      |
|              Node327              |     1    |   0.00 (100.00%)   |       N/A        |        0.00        |       1.00000      |
|           SIMSP_U38923            |     1    |   0.27 (100.00%)   |       N/A        |        0.00        |       1.00000      |
|          ERIER_AF419835           |     1    |   0.30 (100.00%)   |       N/A        |        0.00        |       1.00000      |
|           ERIER_U79743            |     1    |   0.21 (100.00%)   |       N/A        |        0.00        |       1.00000      |
|          ERIER_AF419832           |     2    |   21.14 ( 1.51%)   |          4       |       -0.19        |       0.50000      |
|              Node484              |     2    |   44.27 ( 1.34%)   |          4       |        0.41        |       0.34829      |
|          PDSSF_AJ403018           |     1    |   0.06 (100.00%)   |       N/A        |        0.00        |       1.00000      |
|          POLFB_AJ235799           |     1    |   0.19 (100.00%)   |       N/A        |        0.00        |       1.00000      |
|          LYTMY_AY905413           |     1    |   0.28 (100.00%)   |       N/A        |        0.00        |       1.00000      |
|          MSNER_AF213806           |     1    |   0.87 (100.00%)   |       N/A        |        0.00        |       1.00000      |
|              Node268              |     1    |   0.03 (100.00%)   |       N/A        |        0.00        |       1.00000      |
|           LECER_Z80183            |     1    |   0.45 (100.00%)   |       N/A        |        0.00        |       1.00000      |
|          ERIER_AF419823           |     2    |   19.35 ( 1.80%)   |          4       |       -0.67        |       0.50000      |
|          ERIER_AF124573           |     1    |   0.31 (100.00%)   |       N/A        |        0.00        |       1.00000      |
|           PGNCA_M77702            |     2    |   >1000 ( 0.83%)   |          3       |       23.31        |       0.00000      |
|              Node393              |     1    |   0.00 (100.00%)   |       N/A        |        0.00        |       1.00000      |
|          CRNCO_AY530927           |     1    |   0.37 (100.00%)   |       N/A        |        0.00        |       1.00000      |
|           PPVRA_U86632            |     1    |   0.00 (100.00%)   |       N/A        |        0.00        |       1.00000      |
|              Node52               |     2    |   22.03 ( 0.92%)   |          3       |        1.99        |       0.14287      |
|          ROSRO_AF411503           |     1    |   1.55 (100.00%)   |       N/A        |       -1.75        |       0.50000      |
|          PRMER_AF395007           |     1    |   0.19 (100.00%)   |       N/A        |        0.00        |       1.00000      |
|          ERIER_AF124575           |     1    |   0.73 (100.00%)   |       N/A        |        0.00        |       1.00000      |
|          BERRA_AF079454           |     1    |   0.85 (100.00%)   |       N/A        |        0.00        |       1.00000      |
|              Node376              |     1    |   0.05 (100.00%)   |       N/A        |        0.00        |       1.00000      |
|          ROSRO_AF411496           |     1    |   0.84 (100.00%)   |       N/A        |        0.00        |       1.00000      |
|              Node491              |     1    |   0.09 (100.00%)   |       N/A        |        0.00        |       1.00000      |
|          CUCCU_AY862550           |     1    |   0.20 (100.00%)   |       N/A        |        0.00        |       1.00000      |
|           ERIER_U82764            |     2    |   46.84 ( 2.98%)   |          7       |        0.30        |       0.37464      |
|              Node288              |     1    |   0.00 (100.00%)   |       N/A        |        0.00        |       1.00000      |
|              Node186              |     1    |   0.13 (100.00%)   |       N/A        |        0.00        |       1.00000      |
|              Node205              |     1    |   0.00 (100.00%)   |       N/A        |        0.00        |       1.00000      |
|          MYTMY_AJ235785           |     2    |   31.95 ( 1.11%)   |          3       |        1.89        |       0.15022      |
|           ERIER_U49294            |     1    |   0.17 (100.00%)   |       N/A        |        0.00        |       1.00000      |
|          MALMA_AF344483           |     1    |   0.23 (100.00%)   |       N/A        |        0.00        |       1.00000      |
|           MSNER_Z83145            |     1    |   0.24 (100.00%)   |       N/A        |        0.00        |       1.00000      |
|          CRNCO_AY530929           |     1    |   0.37 (100.00%)   |       N/A        |        0.00        |       1.00000      |
|              Node946              |     1    |   0.80 (100.00%)   |       N/A        |        0.00        |       1.00000      |
|              Node123              |     2    |   39.78 ( 1.02%)   |          4       |        3.13        |       0.07826      |
|          BUXBX_AF203485           |     1    |   0.66 (100.00%)   |       N/A        |        0.00        |       1.00000      |
|              Node68               |     1    |   0.00 (100.00%)   |       N/A        |        0.00        |       1.00000      |
|              Node330              |     1    |   0.04 (100.00%)   |       N/A        |        0.00        |       1.00000      |
|          AMACA_AY270131           |     1    |   0.73 (100.00%)   |       N/A        |        0.00        |       1.00000      |
|           LARRA_L37916            |     1    |   0.21 (100.00%)   |       N/A        |        0.00        |       1.00000      |
|              Node787              |     1    |   0.03 (100.00%)   |       N/A        |        0.00        |       1.00000      |
|              Node254              |     1    |   0.00 (100.00%)   |       N/A        |        0.00        |       1.00000      |
|              Node596              |     1    |   0.00 (100.00%)   |       N/A        |        0.00        |       1.00000      |
|           ERIER_L12618            |     2    |   75.07 ( 1.16%)   |          5       |        1.38        |       0.19892      |
|              Node497              |     1    |   0.13 (100.00%)   |       N/A        |        0.00        |       1.00000      |
|              Node852              |     1    |   0.20 (100.00%)   |       N/A        |        0.00        |       1.00000      |
|              Node392              |     1    |   0.20 (100.00%)   |       N/A        |        0.00        |       1.00000      |
|              Node570              |     1    |   0.00 (100.00%)   |       N/A        |        0.00        |       1.00000      |
|              Node920              |     1    |   0.12 (100.00%)   |       N/A        |        0.00        |       1.00000      |
|               Node2               |     2    |  144.47 ( 0.55%)   |          2       |        8.26        |       0.00564      |
|              Node498              |     1    |   0.24 (100.00%)   |       N/A        |        0.00        |       1.00000      |
|          ERIER_AF124574           |     2    |   42.15 ( 1.37%)   |          4       |        1.22        |       0.21663      |
|              Node435              |     2    |   24.83 ( 1.01%)   |          4       |        1.16        |       0.22454      |
|              Node292              |     1    |   0.20 (100.00%)   |       N/A        |        0.00        |       1.00000      |
|          ERIER_AF419820           |     1    |   0.42 (100.00%)   |       N/A        |        0.00        |       1.00000      |
|          PGNCA_AF297135           |     1    |   1.22 (100.00%)   |       N/A        |       -4.33        |       0.50000      |
|           CRNCO_L11217            |     1    |   1.10 (100.00%)   |       N/A        |       -4.39        |       0.50000      |
|          LECER_AF022134           |     1    |   0.29 (100.00%)   |       N/A        |        0.00        |       1.00000      |
|              Node799              |     1    |   0.00 (100.00%)   |       N/A        |        0.00        |       1.00000      |
|          RUTSP_AF066808           |     1    |   0.43 (100.00%)   |       N/A        |        0.00        |       1.00000      |
|              Node100              |     1    |   0.13 (100.00%)   |       N/A        |        0.00        |       1.00000      |
|              Node876              |     1    |   0.00 (100.00%)   |       N/A        |        0.00        |       1.00000      |
|              Node237              |     1    |   0.37 (100.00%)   |       N/A        |        0.00        |       1.00000      |
|              Node97               |     2    |   29.52 ( 1.29%)   |          4       |        2.55        |       0.10575      |
|          ERIER_AF419834           |     1    |   0.20 (100.00%)   |       N/A        |        0.00        |       1.00000      |
|              Node335              |     1    |   0.00 (100.00%)   |       N/A        |        0.00        |       1.00000      |
|           ERIER_U49291            |     1    |   0.27 (100.00%)   |       N/A        |        0.00        |       1.00000      |
|              Node175              |     1    |  >1000 (100.00%)   |       N/A        |       -0.15        |       0.50000      |
|              Node593              |     1    |   0.03 (100.00%)   |       N/A        |        0.00        |       1.00000      |
|          NELPR_DQ182337           |     1    |   0.04 (100.00%)   |       N/A        |        0.00        |       1.00000      |
|          MSNER_AF213810           |     1    |   0.29 (100.00%)   |       N/A        |        0.00        |       1.00000      |
|          BUXBX_AF093733           |     2    |   38.86 ( 1.08%)   |          3       |        1.71        |       0.16535      |
|           PSIMY_U26333            |     1    |   0.13 (100.00%)   |       N/A        |        0.00        |       1.00000      |
|          MSNER_AF213812           |     1    |   0.13 (100.00%)   |       N/A        |        0.00        |       1.00000      |
|           MSTMY_U26330            |     1    |   0.20 (100.00%)   |       N/A        |        0.00        |       1.00000      |
|              Node10               |     2    |   >1000 ( 0.73%)   |          3       |       23.40        |       0.00000      |
|              Node423              |     1    |   0.00 (100.00%)   |       N/A        |        0.00        |       1.00000      |
|              Node500              |     1    |   0.34 (100.00%)   |       N/A        |        0.00        |       1.00000      |
|              Node167              |     1    |   0.10 (100.00%)   |       N/A        |        0.00        |       1.00000      |
|              Node158              |     1    |   0.08 (100.00%)   |       N/A        |        0.00        |       1.00000      |
|              Node942              |     1    |   0.27 (100.00%)   |       N/A        |        0.00        |       1.00000      |
|              Node234              |     1    |   0.00 (100.00%)   |       N/A        |        0.00        |       1.00000      |
|              Node320              |     1    |   0.00 (100.00%)   |       N/A        |        0.00        |       1.00000      |
|           MCYMY_U26327            |     2    |   39.81 ( 1.95%)   |          4       |        1.99        |       0.14278      |
|          CUNOX_AY549641           |     2    |   >1000 ( 0.38%)   |          1       |        2.21        |       0.12705      |
|              Node695              |     1    |   0.00 (100.00%)   |       N/A        |        0.00        |       1.00000      |
|           MSTMY_U26323            |     1    |   0.34 (100.00%)   |       N/A        |        0.00        |       1.00000      |
|           ERIER_U49286            |     2    |   76.43 ( 1.11%)   |          4       |        3.04        |       0.08183      |
|              Node864              |     2    |  481.49 ( 0.85%)   |          4       |        9.41        |       0.00314      |
|          MSTMY_AF215533           |     1    |   0.07 (100.00%)   |       N/A        |        0.00        |       1.00000      |
|              Node647              |     1    |   0.00 (100.00%)   |       N/A        |        0.00        |       1.00000      |
|          CAEFB_AY904406           |     1    |   2.40 (100.00%)   |       N/A        |       -1.30        |       0.50000      |
|          PRMER_AF394965           |     1    |   0.27 (100.00%)   |       N/A        |        0.00        |       1.00000      |
|              Node892              |     1    |   0.15 (100.00%)   |       N/A        |        0.00        |       1.00000      |
|          RUTSP_AF066819           |     1    |   0.59 (100.00%)   |       N/A        |        0.00        |       1.00000      |
|          GUNGU_AY008156           |     2    |   21.96 ( 1.60%)   |          4       |       -0.63        |       0.50000      |
|              Node17               |     2    |  156.65 ( 0.54%)   |          3       |        4.92        |       0.03093      |
|          CAEFB_AY904398           |     1    |   0.36 (100.00%)   |       N/A        |        0.00        |       1.00000      |
|          PGNCA_AJ235789           |     1    |   0.21 (100.00%)   |       N/A        |        0.00        |       1.00000      |
|          ERIER_AF124579           |     1    |   0.37 (100.00%)   |       N/A        |        0.00        |       1.00000      |
|           ERIER_U79741            |     2    |   28.77 ( 1.58%)   |          4       |       -0.07        |       0.50000      |
|          MLVMV_AJ233145           |     1    |   0.22 (100.00%)   |       N/A        |        0.00        |       1.00000      |
|              Node214              |     1    |   0.16 (100.00%)   |       N/A        |        0.00        |       1.00000      |
|              Node847              |     1    |  >1000 (100.00%)   |       N/A        |       -1.35        |       0.50000      |
|              Node127              |     1    |   0.00 (100.00%)   |       N/A        |        0.00        |       1.00000      |
|              Node902              |     1    |   0.10 (100.00%)   |       N/A        |        0.00        |       1.00000      |
|           DILDI_L01903            |     1    |   0.14 (100.00%)   |       N/A        |        0.00        |       1.00000      |
|              Node343              |     1    |   0.15 (100.00%)   |       N/A        |        0.00        |       1.00000      |
|              Node602              |     2    |   27.63 ( 1.05%)   |          3       |        2.26        |       0.12352      |
|           ERIER_U49287            |     1    |   0.12 (100.00%)   |       N/A        |        0.00        |       1.00000      |
|              Node868              |     1    |   0.00 (100.00%)   |       N/A        |        0.00        |       1.00000      |
|          RHIMA_AF127695           |     1    |   0.93 (100.00%)   |       N/A        |        0.00        |       1.00000      |
|           PROPR_U79171            |     1    |   0.18 (100.00%)   |       N/A        |        0.00        |       1.00000      |
|          CLUMA_AY625025           |     1    |   0.17 (100.00%)   |       N/A        |        0.00        |       1.00000      |
|              Node882              |     1    |   0.13 (100.00%)   |       N/A        |        0.00        |       1.00000      |
|              Node931              |     2    |   >1000 ( 0.47%)   |          2       |        9.65        |       0.00279      |
|              Node783              |     1    |   0.00 (100.00%)   |       N/A        |        0.00        |       1.00000      |
|              Node36               |     1    |   0.17 (100.00%)   |       N/A        |        0.00        |       1.00000      |
|          CLUMA_AY625011           |     1    |   0.17 (100.00%)   |       N/A        |        0.00        |       1.00000      |
|          ERIER_AF124576           |     1    |   0.58 (100.00%)   |       N/A        |        0.00        |       1.00000      |
|              Node766              |     1    |   0.45 (100.00%)   |       N/A        |        0.00        |       1.00000      |
|              Node134              |     1    |   0.00 (100.00%)   |       N/A        |        0.00        |       1.00000      |
|          AMACA_AY270127           |     1    |   0.28 (100.00%)   |       N/A        |        0.00        |       1.00000      |
|          PRMER_AF395006           |     1    |   0.12 (100.00%)   |       N/A        |        0.00        |       1.00000      |
|           GERGE_U77903            |     1    |   0.76 (100.00%)   |       N/A        |        0.00        |       1.00000      |
|              Node50               |     1    |   0.00 (100.00%)   |       N/A        |        0.00        |       1.00000      |
|          ERIER_AF124577           |     1    |   0.09 (100.00%)   |       N/A        |        0.00        |       1.00000      |
|          CLUMA_AF518386           |     1    |   0.29 (100.00%)   |       N/A        |        0.00        |       1.00000      |
|              Node891              |     1    |   0.08 (100.00%)   |       N/A        |        0.00        |       1.00000      |
|              Node289              |     1    |   0.46 (100.00%)   |       N/A        |        0.00        |       1.00000      |
|          LYTMY_AY905408           |     1    |   0.17 (100.00%)   |       N/A        |        0.00        |       1.00000      |
|              Node571              |     1    |   0.19 (100.00%)   |       N/A        |        0.00        |       1.00000      |
|           MYTMY_U26317            |     1    |   0.09 (100.00%)   |       N/A        |        0.00        |       1.00000      |
|              Node380              |     2    |   >1000 ( 1.73%)   |          5       |       10.91        |       0.00147      |
|          MALMA_AF344519           |     1    |   0.87 (100.00%)   |       N/A        |        0.00        |       1.00000      |
|          CLUMA_AF518390           |     1    |   0.07 (100.00%)   |       N/A        |        0.00        |       1.00000      |
|              Node513              |     1    |   0.08 (100.00%)   |       N/A        |        0.00        |       1.00000      |
|          PGNCA_AF297150           |     1    |   0.34 (100.00%)   |       N/A        |        0.00        |       1.00000      |
|              Node396              |     1    |   0.55 (100.00%)   |       N/A        |        0.00        |       1.00000      |
|              Node171              |     1    |   0.05 (100.00%)   |       N/A        |        0.00        |       1.00000      |
|              Node154              |     2    |   55.54 ( 0.32%)   |          1       |        2.21        |       0.12657      |
|          AMACA_AY489263           |     1    |   0.00 (100.00%)   |       N/A        |        0.00        |       1.00000      |
|              Node696              |     1    |   0.11 (100.00%)   |       N/A        |        0.00        |       1.00000      |
|          ROSRO_AY052518           |     1    |   2.07 (100.00%)   |       N/A        |       -1.59        |       0.50000      |
|          SAPSP_AY724341           |     1    |   0.32 (100.00%)   |       N/A        |        0.00        |       1.00000      |
|          ZYGZY_AY935748           |     1    |   0.86 (100.00%)   |       N/A        |        0.00        |       1.00000      |
|              Node388              |     2    |  134.63 ( 0.85%)   |          3       |       11.50        |       0.00109      |
|          PRMER_AF394967           |     2    |   >1000 ( 0.36%)   |          1       |       12.52        |       0.00065      |
|              Node429              |     2    |   48.91 ( 0.63%)   |          2       |        1.26        |       0.21242      |
|          CUCCU_AF008958           |     2    |   51.67 ( 0.62%)   |          2       |        2.07        |       0.13653      |
|              Node673              |     1    |   0.12 (100.00%)   |       N/A        |        0.00        |       1.00000      |
|          PRMER_AF394975           |     2    |   82.00 ( 2.92%)   |          6       |        3.75        |       0.05646      |
|              Node378              |     1    |   0.42 (100.00%)   |       N/A        |        0.00        |       1.00000      |
|              Node394              |     1    |   0.00 (100.00%)   |       N/A        |        0.00        |       1.00000      |
|          LYTMY_AY905404           |     1    |   0.11 (100.00%)   |       N/A        |        0.00        |       1.00000      |
|              Node887              |     1    |   0.23 (100.00%)   |       N/A        |        0.00        |       1.00000      |
|              Node812              |     2    |  125.36 ( 1.08%)   |          3       |        4.73        |       0.03408      |
|              Node619              |     2    |   68.91 ( 0.46%)   |          2       |        3.97        |       0.05053      |
|              Node84               |     2    |  229.13 ( 0.49%)   |          2       |       13.58        |       0.00038      |
|              Node106              |     2    |   65.90 ( 0.87%)   |          3       |        4.12        |       0.04669      |
|              Node863              |     1    |   0.14 (100.00%)   |       N/A        |        0.00        |       1.00000      |
|              Node344              |     1    |   0.05 (100.00%)   |       N/A        |        0.00        |       1.00000      |
|              Node126              |     1    |   0.00 (100.00%)   |       N/A        |        0.00        |       1.00000      |
|           MYTMY_U26318            |     1    |   0.11 (100.00%)   |       N/A        |        0.00        |       1.00000      |
|              Node692              |     1    |   0.22 (100.00%)   |       N/A        |        0.00        |       1.00000      |
|          HAMSF_AF060709           |     1    |   0.05 (100.00%)   |       N/A        |        0.00        |       1.00000      |
|          CUNOX_AF291930           |     1    |   0.14 (100.00%)   |       N/A        |        0.00        |       1.00000      |
|          MSNER_AF213807           |     1    |   0.38 (100.00%)   |       N/A        |        0.00        |       1.00000      |
|          LECER_AF077653           |     1    |   0.21 (100.00%)   |       N/A        |        0.00        |       1.00000      |
|              Node398              |     1    |   0.33 (100.00%)   |       N/A        |        0.00        |       1.00000      |
|          HAMSF_AM183407           |     1    |   0.21 (100.00%)   |       N/A        |        0.00        |       1.00000      |
|          ERIER_AF124581           |     2    |   >1000 ( 0.23%)   |          1       |        8.59        |       0.00476      |
|              Node503              |     1    |   0.00 (100.00%)   |       N/A        |        0.00        |       1.00000      |
|              Node447              |     1    |   0.00 (100.00%)   |       N/A        |        0.00        |       1.00000      |
|              Node559              |     1    |   0.05 (100.00%)   |       N/A        |        0.00        |       1.00000      |
|              Node117              |     1    |   0.22 (100.00%)   |       N/A        |        0.00        |       1.00000      |
|              Node26               |     1    |   0.13 (100.00%)   |       N/A        |        0.00        |       1.00000      |
|          CLUMA_AF518393           |     1    |   0.71 (100.00%)   |       N/A        |        0.00        |       1.00000      |
|              Node659              |     1    |   0.37 (100.00%)   |       N/A        |        0.00        |       1.00000      |
|              Node719              |     1    |   0.11 (100.00%)   |       N/A        |        0.00        |       1.00000      |
|           MSTMY_U26339            |     1    |   0.70 (100.00%)   |       N/A        |        0.00        |       1.00000      |
|              Node57               |     2    |  807.34 ( 0.58%)   |          3       |        9.83        |       0.00254      |
|              Node762              |     1    |  >1000 (100.00%)   |       N/A        |        1.42        |       0.19463      |
|              Node535              |     1    |   0.21 (100.00%)   |       N/A        |        0.00        |       1.00000      |
|              Node269              |     1    |  >1000 (100.00%)   |       N/A        |        1.31        |       0.20650      |
|           MYTMY_U26315            |     1    |   0.46 (100.00%)   |       N/A        |        0.00        |       1.00000      |
|          AMACA_AY270130           |     1    |   0.37 (100.00%)   |       N/A        |        0.00        |       1.00000      |
|           COMMY_U26321            |     1    |   0.35 (100.00%)   |       N/A        |        0.00        |       1.00000      |
|          AMACA_AY270133           |     1    |   0.39 (100.00%)   |       N/A        |        0.00        |       1.00000      |
|          ERIER_AF419821           |     1    |   0.09 (100.00%)   |       N/A        |        0.00        |       1.00000      |
|              Node836              |     1    |   0.00 (100.00%)   |       N/A        |        0.00        |       1.00000      |
|          HANCO_AF323190           |     1    |   0.23 (100.00%)   |       N/A        |        0.00        |       1.00000      |
|              Node373              |     1    |   0.00 (100.00%)   |       N/A        |        0.00        |       1.00000      |
|          CUCCU_AJ235782           |     1    |   0.11 (100.00%)   |       N/A        |        0.00        |       1.00000      |
|          CLUMA_AY625015           |     1    |   0.14 (100.00%)   |       N/A        |        0.00        |       1.00000      |
|              Node918              |     1    |   0.10 (100.00%)   |       N/A        |        0.00        |       1.00000      |
|              Node321              |     1    |   0.20 (100.00%)   |       N/A        |        0.00        |       1.00000      |
|              Node401              |     1    |   0.00 (100.00%)   |       N/A        |        0.00        |       1.00000      |
|          BERRA_AF093716           |     1    |   1.73 (100.00%)   |       N/A        |       -3.50        |       0.50000      |
|           PLMCA_Z97645            |     1    |   0.14 (100.00%)   |       N/A        |        0.00        |       1.00000      |
|              Node720              |     1    |   0.16 (100.00%)   |       N/A        |        0.00        |       1.00000      |
|          LYTMY_AY496864           |     1    |   0.25 (100.00%)   |       N/A        |        0.00        |       1.00000      |
|              Node587              |     1    |   0.00 (100.00%)   |       N/A        |        0.00        |       1.00000      |
|              Node474              |     1    |   0.24 (100.00%)   |       N/A        |        0.00        |       1.00000      |
|          PROPR_DQ099446           |     1    |   0.05 (100.00%)   |       N/A        |        0.00        |       1.00000      |
|              Node524              |     1    |   0.05 (100.00%)   |       N/A        |        0.00        |       1.00000      |
|              Node23               |     1    |   0.00 (100.00%)   |       N/A        |        0.00        |       1.00000      |
|              Node427              |     1    |   0.00 (100.00%)   |       N/A        |        0.00        |       1.00000      |
|              Node103              |     1    |   0.00 (100.00%)   |       N/A        |        0.00        |       1.00000      |
|              Node415              |     1    |   0.26 (100.00%)   |       N/A        |        0.00        |       1.00000      |
|              Node568              |     2    |  172.44 ( 0.24%)   |          1       |        3.71        |       0.05782      |
|              Node613              |     1    |   0.49 (100.00%)   |       N/A        |        0.00        |       1.00000      |
|          MSNER_AF213814           |     1    |   0.14 (100.00%)   |       N/A        |        0.00        |       1.00000      |
|          HAMSF_AF060708           |     1    |   0.00 (100.00%)   |       N/A        |        0.00        |       1.00000      |
|              Node746              |     1    |  >1000 (100.00%)   |       N/A        |       -2.77        |       0.50000      |
|              Node263              |     1    |   0.00 (100.00%)   |       N/A        |        0.00        |       1.00000      |
|          CRYMY_AY078153           |     1    |   0.06 (100.00%)   |       N/A        |        0.00        |       1.00000      |
|              Node703              |     1    |   0.00 (100.00%)   |       N/A        |        0.00        |       1.00000      |
|          CRYMY_AY078157           |     1    |   0.14 (100.00%)   |       N/A        |        0.00        |       1.00000      |
|              Node904              |     1    |   0.32 (100.00%)   |       N/A        |        0.00        |       1.00000      |
|              Node750              |     1    |   0.05 (100.00%)   |       N/A        |        0.00        |       1.00000      |
|          THPER_AF213818           |     1    |   0.58 (100.00%)   |       N/A        |        0.00        |       1.00000      |
|              Node454              |     1    |   0.06 (100.00%)   |       N/A        |        0.00        |       1.00000      |
|              Node328              |     2    |   78.18 ( 0.46%)   |          1       |        0.51        |       0.32742      |
|              Node956              |     1    |   0.14 (100.00%)   |       N/A        |        0.00        |       1.00000      |
|              Node194              |     1    |   0.00 (100.00%)   |       N/A        |        0.00        |       1.00000      |
|              Node507              |     1    |   0.11 (100.00%)   |       N/A        |        0.00        |       1.00000      |
|              Node82               |     1    |   0.00 (100.00%)   |       N/A        |        0.00        |       1.00000      |
|              Node642              |     2    |  139.07 ( 1.40%)   |          4       |        2.05        |       0.13814      |
|           LECER_Z80180            |     1    |   0.37 (100.00%)   |       N/A        |        0.00        |       1.00000      |
|              Node149              |     2    |  263.86 ( 0.28%)   |          1       |        7.46        |       0.00846      |
|              Node578              |     1    |   0.00 (100.00%)   |       N/A        |        0.00        |       1.00000      |
|              Node13               |     1    |   0.00 (100.00%)   |       N/A        |        0.00        |       1.00000      |
|              Node866              |     1    |   0.26 (100.00%)   |       N/A        |        0.00        |       1.00000      |
|              Node92               |     1    |   0.00 (100.00%)   |       N/A        |        0.00        |       1.00000      |
|              Node73               |     2    |  895.26 ( 2.67%)   |          4       |        6.95        |       0.01096      |
|          CLUMA_AF518381           |     1    |   0.08 (100.00%)   |       N/A        |        0.00        |       1.00000      |
|              Node780              |     1    |   0.06 (100.00%)   |       N/A        |        0.00        |       1.00000      |
|              Node528              |     1    |   0.00 (100.00%)   |       N/A        |        0.00        |       1.00000      |
|              Node960              |     1    |   0.07 (100.00%)   |       N/A        |        0.00        |       1.00000      |
|              Node31               |     1    |   0.06 (100.00%)   |       N/A        |        0.00        |       1.00000      |
|          THEER_AF380046           |     2    |  169.09 ( 1.08%)   |          3       |        3.97        |       0.05058      |
|              Node431              |     1    |   0.51 (100.00%)   |       N/A        |        0.00        |       1.00000      |
|          ERIER_AF124578           |     1    |   0.51 (100.00%)   |       N/A        |        0.00        |       1.00000      |
|              Node475              |     1    |   0.06 (100.00%)   |       N/A        |        0.00        |       1.00000      |
|              Node480              |     1    |   0.06 (100.00%)   |       N/A        |        0.00        |       1.00000      |
|              Node202              |     1    |   0.17 (100.00%)   |       N/A        |        0.00        |       1.00000      |
|              Node741              |     2    |  118.63 ( 0.27%)   |          1       |        2.07        |       0.13646      |
|          MSTMY_AF215516           |     1    |   0.33 (100.00%)   |       N/A        |        0.00        |       1.00000      |
|              Node93               |     2    |   >1000 ( 0.74%)   |          3       |       11.19        |       0.00128      |
|              Node161              |     1    |  >1000 (100.00%)   |       N/A        |        0.16        |       0.41615      |
|              Node137              |     1    |   0.00 (100.00%)   |       N/A        |        0.00        |       1.00000      |
|              Node324              |     1    |   0.11 (100.00%)   |       N/A        |        0.00        |       1.00000      |
|              Node879              |     2    |  298.88 ( 0.25%)   |          1       |        4.90        |       0.03128      |
|              Node157              |     1    |   0.07 (100.00%)   |       N/A        |        0.00        |       1.00000      |
|              Node761              |     1    |   0.18 (100.00%)   |       N/A        |        0.00        |       1.00000      |
|          THEER_AF380041           |     1    |   0.43 (100.00%)   |       N/A        |        0.00        |       1.00000      |
|              Node710              |     1    |   0.00 (100.00%)   |       N/A        |        0.00        |       1.00000      |
|              Node610              |     1    |   0.49 (100.00%)   |       N/A        |        0.00        |       1.00000      |
|              Node588              |     1    |   0.09 (100.00%)   |       N/A        |        0.00        |       1.00000      |
|              Node421              |     1    |   0.39 (100.00%)   |       N/A        |        0.00        |       1.00000      |
|              Node635              |     1    |   0.09 (100.00%)   |       N/A        |        0.00        |       1.00000      |
|              Node768              |     1    |   0.00 (100.00%)   |       N/A        |        0.00        |       1.00000      |
|              Node525              |     1    |   0.08 (100.00%)   |       N/A        |        0.00        |       1.00000      |
|              Node584              |     1    |   0.96 (100.00%)   |       N/A        |        0.00        |       1.00000      |
|          MALMA_AF344511           |     1    |   0.20 (100.00%)   |       N/A        |        0.00        |       1.00000      |
|              Node733              |     1    |   0.31 (100.00%)   |       N/A        |        0.00        |       1.00000      |
|          CLUMA_AF518392           |     1    |   0.18 (100.00%)   |       N/A        |        0.00        |       1.00000      |
|          CAEFB_AY904416           |     1    |   0.19 (100.00%)   |       N/A        |        0.00        |       1.00000      |
|          RUTSP_AF066814           |     1    |   0.07 (100.00%)   |       N/A        |        0.00        |       1.00000      |
|          MSTMY_AF215537           |     1    |   0.30 (100.00%)   |       N/A        |        0.00        |       1.00000      |
|           ERIER_U80427            |     1    |   0.08 (100.00%)   |       N/A        |        0.00        |       1.00000      |
|              Node826              |     1    |   0.08 (100.00%)   |       N/A        |        0.00        |       1.00000      |
|              Node737              |     1    |   0.00 (100.00%)   |       N/A        |        0.00        |       1.00000      |
|              Node119              |     1    |   0.00 (100.00%)   |       N/A        |        0.00        |       1.00000      |
|              Node912              |     1    |   0.43 (100.00%)   |       N/A        |        0.00        |       1.00000      |
|              Node367              |     1    |   0.00 (100.00%)   |       N/A        |        0.00        |       1.00000      |
|              Node543              |     1    |   0.20 (100.00%)   |       N/A        |        0.00        |       1.00000      |
|              Node669              |     2    |  261.00 ( 0.45%)   |          2       |        4.50        |       0.03832      |
|           GERGE_U77901            |     2    |  301.44 ( 0.80%)   |          3       |        7.05        |       0.01039      |
|              Node472              |     1    |   0.00 (100.00%)   |       N/A        |        0.00        |       1.00000      |
|              Node47               |     1    |   0.00 (100.00%)   |       N/A        |        0.00        |       1.00000      |
|               Node8               |     1    |   0.00 (100.00%)   |       N/A        |        0.00        |       1.00000      |
|              Node772              |     1    |   0.00 (100.00%)   |       N/A        |        0.00        |       1.00000      |
|              Node246              |     1    |   0.26 (100.00%)   |       N/A        |        0.00        |       1.00000      |
|              Node941              |     1    |   0.21 (100.00%)   |       N/A        |        0.00        |       1.00000      |
|              Node442              |     1    |   0.23 (100.00%)   |       N/A        |        0.00        |       1.00000      |
|           COMMY_U26338            |     1    |   0.21 (100.00%)   |       N/A        |        0.00        |       1.00000      |
|              Node726              |     1    |   0.00 (100.00%)   |       N/A        |        0.00        |       1.00000      |
|              Node840              |     2    |  244.88 ( 0.74%)   |          3       |        3.72        |       0.05743      |
|              Node311              |     1    |   0.46 (100.00%)   |       N/A        |        0.00        |       1.00000      |
|              Node808              |     1    |   0.52 (100.00%)   |       N/A        |        0.00        |       1.00000      |
|          LECER_AF077652           |     1    |   0.86 (100.00%)   |       N/A        |        0.00        |       1.00000      |
|              Node232              |     1    |   0.15 (100.00%)   |       N/A        |        0.00        |       1.00000      |
|          PGNCA_AF297128           |     1    |   0.49 (100.00%)   |       N/A        |        0.00        |       1.00000      |
|              Node359              |     2    |   >1000 ( 1.10%)   |          3       |        5.43        |       0.02388      |
|               Node4               |     1    |   0.00 (100.00%)   |       N/A        |        0.00        |       1.00000      |
|              Node409              |     1    |  44.25 (100.00%)   |       N/A        |       -3.79        |       0.50000      |
|              Node418              |     1    |   1.70 (100.00%)   |       N/A        |       -3.66        |       0.50000      |
|              Node258              |     1    |   0.37 (100.00%)   |       N/A        |        0.00        |       1.00000      |
|              Node43               |     2    |   >1000 ( 0.47%)   |          2       |       16.26        |       0.00010      |
|              Node940              |     1    |   0.10 (100.00%)   |       N/A        |        0.00        |       1.00000      |
|              Node111              |     1    |   0.11 (100.00%)   |       N/A        |        0.00        |       1.00000      |
|              Node888              |     1    |   0.87 (100.00%)   |       N/A        |        0.00        |       1.00000      |
|              Node133              |     1    |   0.09 (100.00%)   |       N/A        |        0.00        |       1.00000      |
|          CLUMA_AF518397           |     1    |   0.28 (100.00%)   |       N/A        |        0.00        |       1.00000      |
|              Node618              |     1    |   0.85 (100.00%)   |       N/A        |        0.00        |       1.00000      |
|              Node538              |     1    |   1.06 (100.00%)   |       N/A        |       -4.40        |       0.50000      |
|              Node40               |     1    |   0.49 (100.00%)   |       N/A        |        0.00        |       1.00000      |
|              Node331              |     1    |  >1000 (100.00%)   |       N/A        |       -3.97        |       0.50000      |
|              Node462              |     1    |   0.00 (100.00%)   |       N/A        |        0.00        |       1.00000      |
|           PROPR_U79174            |     1    |   0.11 (100.00%)   |       N/A        |        0.00        |       1.00000      |
|              Node505              |     2    |  313.66 ( 0.33%)   |          1       |        3.57        |       0.06214      |
|              Node466              |     1    |   0.09 (100.00%)   |       N/A        |        0.00        |       1.00000      |
|              Node203              |     1    |   0.26 (100.00%)   |       N/A        |        0.00        |       1.00000      |
|              Node736              |     1    |   0.00 (100.00%)   |       N/A        |        0.00        |       1.00000      |
|           THYMV_U26322            |     1    |   0.00 (100.00%)   |       N/A        |        0.00        |       1.00000      |
|              Node78               |     1    |   0.25 (100.00%)   |       N/A        |        0.00        |       1.00000      |
|           PODMA_U68083            |     1    |   0.00 (100.00%)   |       N/A        |        0.00        |       1.00000      |
|              Node109              |     1    |   0.00 (100.00%)   |       N/A        |        0.00        |       1.00000      |
|              Node391              |     1    |   0.00 (100.00%)   |       N/A        |        0.00        |       1.00000      |
|              Node486              |     1    |   0.00 (100.00%)   |       N/A        |        0.00        |       1.00000      |
|              Node652              |     1    |  >1000 (100.00%)   |       N/A        |       -2.35        |       0.50000      |
|              Node834              |     1    |   0.18 (100.00%)   |       N/A        |        0.00        |       1.00000      |
|              Node740              |     1    |   0.30 (100.00%)   |       N/A        |        0.00        |       1.00000      |
|              Node379              |     1    |   0.09 (100.00%)   |       N/A        |        0.00        |       1.00000      |
|              Node300              |     1    |   0.11 (100.00%)   |       N/A        |        0.00        |       1.00000      |
|              Node608              |     1    |  >1000 (100.00%)   |       N/A        |       -2.34        |       0.50000      |
|              Node218              |     1    |   0.30 (100.00%)   |       N/A        |        0.00        |       1.00000      |
|     SORGHUM_BICOLOR_NC_008602     |     2    |  239.85 ( 0.60%)   |          2       |        5.89        |       0.01886      |
|           CTHER_Z80212            |     1    |   0.15 (100.00%)   |       N/A        |        0.00        |       1.00000      |
|              Node60               |     1    |  >1000 (100.00%)   |       N/A        |       -0.17        |       0.50000      |
|              Node16               |     1    |   0.00 (100.00%)   |       N/A        |        0.00        |       1.00000      |
|              Node776              |     1    |   0.00 (100.00%)   |       N/A        |        0.00        |       1.00000      |
|              Node816              |     2    |   >1000 ( 0.25%)   |          1       |        3.44        |       0.06661      |
|              Node860              |     1    |   0.00 (100.00%)   |       N/A        |        0.00        |       1.00000      |
|              Node789              |     1    |   0.00 (100.00%)   |       N/A        |        0.00        |       1.00000      |
|              Node752              |     1    |   4.51 (100.00%)   |       N/A        |       -4.36        |       0.50000      |
|              Node687              |     2    |  483.12 ( 0.28%)   |          1       |        4.75        |       0.03382      |
|              Node700              |     1    |   0.06 (100.00%)   |       N/A        |        0.00        |       1.00000      |
|              Node351              |     1    |   0.00 (100.00%)   |       N/A        |        0.00        |       1.00000      |
|              Node59               |     1    |   0.41 (100.00%)   |       N/A        |        0.00        |       1.00000      |
|              Node713              |     1    |  >1000 (100.00%)   |       N/A        |       -0.42        |       0.50000      |
|          ERIER_AF419819           |     1    |   0.77 (100.00%)   |       N/A        |        0.00        |       1.00000      |
|          CAEFB_AY904395           |     1    |   0.21 (100.00%)   |       N/A        |        0.00        |       1.00000      |
|              Node458              |     1    |   0.00 (100.00%)   |       N/A        |        0.00        |       1.00000      |
|              Node506              |     1    |   0.00 (100.00%)   |       N/A        |        0.00        |       1.00000      |
|              Node854              |     1    |   0.00 (100.00%)   |       N/A        |        0.00        |       1.00000      |
|              Node949              |     1    |   1.54 (100.00%)   |       N/A        |       -4.36        |       0.50000      |
|              Node707              |     1    |   0.12 (100.00%)   |       N/A        |        0.00        |       1.00000      |
|              Node301              |     1    |   0.15 (100.00%)   |       N/A        |        0.00        |       1.00000      |
|              Node921              |     1    |   0.00 (100.00%)   |       N/A        |        0.00        |       1.00000      |
|              Node471              |     1    |   0.00 (100.00%)   |       N/A        |        0.00        |       1.00000      |
|              Node908              |     1    |   0.22 (100.00%)   |       N/A        |        0.00        |       1.00000      |
|              Node625              |     1    |   0.16 (100.00%)   |       N/A        |        0.00        |       1.00000      |
|          OLIMY_AF215546           |     1    |   0.13 (100.00%)   |       N/A        |        0.00        |       1.00000      |
|               Node3               |     1    |  >1000 (100.00%)   |       N/A        |       -1.27        |       0.50000      |
|          CTHER_AF421088           |     1    |  >1000 (100.00%)   |       N/A        |       -2.97        |       0.50000      |
|              Node386              |     1    |  >1000 (100.00%)   |       N/A        |       -3.10        |       0.50000      |
|          ERIER_AF156095           |     1    |   0.13 (100.00%)   |       N/A        |        0.00        |       1.00000      |
|              Node412              |     1    |   0.00 (100.00%)   |       N/A        |        0.00        |       1.00000      |
|              Node664              |     1    |   0.13 (100.00%)   |       N/A        |        0.00        |       1.00000      |
|              Node901              |     1    |  >1000 (100.00%)   |       N/A        |       -2.90        |       0.50000      |
|           LECER_Z80177            |     1    |   0.14 (100.00%)   |       N/A        |        0.00        |       1.00000      |
|           BERRA_L37920            |     1    |   0.58 (100.00%)   |       N/A        |        0.00        |       1.00000      |
|              Node757              |     1    |   0.15 (100.00%)   |       N/A        |        0.00        |       1.00000      |
|              Node76               |     1    |   0.00 (100.00%)   |       N/A        |        0.00        |       1.00000      |
|              Node56               |     1    |   0.00 (100.00%)   |       N/A        |        0.00        |       1.00000      |
|              Node607              |     1    |   0.97 (100.00%)   |       N/A        |        0.00        |       1.00000      |
|              Node804              |     1    |  >1000 (100.00%)   |       N/A        |       -2.78        |       0.50000      |
|        ZEA_MAYS_NC_001666         |     1    |   0.00 (100.00%)   |       N/A        |        0.00        |       1.00000      |
|              Node857              |     1    |   0.00 (100.00%)   |       N/A        |        0.00        |       1.00000      |
|              Node849              |     1    |   0.47 (100.00%)   |       N/A        |        0.00        |       1.00000      |
|              Node286              |     1    |   0.21 (100.00%)   |       N/A        |        0.00        |       1.00000      |
|              Node426              |     2    |  129.55 ( 0.62%)   |          2       |        3.10        |       0.07938      |
|              Node142              |     1    |   0.57 (100.00%)   |       N/A        |        0.00        |       1.00000      |
|              Node910              |     1    |   0.00 (100.00%)   |       N/A        |        0.00        |       1.00000      |
|              Node88               |     1    |  >1000 (100.00%)   |       N/A        |       -2.47        |       0.50000      |
|              Node721              |     1    |   0.00 (100.00%)   |       N/A        |        0.00        |       1.00000      |
|              Node779              |     1    |  >1000 (100.00%)   |       N/A        |       -2.89        |       0.50000      |
|              Node338              |     1    |   0.15 (100.00%)   |       N/A        |        0.00        |       1.00000      |
|              Node624              |     1    |  >1000 (100.00%)   |       N/A        |       -2.84        |       0.50000      |
|              Node144              |     1    |   0.00 (100.00%)   |       N/A        |        0.00        |       1.00000      |
|              Node717              |     1    |   0.13 (100.00%)   |       N/A        |        0.00        |       1.00000      |
|              Node217              |     1    |   0.00 (100.00%)   |       N/A        |        0.00        |       1.00000      |
|              Node439              |     1    |   0.34 (100.00%)   |       N/A        |        0.00        |       1.00000      |
|              Node487              |     1    |   0.20 (100.00%)   |       N/A        |        0.00        |       1.00000      |
|              Node264              |     1    |   0.31 (100.00%)   |       N/A        |        0.00        |       1.00000      |
|              Node208              |     1    |   0.00 (100.00%)   |       N/A        |        0.00        |       1.00000      |
|              Node662              |     1    |  >1000 (100.00%)   |       N/A        |       -5.05        |       0.50000      |
|              Node675              |     1    |   0.00 (100.00%)   |       N/A        |        0.00        |       1.00000      |
|              Node173              |     1    |  >1000 (100.00%)   |       N/A        |       -3.90        |       0.50000      |
|              Node577              |     1    |   0.00 (100.00%)   |       N/A        |        0.00        |       1.00000      |
|              Node569              |     1    |   1.23 (100.00%)   |       N/A        |       -4.41        |       0.50000      |
|              Node533              |     1    |   0.00 (100.00%)   |       N/A        |        0.00        |       1.00000      |
|              Node492              |     1    |  >1000 (100.00%)   |       N/A        |       -1.60        |       0.50000      |
|              Node276              |     1    |   0.32 (100.00%)   |       N/A        |        0.00        |       1.00000      |
|              Node485              |     1    |   0.21 (100.00%)   |       N/A        |        0.00        |       1.00000      |
|              Node183              |     1    |  >1000 (100.00%)   |       N/A        |       -2.10        |       0.50000      |
|              Node649              |     1    |   0.42 (100.00%)   |       N/A        |        0.00        |       1.00000      |
|              Node63               |     1    |   0.21 (100.00%)   |       N/A        |        0.00        |       1.00000      |
|          BRABR_AY483263           |     1    |   0.00 (100.00%)   |       N/A        |        0.00        |       1.00000      |
|              Node743              |     1    |  >1000 (100.00%)   |       N/A        |       -3.42        |       0.50000      |
|              Node916              |     1    |   0.37 (100.00%)   |       N/A        |        0.00        |       1.00000      |
|              Node656              |     1    |   0.42 (100.00%)   |       N/A        |        0.00        |       1.00000      |
|              Node567              |     1    |   0.00 (100.00%)   |       N/A        |        0.00        |       1.00000      |
|              Node744              |     1    |  >1000 (100.00%)   |       N/A        |       -3.40        |       0.50000      |
|              Node640              |     1    |  >1000 (100.00%)   |       N/A        |       -3.51        |       0.50000      |
|          CAEFB_AY904417           |     1    |   0.00 (100.00%)   |       N/A        |        0.00        |       1.00000      |
|           ERIER_U80418            |     1    |   0.24 (100.00%)   |       N/A        |        0.00        |       1.00000      |
|              Node934              |     1    |  >1000 (100.00%)   |       N/A        |       -3.16        |       0.50000      |
|              Node626              |     1    |  >1000 (100.00%)   |       N/A        |       -3.23        |       0.50000      |
|          GUNGU_AF307918           |     1    |   0.51 (100.00%)   |       N/A        |        0.00        |       1.00000      |
|              Node782              |     1    |   0.00 (100.00%)   |       N/A        |        0.00        |       1.00000      |
|          CAEFB_AY904402           |     1    |   0.29 (100.00%)   |       N/A        |        0.00        |       1.00000      |
|              Node944              |     1    |   0.00 (100.00%)   |       N/A        |        0.00        |       1.00000      |
|              Node933              |     1    |   0.31 (100.00%)   |       N/A        |        0.00        |       1.00000      |
|              Node206              |     1    |   0.26 (100.00%)   |       N/A        |        0.00        |       1.00000      |
|              Node751              |     1    |   0.00 (100.00%)   |       N/A        |        0.00        |       1.00000      |
|              Node679              |     1    |   0.19 (100.00%)   |       N/A        |        0.00        |       1.00000      |
|              Node407              |     1    |   0.32 (100.00%)   |       N/A        |        0.00        |       1.00000      |
|          RHIMA_AF206744           |     1    |  >1000 (100.00%)   |       N/A        |       -2.77        |       0.50000      |
|              Node877              |     1    |   0.36 (100.00%)   |       N/A        |        0.00        |       1.00000      |
|              Node646              |     1    |  >1000 (100.00%)   |       N/A        |       -3.33        |       0.50000      |
|              Node686              |     1    |   0.00 (100.00%)   |       N/A        |        0.00        |       1.00000      |
|              Node348              |     1    |   0.00 (100.00%)   |       N/A        |        0.00        |       1.00000      |
|          CLUMA_AY625008           |     1    |   0.29 (100.00%)   |       N/A        |        0.00        |       1.00000      |
|              Node541              |     1    |   0.43 (100.00%)   |       N/A        |        0.00        |       1.00000      |
|              Node139              |     1    |  >1000 (100.00%)   |       N/A        |       -1.10        |       0.50000      |
|              Node372              |     1    |   0.00 (100.00%)   |       N/A        |        0.00        |       1.00000      |
|              Node280              |     1    |   0.29 (100.00%)   |       N/A        |        0.00        |       1.00000      |
|              Node350              |     1    |   0.00 (100.00%)   |       N/A        |        0.00        |       1.00000      |
|              Node95               |     1    |  >1000 (100.00%)   |       N/A        |       -1.47        |       0.50000      |
|              Node345              |     1    |  >1000 (100.00%)   |       N/A        |       -3.29        |       0.50000      |
|           BERRA_L75843            |     1    |  >1000 (100.00%)   |       N/A        |       -1.20        |       0.50000      |
|              Node283              |     1    |  >1000 (100.00%)   |       N/A        |       -1.30        |       0.50000      |
|              Node592              |     1    |  >1000 (100.00%)   |       N/A        |       -1.09        |       0.50000      |
|              Node729              |     1    |  >1000 (100.00%)   |       N/A        |       -3.29        |       0.50000      |
|              Node794              |     1    |  >1000 (100.00%)   |       N/A        |       -3.48        |       0.50000      |
|              Node29               |     1    |   1.04 (100.00%)   |       N/A        |       -3.31        |       0.50000      |
|           LECER_Z80181            |     1    |  >1000 (100.00%)   |       N/A        |       -3.34        |       0.50000      |
|              Node64               |     1    |  >1000 (100.00%)   |       N/A        |       -2.77        |       0.50000      |
|              Node14               |     1    |  >1000 (100.00%)   |       N/A        |       -3.66        |       0.50000      |
|              Node792              |     1    |  >1000 (100.00%)   |       N/A        |       -3.35        |       0.50000      |
|              Node464              |     1    |   0.36 (100.00%)   |       N/A        |        0.00        |       1.00000      |
|              Node612              |     1    |   0.31 (100.00%)   |       N/A        |        0.00        |       1.00000      |
|              Node754              |     1    |   0.45 (100.00%)   |       N/A        |        0.00        |       1.00000      |
|              Node295              |     1    |   0.00 (100.00%)   |       N/A        |        0.00        |       1.00000      |
|              Node302              |     1    |   0.29 (100.00%)   |       N/A        |        0.00        |       1.00000      |
|              Node261              |     1    |   0.14 (100.00%)   |       N/A        |        0.00        |       1.00000      |
|              Node178              |     1    |  >1000 (100.00%)   |       N/A        |       -2.93        |       0.50000      |
|              Node356              |     1    |  >1000 (100.00%)   |       N/A        |       -1.25        |       0.50000      |
|              Node382              |     1    |  >1000 (100.00%)   |       N/A        |       -1.09        |       0.50000      |
|              Node600              |     1    |  >1000 (100.00%)   |       N/A        |       -3.68        |       0.50000      |
|              Node230              |     1    |   0.00 (100.00%)   |       N/A        |        0.00        |       1.00000      |
|              Node482              |     1    |   0.00 (100.00%)   |       N/A        |        0.00        |       1.00000      |
|          THEER_AF380066           |     1    |  >1000 (100.00%)   |       N/A        |       -3.55        |       0.50000      |
|              Node226              |     1    |  31.47 (100.00%)   |       N/A        |       -2.02        |       0.50000      |
|              Node711              |     1    |   0.00 (100.00%)   |       N/A        |        0.00        |       1.00000      |
|              Node628              |     1    |  >1000 (100.00%)   |       N/A        |       -3.92        |       0.50000      |
|              Node353              |     1    |   0.00 (100.00%)   |       N/A        |        0.00        |       1.00000      |
|              Node705              |     1    |   0.00 (100.00%)   |       N/A        |        0.00        |       1.00000      |
|              Node318              |     1    |   0.00 (100.00%)   |       N/A        |        0.00        |       1.00000      |
|              Node110              |     1    |   0.00 (100.00%)   |       N/A        |        0.00        |       1.00000      |
|              Node241              |     1    |   0.00 (100.00%)   |       N/A        |        0.00        |       1.00000      |
|              Node909              |     1    |   0.00 (100.00%)   |       N/A        |        0.00        |       1.00000      |
|              Node192              |     1    |   0.00 (100.00%)   |       N/A        |        0.00        |       1.00000      |
|              Node272              |     1    |  >1000 (100.00%)   |       N/A        |       -1.71        |       0.50000      |
|              Node132              |     1    |   0.00 (100.00%)   |       N/A        |        0.00        |       1.00000      |
|              Node515              |     1    |   0.00 (100.00%)   |       N/A        |        0.00        |       1.00000      |
|              Node702              |     1    |   0.12 (100.00%)   |       N/A        |        0.00        |       1.00000      |
|           OLIMY_U26329            |     1    |   0.00 (100.00%)   |       N/A        |        0.00        |       1.00000      |
|              Node299              |     1    |   0.00 (100.00%)   |       N/A        |        0.00        |       1.00000      |
|              Node39               |     1    |  >1000 (100.00%)   |       N/A        |       -3.25        |       0.50000      |
|              Node927              |     1    |   0.67 (100.00%)   |       N/A        |        0.00        |       1.00000      |
|              Node172              |     1    |  >1000 (100.00%)   |       N/A        |       -4.15        |       0.50000      |
|              Node658              |     1    |  >1000 (100.00%)   |       N/A        |       -3.80        |       0.50000      |
|          BRABR_AJ235809           |     1    |  >1000 (100.00%)   |       N/A        |       18.22        |       0.00004      |
|              Node690              |     1    |   0.00 (100.00%)   |       N/A        |        0.00        |       1.00000      |
|           GERGE_U77902            |     1    |   0.00 (100.00%)   |       N/A        |        0.00        |       1.00000      |
|              Node83               |     1    |  >1000 (100.00%)   |       N/A        |       -4.18        |       0.50000      |
|          CAEFB_AY904420           |     1    |  >1000 (100.00%)   |       N/A        |       52.51        |       0.00000      |
|              Node408              |     1    |   0.00 (100.00%)   |       N/A        |        0.00        |       1.00000      |
|              Node164              |     1    |   0.38 (100.00%)   |       N/A        |        0.00        |       1.00000      |
|              Node537              |     1    |   0.00 (100.00%)   |       N/A        |        0.00        |       1.00000      |
|              Node580              |     1    |   0.00 (100.00%)   |       N/A        |        0.00        |       1.00000      |
|          MSNER_AF213809           |     1    |  >1000 (100.00%)   |       N/A        |       -3.87        |       0.50000      |
|              Node678              |     1    |  >1000 (100.00%)   |       N/A        |       -3.81        |       0.50000      |
|              Node684              |     1    |  >1000 (100.00%)   |       N/A        |       -3.90        |       0.50000      |
|              Node769              |     1    |  >1000 (100.00%)   |       N/A        |       -3.95        |       0.50000      |
|              Node775              |     1    |  >1000 (100.00%)   |       N/A        |       -3.88        |       0.50000      |
|              Node572              |     1    |  >1000 (100.00%)   |       N/A        |       -3.89        |       0.50000      |
|              Node46               |     1    |  >1000 (100.00%)   |       N/A        |       -1.72        |       0.50000      |
|              Node245              |     1    |  >1000 (100.00%)   |       N/A        |       -4.02        |       0.50000      |
|              Node604              |     1    |  >1000 (100.00%)   |       N/A        |       -3.81        |       0.50000      |
|              Node463              |     1    |   0.00 (100.00%)   |       N/A        |        0.00        |       1.00000      |
|              Node81               |     1    |  >1000 (100.00%)   |       N/A        |       -3.73        |       0.50000      |
|              Node25               |     1    |   0.00 (100.00%)   |       N/A        |        0.00        |       1.00000      |
|              Node24               |     1    |   0.00 (100.00%)   |       N/A        |        0.00        |       1.00000      |
|              Node790              |     1    |   0.00 (100.00%)   |       N/A        |        0.00        |       1.00000      |
|              Node306              |     1    |   0.00 (100.00%)   |       N/A        |        0.00        |       1.00000      |
|              Node116              |     1    |   0.00 (100.00%)   |       N/A        |        0.00        |       1.00000      |
|              Node483              |     1    |   0.00 (100.00%)   |       N/A        |        0.00        |       1.00000      |
|              Node15               |     1    |   0.34 (100.00%)   |       N/A        |        0.00        |       1.00000      |
|              Node204              |     1    |   1.00 (100.00%)   |       N/A        |        0.00        |       1.00000      |
|              Node21               |     1    |   0.00 (100.00%)   |       N/A        |        0.00        |       1.00000      |
|          MCYMY_AF270752           |     1    |   1.00 (100.00%)   |       N/A        |        0.00        |       1.00000      |
----
### Adaptive branch site random effects likelihood test 
Likelihood ratio test for episodic diversifying positive selection at Holm-Bonferroni corrected _p =   0.0500_ found **14** branches under selection among **943** tested.

* CAEFB_AY904420, p-value =  0.00000
* CANRO_L12638, p-value =  0.00000
* LECER_AF077656, p-value =  0.00001
* PLMCA_Z97644, p-value =  0.00057
* Node10, p-value =  0.00259
* PGNCA_M77702, p-value =  0.00270
* PLMCA_Z97639, p-value =  0.00396
* PRMER_AF213801, p-value =  0.00507
* ERIER_L12621, p-value =  0.00939
* PLMCA_M77701, p-value =  0.01412
* ERIER_AF419812, p-value =  0.01891
* BRABR_AJ235809, p-value =  0.03461
* MSNER_AF213811, p-value =  0.04036
* MSTMY_AF215521, p-value =  0.04610

### Annotated Tree
(DIOCA_Z97637,(((((DILDI_AJ235796,(DILDI_AF093721,(DILDI_AF095734,DILDI_L01903)Node10{0.002589400893569849})Node8)Node6,((((((VITVT_AJ419726,VITVT_AJ419721)Node18,(HALSF_U26325,((((MANGE_AJ235774,LEDGE_L14708)Node26,((((COMMY_U26321,COMMY_U26338)Node32,((LYTMY_AY036148,LYTMY_AY905410)Node36,((LYTMY_AY905408,(ONAMY_L10219,LYTMY_AY905406)Node43,((LYTMY_L10226,LYTMY_L10218)Node47,(LYTMY_AY905413,(LYTMY_AY496864,LYTMY_AY905404)Node52)Node50)Node46)Node40,LYTMY_AY905411)Node39)Node35)Node31,((VOCMY_U26324,((PSIMY_U26333,MYTMY_U26315)Node60,((MYTMY_U26317,MYTMY_AJ235785)Node64,MYTMY_U26318)Node63)Node59)Node57,(((MCYMY_U26327,MCYMY_AF270752)Node70,(MSTMY_AF215521{0.04610286294094657},((MSTMY_AF215533,(MSTMY_AF215537,MSTMY_AJ235777)Node78)Node76,((((MSTMY_U26323,MSTMY_U26330)Node84,MSTMY_AY456135)Node83,(MSTMY_U26334,MSTMY_U26339)Node88)Node82,MSTMY_AF215516)Node81)Node75)Node73)Node69,((ALZMY_U26316,(PENMY_U26331,(OLIMY_U26329,OLIMY_AF215546)Node97)Node95)Node93,(CRYMY_AY078157,CRYMY_AY078153)Node100)Node92)Node68)Node56)Node30,((BIESP_AF035920,((SAPSP_U38922,(((SAPSP_AJ403001,SAPSP_AJ403008)Node111,SAPSP_AY724341)Node110,SAPSP_AY724366)Node109)Node107,((ZYGZY_DQ267165,((ANASP_AY462008,ANASP_U38928)Node120,(BURSP_U38856,BURSP_U39276)Node123)Node119)Node117,(((MELSP_DQ238061,MELSP_AJ403017)Node128,MELSP_U38859)Node127,((((EBEER_AJ402968,(RUTSP_U38860,(RUTSP_AF066819,RUTSP_AF066812)Node139)Node137)Node135,(RUTSP_AF066808,(RUTSP_U38862,RUTSP_AF066814,RUTSP_U38861)Node144)Node142)Node134,(RUTSP_U38863,RUTSP_AF123276)Node149)Node133,(SIMSP_U38927,(SIMSP_U38923,SIMSP_U38924)Node154)Node152)Node132)Node126)Node116)Node106)Node104,(((SARMV_U26337,(DCPMV_AF030238,DCPMV_AJ247623)Node161)Node159,((BONMA_AJ402990,(THYMV_U26322,THYMV_AJ297230)Node167)Node165,((((MLVMV_AY328183,(MLVMV_AY328175,MLVMV_AY328176)Node175)Node173,(MLVMV_AY328190,MLVMV_AY328194)Node178)Node172,MLVMV_AY328174)Node171,MLVMV_AJ233145)Node170)Node164)Node158,((SVDBR_X69755,(GYRBR_L22439,(BRABR_AY483263,BRABR_AJ235809{0.03461179421535032})Node188)Node186)Node184,PETMV_AJ233158)Node183)Node157)Node103)Node29)Node25,(GEICS_X83990,((ZYGZY_AJ133855,(ZYGZY_Y15019,(ZYGZY_AF200471,ZYGZY_AY935748)Node199)Node197)Node195,((((((SALMA_AF206726,(SALMA_AJ418824,SALMA_AJ418839)Node226)Node224,((VIOMA_L11674,VIOMA_Z75693)Node209,(PFLMA_L01940,(PFLMA_AF206802,TURMA_Z75691)Node214)Node212)Node208,((ACHMA_AJ418802,ACHMA_AJ418803)Node218,(ACHMA_AJ418799,ACHMA_AJ235781)Node221)Node217)Node206,(BALMA_AF089760,(IXOMA_Z75680,(ERYMA_AJ402976,((RHIMA_AF127695,RHIMA_AF206744)Node237,RHIMA_U26335)Node236)Node234)Node232)Node230,((PHAMA_AY663605,PHAMA_AY663597)Node242,((((((PODMA_U68083,PODMA_D89475)Node250,PODMA_U68089)Node249,((HYPMA_AF518396,HYPMA_AF518382)Node255,(HYPMA_AF206779,HYPMA_AF518395)Node258)Node254)Node248,((((CLUMA_AF518397,CLUMA_AF518388)Node264,CLUMA_AF518392)Node263,((CLUMA_AF518386,CLUMA_AF518381)Node269,(CLUMA_AF518390,CLUMA_AF518383)Node272)Node268)Node262,((CLUMA_AY625029,CLUMA_AY625025)Node276,(CLUMA_AF518393,CLUMA_AY625008)Node280,(CLUMA_AY625011,CLUMA_AY625015)Node283)Node275)Node261)Node247,(ELTMA_AJ402927,((EUPMA_AY794909,EUPMA_AJ418806)Node289,(EUPMA_AY794821,EUPMA_AY794831)Node292)Node288)Node286)Node246,(((MALMA_AF344511,((((MALMA_AF344470,MALMA_AF344507)Node302,MALMA_AF344467)Node301,(MALMA_AF344483,MALMA_AF344519)Node306)Node300,MALMA_AF344474)Node299)Node297,PDSSF_AJ403018)Node296,(IRVMA_AF123278,LOPMA_AY663643)Node311)Node295)Node245)Node241)Node205,(LBOCE_AJ402966,(CELCE_AY935727,(PARCE_AY935732,((CELCE_AJ235795,CELCE_AJ402994)Node321,(CELCE_X69754,CELCE_X83996)Node324)Node320)Node318)Node316)Node314)Node204,((ELCOX_AF206765,((CUNOX_AY549641,CUNOX_AF291930)Node331,CUNOX_AF206759)Node330)Node328,(CONOX_L29493,OXAOX_L01938)Node335)Node327)Node203,(((POLFB_L29492,POLFB_AJ235799)Node340,(((CAEFB_AY904379,(CAEFB_AY904398,((CAEFB_AY904416,(CAEFB_AY904417,CAEFB_AY904420{1.201782784399086e-09})Node353)Node351,(CAEFB_AY904406,CAEFB_AY904402)Node356)Node350)Node348,(CAEFB_AY904395,CAEFB_AY904376)Node359)Node345,CAEFB_AY904377,CAEFB_AY308532)Node344,(PAPFB_U74258,(PAPFB_Z95536,(PAPFB_AB045801,PAPFB_U74197)Node369)Node367)Node365)Node343)Node339,(((ROSRO_AF132893,(ROSRO_AY052506,(((ROSRO_AY052518,(ROSRO_AY052513,ROSRO_AF329002)Node382)Node380,ROSRO_AF411503)Node379,(ROSRO_AF411494,(ROSRO_AF411490,ROSRO_AF411496)Node388)Node386)Node378)Node376)Node374,((((CANRO_AJ402933,(MORRO_AF500345,(MORRO_AF500348,MORRO_AF500349)Node398)Node396)Node394,((URTRO_AY208707,URTRO_AY208704)Node402,URTRO_AY208700)Node401)Node393,ULMRO_AF500338)Node392,(((DIRRO_AJ225789,BARRO_AJ225788)Node409,((RHARO_AJ225785,(RHARO_AJ390030,RHARO_AJ390028)Node415)Node413,(RHARO_AJ390038,RHARO_AJ390035)Node418)Node412)Node408,(ELARO_U59821,(RHARO_AJ390052,RHARO_U59819)Node423)Node421)Node407)Node391)Node373,((NOTFA_L13348,(JUGFA_AJ235790,(CANRO_L12638{5.39820365075272e-08},FAGFA_AY147096)Node431)Node429)Node427,((ANICU_AY935742,(CUCCU_AY862550,(CUCCU_AF008958,CUCCU_AJ235782)Node439)Node437)Node435,((BEGCU_AF534722,BEGCU_AF534740)Node443,COCCU_U06840)Node442)Node434)Node426)Node372)Node338)Node202)Node194)Node192)Node24,((HCHGE_L14699,(GERGE_L14703,(GERGE_L14697,(GERGE_L14693,(GERGE_U77901,(GERGE_U77902,GERGE_U77903)Node458)Node456)Node454)Node452)Node450)Node448,CSOCS_AY101845)Node447)Node23)Node21)Node17,(((SAXSF_AF374730,(HAMSF_AM183407,HAMSF_AF060709)Node466)Node464,HAMSF_AF060708)Node463,HAMSF_AJ131772)Node462)Node16,((PLAPR_L01943,((DDYBX_AF061994,(BUXBX_AF093733,BUXBX_AF203485)Node477)Node475,(SABSB_AF206793,(((((((CAARA_AF093720,KGDRA_AF093719)Node488,((LARRA_L37916,LARRA_L37921)Node492,LARRA_AF093731)Node491)Node487,((RANRA_L75849,(RANRA_AF093730,RANRA_AF079453)Node500)Node498,(BERRA_L75871,(((BERRA_AF190442,(BERRA_L37920,BERRA_L75843)Node509)Node507,BERRA_L75867)Node506,(BERRA_L75868,(BERRA_L75869,(BERRA_AF079454,BERRA_AF093716)Node517)Node515)Node513)Node505)Node503)Node497,(MSPRA_AF093726,MSPRA_L37923)Node520)Node486,EPTRA_AY048174)Node485,((PPVRA_U86624,PPVRA_U86632)Node525,(FUMRA_U86628,PTPRA_U86631)Node528)Node524)Node484,(PROPR_U79178,(PROPR_U79165,(PROPR_U79166,((PROPR_DQ099446,PROPR_U79173)Node538,(PROPR_U79164,(PROPR_U79174,PROPR_U79171)Node543)Node541)Node537)Node535)Node533)Node531)Node483,((NYSCO_AF119178,((BRACHYPODIUM_DISTACHYON_NC_011032,HORDEUM_VULGARE_NC_008590)Node550,(ORYZA_SATIVA_JAPONICA_NC_001320,(ZEA_MAYS_NC_001666,SORGHUM_BICOLOR_NC_008602)Node555)Node553)Node549)Node547,NELPR_DQ182337)Node546)Node482)Node480)Node474)Node472,((GUNGU_AF307918,GUNGU_AY008156)Node560,GUNGU_AF060707)Node559)Node471)Node15,(SANSL_L26067,SANSL_L26070)Node564)Node14,((((((((PMOER_Z83144,((((MSNER_AF213821,(MSNER_AF213820,(MSNER_AF213809,(MSNER_AF213807,MSNER_AF213806)Node604)Node602)Node600)Node598,((MSNER_AF213813,(MSNER_AF213814,((MSNER_AF213812,MSNER_AF213811{0.0403586916038316})Node613,MSNER_AF213810)Node612)Node610)Node608,MSNER_Z83145)Node607)Node597,(((PRMER_AF394965,PRMER_AF395006)Node620,PRMER_AF395005)Node619,(((PRMER_U96943,(PRMER_AF213801{0.005072104533316857},PRMER_AF394964)Node628)Node626,(PRMER_AF394997,PRMER_AF395007,(PRMER_AF394967,PRMER_AF394975)Node635)Node631)Node625,PRMER_AF213794)Node624)Node618)Node596,((THPER_AF213819,(THPER_AF213817,THPER_AF213815)Node642)Node640,THPER_AF213818)Node639)Node595)Node593,((THEER_AF380041,(THEER_AF380046,THEER_AF380066)Node649)Node647,((DIAER_Z83132,DIAER_AY049795)Node653,(CYRER_AY082698,((ERIER_L12616,((((MSNER_L12598,ERIER_AF419819)Node664,ERIER_AF419814)Node663,((ERIER_L12622,ERIER_AF419838)Node669,ERIER_AF419818)Node668)Node662,(((ERIER_L12601,ERIER_AF419834)Node675,((ERIER_AF419827,(ERIER_L12617,ERIER_AF419823)Node681)Node679,((ERIER_U49285,((ERIER_AF419826,(ERIER_U49289,(ERIER_U49288,ERIER_U49294)Node707)Node705)Node703,((ERIER_U49292,(ERIER_U49291,ERIER_U49287)Node713)Node711,ERIER_U49284)Node710)Node702)Node700,((ERIER_AF419816,ERIER_AF419828)Node687,(ERIER_U49293,(ERIER_AF419832,ERIER_U49286)Node692)Node690)Node686,((ERIER_AF419820,ERIER_AF419822)Node696,ERIER_AF419821)Node695)Node684)Node678)Node674,(ERIER_U82766,(((ERIER_AF124587,ERIER_AF124583,(ERIER_AF124589,ERIER_AF124588)Node726,(((ERIER_AF124581,ERIER_AF124577)Node762,ERIER_AF124573)Node761,(ERIER_U82764,(ERIER_AF124580,ERIER_AF124578)Node733)Node731,((ERIER_L12626,ERIER_AF419812{0.01891360141797382})Node737,((ERIER_L12618,((ERIER_AF124574,(ERIER_AF124585,ERIER_AF124575)Node746)Node744,ERIER_U82765)Node743)Node741,(((ERIER_AF124576,(ERIER_AF419836,ERIER_AF419837)Node754)Node752,(ERIER_AF419835,ERIER_AF419811)Node757)Node751,ERIER_AF124579)Node750)Node740)Node736)Node729)Node721,(ERIER_U79743,((ERIER_U79741,(ERIER_U80422,ERIER_U80423)Node772,((ERIER_U80419,ERIER_U80418)Node776,((ERIER_U80424,((ERIER_AF156095,ERIER_U80427)Node783,ERIER_U80426)Node782)Node780,(ERIER_L12621{0.009386397123133661},((ERIER_U80431,(ERIER_U80428,(ERIER_U80432,ERIER_U80430,ERIER_U80434)Node794)Node792)Node790,(ERIER_U80433,ERIER_U81798)Node799)Node789)Node787)Node779)Node775)Node769,ERIER_U80421)Node768)Node766)Node720,ERIER_L12606)Node719)Node717)Node673)Node661)Node659,((CTHER_Z80212,CTHER_AF421088)Node805,(CYRER_L01900,ACTER_AF088852)Node808)Node804)Node658)Node656)Node652)Node646)Node592,SPTER_Z83135,(LECER_AF077656{6.589751919250375e-06},((LECER_AF077652,(LECER_AF077653,LECER_Z80177,(LECER_Z80181,LECER_AF022134)Node584)Node580)Node578,((LECER_Z80202,LECER_Z80180)Node588,LECER_Z80183)Node587)Node577)Node575)Node572,(TSTER_Z83149,SYMER_Z80192)Node812,(SLAER_AF421108,PPLER_AF419239)Node816,SLAER_AF421109)Node571,(PCIER_AJ428893,MGVER_Z80200)Node820)Node570,(BERRA_AF203487,COMMY_AF281478)Node823)Node569,((HANCO_AF323190,HANCO_AF323188)Node827,((CRNCO_AY530929,CRNCO_L14395)Node831,(CRNCO_AY530927,(CRNCO_AF190433,CRNCO_L11217)Node836)Node834)Node830)Node826)Node568,BBOBB_AJ235773)Node567)Node13)Node5,(SMDCA_AF093732,((APECA_Z83150,PHYCA_Y13116)Node843,((MOLCA_AF093727,((AIZCA_M62572,(SBTCA_AY270148,(AIZCA_AJ235778,PHLCA_AJ235800)Node854)Node852)Node850,(HPHCA_AJ403024,PORCA_M62568)Node857)Node849)Node847,(CPHCA_M83541,(((AMACA_AY270111,(AMACA_AY270074,(AMACA_AB050127,AMACA_AY270117)Node868)Node866)Node864,AMACA_AY270118)Node863,((AMACA_AY270133,AMACA_AY489263)Node873,((AMACA_AY270083,(AMACA_AY270131,AMACA_AY270127)Node879)Node877,(AMACA_AY270087,AMACA_AY270130)Node882)Node876)Node872)Node862)Node860)Node846)Node842)Node840)Node4,(DROCA_L01904,((DROCA_L01914,DROCA_AY096106)Node888,((DROCA_L01913,DROCA_L01906)Node892,(DROCA_L01909,DROCA_AY096107)Node895)Node891)Node887)Node885)Node3,((PLMCA_AJ312252,((PLMCA_Z97641,(PLMCA_Y16905,PGNCA_M77702{0.002698566024949667})Node904)Node902,((((PLMCA_Z97642,(PLMCA_AJ286357,PLMCA_AJ286360)Node912)Node910,PLMCA_Z97639{0.003956892068375961})Node909,(PLMCA_AJ286359,(PLMCA_Z97646,((PLMCA_AJ286363,PLMCA_Z97645)Node921,PLMCA_Z97643,PLMCA_Z97644{0.0005739442077401513})Node920)Node918)Node916)Node908,(PLMCA_Y16909,PLMCA_Y16907)Node927)Node907)Node901)Node899,((PGNCA_AF297137,((PGNCA_Z97648,PGNCA_AF297146)Node934,(PGNCA_Z97647,PGNCA_AF297150)Node937)Node933)Node931,(((PGNCA_AF297135,(PGNCA_AF297124,(PGNCA_AF297141,PGNCA_AF297149)Node946)Node944)Node942,((PGNCA_AF297125,(PGNCA_AF297128,PGNCA_AJ235789)Node952)Node950,((PGNCA_AF297145,PGNCA_AF297144)Node956,PGNCA_AF297139)Node955)Node949)Node941,(PLMCA_M77701{0.01412343898450696},PGNCA_AF297147)Node960)Node940)Node930)Node898)Node2,ACCCA_AF206733)

----

```
|DIOCA_Z97637 (N.S)
|    |DILDI_AJ235796 (N.S)
|   |+Node6 (N.S)
|   |||DILDI_AF093721 (N.S)
|   ||+Node8 (N.S)
|   | ||DILDI_AF095734 (N.S)
|   | |+Node10 (0.002589400893569849)
|   |  |DILDI_L01903 (N.S)
|  |+Node5 (N.S)
|  ||     |VITVT_AJ419726 (N.S)
|  ||    |+Node18 (N.S)
|  ||    ||VITVT_AJ419721 (N.S)
|  ||   |+Node17 (N.S)
|  ||   |||HALSF_U26325 (N.S)
|  ||   ||+Node21 (N.S)
|  ||   | |   |MANGE_AJ235774 (N.S)
|  ||   | |  |+Node26 (N.S)
|  ||   | |  ||LEDGE_L14708 (N.S)
|  ||   | | |+Node25 (N.S)
|  ||   | | ||   |COMMY_U26321 (N.S)
|  ||   | | ||  |+Node32 (N.S)
|  ||   | | ||  ||COMMY_U26338 (N.S)
|  ||   | | || |+Node31 (N.S)
|  ||   | | || || |LYTMY_AY036148 (N.S)
|  ||   | | || |||+Node36 (N.S)
|  ||   | | || ||||LYTMY_AY905410 (N.S)
|  ||   | | || ||+Node35 (N.S)
|  ||   | | || | | |LYTMY_AY905408 (N.S)
|  ||   | | || | ||+Node40 (N.S)
|  ||   | | || | ||||ONAMY_L10219 (N.S)
|  ||   | | || | |||+Node43 (N.S)
|  ||   | | || | ||||LYTMY_AY905406 (N.S)
|  ||   | | || | ||| |LYTMY_L10226 (N.S)
|  ||   | | || | ||||+Node47 (N.S)
|  ||   | | || | |||||LYTMY_L10218 (N.S)
|  ||   | | || | |||+Node46 (N.S)
|  ||   | | || | || ||LYTMY_AY905413 (N.S)
|  ||   | | || | || |+Node50 (N.S)
|  ||   | | || | ||  ||LYTMY_AY496864 (N.S)
|  ||   | | || | ||  |+Node52 (N.S)
|  ||   | | || | ||   |LYTMY_AY905404 (N.S)
|  ||   | | || | |+Node39 (N.S)
|  ||   | | || |  |LYTMY_AY905411 (N.S)
|  ||   | | |||+Node30 (N.S)
|  ||   | | |||| |VOCMY_U26324 (N.S)
|  ||   | | |||||+Node57 (N.S)
|  ||   | | |||||| |PSIMY_U26333 (N.S)
|  ||   | | |||||||+Node60 (N.S)
|  ||   | | ||||||||MYTMY_U26315 (N.S)
|  ||   | | ||||||+Node59 (N.S)
|  ||   | | ||||| | |MYTMY_U26317 (N.S)
|  ||   | | ||||| ||+Node64 (N.S)
|  ||   | | ||||| |||MYTMY_AJ235785 (N.S)
|  ||   | | ||||| |+Node63 (N.S)
|  ||   | | |||||  |MYTMY_U26318 (N.S)
|  ||   | | ||||+Node56 (N.S)
|  ||   | | ||| |  |MCYMY_U26327 (N.S)
|  ||   | | ||| | |+Node70 (N.S)
|  ||   | | ||| | ||MCYMY_AF270752 (N.S)
|  ||   | | ||| ||+Node69 (N.S)
|  ||   | | ||| ||||MSTMY_AF215521 (0.04610286294094657)
|  ||   | | ||| |||+Node73 (N.S)
|  ||   | | ||| || | |MSTMY_AF215533 (N.S)
|  ||   | | ||| || ||+Node76 (N.S)
|  ||   | | ||| || ||||MSTMY_AF215537 (N.S)
|  ||   | | ||| || |||+Node78 (N.S)
|  ||   | | ||| || || |MSTMY_AJ235777 (N.S)
|  ||   | | ||| || |+Node75 (N.S)
|  ||   | | ||| ||  |   |MSTMY_U26323 (N.S)
|  ||   | | ||| ||  |  |+Node84 (N.S)
|  ||   | | ||| ||  |  ||MSTMY_U26330 (N.S)
|  ||   | | ||| ||  | |+Node83 (N.S)
|  ||   | | ||| ||  | ||MSTMY_AY456135 (N.S)
|  ||   | | ||| ||  ||+Node82 (N.S)
|  ||   | | ||| ||  ||||MSTMY_U26334 (N.S)
|  ||   | | ||| ||  |||+Node88 (N.S)
|  ||   | | ||| ||  || |MSTMY_U26339 (N.S)
|  ||   | | ||| ||  |+Node81 (N.S)
|  ||   | | ||| ||   |MSTMY_AF215516 (N.S)
|  ||   | | ||| |+Node68 (N.S)
|  ||   | | |||  | |ALZMY_U26316 (N.S)
|  ||   | | |||  ||+Node93 (N.S)
|  ||   | | |||  ||||PENMY_U26331 (N.S)
|  ||   | | |||  |||+Node95 (N.S)
|  ||   | | |||  || ||OLIMY_U26329 (N.S)
|  ||   | | |||  || |+Node97 (N.S)
|  ||   | | |||  ||  |OLIMY_AF215546 (N.S)
|  ||   | | |||  |+Node92 (N.S)
|  ||   | | |||   ||CRYMY_AY078157 (N.S)
|  ||   | | |||   |+Node100 (N.S)
|  ||   | | |||    |CRYMY_AY078153 (N.S)
|  ||   | | ||+Node29 (N.S)
|  ||   | | | | |BIESP_AF035920 (N.S)
|  ||   | | | ||+Node104 (N.S)
|  ||   | | | ||| |SAPSP_U38922 (N.S)
|  ||   | | | ||||+Node107 (N.S)
|  ||   | | | |||||  |SAPSP_AJ403001 (N.S)
|  ||   | | | ||||| |+Node111 (N.S)
|  ||   | | | ||||| ||SAPSP_AJ403008 (N.S)
|  ||   | | | ||||||+Node110 (N.S)
|  ||   | | | |||||||SAPSP_AY724341 (N.S)
|  ||   | | | |||||+Node109 (N.S)
|  ||   | | | |||| |SAPSP_AY724366 (N.S)
|  ||   | | | |||+Node106 (N.S)
|  ||   | | | || | |ZYGZY_DQ267165 (N.S)
|  ||   | | | || ||+Node117 (N.S)
|  ||   | | | || ||| |ANASP_AY462008 (N.S)
|  ||   | | | || ||||+Node120 (N.S)
|  ||   | | | || |||||ANASP_U38928 (N.S)
|  ||   | | | || |||+Node119 (N.S)
|  ||   | | | || || ||BURSP_U38856 (N.S)
|  ||   | | | || || |+Node123 (N.S)
|  ||   | | | || ||  |BURSP_U39276 (N.S)
|  ||   | | | || |+Node116 (N.S)
|  ||   | | | ||  |  |MELSP_DQ238061 (N.S)
|  ||   | | | ||  | |+Node128 (N.S)
|  ||   | | | ||  | ||MELSP_AJ403017 (N.S)
|  ||   | | | ||  ||+Node127 (N.S)
|  ||   | | | ||  |||MELSP_U38859 (N.S)
|  ||   | | | ||  |+Node126 (N.S)
|  ||   | | | ||   |   |EBEER_AJ402968 (N.S)
|  ||   | | | ||   |  |+Node135 (N.S)
|  ||   | | | ||   |  |||RUTSP_U38860 (N.S)
|  ||   | | | ||   |  ||+Node137 (N.S)
|  ||   | | | ||   |  | ||RUTSP_AF066819 (N.S)
|  ||   | | | ||   |  | |+Node139 (N.S)
|  ||   | | | ||   |  |  |RUTSP_AF066812 (N.S)
|  ||   | | | ||   | |+Node134 (N.S)
|  ||   | | | ||   | |||RUTSP_AF066808 (N.S)
|  ||   | | | ||   | ||+Node142 (N.S)
|  ||   | | | ||   | | ||RUTSP_U38862 (N.S)
|  ||   | | | ||   | | |+Node144 (N.S)
|  ||   | | | ||   | |  |RUTSP_AF066814 (N.S)
|  ||   | | | ||   | |  |RUTSP_U38861 (N.S)
|  ||   | | | ||   ||+Node133 (N.S)
|  ||   | | | ||   ||||RUTSP_U38863 (N.S)
|  ||   | | | ||   |||+Node149 (N.S)
|  ||   | | | ||   || |RUTSP_AF123276 (N.S)
|  ||   | | | ||   |+Node132 (N.S)
|  ||   | | | ||    ||SIMSP_U38927 (N.S)
|  ||   | | | ||    |+Node152 (N.S)
|  ||   | | | ||     ||SIMSP_U38923 (N.S)
|  ||   | | | ||     |+Node154 (N.S)
|  ||   | | | ||      |SIMSP_U38924 (N.S)
|  ||   | | | |+Node103 (N.S)
|  ||   | | |  |  |SARMV_U26337 (N.S)
|  ||   | | |  | |+Node159 (N.S)
|  ||   | | |  | |||DCPMV_AF030238 (N.S)
|  ||   | | |  | ||+Node161 (N.S)
|  ||   | | |  | | |DCPMV_AJ247623 (N.S)
|  ||   | | |  ||+Node158 (N.S)
|  ||   | | |  ||| |BONMA_AJ402990 (N.S)
|  ||   | | |  ||||+Node165 (N.S)
|  ||   | | |  ||||||THYMV_U26322 (N.S)
|  ||   | | |  |||||+Node167 (N.S)
|  ||   | | |  |||| |THYMV_AJ297230 (N.S)
|  ||   | | |  |||+Node164 (N.S)
|  ||   | | |  || |   |MLVMV_AY328183 (N.S)
|  ||   | | |  || |  |+Node173 (N.S)
|  ||   | | |  || |  |||MLVMV_AY328175 (N.S)
|  ||   | | |  || |  ||+Node175 (N.S)
|  ||   | | |  || |  | |MLVMV_AY328176 (N.S)
|  ||   | | |  || | |+Node172 (N.S)
|  ||   | | |  || | |||MLVMV_AY328190 (N.S)
|  ||   | | |  || | ||+Node178 (N.S)
|  ||   | | |  || | | |MLVMV_AY328194 (N.S)
|  ||   | | |  || ||+Node171 (N.S)
|  ||   | | |  || |||MLVMV_AY328174 (N.S)
|  ||   | | |  || |+Node170 (N.S)
|  ||   | | |  ||  |MLVMV_AJ233145 (N.S)
|  ||   | | |  |+Node157 (N.S)
|  ||   | | |   | |SVDBR_X69755 (N.S)
|  ||   | | |   ||+Node184 (N.S)
|  ||   | | |   ||||GYRBR_L22439 (N.S)
|  ||   | | |   |||+Node186 (N.S)
|  ||   | | |   || ||BRABR_AY483263 (N.S)
|  ||   | | |   || |+Node188 (N.S)
|  ||   | | |   ||  |BRABR_AJ235809 (0.03461179421535032)
|  ||   | | |   |+Node183 (N.S)
|  ||   | | |    |PETMV_AJ233158 (N.S)
|  ||   | ||+Node24 (N.S)
|  ||   | ||||GEICS_X83990 (N.S)
|  ||   | |||+Node192 (N.S)
|  ||   | || | |ZYGZY_AJ133855 (N.S)
|  ||   | || ||+Node195 (N.S)
|  ||   | || ||||ZYGZY_Y15019 (N.S)
|  ||   | || |||+Node197 (N.S)
|  ||   | || || ||ZYGZY_AF200471 (N.S)
|  ||   | || || |+Node199 (N.S)
|  ||   | || ||  |ZYGZY_AY935748 (N.S)
|  ||   | || |+Node194 (N.S)
|  ||   | ||  |     |SALMA_AF206726 (N.S)
|  ||   | ||  |    |+Node224 (N.S)
|  ||   | ||  |    |||SALMA_AJ418824 (N.S)
|  ||   | ||  |    ||+Node226 (N.S)
|  ||   | ||  |    | |SALMA_AJ418839 (N.S)
|  ||   | ||  |   |+Node206 (N.S)
|  ||   | ||  |   || |VIOMA_L11674 (N.S)
|  ||   | ||  |   |||+Node209 (N.S)
|  ||   | ||  |   ||||VIOMA_Z75693 (N.S)
|  ||   | ||  |   ||+Node208 (N.S)
|  ||   | ||  |   ||||PFLMA_L01940 (N.S)
|  ||   | ||  |   |||+Node212 (N.S)
|  ||   | ||  |   || ||PFLMA_AF206802 (N.S)
|  ||   | ||  |   || |+Node214 (N.S)
|  ||   | ||  |   ||  |TURMA_Z75691 (N.S)
|  ||   | ||  |   || |ACHMA_AJ418802 (N.S)
|  ||   | ||  |   |||+Node218 (N.S)
|  ||   | ||  |   ||||ACHMA_AJ418803 (N.S)
|  ||   | ||  |   ||+Node217 (N.S)
|  ||   | ||  |   | ||ACHMA_AJ418799 (N.S)
|  ||   | ||  |   | |+Node221 (N.S)
|  ||   | ||  |   |  |ACHMA_AJ235781 (N.S)
|  ||   | ||  |  |+Node205 (N.S)
|  ||   | ||  |  |||BALMA_AF089760 (N.S)
|  ||   | ||  |  ||+Node230 (N.S)
|  ||   | ||  |  ||||IXOMA_Z75680 (N.S)
|  ||   | ||  |  |||+Node232 (N.S)
|  ||   | ||  |  || ||ERYMA_AJ402976 (N.S)
|  ||   | ||  |  || |+Node234 (N.S)
|  ||   | ||  |  ||  | |RHIMA_AF127695 (N.S)
|  ||   | ||  |  ||  ||+Node237 (N.S)
|  ||   | ||  |  ||  |||RHIMA_AF206744 (N.S)
|  ||   | ||  |  ||  |+Node236 (N.S)
|  ||   | ||  |  ||   |RHIMA_U26335 (N.S)
|  ||   | ||  |  || |PHAMA_AY663605 (N.S)
|  ||   | ||  |  |||+Node242 (N.S)
|  ||   | ||  |  ||||PHAMA_AY663597 (N.S)
|  ||   | ||  |  ||+Node241 (N.S)
|  ||   | ||  |  | |     |PODMA_U68083 (N.S)
|  ||   | ||  |  | |    |+Node250 (N.S)
|  ||   | ||  |  | |    ||PODMA_D89475 (N.S)
|  ||   | ||  |  | |   |+Node249 (N.S)
|  ||   | ||  |  | |   ||PODMA_U68089 (N.S)
|  ||   | ||  |  | |  |+Node248 (N.S)
|  ||   | ||  |  | |  || |HYPMA_AF518396 (N.S)
|  ||   | ||  |  | |  |||+Node255 (N.S)
|  ||   | ||  |  | |  ||||HYPMA_AF518382 (N.S)
|  ||   | ||  |  | |  ||+Node254 (N.S)
|  ||   | ||  |  | |  | ||HYPMA_AF206779 (N.S)
|  ||   | ||  |  | |  | |+Node258 (N.S)
|  ||   | ||  |  | |  |  |HYPMA_AF518395 (N.S)
|  ||   | ||  |  | | |+Node247 (N.S)
|  ||   | ||  |  | | ||   |CLUMA_AF518397 (N.S)
|  ||   | ||  |  | | ||  |+Node264 (N.S)
|  ||   | ||  |  | | ||  ||CLUMA_AF518388 (N.S)
|  ||   | ||  |  | | || |+Node263 (N.S)
|  ||   | ||  |  | | || ||CLUMA_AF518392 (N.S)
|  ||   | ||  |  | | |||+Node262 (N.S)
|  ||   | ||  |  | | |||| |CLUMA_AF518386 (N.S)
|  ||   | ||  |  | | |||||+Node269 (N.S)
|  ||   | ||  |  | | ||||||CLUMA_AF518381 (N.S)
|  ||   | ||  |  | | ||||+Node268 (N.S)
|  ||   | ||  |  | | ||| ||CLUMA_AF518390 (N.S)
|  ||   | ||  |  | | ||| |+Node272 (N.S)
|  ||   | ||  |  | | |||  |CLUMA_AF518383 (N.S)
|  ||   | ||  |  | | ||+Node261 (N.S)
|  ||   | ||  |  | | | | |CLUMA_AY625029 (N.S)
|  ||   | ||  |  | | | ||+Node276 (N.S)
|  ||   | ||  |  | | | |||CLUMA_AY625025 (N.S)
|  ||   | ||  |  | | | |+Node275 (N.S)
|  ||   | ||  |  | | |  ||CLUMA_AF518393 (N.S)
|  ||   | ||  |  | | |  |+Node280 (N.S)
|  ||   | ||  |  | | |  ||CLUMA_AY625008 (N.S)
|  ||   | ||  |  | | |  ||CLUMA_AY625011 (N.S)
|  ||   | ||  |  | | |  |+Node283 (N.S)
|  ||   | ||  |  | | |   |CLUMA_AY625015 (N.S)
|  ||   | ||  |  | ||+Node246 (N.S)
|  ||   | ||  |  | ||||ELTMA_AJ402927 (N.S)
|  ||   | ||  |  | |||+Node286 (N.S)
|  ||   | ||  |  | || | |EUPMA_AY794909 (N.S)
|  ||   | ||  |  | || ||+Node289 (N.S)
|  ||   | ||  |  | || |||EUPMA_AJ418806 (N.S)
|  ||   | ||  |  | || |+Node288 (N.S)
|  ||   | ||  |  | ||  ||EUPMA_AY794821 (N.S)
|  ||   | ||  |  | ||  |+Node292 (N.S)
|  ||   | ||  |  | ||   |EUPMA_AY794831 (N.S)
|  ||   | ||  |  | |+Node245 (N.S)
|  ||   | ||  |  |  |  |MALMA_AF344511 (N.S)
|  ||   | ||  |  |  | |+Node297 (N.S)
|  ||   | ||  |  |  | ||   |MALMA_AF344470 (N.S)
|  ||   | ||  |  |  | ||  |+Node302 (N.S)
|  ||   | ||  |  |  | ||  ||MALMA_AF344507 (N.S)
|  ||   | ||  |  |  | || |+Node301 (N.S)
|  ||   | ||  |  |  | || ||MALMA_AF344467 (N.S)
|  ||   | ||  |  |  | |||+Node300 (N.S)
|  ||   | ||  |  |  | |||||MALMA_AF344483 (N.S)
|  ||   | ||  |  |  | ||||+Node306 (N.S)
|  ||   | ||  |  |  | ||| |MALMA_AF344519 (N.S)
|  ||   | ||  |  |  | ||+Node299 (N.S)
|  ||   | ||  |  |  | | |MALMA_AF344474 (N.S)
|  ||   | ||  |  |  ||+Node296 (N.S)
|  ||   | ||  |  |  |||PDSSF_AJ403018 (N.S)
|  ||   | ||  |  |  |+Node295 (N.S)
|  ||   | ||  |  |   ||IRVMA_AF123278 (N.S)
|  ||   | ||  |  |   |+Node311 (N.S)
|  ||   | ||  |  |    |LOPMA_AY663643 (N.S)
|  ||   | ||  | |+Node204 (N.S)
|  ||   | ||  | |||LBOCE_AJ402966 (N.S)
|  ||   | ||  | ||+Node314 (N.S)
|  ||   | ||  | | ||CELCE_AY935727 (N.S)
|  ||   | ||  | | |+Node316 (N.S)
|  ||   | ||  | |  ||PARCE_AY935732 (N.S)
|  ||   | ||  | |  |+Node318 (N.S)
|  ||   | ||  | |   | |CELCE_AJ235795 (N.S)
|  ||   | ||  | |   ||+Node321 (N.S)
|  ||   | ||  | |   |||CELCE_AJ402994 (N.S)
|  ||   | ||  | |   |+Node320 (N.S)
|  ||   | ||  | |    ||CELCE_X69754 (N.S)
|  ||   | ||  | |    |+Node324 (N.S)
|  ||   | ||  | |     |CELCE_X83996 (N.S)
|  ||   | ||  ||+Node203 (N.S)
|  ||   | ||  ||| |ELCOX_AF206765 (N.S)
|  ||   | ||  ||||+Node328 (N.S)
|  ||   | ||  ||||| |CUNOX_AY549641 (N.S)
|  ||   | ||  ||||||+Node331 (N.S)
|  ||   | ||  |||||||CUNOX_AF291930 (N.S)
|  ||   | ||  |||||+Node330 (N.S)
|  ||   | ||  |||| |CUNOX_AF206759 (N.S)
|  ||   | ||  |||+Node327 (N.S)
|  ||   | ||  || ||CONOX_L29493 (N.S)
|  ||   | ||  || |+Node335 (N.S)
|  ||   | ||  ||  |OXAOX_L01938 (N.S)
|  ||   | ||  |+Node202 (N.S)
|  ||   | ||   |  |POLFB_L29492 (N.S)
|  ||   | ||   | |+Node340 (N.S)
|  ||   | ||   | ||POLFB_AJ235799 (N.S)
|  ||   | ||   ||+Node339 (N.S)
|  ||   | ||   |||  |CAEFB_AY904379 (N.S)
|  ||   | ||   ||| |+Node345 (N.S)
|  ||   | ||   ||| |||CAEFB_AY904398 (N.S)
|  ||   | ||   ||| ||+Node348 (N.S)
|  ||   | ||   ||| ||| |CAEFB_AY904416 (N.S)
|  ||   | ||   ||| ||||+Node351 (N.S)
|  ||   | ||   ||| ||||||CAEFB_AY904417 (N.S)
|  ||   | ||   ||| |||||+Node353 (N.S)
|  ||   | ||   ||| |||| |CAEFB_AY904420 (1.201782784399086e-09)
|  ||   | ||   ||| |||+Node350 (N.S)
|  ||   | ||   ||| || ||CAEFB_AY904406 (N.S)
|  ||   | ||   ||| || |+Node356 (N.S)
|  ||   | ||   ||| ||  |CAEFB_AY904402 (N.S)
|  ||   | ||   ||| |||CAEFB_AY904395 (N.S)
|  ||   | ||   ||| ||+Node359 (N.S)
|  ||   | ||   ||| | |CAEFB_AY904376 (N.S)
|  ||   | ||   ||||+Node344 (N.S)
|  ||   | ||   |||||CAEFB_AY904377 (N.S)
|  ||   | ||   |||||CAEFB_AY308532 (N.S)
|  ||   | ||   |||+Node343 (N.S)
|  ||   | ||   || ||PAPFB_U74258 (N.S)
|  ||   | ||   || |+Node365 (N.S)
|  ||   | ||   ||  ||PAPFB_Z95536 (N.S)
|  ||   | ||   ||  |+Node367 (N.S)
|  ||   | ||   ||   ||PAPFB_AB045801 (N.S)
|  ||   | ||   ||   |+Node369 (N.S)
|  ||   | ||   ||    |PAPFB_U74197 (N.S)
|  ||   | ||   |+Node338 (N.S)
|  ||   | ||    |  |ROSRO_AF132893 (N.S)
|  ||   | ||    | |+Node374 (N.S)
|  ||   | ||    | |||ROSRO_AY052506 (N.S)
|  ||   | ||    | ||+Node376 (N.S)
|  ||   | ||    | | |  |ROSRO_AY052518 (N.S)
|  ||   | ||    | | | |+Node380 (N.S)
|  ||   | ||    | | | |||ROSRO_AY052513 (N.S)
|  ||   | ||    | | | ||+Node382 (N.S)
|  ||   | ||    | | | | |ROSRO_AF329002 (N.S)
|  ||   | ||    | | ||+Node379 (N.S)
|  ||   | ||    | | |||ROSRO_AF411503 (N.S)
|  ||   | ||    | | |+Node378 (N.S)
|  ||   | ||    | |  ||ROSRO_AF411494 (N.S)
|  ||   | ||    | |  |+Node386 (N.S)
|  ||   | ||    | |   ||ROSRO_AF411490 (N.S)
|  ||   | ||    | |   |+Node388 (N.S)
|  ||   | ||    | |    |ROSRO_AF411496 (N.S)
|  ||   | ||    ||+Node373 (N.S)
|  ||   | ||    |||   |CANRO_AJ402933 (N.S)
|  ||   | ||    |||  |+Node394 (N.S)
|  ||   | ||    |||  |||MORRO_AF500345 (N.S)
|  ||   | ||    |||  ||+Node396 (N.S)
|  ||   | ||    |||  | ||MORRO_AF500348 (N.S)
|  ||   | ||    |||  | |+Node398 (N.S)
|  ||   | ||    |||  |  |MORRO_AF500349 (N.S)
|  ||   | ||    ||| |+Node393 (N.S)
|  ||   | ||    ||| || |URTRO_AY208707 (N.S)
|  ||   | ||    ||| |||+Node402 (N.S)
|  ||   | ||    ||| ||||URTRO_AY208704 (N.S)
|  ||   | ||    ||| ||+Node401 (N.S)
|  ||   | ||    ||| | |URTRO_AY208700 (N.S)
|  ||   | ||    ||||+Node392 (N.S)
|  ||   | ||    |||||ULMRO_AF500338 (N.S)
|  ||   | ||    |||+Node391 (N.S)
|  ||   | ||    || |  |DIRRO_AJ225789 (N.S)
|  ||   | ||    || | |+Node409 (N.S)
|  ||   | ||    || | ||BARRO_AJ225788 (N.S)
|  ||   | ||    || ||+Node408 (N.S)
|  ||   | ||    || ||| |RHARO_AJ225785 (N.S)
|  ||   | ||    || ||||+Node413 (N.S)
|  ||   | ||    || ||||||RHARO_AJ390030 (N.S)
|  ||   | ||    || |||||+Node415 (N.S)
|  ||   | ||    || |||| |RHARO_AJ390028 (N.S)
|  ||   | ||    || |||+Node412 (N.S)
|  ||   | ||    || || ||RHARO_AJ390038 (N.S)
|  ||   | ||    || || |+Node418 (N.S)
|  ||   | ||    || ||  |RHARO_AJ390035 (N.S)
|  ||   | ||    || |+Node407 (N.S)
|  ||   | ||    ||  ||ELARO_U59821 (N.S)
|  ||   | ||    ||  |+Node421 (N.S)
|  ||   | ||    ||   ||RHARO_AJ390052 (N.S)
|  ||   | ||    ||   |+Node423 (N.S)
|  ||   | ||    ||    |RHARO_U59819 (N.S)
|  ||   | ||    |+Node372 (N.S)
|  ||   | ||     | |NOTFA_L13348 (N.S)
|  ||   | ||     ||+Node427 (N.S)
|  ||   | ||     ||||JUGFA_AJ235790 (N.S)
|  ||   | ||     |||+Node429 (N.S)
|  ||   | ||     || ||CANRO_L12638 (5.39820365075272e-08)
|  ||   | ||     || |+Node431 (N.S)
|  ||   | ||     ||  |FAGFA_AY147096 (N.S)
|  ||   | ||     |+Node426 (N.S)
|  ||   | ||      | |ANICU_AY935742 (N.S)
|  ||   | ||      ||+Node435 (N.S)
|  ||   | ||      ||||CUCCU_AY862550 (N.S)
|  ||   | ||      |||+Node437 (N.S)
|  ||   | ||      || ||CUCCU_AF008958 (N.S)
|  ||   | ||      || |+Node439 (N.S)
|  ||   | ||      ||  |CUCCU_AJ235782 (N.S)
|  ||   | ||      |+Node434 (N.S)
|  ||   | ||       | |BEGCU_AF534722 (N.S)
|  ||   | ||       ||+Node443 (N.S)
|  ||   | ||       |||BEGCU_AF534740 (N.S)
|  ||   | ||       |+Node442 (N.S)
|  ||   | ||        |COCCU_U06840 (N.S)
|  ||   | |+Node23 (N.S)
|  ||   |  | |HCHGE_L14699 (N.S)
|  ||   |  ||+Node448 (N.S)
|  ||   |  ||||GERGE_L14703 (N.S)
|  ||   |  |||+Node450 (N.S)
|  ||   |  || ||GERGE_L14697 (N.S)
|  ||   |  || |+Node452 (N.S)
|  ||   |  ||  ||GERGE_L14693 (N.S)
|  ||   |  ||  |+Node454 (N.S)
|  ||   |  ||   ||GERGE_U77901 (N.S)
|  ||   |  ||   |+Node456 (N.S)
|  ||   |  ||    ||GERGE_U77902 (N.S)
|  ||   |  ||    |+Node458 (N.S)
|  ||   |  ||     |GERGE_U77903 (N.S)
|  ||   |  |+Node447 (N.S)
|  ||   |   |CSOCS_AY101845 (N.S)
|  ||  |+Node16 (N.S)
|  ||  ||  |SAXSF_AF374730 (N.S)
|  ||  || |+Node464 (N.S)
|  ||  || |||HAMSF_AM183407 (N.S)
|  ||  || ||+Node466 (N.S)
|  ||  || | |HAMSF_AF060709 (N.S)
|  ||  |||+Node463 (N.S)
|  ||  ||||HAMSF_AF060708 (N.S)
|  ||  ||+Node462 (N.S)
|  ||  | |HAMSF_AJ131772 (N.S)
|  || |+Node15 (N.S)
|  || || |PLAPR_L01943 (N.S)
|  || |||+Node472 (N.S)
|  || |||| |DDYBX_AF061994 (N.S)
|  || |||||+Node475 (N.S)
|  || |||||||BUXBX_AF093733 (N.S)
|  || ||||||+Node477 (N.S)
|  || ||||| |BUXBX_AF203485 (N.S)
|  || ||||+Node474 (N.S)
|  || ||| ||SABSB_AF206793 (N.S)
|  || ||| |+Node480 (N.S)
|  || |||  |      |CAARA_AF093720 (N.S)
|  || |||  |     |+Node488 (N.S)
|  || |||  |     ||KGDRA_AF093719 (N.S)
|  || |||  |    |+Node487 (N.S)
|  || |||  |    || |LARRA_L37916 (N.S)
|  || |||  |    |||+Node492 (N.S)
|  || |||  |    ||||LARRA_L37921 (N.S)
|  || |||  |    ||+Node491 (N.S)
|  || |||  |    | |LARRA_AF093731 (N.S)
|  || |||  |   |+Node486 (N.S)
|  || |||  |   || |RANRA_L75849 (N.S)
|  || |||  |   |||+Node498 (N.S)
|  || |||  |   |||||RANRA_AF093730 (N.S)
|  || |||  |   ||||+Node500 (N.S)
|  || |||  |   ||| |RANRA_AF079453 (N.S)
|  || |||  |   ||+Node497 (N.S)
|  || |||  |   ||||BERRA_L75871 (N.S)
|  || |||  |   |||+Node503 (N.S)
|  || |||  |   || |  |BERRA_AF190442 (N.S)
|  || |||  |   || | |+Node507 (N.S)
|  || |||  |   || | |||BERRA_L37920 (N.S)
|  || |||  |   || | ||+Node509 (N.S)
|  || |||  |   || | | |BERRA_L75843 (N.S)
|  || |||  |   || ||+Node506 (N.S)
|  || |||  |   || |||BERRA_L75867 (N.S)
|  || |||  |   || |+Node505 (N.S)
|  || |||  |   ||  ||BERRA_L75868 (N.S)
|  || |||  |   ||  |+Node513 (N.S)
|  || |||  |   ||   ||BERRA_L75869 (N.S)
|  || |||  |   ||   |+Node515 (N.S)
|  || |||  |   ||    ||BERRA_AF079454 (N.S)
|  || |||  |   ||    |+Node517 (N.S)
|  || |||  |   ||     |BERRA_AF093716 (N.S)
|  || |||  |   |||MSPRA_AF093726 (N.S)
|  || |||  |   ||+Node520 (N.S)
|  || |||  |   | |MSPRA_L37923 (N.S)
|  || |||  |  |+Node485 (N.S)
|  || |||  |  ||EPTRA_AY048174 (N.S)
|  || |||  | |+Node484 (N.S)
|  || |||  | || |PPVRA_U86624 (N.S)
|  || |||  | |||+Node525 (N.S)
|  || |||  | ||||PPVRA_U86632 (N.S)
|  || |||  | ||+Node524 (N.S)
|  || |||  | | ||FUMRA_U86628 (N.S)
|  || |||  | | |+Node528 (N.S)
|  || |||  | |  |PTPRA_U86631 (N.S)
|  || |||  ||+Node483 (N.S)
|  || |||  ||||PROPR_U79178 (N.S)
|  || |||  |||+Node531 (N.S)
|  || |||  || ||PROPR_U79165 (N.S)
|  || |||  || |+Node533 (N.S)
|  || |||  ||  ||PROPR_U79166 (N.S)
|  || |||  ||  |+Node535 (N.S)
|  || |||  ||   | |PROPR_DQ099446 (N.S)
|  || |||  ||   ||+Node538 (N.S)
|  || |||  ||   |||PROPR_U79173 (N.S)
|  || |||  ||   |+Node537 (N.S)
|  || |||  ||    ||PROPR_U79164 (N.S)
|  || |||  ||    |+Node541 (N.S)
|  || |||  ||     ||PROPR_U79174 (N.S)
|  || |||  ||     |+Node543 (N.S)
|  || |||  ||      |PROPR_U79171 (N.S)
|  || |||  |+Node482 (N.S)
|  || |||   | |NYSCO_AF119178 (N.S)
|  || |||   ||+Node547 (N.S)
|  || |||   ||| |BRACHYPODIUM_DISTACHYON_NC_011032 (N.S)
|  || |||   ||||+Node550 (N.S)
|  || |||   |||||HORDEUM_VULGARE_NC_008590 (N.S)
|  || |||   |||+Node549 (N.S)
|  || |||   || ||ORYZA_SATIVA_JAPONICA_NC_001320 (N.S)
|  || |||   || |+Node553 (N.S)
|  || |||   ||  ||ZEA_MAYS_NC_001666 (N.S)
|  || |||   ||  |+Node555 (N.S)
|  || |||   ||   |SORGHUM_BICOLOR_NC_008602 (N.S)
|  || |||   |+Node546 (N.S)
|  || |||    |NELPR_DQ182337 (N.S)
|  || ||+Node471 (N.S)
|  || | | |GUNGU_AF307918 (N.S)
|  || | ||+Node560 (N.S)
|  || | |||GUNGU_AY008156 (N.S)
|  || | |+Node559 (N.S)
|  || |  |GUNGU_AF060707 (N.S)
|  |||+Node14 (N.S)
|  |||||SANSL_L26067 (N.S)
|  ||||+Node564 (N.S)
|  ||| |SANSL_L26070 (N.S)
|  ||+Node13 (N.S)
|  | |       |PMOER_Z83144 (N.S)
|  | |      |+Node593 (N.S)
|  | |      ||   |MSNER_AF213821 (N.S)
|  | |      ||  |+Node598 (N.S)
|  | |      ||  |||MSNER_AF213820 (N.S)
|  | |      ||  ||+Node600 (N.S)
|  | |      ||  | ||MSNER_AF213809 (N.S)
|  | |      ||  | |+Node602 (N.S)
|  | |      ||  |  ||MSNER_AF213807 (N.S)
|  | |      ||  |  |+Node604 (N.S)
|  | |      ||  |   |MSNER_AF213806 (N.S)
|  | |      || |+Node597 (N.S)
|  | |      || || |MSNER_AF213813 (N.S)
|  | |      || |||+Node608 (N.S)
|  | |      || |||||MSNER_AF213814 (N.S)
|  | |      || ||||+Node610 (N.S)
|  | |      || ||| | |MSNER_AF213812 (N.S)
|  | |      || ||| ||+Node613 (N.S)
|  | |      || ||| |||MSNER_AF213811 (0.0403586916038316)
|  | |      || ||| |+Node612 (N.S)
|  | |      || |||  |MSNER_AF213810 (N.S)
|  | |      || ||+Node607 (N.S)
|  | |      || | |MSNER_Z83145 (N.S)
|  | |      |||+Node596 (N.S)
|  | |      ||||  |PRMER_AF394965 (N.S)
|  | |      |||| |+Node620 (N.S)
|  | |      |||| ||PRMER_AF395006 (N.S)
|  | |      |||||+Node619 (N.S)
|  | |      ||||||PRMER_AF395005 (N.S)
|  | |      ||||+Node618 (N.S)
|  | |      ||| |  |PRMER_U96943 (N.S)
|  | |      ||| | |+Node626 (N.S)
|  | |      ||| | |||PRMER_AF213801 (0.005072104533316857)
|  | |      ||| | ||+Node628 (N.S)
|  | |      ||| | | |PRMER_AF394964 (N.S)
|  | |      ||| ||+Node625 (N.S)
|  | |      ||| ||||PRMER_AF394997 (N.S)
|  | |      ||| |||+Node631 (N.S)
|  | |      ||| || |PRMER_AF395007 (N.S)
|  | |      ||| || ||PRMER_AF394967 (N.S)
|  | |      ||| || |+Node635 (N.S)
|  | |      ||| ||  |PRMER_AF394975 (N.S)
|  | |      ||| |+Node624 (N.S)
|  | |      |||  |PRMER_AF213794 (N.S)
|  | |      ||+Node595 (N.S)
|  | |      | | |THPER_AF213819 (N.S)
|  | |      | ||+Node640 (N.S)
|  | |      | ||||THPER_AF213817 (N.S)
|  | |      | |||+Node642 (N.S)
|  | |      | || |THPER_AF213815 (N.S)
|  | |      | |+Node639 (N.S)
|  | |      |  |THPER_AF213818 (N.S)
|  | |     |+Node592 (N.S)
|  | |     || |THEER_AF380041 (N.S)
|  | |     |||+Node647 (N.S)
|  | |     |||||THEER_AF380046 (N.S)
|  | |     ||||+Node649 (N.S)
|  | |     ||| |THEER_AF380066 (N.S)
|  | |     ||+Node646 (N.S)
|  | |     | | |DIAER_Z83132 (N.S)
|  | |     | ||+Node653 (N.S)
|  | |     | |||DIAER_AY049795 (N.S)
|  | |     | |+Node652 (N.S)
|  | |     |  ||CYRER_AY082698 (N.S)
|  | |     |  |+Node656 (N.S)
|  | |     |   | |ERIER_L12616 (N.S)
|  | |     |   ||+Node659 (N.S)
|  | |     |   |||   |MSNER_L12598 (N.S)
|  | |     |   |||  |+Node664 (N.S)
|  | |     |   |||  ||ERIER_AF419819 (N.S)
|  | |     |   ||| |+Node663 (N.S)
|  | |     |   ||| ||ERIER_AF419814 (N.S)
|  | |     |   ||||+Node662 (N.S)
|  | |     |   ||||| |ERIER_L12622 (N.S)
|  | |     |   ||||||+Node669 (N.S)
|  | |     |   |||||||ERIER_AF419838 (N.S)
|  | |     |   |||||+Node668 (N.S)
|  | |     |   |||| |ERIER_AF419818 (N.S)
|  | |     |   |||+Node661 (N.S)
|  | |     |   || |  |ERIER_L12601 (N.S)
|  | |     |   || | |+Node675 (N.S)
|  | |     |   || | ||ERIER_AF419834 (N.S)
|  | |     |   || ||+Node674 (N.S)
|  | |     |   || ||| |ERIER_AF419827 (N.S)
|  | |     |   || ||||+Node679 (N.S)
|  | |     |   || ||||||ERIER_L12617 (N.S)
|  | |     |   || |||||+Node681 (N.S)
|  | |     |   || |||| |ERIER_AF419823 (N.S)
|  | |     |   || |||+Node678 (N.S)
|  | |     |   || || | |ERIER_U49285 (N.S)
|  | |     |   || || ||+Node700 (N.S)
|  | |     |   || || ||| |ERIER_AF419826 (N.S)
|  | |     |   || || ||||+Node703 (N.S)
|  | |     |   || || ||||||ERIER_U49289 (N.S)
|  | |     |   || || |||||+Node705 (N.S)
|  | |     |   || || |||| ||ERIER_U49288 (N.S)
|  | |     |   || || |||| |+Node707 (N.S)
|  | |     |   || || ||||  |ERIER_U49294 (N.S)
|  | |     |   || || |||+Node702 (N.S)
|  | |     |   || || || | |ERIER_U49292 (N.S)
|  | |     |   || || || ||+Node711 (N.S)
|  | |     |   || || || ||||ERIER_U49291 (N.S)
|  | |     |   || || || |||+Node713 (N.S)
|  | |     |   || || || || |ERIER_U49287 (N.S)
|  | |     |   || || || |+Node710 (N.S)
|  | |     |   || || ||  |ERIER_U49284 (N.S)
|  | |     |   || || |+Node684 (N.S)
|  | |     |   || ||  | |ERIER_AF419816 (N.S)
|  | |     |   || ||  ||+Node687 (N.S)
|  | |     |   || ||  |||ERIER_AF419828 (N.S)
|  | |     |   || ||  |+Node686 (N.S)
|  | |     |   || ||  |||ERIER_U49293 (N.S)
|  | |     |   || ||  ||+Node690 (N.S)
|  | |     |   || ||  | ||ERIER_AF419832 (N.S)
|  | |     |   || ||  | |+Node692 (N.S)
|  | |     |   || ||  |  |ERIER_U49286 (N.S)
|  | |     |   || ||  | |ERIER_AF419820 (N.S)
|  | |     |   || ||  ||+Node696 (N.S)
|  | |     |   || ||  |||ERIER_AF419822 (N.S)
|  | |     |   || ||  |+Node695 (N.S)
|  | |     |   || ||   |ERIER_AF419821 (N.S)
|  | |     |   || |+Node673 (N.S)
|  | |     |   ||  ||ERIER_U82766 (N.S)
|  | |     |   ||  |+Node717 (N.S)
|  | |     |   ||   |  |ERIER_AF124587 (N.S)
|  | |     |   ||   |  |ERIER_AF124583 (N.S)
|  | |     |   ||   | |+Node721 (N.S)
|  | |     |   ||   | |||ERIER_AF124589 (N.S)
|  | |     |   ||   | ||+Node726 (N.S)
|  | |     |   ||   | |||ERIER_AF124588 (N.S)
|  | |     |   ||   | ||  |ERIER_AF124581 (N.S)
|  | |     |   ||   | || |+Node762 (N.S)
|  | |     |   ||   | || ||ERIER_AF124577 (N.S)
|  | |     |   ||   | |||+Node761 (N.S)
|  | |     |   ||   | ||||ERIER_AF124573 (N.S)
|  | |     |   ||   | ||+Node729 (N.S)
|  | |     |   ||   | | ||ERIER_U82764 (N.S)
|  | |     |   ||   | | |+Node731 (N.S)
|  | |     |   ||   | | |||ERIER_AF124580 (N.S)
|  | |     |   ||   | | ||+Node733 (N.S)
|  | |     |   ||   | | | |ERIER_AF124578 (N.S)
|  | |     |   ||   | | | |ERIER_L12626 (N.S)
|  | |     |   ||   | | ||+Node737 (N.S)
|  | |     |   ||   | | |||ERIER_AF419812 (0.01891360141797382)
|  | |     |   ||   | | |+Node736 (N.S)
|  | |     |   ||   | |  | |ERIER_L12618 (N.S)
|  | |     |   ||   | |  ||+Node741 (N.S)
|  | |     |   ||   | |  ||| |ERIER_AF124574 (N.S)
|  | |     |   ||   | |  ||||+Node744 (N.S)
|  | |     |   ||   | |  ||||||ERIER_AF124585 (N.S)
|  | |     |   ||   | |  |||||+Node746 (N.S)
|  | |     |   ||   | |  |||| |ERIER_AF124575 (N.S)
|  | |     |   ||   | |  |||+Node743 (N.S)
|  | |     |   ||   | |  || |ERIER_U82765 (N.S)
|  | |     |   ||   | |  |+Node740 (N.S)
|  | |     |   ||   | |   |  |ERIER_AF124576 (N.S)
|  | |     |   ||   | |   | |+Node752 (N.S)
|  | |     |   ||   | |   | |||ERIER_AF419836 (N.S)
|  | |     |   ||   | |   | ||+Node754 (N.S)
|  | |     |   ||   | |   | | |ERIER_AF419837 (N.S)
|  | |     |   ||   | |   ||+Node751 (N.S)
|  | |     |   ||   | |   ||||ERIER_AF419835 (N.S)
|  | |     |   ||   | |   |||+Node757 (N.S)
|  | |     |   ||   | |   || |ERIER_AF419811 (N.S)
|  | |     |   ||   | |   |+Node750 (N.S)
|  | |     |   ||   | |    |ERIER_AF124579 (N.S)
|  | |     |   ||   ||+Node720 (N.S)
|  | |     |   ||   ||||ERIER_U79743 (N.S)
|  | |     |   ||   |||+Node766 (N.S)
|  | |     |   ||   || | |ERIER_U79741 (N.S)
|  | |     |   ||   || ||+Node769 (N.S)
|  | |     |   ||   || ||||ERIER_U80422 (N.S)
|  | |     |   ||   || |||+Node772 (N.S)
|  | |     |   ||   || ||||ERIER_U80423 (N.S)
|  | |     |   ||   || ||| |ERIER_U80419 (N.S)
|  | |     |   ||   || ||||+Node776 (N.S)
|  | |     |   ||   || |||||ERIER_U80418 (N.S)
|  | |     |   ||   || |||+Node775 (N.S)
|  | |     |   ||   || || | |ERIER_U80424 (N.S)
|  | |     |   ||   || || ||+Node780 (N.S)
|  | |     |   ||   || || ||| |ERIER_AF156095 (N.S)
|  | |     |   ||   || || ||||+Node783 (N.S)
|  | |     |   ||   || || |||||ERIER_U80427 (N.S)
|  | |     |   ||   || || |||+Node782 (N.S)
|  | |     |   ||   || || || |ERIER_U80426 (N.S)
|  | |     |   ||   || || |+Node779 (N.S)
|  | |     |   ||   || ||  ||ERIER_L12621 (0.009386397123133661)
|  | |     |   ||   || ||  |+Node787 (N.S)
|  | |     |   ||   || ||   | |ERIER_U80431 (N.S)
|  | |     |   ||   || ||   ||+Node790 (N.S)
|  | |     |   ||   || ||   ||||ERIER_U80428 (N.S)
|  | |     |   ||   || ||   |||+Node792 (N.S)
|  | |     |   ||   || ||   || ||ERIER_U80432 (N.S)
|  | |     |   ||   || ||   || |+Node794 (N.S)
|  | |     |   ||   || ||   ||  |ERIER_U80430 (N.S)
|  | |     |   ||   || ||   ||  |ERIER_U80434 (N.S)
|  | |     |   ||   || ||   |+Node789 (N.S)
|  | |     |   ||   || ||    ||ERIER_U80433 (N.S)
|  | |     |   ||   || ||    |+Node799 (N.S)
|  | |     |   ||   || ||     |ERIER_U81798 (N.S)
|  | |     |   ||   || |+Node768 (N.S)
|  | |     |   ||   ||  |ERIER_U80421 (N.S)
|  | |     |   ||   |+Node719 (N.S)
|  | |     |   ||    |ERIER_L12606 (N.S)
|  | |     |   |+Node658 (N.S)
|  | |     |    | |CTHER_Z80212 (N.S)
|  | |     |    ||+Node805 (N.S)
|  | |     |    |||CTHER_AF421088 (N.S)
|  | |     |    |+Node804 (N.S)
|  | |     |     ||CYRER_L01900 (N.S)
|  | |     |     |+Node808 (N.S)
|  | |     |      |ACTER_AF088852 (N.S)
|  | |    |+Node572 (N.S)
|  | |    ||SPTER_Z83135 (N.S)
|  | |    |||LECER_AF077656 (6.589751919250375e-06)
|  | |    ||+Node575 (N.S)
|  | |    | | |LECER_AF077652 (N.S)
|  | |    | ||+Node578 (N.S)
|  | |    | ||||LECER_AF077653 (N.S)
|  | |    | |||+Node580 (N.S)
|  | |    | || |LECER_Z80177 (N.S)
|  | |    | || ||LECER_Z80181 (N.S)
|  | |    | || |+Node584 (N.S)
|  | |    | ||  |LECER_AF022134 (N.S)
|  | |    | |+Node577 (N.S)
|  | |    |  | |LECER_Z80202 (N.S)
|  | |    |  ||+Node588 (N.S)
|  | |    |  |||LECER_Z80180 (N.S)
|  | |    |  |+Node587 (N.S)
|  | |    |   |LECER_Z80183 (N.S)
|  | |    ||TSTER_Z83149 (N.S)
|  | |    |+Node812 (N.S)
|  | |    ||SYMER_Z80192 (N.S)
|  | |   |+Node571 (N.S)
|  | |   |||SLAER_AF421108 (N.S)
|  | |   ||+Node816 (N.S)
|  | |   |||PPLER_AF419239 (N.S)
|  | |   ||SLAER_AF421109 (N.S)
|  | |  |+Node570 (N.S)
|  | |  |||PCIER_AJ428893 (N.S)
|  | |  ||+Node820 (N.S)
|  | |  | |MGVER_Z80200 (N.S)
|  | | |+Node569 (N.S)
|  | | |||BERRA_AF203487 (N.S)
|  | | ||+Node823 (N.S)
|  | | | |COMMY_AF281478 (N.S)
|  | ||+Node568 (N.S)
|  | ||| |HANCO_AF323190 (N.S)
|  | ||||+Node827 (N.S)
|  | |||||HANCO_AF323188 (N.S)
|  | |||+Node826 (N.S)
|  | || | |CRNCO_AY530929 (N.S)
|  | || ||+Node831 (N.S)
|  | || |||CRNCO_L14395 (N.S)
|  | || |+Node830 (N.S)
|  | ||  ||CRNCO_AY530927 (N.S)
|  | ||  |+Node834 (N.S)
|  | ||   ||CRNCO_AF190433 (N.S)
|  | ||   |+Node836 (N.S)
|  | ||    |CRNCO_L11217 (N.S)
|  | |+Node567 (N.S)
|  |  |BBOBB_AJ235773 (N.S)
| |+Node4 (N.S)
| |||SMDCA_AF093732 (N.S)
| ||+Node840 (N.S)
| | | |APECA_Z83150 (N.S)
| | ||+Node843 (N.S)
| | |||PHYCA_Y13116 (N.S)
| | |+Node842 (N.S)
| |  | |MOLCA_AF093727 (N.S)
| |  ||+Node847 (N.S)
| |  ||| |AIZCA_M62572 (N.S)
| |  ||||+Node850 (N.S)
| |  ||||||SBTCA_AY270148 (N.S)
| |  |||||+Node852 (N.S)
| |  |||| ||AIZCA_AJ235778 (N.S)
| |  |||| |+Node854 (N.S)
| |  ||||  |PHLCA_AJ235800 (N.S)
| |  |||+Node849 (N.S)
| |  || ||HPHCA_AJ403024 (N.S)
| |  || |+Node857 (N.S)
| |  ||  |PORCA_M62568 (N.S)
| |  |+Node846 (N.S)
| |   ||CPHCA_M83541 (N.S)
| |   |+Node860 (N.S)
| |    |  |AMACA_AY270111 (N.S)
| |    | |+Node864 (N.S)
| |    | |||AMACA_AY270074 (N.S)
| |    | ||+Node866 (N.S)
| |    | | ||AMACA_AB050127 (N.S)
| |    | | |+Node868 (N.S)
| |    | |  |AMACA_AY270117 (N.S)
| |    ||+Node863 (N.S)
| |    |||AMACA_AY270118 (N.S)
| |    |+Node862 (N.S)
| |     | |AMACA_AY270133 (N.S)
| |     ||+Node873 (N.S)
| |     |||AMACA_AY489263 (N.S)
| |     |+Node872 (N.S)
| |      | |AMACA_AY270083 (N.S)
| |      ||+Node877 (N.S)
| |      ||||AMACA_AY270131 (N.S)
| |      |||+Node879 (N.S)
| |      || |AMACA_AY270127 (N.S)
| |      |+Node876 (N.S)
| |       ||AMACA_AY270087 (N.S)
| |       |+Node882 (N.S)
| |        |AMACA_AY270130 (N.S)
||+Node3 (N.S)
||||DROCA_L01904 (N.S)
|||+Node885 (N.S)
|| | |DROCA_L01914 (N.S)
|| ||+Node888 (N.S)
|| |||DROCA_AY096106 (N.S)
|| |+Node887 (N.S)
||  | |DROCA_L01913 (N.S)
||  ||+Node892 (N.S)
||  |||DROCA_L01906 (N.S)
||  |+Node891 (N.S)
||   ||DROCA_L01909 (N.S)
||   |+Node895 (N.S)
||    |DROCA_AY096107 (N.S)
|+Node2 (N.S)
|| |PLMCA_AJ312252 (N.S)
|||+Node899 (N.S)
|||| |PLMCA_Z97641 (N.S)
|||||+Node902 (N.S)
|||||||PLMCA_Y16905 (N.S)
||||||+Node904 (N.S)
||||| |PGNCA_M77702 (0.002698566024949667)
||||+Node901 (N.S)
||| |   |PLMCA_Z97642 (N.S)
||| |  |+Node910 (N.S)
||| |  |||PLMCA_AJ286357 (N.S)
||| |  ||+Node912 (N.S)
||| |  | |PLMCA_AJ286360 (N.S)
||| | |+Node909 (N.S)
||| | ||PLMCA_Z97639 (0.003956892068375961)
||| ||+Node908 (N.S)
||| ||||PLMCA_AJ286359 (N.S)
||| |||+Node916 (N.S)
||| || ||PLMCA_Z97646 (N.S)
||| || |+Node918 (N.S)
||| ||  | |PLMCA_AJ286363 (N.S)
||| ||  ||+Node921 (N.S)
||| ||  |||PLMCA_Z97645 (N.S)
||| ||  |+Node920 (N.S)
||| ||   |PLMCA_Z97643 (N.S)
||| ||   |PLMCA_Z97644 (0.0005739442077401513)
||| |+Node907 (N.S)
|||  ||PLMCA_Y16909 (N.S)
|||  |+Node927 (N.S)
|||   |PLMCA_Y16907 (N.S)
||+Node898 (N.S)
| | |PGNCA_AF297137 (N.S)
| ||+Node931 (N.S)
| ||| |PGNCA_Z97648 (N.S)
| ||||+Node934 (N.S)
| |||||PGNCA_AF297146 (N.S)
| |||+Node933 (N.S)
| || ||PGNCA_Z97647 (N.S)
| || |+Node937 (N.S)
| ||  |PGNCA_AF297150 (N.S)
| |+Node930 (N.S)
|  |  |PGNCA_AF297135 (N.S)
|  | |+Node942 (N.S)
|  | |||PGNCA_AF297124 (N.S)
|  | ||+Node944 (N.S)
|  | | ||PGNCA_AF297141 (N.S)
|  | | |+Node946 (N.S)
|  | |  |PGNCA_AF297149 (N.S)
|  ||+Node941 (N.S)
|  ||| |PGNCA_AF297125 (N.S)
|  ||||+Node950 (N.S)
|  ||||||PGNCA_AF297128 (N.S)
|  |||||+Node952 (N.S)
|  |||| |PGNCA_AJ235789 (N.S)
|  |||+Node949 (N.S)
|  || | |PGNCA_AF297145 (N.S)
|  || ||+Node956 (N.S)
|  || |||PGNCA_AF297144 (N.S)
|  || |+Node955 (N.S)
|  ||  |PGNCA_AF297139 (N.S)
|  |+Node940 (N.S)
|   ||PLMCA_M77701 (0.01412343898450696)
|   |+Node960 (N.S)
|    |PGNCA_AF297147 (N.S)
|ACCCA_AF206733 (N.S)
```



