
Analysis Description
--------------------
aBSREL (Adaptive branch-site random effects likelihood) uses an adaptive
random effects branch-site model framework to test whether each branch
has evolved under positive selection, using a procedure which infers an
optimal number of rate categories per branch. v2.2 adds support for
multiple-hit models. v2.3 adds support for SRV. v2.5 adds support for
ancestral state reconstruction, identification of sites contributing to
selection signal, and some diagnostics. v2.6 adds tree reports and ASCII
art

- __Requirements__: in-frame codon alignment and a phylogenetic tree

- __Citation__:  Less Is More: An Adaptive Branch-Site Random Effects Model for
Efficient Detection of Episodic Diversifying Selection (2015). Mol Biol
Evol 32 (5): 1342-1353. 

- __Written by__: Sergei L Kosakovsky Pond, Ben Murrell, Steven Weaver and Temple iGEM /
UCSD viral evolution group

- __Contact Information__: spond@temple.edu

- __Analysis Version__: 2.6

[Advanced option] Bag of little bootstrap alignment resampling rate (permissible range = [0.01,1], default value = 1): blb: 1

>code => Universal

-------
>[WARNING]
'/Users/alex/Documents/selection-tutorial/data/21-empirical/SARS-CoV-2-spike.nex'
contains 10 duplicate sequences. Identical sequences do not contribute
any information to the analysis and only slow down computation. Please
consider removing duplicate or 'nearly' duplicate sequences, e.g. using
https://github.com/veg/hyphy-analyses/tree/master/remove-duplicates
prior to running selection analyses
-------
>Loaded a multiple sequence alignment with **180** sequences, **1284** codons, and **1** partitions from `/Users/alex/Documents/selection-tutorial/data/21-empirical/SARS-CoV-2-spike.nex`

>branches => All

>multiple-hits => None

>srv => No


### * Selected 357 branches for testing: `B_1_1_523_EPI_ISL_11267908, B_1_619_EPI_ISL_2131789, Node2, P_2_EPI_ISL_1000677, Node1, P_3_EPI_ISL_1073934, B_1_620_EPI_ISL_10010858, B_1_1_7_A67V_K417R_E484K_K1191N_EPI_ISL_1679507, B_1_1_7_E484K_EPI_ISL_1018343, Node15, ALPHA_B_1_1_7_Q_EPI_ISL_1000001, B_1_1_7_Y449N_EPI_ISL_1913212, B_1_1_7_G142V_EPI_ISL_1000652, B_1_1_7_W152R_EPI_ISL_1005892, Node25, Node23, Node21, B_1_1_7_N440S_EPI_ISL_2006667, B_1_1_7_L5F_F490S_EPI_ISL_10301586, B_1_1_7_F490S_EPI_ISL_1007040, Node30, Node28, Node20, B_1_1_7_ALPHA_BASELINE_EPI_ISL_1000001, Node19, B_1_1_7_T20I_EPI_ISL_1000946, Node18, Node14, Node12, B_1_621_K417N_EPI_ISL_2818170, B_1_621_BASELINE_EPI_ISL_10080356, MU_B_1_621_EPI_ISL_10080356, Node37, Node35, Node11, Node9, C_1_2_EPI_ISL_3132623, B_1_640_2_EPI_ISL_7181977, B_1_640_1_EPI_ISL_10352750, Node43, Node41, P_1_8_T470N_P681R_EPI_ISL_2983341, P_1_7_P681H_EPI_ISL_10101603, Node47, GAMMA_P_1_EPI_ISL_1000993, P_1_3_L141_G142_V143_Y144_EPI_ISL_2777314, P_1_GAMMA_BASELINE_EPI_ISL_1000993, Node53, Node51, P_1_4_R246G_N679K_EPI_ISL_10328973, P_1_4_N679K_EPI_ISL_11294218, Node57, P_1_9_Q675H_EPI_ISL_2187251, Node56, Node50, Node46, Node40, Node8, B_1_351_BETA_BASELINE_EPI_ISL_1005538, BETA_B_1_351_EPI_ISL_1005538, Node62, B_1_351_L18F_EPI_ISL_1001463, Node61, Node7, P_4_EPI_ISL_1625983, A_27_EPI_ISL_10046311, B_1_630_EPI_ISL_10657899, Node72, C_37_Q675H_EPI_ISL_1281953, C_37_LAMBDA_BASELINE_EPI_ISL_10072009, LAMBDA_C_37_EPI_ISL_10072009, Node79, Node77, B_1_637_EPI_ISL_1016114, Node76, B_1_617_2_G142_EPI_ISL_10005803, B_1_617_2_T95_L1234I_V1264L_EPI_ISL_10297349, B_1_617_2_T95_A222V_N1074S_V1264L_EPI_ISL_10020013, B_1_617_2_T95_A222V_V1264L_EPI_ISL_10209492, Node99, B_1_617_2_T95_V1264L_EPI_ISL_10145344, Node98, Node96, B_1_617_2_T22I_A67V_T95_EPI_ISL_11059025, Node95, B_1_617_2_T95_EPI_ISL_10005534, B_1_617_2_T95_L455F_EPI_ISL_3125708, B_1_617_2_T95_K77T_E484Q_EPI_ISL_10842950, B_1_617_2_K77T_T95_EPI_ISL_10033693, Node109, Node107, Node105, B_1_617_2_A222V_Q613H_EPI_ISL_10079226, B_1_617_2_T95_V70F_A222V_K417N_EPI_ISL_10954976, B_1_617_2_T95_A222V_V289I_EPI_ISL_10019681, Node116, B_1_617_2_T95_A222V_EPI_ISL_10033438, B_1_617_2_T95_A222V_D253A_D979E_EPI_ISL_10146046, B_1_617_2_T95_A222V_V367L_EPI_ISL_10328807, Node123, B_1_617_2_R21T_T95_A222V_EPI_ISL_11141270, Node122, Node120, B_1_617_2_T95_A222V_A262S_EPI_ISL_2690384, B_1_617_2_T95_A222V_T250S_EPI_ISL_2896249, Node127, Node119, Node115, Node113, B_1_617_2_T95_P251L_EPI_ISL_10019816, Node112, Node104, Node94, B_1_617_2_W258L_K417N_EPI_ISL_10239260, B_1_617_2_T95_W258L_EPI_ISL_10083525, Node134, B_1_617_2_Y248H_EPI_ISL_11140542, B_1_617_2_P809S_EPI_ISL_10019652, Node139, B_1_617_2_E484Q_EPI_ISL_10165790, B_1_617_2_E484K_EPI_ISL_4011209, Node145, B_1_617_2_H655Y_EPI_ISL_10156347, Node144, B_1_617_2_Y144_EPI_ISL_10157229, B_1_617_2_V16F_I1179V_EPI_ISL_10160241, B_1_617_2_P1162S_EPI_ISL_10153453, Node154, Node152, B_1_617_2_S494L_EPI_ISL_11297838, B_1_617_2_V70F_EPI_ISL_10160114, Node158, B_1_617_2_G446V_EPI_ISL_10098575, B_1_617_2_T250N_EPI_ISL_10157097, Node161, Node157, Node151, B_1_617_2_Q675H_EPI_ISL_10077460, B_1_617_2_DELTA_BASELINE_EPI_ISL_10004745, Node165, B_1_617_2_D138H_EPI_ISL_10153441, B_1_617_2_L1141F_EPI_ISL_10156255, Node169, B_1_617_2_K97N_EPI_ISL_10157499, B_1_617_2_S255F_EPI_ISL_10033451, Node174, B_1_617_2_Q677H_EPI_ISL_10065167, B_1_617_2_D253G_EPI_ISL_10302057, Node178, B_1_617_2_L18F_EPI_ISL_10153498, B_1_617_2_Q414H_EPI_ISL_2392330, Node181, Node177, Node173, B_1_617_2_N148S_EPI_ISL_2682118, B_1_617_2_V36F_Y145H_A222V_EPI_ISL_10164032, B_1_617_2_Y145H_A222V_EPI_ISL_10007289, Node188, B_1_617_2_Y145H_A222V_V1264L_EPI_ISL_10014590, Node187, Node185, B_1_617_2_E484A_EPI_ISL_11052514, B_1_617_2_V1104L_EPI_ISL_10005059, Node193, DELTA_B_1_617_2_AY_EPI_ISL_10004745, Node192, Node184, Node172, Node168, Node164, Node150, B_1_617_2_I850L_EPI_ISL_10007287, B_1_617_2_A1078S_EPI_ISL_10162493, Node198, B_1_617_2_T51I_EPI_ISL_10007595, B_1_617_2_K444N_EPI_ISL_10510404, Node201, Node197, Node149, Node143, B_1_617_2_N501Y_P681H_EPI_ISL_3399822, B_1_617_2_S256L_EPI_ISL_11206816, Node204, Node142, Node138, B_1_617_2_S477I_EPI_ISL_10159748, Node137, Node133, B_1_617_2_T29A_T95_T250I_Q613H_EPI_ISL_10619598, B_1_617_2_T29A_T95_T250I_T299I_Q613H_EPI_ISL_10315261, Node210, B_1_617_2_T29A_T95_T250I_EPI_ISL_10032622, Node209, B_1_617_2_S112L_EPI_ISL_10019577, B_1_617_2_T95_S112L_S477G_EPI_ISL_2785874, Node214, Node208, Node132, B_1_617_2_R20I_T95_EPI_ISL_10172478, B_1_617_2_T95_V362F_EPI_ISL_2513971, Node218, B_1_617_2_T95_L244S_EPI_ISL_10640498, B_1_617_2_W258R_A1078S_EPI_ISL_10613938, Node221, Node217, Node131, Node93, B_1_617_2_V70I_T95_EPI_ISL_10077792, Node92, B_1_617_2_T95_L452_EPI_ISL_2987893, B_1_617_2_T95_T791I_EPI_ISL_2811419, Node225, Node91, Node89, B_1_617_2_T95_G142_H69_V70_Y144_EPI_ISL_2356626, Node88, B_1_617_2_T95_G142_H69_V70_Y144_E156_F157_R158_EPI_ISL_2192796, Node87, B_1_617_2_T95_G142_E156_F157_R158_EPI_ISL_10182825, Node86, BA_1_E156_F157_R158G_N211_L212_214_G339_S371_S373_S375_K417_N440_G446_L452R_S477_E484_Q493_G496_Q498_N501_Y505_EPI_ISL_10228808, BA_1_N211_L212_214_G339_S371_S373_S375_K417_N440_G446_L452R_S477_E484_Q493_G496_Q498_N501_Y505_EPI_ISL_8119611, Node234, BA_1_K417_N440_G446_L452R_EPI_ISL_10145348, BA_1_K417_N440_G446_EPI_ISL_10072811, BA_1_1_R346K_K417_N440_G446_EPI_ISL_10044070, Node241, BA_1_N211_L212_214_V213G_T376A_D405N_R408S_T376A_D405N_R408S_K417_N440_EPI_ISL_10121312, BA_1_K417_EPI_ISL_10016584, BA_1_R346K_E484V_EPI_ISL_10032318, BA_1_R346K_BA_1_1_EPI_ISL_10000001, Node252, BA_1_A701V_EPI_ISL_10000009, BA_1_E484V_EPI_ISL_10188124, BA_1_F643L_A701V_EPI_ISL_10000156, Node257, Node255, Node251, BA_1_OMICRON_BASELINE_EPI_ISL_10000028, OMICRON_B_1_1_529_BA_BA_1_EPI_ISL_10000028, BA_1_R346K_I666S_V736G_C738W_I993S_Y1272D_EPI_ISL_9509444, BA_1_I666S_V736G_C738W_I993S_Y1272D_EPI_ISL_9509467, Node265, BA_1_I1081V_EPI_ISL_10000045, Node264, Node262, Node260, Node250, BA_1_N211_L212_214_EPI_ISL_10012936, BA_1_214GAR_D215N_EPI_ISL_10222778, BA_1_214GAR_D215N_EPI_ISL_10240037, Node273, BA_1_214_EPI_ISL_10007028, Node272, Node270, BA_2_N408_EPI_ISL_10034943, BA_2_S787H_EPI_ISL_10000916, BA_2_P1162L_EPI_ISL_10027138, BA_2_OMICRON_BASELINE_EPI_ISL_10000005, Node285, BA_2_EPI_ISL_10000005, BA_2_M1229I_EPI_ISL_10055581, BA_2_N440_EPI_ISL_10005315, BA_2_I1221T_EPI_ISL_10000574, Node292, Node290, Node288, Node284, Node282, BA_2_A846G_EPI_ISL_10002943, BA_2_S704L_EPI_ISL_10001682, Node295, Node281, BA_2_L24_P25_P26_A27_EPI_ISL_10010992, BA_2XBA_1_BA_2_A67V_H69_V70_EPI_ISL_10019568, BA_2_E484V_EPI_ISL_10857825, Node301, BA_2XBA_1_1_BA_2_R346K_T376_EPI_ISL_10003562, BA_2_P1162S_EPI_ISL_10014673, Node305, BA_2_212SGR_OR_COULD_BE_WRITTEN_AS_213_GRG_EPI_ISL_10013634, Node304, Node300, Node298, Node280, Node278, BA_3_EPI_ISL_10007901, Node277, Node269, Node249, B_1_1_617_L452_N211_L212I_214EPE_G339D_S371L_S373P_S375F_K417N_N440K_G446S_S477N_T478K_E484A_Q493R_G496S_Q498R_N501Y_Y505H_T547K_D614G_H655Y_N679K_P681H_N764K_D796Y_N856K_D950_Q954H_N969K_L981F_EPI_ISL_10207240, Node248, Node246, Node244, Node240, Node238, BA_1_N211_L212_214_G339_S371_S373_S375_K417_N440_G446_L452R_EPI_ISL_8524423, Node237, Node233, BA_1_G339_S371_S373_S375_K417_N440_G446_L452R_S477_E484_Q493_G496_Q498_N501_Y505_T547_H655_N679_P681R_EPI_ISL_8746594, Node232, B_1_617_1_EPI_ISL_10127326, Node231, Node85, A_2_5_EPI_ISL_3037842, Node84, C_36_3_1_S477N_A845S_EPI_ISL_1653201, C_36_3_BASELINE_EPI_ISL_11100917, C_36_3_EPI_ISL_11100917, Node317, Node315, Node83, Node75, Node71, B_1_429_B_1_427_EPI_ISL_10031346, Node70, Node68, B_1_258_17_EPI_ISL_1001674, B_1_466_2_EPI_ISL_1010700, Node323, B_1_177_82_EPI_ISL_1000202, A_23_1_EPI_ISL_10138371, NC_045512_SPIKE_SURFACE_GLYCOPROTEIN, Node329, B_1_214_2_EPI_ISL_1033870, B_1_575_EPI_ISL_1009066, B_1_1_519_EPI_ISL_1002604, Node334, Node332, Node328, Node326, Node322, B_1_1_284_EPI_ISL_1041949, B_1_234_EPI_ISL_1016643, Node337, Node321, Node67, B_1_525_EPI_ISL_1000437, Node66, Node6, B_1_1_318_AZ_EPI_ISL_10010857, AZ_5_EPI_ISL_10047537, Node344, B_1_526_E484_S477N_Q957R_EPI_ISL_1015702, B_1_526_EPI_ISL_1009654, B_1_526_BASELINE_EPI_ISL_1009654, Node349, Node347, Node343, B_1_EPI_ISL_2958387, Node342, R_1_EPI_ISL_1010709, N_10_EPI_ISL_1181370, AT_1_EPI_ISL_1491610, Node355, Node353, Node341`


### Obtaining branch lengths and nucleotide substitution biases under the nucleotide GTR model

>kill-zero-lengths => Yes

### Deleted 113 zero-length internal branches: `Node1, Node104, Node105, Node107, Node11, Node112, Node115, Node116, Node119, Node120, Node122, Node123, Node127, Node131, Node132, Node133, Node138, Node139, Node142, Node143, Node144, Node149, Node15, Node150, Node151, Node152, Node154, Node157, Node158, Node161, Node164, Node165, Node168, Node169, Node172, Node173, Node174, Node177, Node178, Node181, Node184, Node185, Node188, Node19, Node192, Node193, Node197, Node198, Node20, Node201, Node204, Node208, Node21, Node217, Node218, Node221, Node225, Node23, Node234, Node241, Node249, Node25, Node250, Node251, Node257, Node260, Node262, Node264, Node269, Node270, Node272, Node28, Node281, Node282, Node284, Node285, Node288, Node290, Node292, Node295, Node300, Node301, Node304, Node305, Node317, Node321, Node322, Node326, Node328, Node332, Node341, Node342, Node353, Node37, Node50, Node51, Node53, Node56, Node6, Node62, Node66, Node70, Node71, Node75, Node79, Node8, Node83, Node84, Node91, Node93, Node94, Node95, Node98`
* Log(L) = -9194.36, AIC-c = 19119.10 (365 estimated parameters)
* 1 partition. Total tree length by partition (subs/site)  0.118

### Fitting the baseline model with a single dN/dS class per branch, and no site-to-site variation. 
* Log(L) = -8901.81, AIC-c = 18809.81 (502 estimated parameters)
* Branch-level non-synonymous/synonymous rate ratio distribution has median  0.43, and 95% of the weight in  0.08 - 22765861.35

### Determining the optimal number of rate classes per branch using a step up procedure

|              Branch               |  Length  |  Rates   |     Max. dN/dS     |    Log(L)     |     AIC-c     |Best AIC-c so far|
|-----------------------------------|----------|----------|--------------------|---------------|---------------|-----------------|
|              Node232              |   0.00   |    2     |    1.93 (23.97%)   |   -8901.81    |   18813.84    |    18809.81     |
|              Node278              |   0.00   |    2     |    1.99 (49.19%)   |   -8901.81    |   18813.84    |    18809.81     |
|     B_1_620_EPI_ISL_10010858      |   0.00   |    2     |    1.96 (26.03%)   |   -8901.81    |   18813.83    |    18809.81     |
|              Node46               |   0.00   |    2     |  254.05 (99.71%)   |   -8901.82    |   18813.85    |    18809.81     |
|B_1_1_617_L452_N211_L212I_214EPE...|   0.00   |    2     |    0.50 (24.12%)   |   -8901.81    |   18813.83    |    18809.81     |
|      B_1_619_EPI_ISL_2131789      |   0.00   |    2     |    0.75 ( 8.99%)   |   -8901.81    |   18813.83    |    18809.81     |
|              Node273              |   0.00   |    2     |   >1000 ( 0.33%)   |   -8886.92    |   18784.04    |    18784.04     |
|              Node273              |   0.00   |    3     |   >1000 ( 0.33%)   |   -8886.93    |   18788.09    |    18784.04     |
|              Node315              |   0.00   |    2     |    0.99 ( 3.47%)   |   -8886.92    |   18788.06    |    18784.04     |
|              Node77               |   0.00   |    2     |  234.36 ( 0.95%)   |   -8883.02    |   18780.26    |    18780.26     |
|              Node77               |   0.00   |    3     |  230.48 ( 0.96%)   |   -8883.02    |   18784.28    |    18780.26     |
|     B_1_630_EPI_ISL_10657899      |   0.00   |    2     |    5.73 (22.26%)   |   -8883.03    |   18784.29    |    18780.26     |
|       A_27_EPI_ISL_10046311       |   0.00   |    2     |    6.52 (16.29%)   |   -8883.02    |   18784.29    |    18780.26     |
|       C_1_2_EPI_ISL_3132623       |   0.00   |    2     |    0.80 (98.00%)   |   -8883.02    |   18784.28    |    18780.26     |
|              Node237              |   0.00   |    2     |   1.00 (100.00%)   |   -8884.98    |   18788.20    |    18780.26     |
|       AT_1_EPI_ISL_1491610        |   0.00   |    2     |    0.80 (50.00%)   |   -8883.02    |   18784.28    |    18780.26     |
|        P_3_EPI_ISL_1073934        |   0.00   |    2     |    0.81 (50.21%)   |   -8883.02    |   18784.28    |    18780.26     |
|      B_1_525_EPI_ISL_1000437      |   0.00   |    2     |    0.81 (49.75%)   |   -8883.02    |   18784.28    |    18780.26     |
|      A_23_1_EPI_ISL_10138371      |   0.00   |    2     |    0.80 (49.49%)   |   -8883.02    |   18784.28    |    18780.26     |
|BA_1_N211_L212_214_V213G_T376A_D...|   0.00   |    2     |  251.03 (100.00%)  |   -8883.03    |   18784.29    |    18780.26     |
|    B_1_1_523_EPI_ISL_11267908     |   0.00   |    2     |   1.00 (100.00%)   |   -8884.01    |   18786.26    |    18780.26     |
|              Node277              |   0.00   |    2     |   1.00 (100.00%)   |   -8884.69    |   18787.63    |    18780.26     |
|        P_4_EPI_ISL_1625983        |   0.00   |    2     |  >1000 (100.00%)   |   -8883.02    |   18784.28    |    18780.26     |
|              Node238              |   0.00   |    2     |   1.00 (100.00%)   |   -8884.70    |   18787.64    |    18780.26     |
|     B_1_214_2_EPI_ISL_1033870     |   0.00   |    2     |  >1000 (100.00%)   |   -8883.02    |   18784.28    |    18780.26     |
|              Node43               |   0.00   |    2     |  >1000 (100.00%)   |   -8883.02    |   18784.28    |    18780.26     |
|       A_2_5_EPI_ISL_3037842       |   0.00   |    2     |    0.79 (10.32%)   |   -8883.02    |   18784.28    |    18780.26     |
|B_1_617_2_W258R_A1078S_EPI_ISL_1...|   0.00   |    2     |    0.50 ( 5.00%)   |   -8883.02    |   18784.28    |    18780.26     |
|              Node344              |   0.00   |    2     |    0.50 ( 5.00%)   |   -8883.02    |   18784.28    |    18780.26     |
|       N_10_EPI_ISL_1181370        |   0.00   |    2     |  452.42 ( 0.30%)   |   -8878.13    |   18774.51    |    18774.51     |
|       N_10_EPI_ISL_1181370        |   0.00   |    3     |  468.10 ( 0.30%)   |   -8878.11    |   18778.48    |    18774.51     |
|              Node265              |   0.00   |    2     |  >1000 (100.00%)   |   -8878.13    |   18778.53    |    18774.51     |
|              Node35               |   0.00   |    2     |  >1000 (100.00%)   |   -8878.13    |   18778.53    |    18774.51     |
|    B_1_640_1_EPI_ISL_10352750     |   0.00   |    2     |   >1000 ( 0.53%)   |   -8873.72    |   18769.70    |    18769.70     |
|    B_1_640_1_EPI_ISL_10352750     |   0.00   |    3     |   >1000 ( 0.54%)   |   -8873.74    |   18773.76    |    18769.70     |
|    B_1_617_1_EPI_ISL_10127326     |   0.00   |    2     |    2.00 (50.00%)   |   -8873.72    |   18773.72    |    18769.70     |
|    B_1_258_17_EPI_ISL_1001674     |   0.00   |    2     |    0.41 (50.81%)   |   -8873.72    |   18773.72    |    18769.70     |
|       AZ_5_EPI_ISL_10047537       |   0.00   |    2     |    0.40 (51.15%)   |   -8873.72    |   18773.72    |    18769.70     |
|P_1_8_T470N_P681R_EPI_ISL_298334...|   0.00   |    2     |    1.96 (26.03%)   |   -8873.72    |   18773.72    |    18769.70     |
|              Node61               |   0.00   |    2     |  87.23 (100.00%)   |   -8873.73    |   18773.75    |    18769.70     |
|              Node233              |   0.00   |    2     |  128.66 (98.01%)   |   -8873.73    |   18773.74    |    18769.70     |
|     B_1_640_2_EPI_ISL_7181977     |   0.00   |    2     |  >1000 (100.00%)   |   -8873.72    |   18773.71    |    18769.70     |
|              Node68               |   0.00   |    2     |   >1000 ( 0.26%)   |   -8868.52    |   18763.31    |    18763.31     |
|              Node68               |   0.00   |    3     |   >1000 ( 0.26%)   |   -8868.48    |   18767.26    |    18763.31     |
|B_1_617_2_V70I_T95_EPI_ISL_10077...|   0.00   |    2     |    0.70 (23.02%)   |   -8868.52    |   18767.33    |    18763.31     |
|              Node41               |   0.00   |    2     |   >1000 (71.86%)   |   -8868.52    |   18767.33    |    18763.31     |
|B_1_617_2_N501Y_P681H_EPI_ISL_33...|   0.00   |    2     |    9.02 ( 5.05%)   |   -8868.51    |   18767.32    |    18763.31     |
|B_1_617_2_T95_L244S_EPI_ISL_1064...|   0.00   |    2     |    0.80 (50.00%)   |   -8868.52    |   18767.33    |    18763.31     |
|B_1_617_2_V16F_I1179V_EPI_ISL_10...|   0.00   |    2     |    0.80 (50.00%)   |   -8868.52    |   18767.33    |    18763.31     |
|C_36_3_1_S477N_A845S_EPI_ISL_165...|   0.00   |    2     |    0.80 (50.00%)   |   -8868.52    |   18767.33    |    18763.31     |
|B_1_429_B_1_427_EPI_ISL_10031346...|   0.00   |    2     |    0.80 (50.00%)   |   -8868.52    |   18767.33    |    18763.31     |
|              Node14               |   0.00   |    2     |  44.27 (100.00%)   |   -8868.54    |   18767.37    |    18763.31     |
|BA_2XBA_1_1_BA_2_R346K_T376_EPI_...|   0.00   |    2     |   1.00 (100.00%)   |   -8869.35    |   18769.00    |    18763.31     |
|B_1_1_7_A67V_K417R_E484K_K1191N_...|   0.00   |    2     |   1.00 (100.00%)   |   -8869.36    |   18769.01    |    18763.31     |
|      B_1_637_EPI_ISL_1016114      |   0.00   |    2     |  103.39 (100.00%)  |   -8868.52    |   18767.35    |    18763.31     |
|B_1_526_E484_S477N_Q957R_EPI_ISL...|   0.00   |    2     |  >1000 (100.00%)   |   -8868.52    |   18767.33    |    18763.31     |
|    B_1_177_82_EPI_ISL_1000202     |   0.00   |    2     |  63.62 (100.00%)   |   -8868.53    |   18767.36    |    18763.31     |
|              Node86               |   0.00   |    2     |  >1000 (100.00%)   |   -8868.52    |   18767.33    |    18763.31     |
|              Node231              |   0.00   |    2     |    6.73 (94.78%)   |   -8868.64    |   18767.57    |    18763.31     |
|B_1_617_2_T29A_T95_T250I_Q613H_E...|   0.00   |    2     |    0.25 ( 0.00%)   |   -8868.52    |   18767.33    |    18763.31     |
|BA_1_E156_F157_R158G_N211_L212_2...|   0.00   |    2     |    0.40 (51.11%)   |   -8868.52    |   18767.33    |    18763.31     |
|BA_2XBA_1_BA_2_A67V_H69_V70_EPI_...|   0.00   |    2     |    0.40 (51.11%)   |   -8868.52    |   18767.33    |    18763.31     |
|BA_1_1_R346K_K417_N440_G446_EPI_...|   0.00   |    2     |    0.40 (51.11%)   |   -8868.52    |   18767.33    |    18763.31     |
|B_1_617_2_Q677H_EPI_ISL_10065167...|   0.00   |    2     |    0.40 (51.15%)   |   -8868.52    |   18767.33    |    18763.31     |
|B_1_617_2_T95_A222V_T250S_EPI_IS...|   0.00   |    2     |    0.41 (50.82%)   |   -8868.52    |   18767.33    |    18763.31     |
|  B_1_617_2_K97N_EPI_ISL_10157499  |   0.00   |    2     |    0.40 (51.15%)   |   -8868.52    |   18767.33    |    18763.31     |
|B_1_617_2_T95_V362F_EPI_ISL_2513...|   0.00   |    2     |    0.40 (51.15%)   |   -8868.52    |   18767.33    |    18763.31     |
|B_1_617_2_Y248H_EPI_ISL_11140542...|   0.00   |    2     |    0.40 (51.15%)   |   -8868.52    |   18767.33    |    18763.31     |
|              Node12               |   0.00   |    2     |    0.41 (50.82%)   |   -8868.52    |   18767.33    |    18763.31     |
|B_1_617_2_T95_L1234I_V1264L_EPI_...|   0.00   |    2     |    0.41 (50.82%)   |   -8868.52    |   18767.33    |    18763.31     |
|  B_1_617_2_T51I_EPI_ISL_10007595  |   0.00   |    2     |    0.41 (50.81%)   |   -8868.52    |   18767.33    |    18763.31     |
|B_1_617_2_T95_A222V_V367L_EPI_IS...|   0.00   |    2     |    0.41 (50.82%)   |   -8868.52    |   18767.33    |    18763.31     |
|   B_1_1_7_N440S_EPI_ISL_2006667   |   0.00   |    2     |    0.41 (50.82%)   |   -8868.52    |   18767.33    |    18763.31     |
|              Node88               |   0.00   |    2     |    0.41 (50.82%)   |   -8868.52    |   18767.33    |    18763.31     |
|P_1_4_R246G_N679K_EPI_ISL_103289...|   0.00   |    2     |    0.41 (50.82%)   |   -8868.52    |   18767.33    |    18763.31     |
|     B_1_466_2_EPI_ISL_1010700     |   0.00   |    2     |    0.41 (50.82%)   |   -8868.52    |   18767.33    |    18763.31     |
|B_1_617_2_T95_V70F_A222V_K417N_E...|   0.00   |    2     |   5.57 (100.00%)   |   -8868.63    |   18767.55    |    18763.31     |
|B_1_617_2_T95_A222V_D253A_D979E_...|   0.00   |    2     |   1.00 (100.00%)   |   -8869.08    |   18768.45    |    18763.31     |
|B_1_617_2_W258L_K417N_EPI_ISL_10...|   0.00   |    2     |    2.89 ( 0.00%)   |   -8869.08    |   18768.45    |    18763.31     |
|B_1_617_2_T22I_A67V_T95_EPI_ISL_...|   0.00   |    2     |   1.00 (100.00%)   |   -8869.08    |   18768.45    |    18763.31     |
|              Node209              |   0.00   |    2     |   5.57 (100.00%)   |   -8868.63    |   18767.55    |    18763.31     |
|              Node187              |   0.00   |    2     |   1.00 (100.00%)   |   -8869.08    |   18768.45    |    18763.31     |
|      B_1_234_EPI_ISL_1016643      |   0.00   |    2     |  152.79 (100.00%)  |   -8868.52    |   18767.34    |    18763.31     |
|              Node347              |   0.00   |    2     |  >1000 (100.00%)   |   -8868.52    |   18767.33    |    18763.31     |
|     B_1_1_519_EPI_ISL_1002604     |   0.00   |    2     |  423.13 (100.00%)  |   -8868.52    |   18767.33    |    18763.31     |
|        B_1_EPI_ISL_2958387        |   0.00   |    2     |  >1000 (100.00%)   |   -8868.52    |   18767.33    |    18763.31     |
|     B_1_1_284_EPI_ISL_1041949     |   0.00   |    2     |  35.74 (100.00%)   |   -8868.53    |   18767.36    |    18763.31     |
|        R_1_EPI_ISL_1010709        |   0.00   |    2     |  878.95 (100.00%)  |   -8868.52    |   18767.33    |    18763.31     |
|      B_1_575_EPI_ISL_1009066      |   0.00   |    2     |   0.05 (100.00%)   |   -8881.88    |   18794.06    |    18763.31     |
|  B_1_617_2_E484K_EPI_ISL_4011209  |   0.00   |    2     |    8.41 ( 1.89%)   |   -8868.52    |   18767.33    |    18763.31     |
|              Node85               |   0.00   |    2     |   25.16 (98.76%)   |   -8868.53    |   18767.36    |    18763.31     |
|              Node40               |   0.00   |    2     |  >1000 (100.00%)   |   -8868.52    |   18767.33    |    18763.31     |
|       BA_3_EPI_ISL_10007901       |   0.00   |    2     |    0.26 ( 0.00%)   |   -8868.52    |   18767.33    |    18763.31     |
|P_1_3_L141_G142_V143_Y144_EPI_IS...|   0.00   |    2     |    0.26 ( 0.00%)   |   -8868.52    |   18767.33    |    18763.31     |
|              Node89               |   0.00   |    2     |    0.26 ( 0.00%)   |   -8868.52    |   18767.33    |    18763.31     |
|              Node298              |   0.00   |    2     |    0.26 ( 0.00%)   |   -8868.52    |   18767.33    |    18763.31     |
|              Node87               |   0.00   |    2     |    0.26 ( 0.00%)   |   -8868.52    |   18767.33    |    18763.31     |
|    C_37_Q675H_EPI_ISL_1281953     |   0.00   |    2     |   1.00 (100.00%)   |   -8868.80    |   18767.89    |    18763.31     |
|BA_1_N211_L212_214_EPI_ISL_10012...|   0.00   |    2     |   1.00 (100.00%)   |   -8868.79    |   18767.89    |    18763.31     |
|BA_1_G339_S371_S373_S375_K417_N4...|   0.00   |    2     |  >1000 (100.00%)   |   -8868.52    |   18767.33    |    18763.31     |
|   B_1_1_7_Y449N_EPI_ISL_1913212   |   0.00   |    2     |   1.00 (100.00%)   |   -8868.80    |   18767.89    |    18763.31     |
|    BA_2_A846G_EPI_ISL_10002943    |   0.00   |    2     |   1.00 (100.00%)   |   -8868.80    |   18767.89    |    18763.31     |
|   BA_2_P1162L_EPI_ISL_10027138    |   0.00   |    2     |  >1000 (100.00%)   |   -8868.52    |   18767.33    |    18763.31     |
|   BA_2_M1229I_EPI_ISL_10055581    |   0.00   |    2     |   1.00 (100.00%)   |   -8868.80    |   18767.89    |    18763.31     |
|   BA_2_P1162S_EPI_ISL_10014673    |   0.00   |    2     |    9.09 ( 0.00%)   |   -8868.80    |   18767.89    |    18763.31     |
|   B_1_1_7_W152R_EPI_ISL_1005892   |   0.00   |    2     |   1.00 (100.00%)   |   -8868.80    |   18767.89    |    18763.31     |
|    BA_2_N440_EPI_ISL_10005315     |   0.00   |    2     |   1.00 (100.00%)   |   -8868.80    |   18767.89    |    18763.31     |
|    BA_2_E484V_EPI_ISL_10857825    |   0.00   |    2     |  >1000 (100.00%)   |   -8868.52    |   18767.33    |    18763.31     |
|    BA_2_S704L_EPI_ISL_10001682    |   0.00   |    2     |   1.00 (100.00%)   |   -8868.80    |   18767.89    |    18763.31     |
|   BA_2_I1221T_EPI_ISL_10000574    |   0.00   |    2     |  678.16 (100.00%)  |   -8868.52    |   18767.33    |    18763.31     |
|   B_1_351_L18F_EPI_ISL_1001463    |   0.00   |    2     |   1.00 (100.00%)   |   -8868.80    |   18767.89    |    18763.31     |
|   B_1_1_7_G142V_EPI_ISL_1000652   |   0.00   |    2     |   1.00 (100.00%)   |   -8868.80    |   18767.89    |    18763.31     |
|    BA_2_S787H_EPI_ISL_10000916    |   0.00   |    2     |   1.00 (100.00%)   |   -8868.79    |   18767.89    |    18763.31     |
|   B_1_1_7_T20I_EPI_ISL_1000946    |   0.00   |    2     |   1.00 (100.00%)   |   -8868.80    |   18767.89    |    18763.31     |
|B_1_617_2_R21T_T95_A222V_EPI_ISL...|   0.00   |    2     |   1.00 (100.00%)   |   -8868.80    |   18767.89    |    18763.31     |
|B_1_1_7_L5F_F490S_EPI_ISL_103015...|   0.00   |    2     |   1.00 (100.00%)   |   -8868.80    |   18767.89    |    18763.31     |
|BA_1_214GAR_D215N_EPI_ISL_102227...|   0.00   |    2     |   1.00 (100.00%)   |   -8868.80    |   18767.89    |    18763.31     |
|BA_1_R346K_E484V_EPI_ISL_1003231...|   0.00   |    2     |  >1000 (100.00%)   |   -8868.52    |   18767.33    |    18763.31     |
|              Node30               |   0.00   |    2     |   1.00 (100.00%)   |   -8868.80    |   18767.89    |    18763.31     |
|              Node18               |   0.00   |    2     |   1.00 (100.00%)   |   -8868.80    |   18767.89    |    18763.31     |
|    BA_1_E484V_EPI_ISL_10188124    |   0.00   |    2     |   1.00 (100.00%)   |   -8868.79    |   18767.89    |    18763.31     |
|B_1_617_2_D138H_EPI_ISL_10153441...|   0.00   |    2     |  >1000 (100.00%)   |   -8868.52    |   18767.33    |    18763.31     |
|              Node252              |   0.00   |    2     |   1.00 (100.00%)   |   -8868.79    |   18767.89    |    18763.31     |
|BA_1_F643L_A701V_EPI_ISL_1000015...|   0.00   |    2     |   1.00 (100.00%)   |   -8868.79    |   18767.89    |    18763.31     |
|              Node255              |   0.00   |    2     |   1.00 (100.00%)   |   -8868.79    |   18767.89    |    18763.31     |
|B_1_617_2_S477I_EPI_ISL_10159748...|   0.00   |    2     |    7.72 ( 0.00%)   |   -8868.80    |   18767.89    |    18763.31     |
|B_1_617_2_P1162S_EPI_ISL_1015345...|   0.00   |    2     |   1.00 (100.00%)   |   -8868.80    |   18767.89    |    18763.31     |
|B_1_617_2_P809S_EPI_ISL_10019652...|   0.00   |    2     |  >1000 (100.00%)   |   -8868.52    |   18767.33    |    18763.31     |
|B_1_617_2_T95_A222V_A262S_EPI_IS...|   0.00   |    2     |   1.00 (100.00%)   |   -8868.80    |   18767.89    |    18763.31     |
|B_1_617_2_T250N_EPI_ISL_10157097...|   0.00   |    2     |  >1000 (100.00%)   |   -8868.52    |   18767.33    |    18763.31     |
|B_1_617_2_H655Y_EPI_ISL_10156347...|   0.00   |    2     |   1.00 (100.00%)   |   -8868.80    |   18767.89    |    18763.31     |
|B_1_617_2_G446V_EPI_ISL_10098575...|   0.00   |    2     |   1.00 (100.00%)   |   -8868.80    |   18767.89    |    18763.31     |
|   BA_1_I1081V_EPI_ISL_10000045    |   0.00   |    2     |   1.00 (100.00%)   |   -8868.79    |   18767.89    |    18763.31     |
|B_1_617_2_V1104L_EPI_ISL_1000505...|   0.00   |    2     |  >1000 (100.00%)   |   -8868.52    |   18767.33    |    18763.31     |
|B_1_617_2_T95_K77T_E484Q_EPI_ISL...|   0.00   |    2     |   1.00 (100.00%)   |   -8868.80    |   18767.89    |    18763.31     |
|B_1_617_2_T95_A222V_V289I_EPI_IS...|   0.00   |    2     |   1.00 (100.00%)   |   -8868.80    |   18767.89    |    18763.31     |
|B_1_617_2_A1078S_EPI_ISL_1016249...|   0.00   |    2     |    7.72 ( 0.00%)   |   -8868.80    |   18767.89    |    18763.31     |
|B_1_617_2_K444N_EPI_ISL_10510404...|   0.00   |    2     |   1.00 (100.00%)   |   -8868.80    |   18767.89    |    18763.31     |
|B_1_617_2_T95_L452_EPI_ISL_29878...|   0.00   |    2     |   1.00 (100.00%)   |   -8868.80    |   18767.89    |    18763.31     |
|              Node134              |   0.00   |    2     |    7.72 ( 0.00%)   |   -8868.80    |   18767.89    |    18763.31     |
|              Node109              |   0.00   |    2     |   1.00 (100.00%)   |   -8868.80    |   18767.89    |    18763.31     |
|  B_1_617_2_L18F_EPI_ISL_10153498  |   0.00   |    2     |  >1000 (100.00%)   |   -8868.52    |   18767.33    |    18763.31     |
|B_1_617_2_I850L_EPI_ISL_10007287...|   0.00   |    2     |   1.00 (100.00%)   |   -8868.80    |   18767.89    |    18763.31     |
|B_1_617_2_S494L_EPI_ISL_11297838...|   0.00   |    2     |    7.72 ( 0.00%)   |   -8868.80    |   18767.89    |    18763.31     |
|B_1_617_2_S256L_EPI_ISL_11206816...|   0.00   |    2     |   1.00 (100.00%)   |   -8868.80    |   18767.89    |    18763.31     |
|B_1_617_2_T95_P251L_EPI_ISL_1001...|   0.00   |    2     |   1.00 (100.00%)   |   -8868.80    |   18767.89    |    18763.31     |
|              Node113              |   0.00   |    2     |  >1000 (100.00%)   |   -8868.52    |   18767.33    |    18763.31     |
|  B_1_617_2_V70F_EPI_ISL_10160114  |   0.00   |    2     |   1.00 (100.00%)   |   -8868.80    |   18767.89    |    18763.31     |
|B_1_617_2_S255F_EPI_ISL_10033451...|   0.00   |    2     |   1.00 (100.00%)   |   -8868.80    |   18767.89    |    18763.31     |
|B_1_617_2_A222V_Q613H_EPI_ISL_10...|   0.00   |    2     |   1.00 (100.00%)   |   -8868.80    |   18767.89    |    18763.31     |
|B_1_617_2_R20I_T95_EPI_ISL_10172...|   0.00   |    2     |  >1000 (100.00%)   |   -8868.52    |   18767.33    |    18763.31     |
|              Node99               |   0.00   |    2     |   1.00 (100.00%)   |   -8868.80    |   18767.89    |    18763.31     |
|B_1_617_2_Y145H_A222V_V1264L_EPI...|   0.00   |    2     |    7.72 ( 0.00%)   |   -8868.80    |   18767.89    |    18763.31     |
|              Node137              |   0.00   |    2     |   1.00 (100.00%)   |   -8868.80    |   18767.89    |    18763.31     |
|B_1_617_2_L1141F_EPI_ISL_1015625...|   0.00   |    2     |    7.72 ( 0.00%)   |   -8868.80    |   18767.89    |    18763.31     |
|B_1_617_2_D253G_EPI_ISL_10302057...|   0.00   |    2     |   1.00 (100.00%)   |   -8868.80    |   18767.89    |    18763.31     |
|B_1_617_2_E484A_EPI_ISL_11052514...|   0.00   |    2     |   1.00 (100.00%)   |   -8868.80    |   18767.89    |    18763.31     |
|              Node96               |   0.00   |    2     |   1.00 (100.00%)   |   -8868.80    |   18767.89    |    18763.31     |
|B_1_617_2_T95_A222V_N1074S_V1264...|   0.00   |    2     |  860.29 (100.00%)  |   -8868.52    |   18767.33    |    18763.31     |
|B_1_617_2_T95_L455F_EPI_ISL_3125...|   0.00   |    2     |   1.00 (100.00%)   |   -8868.80    |   18767.89    |    18763.31     |
|              Node92               |   0.00   |    2     |   1.00 (100.00%)   |   -8868.80    |   18767.89    |    18763.31     |
|  B_1_617_2_N148S_EPI_ISL_2682118  |   0.00   |    2     |    7.72 ( 0.00%)   |   -8868.80    |   18767.89    |    18763.31     |
|B_1_617_2_Q675H_EPI_ISL_10077460...|   0.00   |    2     |   1.00 (100.00%)   |   -8868.80    |   18767.89    |    18763.31     |
|              Node214              |   0.00   |    2     |   1.00 (100.00%)   |   -8868.80    |   18767.89    |    18763.31     |
|B_1_617_2_T95_S112L_S477G_EPI_IS...|   0.00   |    2     |  860.29 (100.00%)  |   -8868.52    |   18767.33    |    18763.31     |
|  B_1_617_2_G142_EPI_ISL_10005803  |   0.00   |    2     |   1.00 (100.00%)   |   -8868.80    |   18767.89    |    18763.31     |
|B_1_617_2_T95_T791I_EPI_ISL_2811...|   0.00   |    2     |   1.00 (100.00%)   |   -8868.80    |   18767.89    |    18763.31     |
|B_1_617_2_V36F_Y145H_A222V_EPI_I...|   0.00   |    2     |  860.29 (100.00%)  |   -8868.52    |   18767.33    |    18763.31     |
|  B_1_617_2_Q414H_EPI_ISL_2392330  |   0.00   |    2     |   1.00 (100.00%)   |   -8868.80    |   18767.89    |    18763.31     |
|              Node210              |   0.00   |    2     |   1.00 (100.00%)   |   -8868.80    |   18767.89    |    18763.31     |
|B_1_617_2_T29A_T95_T250I_T299I_Q...|   0.00   |    2     |  860.29 (100.00%)  |   -8868.52    |   18767.33    |    18763.31     |
|BA_1_R346K_I666S_V736G_C738W_I99...|   0.00   |    2     |   1.00 (100.00%)   |   -8868.79    |   18767.88    |    18763.31     |
|              Node47               |   0.00   |    2     |    7.72 ( 0.00%)   |   -8868.80    |   18767.89    |    18763.31     |
|    P_1_9_Q675H_EPI_ISL_2187251    |   0.00   |    2     |   1.00 (100.00%)   |   -8868.80    |   18767.89    |    18763.31     |
|              Node57               |   0.00   |    2     |  >1000 (100.00%)   |   -8868.52    |   18767.33    |    18763.31     |
|              Node355              |   0.00   |    2     |  >1000 (100.00%)   |   -8868.52    |   18767.33    |    18763.31     |
|               Node7               |   0.00   |    2     |  >1000 (100.00%)   |   -8868.52    |   18767.33    |    18763.31     |
|              Node334              |   0.00   |    2     |  688.06 (100.00%)  |   -8868.52    |   18767.33    |    18763.31     |
|               Node9               |   0.00   |    2     |  952.51 (100.00%)  |   -8868.52    |   18767.33    |    18763.31     |
|              Node323              |   0.00   |    2     |  >1000 (100.00%)   |   -8868.52    |   18767.33    |    18763.31     |
|              Node329              |   0.00   |    2     |  754.34 (100.00%)  |   -8868.52    |   18767.33    |    18763.31     |
|        P_2_EPI_ISL_1000677        |   0.00   |    2     |  952.51 (100.00%)  |   -8868.52    |   18767.33    |    18763.31     |
|              Node67               |   0.00   |    2     |  788.17 (100.00%)  |   -8868.52    |   18767.33    |    18763.31     |
|              Node280              |   0.00   |    2     |  >1000 (100.00%)   |   -8868.52    |   18767.33    |    18763.31     |
|              Node337              |   0.00   |    2     |  409.77 (100.00%)  |   -8868.52    |   18767.33    |    18763.31     |
|BA_2_L24_P25_P26_A27_EPI_ISL_100...|   0.00   |    2     |    7.72 ( 0.00%)   |   -8868.80    |   18767.89    |    18763.31     |
|              Node343              |   0.00   |    2     |  >1000 (100.00%)   |   -8868.52    |   18767.33    |    18763.31     |
|   B_1_621_K417N_EPI_ISL_2818170   |   0.00   |    2     |   1.00 (100.00%)   |   -8868.80    |   18767.89    |    18763.31     |
|              Node76               |   0.00   |    2     |    0.25 ( 2.00%)   |   -8873.80    |   18777.90    |    18763.31     |
|              Node349              |   0.00   |    2     |  898.47 (100.00%)  |   -8868.52    |   18767.33    |    18763.31     |
|              Node244              |   0.00   |    2     |  703.18 (100.00%)  |   -8868.52    |   18767.33    |    18763.31     |
|              Node240              |   0.00   |    2     |   1.00 (100.00%)   |   -8868.80    |   18767.89    |    18763.31     |
|              Node248              |   0.00   |    2     |    7.72 ( 0.00%)   |   -8868.80    |   18767.89    |    18763.31     |
|              Node246              |   0.00   |    2     |   >1000 (18.27%)   |   -8868.52    |   18767.33    |    18763.31     |
|               Node2               |   0.00   |    2     |  186.12 (100.00%)  |   -8868.52    |   18767.33    |    18763.31     |
|              Node72               |   0.00   |    2     |    0.18 (31.40%)   |   -8872.08    |   18774.46    |    18763.31     |
|B_1_617_2_E484Q_EPI_ISL_10165790...|   0.00   |    2     |    0.25 ( 2.00%)   |   -8869.55    |   18769.40    |    18763.31     |
|              Node145              |   0.00   |    2     |    0.25 ( 2.00%)   |   -8868.95    |   18768.19    |    18763.31     |
|BA_1_K417_N440_G446_EPI_ISL_1007...|   0.00   |    2     |    0.25 ( 2.00%)   |   -8868.52    |   18767.33    |    18763.31     |
|    BA_1_K417_EPI_ISL_10016584     |   0.00   |    2     |    0.25 ( 2.00%)   |   -8868.52    |   18767.33    |    18763.31     |
|BA_1_I666S_V736G_C738W_I993S_Y12...|   0.00   |    2     |    0.25 ( 2.00%)   |   -8868.52    |   18767.33    |    18763.31     |
|BA_1_N211_L212_214_G339_S371_S37...|   0.00   |    2     |    0.25 ( 2.00%)   |   -8868.52    |   18767.33    |    18763.31     |
|BA_1_214GAR_D215N_EPI_ISL_102400...|   0.00   |    2     |    0.25 ( 2.00%)   |   -8868.52    |   18767.33    |    18763.31     |
|B_1_617_2_T95_G142_H69_V70_Y144_...|   0.00   |    2     |    0.25 ( 2.00%)   |   -8868.52    |   18767.33    |    18763.31     |
|    BA_1_A701V_EPI_ISL_10000009    |   0.00   |    2     |    0.25 ( 2.00%)   |   -8868.52    |   18767.33    |    18763.31     |
|     BA_1_214_EPI_ISL_10007028     |   0.00   |    2     |    0.25 ( 2.00%)   |   -8868.52    |   18767.33    |    18763.31     |
|  ALPHA_B_1_1_7_Q_EPI_ISL_1000001  |   0.00   |    2     |    0.25 ( 2.00%)   |   -8868.52    |   18767.33    |    18763.31     |
|BA_1_K417_N440_G446_L452R_EPI_IS...|   0.00   |    2     |    0.25 ( 2.00%)   |   -8868.52    |   18767.33    |    18763.31     |
|B_1_617_2_T95_G142_E156_F157_R15...|   0.00   |    2     |    0.25 ( 2.00%)   |   -8868.52    |   18767.33    |    18763.31     |
|B_1_617_2_K77T_T95_EPI_ISL_10033...|   0.00   |    2     |    0.25 ( 2.00%)   |   -8868.52    |   18767.33    |    18763.31     |
|B_1_617_2_T95_A222V_V1264L_EPI_I...|   0.00   |    2     |    0.25 ( 2.00%)   |   -8868.52    |   18767.33    |    18763.31     |
|  B_1_617_2_T95_EPI_ISL_10005534   |   0.00   |    2     |    0.25 ( 2.00%)   |   -8868.52    |   18767.33    |    18763.31     |
|B_1_617_2_S112L_EPI_ISL_10019577...|   0.00   |    2     |    0.25 ( 2.00%)   |   -8868.52    |   18767.33    |    18763.31     |
|B_1_526_BASELINE_EPI_ISL_1009654...|   0.00   |    2     |    0.25 ( 2.00%)   |   -8868.52    |   18767.33    |    18763.31     |
|B_1_617_2_T29A_T95_T250I_EPI_ISL...|   0.00   |    2     |    0.25 ( 2.00%)   |   -8868.52    |   18767.33    |    18763.31     |
|BA_1_OMICRON_BASELINE_EPI_ISL_10...|   0.00   |    2     |    0.25 ( 2.00%)   |   -8868.52    |   18767.33    |    18763.31     |
|      B_1_526_EPI_ISL_1009654      |   0.00   |    2     |    0.25 ( 2.00%)   |   -8868.52    |   18767.33    |    18763.31     |
|B_1_617_2_DELTA_BASELINE_EPI_ISL...|   0.00   |    2     |    0.25 ( 2.00%)   |   -8868.52    |   18767.33    |    18763.31     |
|B_1_617_2_T95_A222V_EPI_ISL_1003...|   0.00   |    2     |    0.25 ( 2.00%)   |   -8868.52    |   18767.33    |    18763.31     |
|BA_1_R346K_BA_1_1_EPI_ISL_100000...|   0.00   |    2     |    0.25 ( 2.00%)   |   -8868.52    |   18767.33    |    18763.31     |
|   BETA_B_1_351_EPI_ISL_1005538    |   0.00   |    2     |    0.25 ( 2.00%)   |   -8868.52    |   18767.33    |    18763.31     |
|BA_2_212SGR_OR_COULD_BE_WRITTEN_...|   0.00   |    2     |    0.25 ( 2.00%)   |   -8868.52    |   18767.33    |    18763.31     |
|BA_2_OMICRON_BASELINE_EPI_ISL_10...|   0.00   |    2     |    0.25 ( 2.00%)   |   -8868.52    |   18767.33    |    18763.31     |
|B_1_1_7_ALPHA_BASELINE_EPI_ISL_1...|   0.00   |    2     |    0.25 ( 2.00%)   |   -8868.52    |   18767.33    |    18763.31     |
|    BA_2_N408_EPI_ISL_10034943     |   0.00   |    2     |    0.25 ( 2.00%)   |   -8868.52    |   18767.33    |    18763.31     |
|B_1_621_BASELINE_EPI_ISL_1008035...|   0.00   |    2     |    0.25 ( 2.00%)   |   -8868.52    |   18767.33    |    18763.31     |
|   B_1_1_318_AZ_EPI_ISL_10010857   |   0.00   |    2     |    0.25 ( 2.00%)   |   -8868.52    |   18767.33    |    18763.31     |
|       BA_2_EPI_ISL_10000005       |   0.00   |    2     |    0.25 ( 2.00%)   |   -8868.52    |   18767.33    |    18763.31     |
|B_1_617_2_Y145H_A222V_EPI_ISL_10...|   0.00   |    2     |    0.25 ( 2.00%)   |   -8868.52    |   18767.33    |    18763.31     |
|B_1_617_2_T95_G142_H69_V70_Y144_...|   0.00   |    2     |    0.25 ( 2.00%)   |   -8868.52    |   18767.33    |    18763.31     |
|  B_1_617_2_Y144_EPI_ISL_10157229  |   0.00   |    2     |    0.25 ( 2.00%)   |   -8868.52    |   18767.33    |    18763.31     |
|B_1_617_2_T95_V1264L_EPI_ISL_101...|   0.00   |    2     |    0.25 ( 2.00%)   |   -8868.52    |   18767.33    |    18763.31     |
|NC_045512_SPIKE_SURFACE_GLYCOPRO...|   0.00   |    2     |    0.25 ( 2.00%)   |   -8868.52    |   18767.33    |    18763.31     |
|B_1_617_2_T95_W258L_EPI_ISL_1008...|   0.00   |    2     |    0.25 ( 2.00%)   |   -8868.52    |   18767.33    |    18763.31     |
|    MU_B_1_621_EPI_ISL_10080356    |   0.00   |    2     |    0.25 ( 2.00%)   |   -8868.52    |   18767.33    |    18763.31     |
|   B_1_1_7_E484K_EPI_ISL_1018343   |   0.00   |    2     |    0.25 ( 2.00%)   |   -8868.52    |   18767.33    |    18763.31     |
|     GAMMA_P_1_EPI_ISL_1000993     |   0.00   |    2     |    0.25 ( 2.00%)   |   -8868.52    |   18767.33    |    18763.31     |
|C_37_LAMBDA_BASELINE_EPI_ISL_100...|   0.00   |    2     |    0.25 ( 2.00%)   |   -8868.52    |   18767.33    |    18763.31     |
|   LAMBDA_C_37_EPI_ISL_10072009    |   0.00   |    2     |    0.25 ( 2.00%)   |   -8868.52    |   18767.33    |    18763.31     |
|DELTA_B_1_617_2_AY_EPI_ISL_10004...|   0.00   |    2     |    0.25 ( 2.00%)   |   -8868.52    |   18767.33    |    18763.31     |
|   P_1_4_N679K_EPI_ISL_11294218    |   0.00   |    2     |    0.25 ( 2.00%)   |   -8868.52    |   18767.33    |    18763.31     |
|B_1_351_BETA_BASELINE_EPI_ISL_10...|   0.00   |    2     |    0.25 ( 2.00%)   |   -8868.52    |   18767.33    |    18763.31     |
|BA_1_N211_L212_214_G339_S371_S37...|   0.00   |    2     |    0.25 ( 2.00%)   |   -8868.52    |   18767.33    |    18763.31     |
|   P_1_7_P681H_EPI_ISL_10101603    |   0.00   |    2     |    0.25 ( 2.00%)   |   -8868.52    |   18767.33    |    18763.31     |
|      C_36_3_EPI_ISL_11100917      |   0.00   |    2     |    0.25 ( 2.00%)   |   -8868.52    |   18767.33    |    18763.31     |
|P_1_GAMMA_BASELINE_EPI_ISL_10009...|   0.00   |    2     |    0.25 ( 2.00%)   |   -8868.52    |   18767.33    |    18763.31     |
|C_36_3_BASELINE_EPI_ISL_11100917...|   0.00   |    2     |    0.25 ( 2.00%)   |   -8868.52    |   18767.33    |    18763.31     |
|OMICRON_B_1_1_529_BA_BA_1_EPI_IS...|   0.00   |    2     |    0.25 ( 2.00%)   |   -8868.52    |   18767.33    |    18763.31     |
|   B_1_1_7_F490S_EPI_ISL_1007040   |   0.00   |    2     |    0.25 ( 2.00%)   |   -8868.52    |   18767.33    |    18763.31     |

### Rate class analyses summary
*  239 branches with **1** rate classes
*  5 branches with **2** rate classes

### Annotated Tree
((B_1_1_523_EPI_ISL_11267908{1},B_1_619_EPI_ISL_2131789{1})Node2{1},P_2_EPI_ISL_1000677{1},((B_1_1_318_AZ_EPI_ISL_10010857{1},AZ_5_EPI_ISL_10047537{1})Node344{1},(B_1_526_E484_S477N_Q957R_EPI_ISL_1015702{1},(B_1_526_EPI_ISL_1009654{1},B_1_526_BASELINE_EPI_ISL_1009654{1})Node349{1})Node347{1})Node343{1},B_1_EPI_ISL_2958387{1},R_1_EPI_ISL_1010709{1},(N_10_EPI_ISL_1181370{2},AT_1_EPI_ISL_1491610{1})Node355{1},((B_1_351_L18F_EPI_ISL_1001463{1},B_1_351_BETA_BASELINE_EPI_ISL_1005538{1},BETA_B_1_351_EPI_ISL_1005538{1})Node61{1},(P_3_EPI_ISL_1073934{1},(B_1_620_EPI_ISL_10010858{1},((B_1_1_7_T20I_EPI_ISL_1000946{1},B_1_1_7_ALPHA_BASELINE_EPI_ISL_1000001{1},ALPHA_B_1_1_7_Q_EPI_ISL_1000001{1},B_1_1_7_Y449N_EPI_ISL_1913212{1},B_1_1_7_G142V_EPI_ISL_1000652{1},B_1_1_7_W152R_EPI_ISL_1005892{1},B_1_1_7_N440S_EPI_ISL_2006667{1},(B_1_1_7_L5F_F490S_EPI_ISL_10301586{1},B_1_1_7_F490S_EPI_ISL_1007040{1})Node30{1})Node18{1},B_1_1_7_A67V_K417R_E484K_K1191N_EPI_ISL_1679507{1},B_1_1_7_E484K_EPI_ISL_1018343{1})Node14{1})Node12{1},(B_1_621_K417N_EPI_ISL_2818170{1},B_1_621_BASELINE_EPI_ISL_10080356{1},MU_B_1_621_EPI_ISL_10080356{1})Node35{1})Node9{1},((C_1_2_EPI_ISL_3132623{1},(B_1_640_2_EPI_ISL_7181977{1},B_1_640_1_EPI_ISL_10352750{2})Node43{1})Node41{1},((P_1_8_T470N_P681R_EPI_ISL_2983341{1},P_1_7_P681H_EPI_ISL_10101603{1})Node47{1},GAMMA_P_1_EPI_ISL_1000993{1},P_1_3_L141_G142_V143_Y144_EPI_ISL_2777314{1},P_1_GAMMA_BASELINE_EPI_ISL_1000993{1},(P_1_4_R246G_N679K_EPI_ISL_10328973{1},P_1_4_N679K_EPI_ISL_11294218{1})Node57{1},P_1_9_Q675H_EPI_ISL_2187251{1})Node46{1})Node40{1})Node7{1},((P_4_EPI_ISL_1625983{1},B_1_429_B_1_427_EPI_ISL_10031346{1},(A_27_EPI_ISL_10046311{1},B_1_630_EPI_ISL_10657899{1})Node72{1},((C_37_Q675H_EPI_ISL_1281953{1},C_37_LAMBDA_BASELINE_EPI_ISL_10072009{1},LAMBDA_C_37_EPI_ISL_10072009{1})Node77{2},B_1_637_EPI_ISL_1016114{1})Node76{1},(C_36_3_1_S477N_A845S_EPI_ISL_1653201{1},C_36_3_BASELINE_EPI_ISL_11100917{1},C_36_3_EPI_ISL_11100917{1})Node315{1},(((((B_1_617_2_G142_EPI_ISL_10005803{1},(B_1_617_2_V70I_T95_EPI_ISL_10077792{1},(B_1_617_2_W258L_K417N_EPI_ISL_10239260{1},B_1_617_2_T95_W258L_EPI_ISL_10083525{1})Node134{1},(B_1_617_2_S477I_EPI_ISL_10159748{1},B_1_617_2_Y248H_EPI_ISL_11140542{1},B_1_617_2_P809S_EPI_ISL_10019652{1},(B_1_617_2_E484Q_EPI_ISL_10165790{1},B_1_617_2_E484K_EPI_ISL_4011209{1})Node145{1},B_1_617_2_H655Y_EPI_ISL_10156347{1},B_1_617_2_Y144_EPI_ISL_10157229{1},B_1_617_2_V16F_I1179V_EPI_ISL_10160241{1},B_1_617_2_P1162S_EPI_ISL_10153453{1},B_1_617_2_S494L_EPI_ISL_11297838{1},B_1_617_2_V70F_EPI_ISL_10160114{1},B_1_617_2_G446V_EPI_ISL_10098575{1},B_1_617_2_T250N_EPI_ISL_10157097{1},B_1_617_2_Q675H_EPI_ISL_10077460{1},B_1_617_2_DELTA_BASELINE_EPI_ISL_10004745{1},B_1_617_2_D138H_EPI_ISL_10153441{1},B_1_617_2_L1141F_EPI_ISL_10156255{1},B_1_617_2_K97N_EPI_ISL_10157499{1},B_1_617_2_S255F_EPI_ISL_10033451{1},B_1_617_2_Q677H_EPI_ISL_10065167{1},B_1_617_2_D253G_EPI_ISL_10302057{1},B_1_617_2_L18F_EPI_ISL_10153498{1},B_1_617_2_Q414H_EPI_ISL_2392330{1},B_1_617_2_N148S_EPI_ISL_2682118{1},(B_1_617_2_Y145H_A222V_V1264L_EPI_ISL_10014590{1},B_1_617_2_V36F_Y145H_A222V_EPI_ISL_10164032{1},B_1_617_2_Y145H_A222V_EPI_ISL_10007289{1})Node187{1},DELTA_B_1_617_2_AY_EPI_ISL_10004745{1},B_1_617_2_E484A_EPI_ISL_11052514{1},B_1_617_2_V1104L_EPI_ISL_10005059{1},B_1_617_2_I850L_EPI_ISL_10007287{1},B_1_617_2_A1078S_EPI_ISL_10162493{1},B_1_617_2_T51I_EPI_ISL_10007595{1},B_1_617_2_K444N_EPI_ISL_10510404{1},B_1_617_2_N501Y_P681H_EPI_ISL_3399822{1},B_1_617_2_S256L_EPI_ISL_11206816{1})Node137{1},((B_1_617_2_T29A_T95_T250I_Q613H_EPI_ISL_10619598{1},B_1_617_2_T29A_T95_T250I_T299I_Q613H_EPI_ISL_10315261{1})Node210{1},B_1_617_2_T29A_T95_T250I_EPI_ISL_10032622{1})Node209{1},(B_1_617_2_S112L_EPI_ISL_10019577{1},B_1_617_2_T95_S112L_S477G_EPI_ISL_2785874{1})Node214{1},B_1_617_2_R20I_T95_EPI_ISL_10172478{1},B_1_617_2_T95_V362F_EPI_ISL_2513971{1},B_1_617_2_T95_L244S_EPI_ISL_10640498{1},B_1_617_2_W258R_A1078S_EPI_ISL_10613938{1},B_1_617_2_T95_EPI_ISL_10005534{1},B_1_617_2_T95_L455F_EPI_ISL_3125708{1},(B_1_617_2_T95_K77T_E484Q_EPI_ISL_10842950{1},B_1_617_2_K77T_T95_EPI_ISL_10033693{1})Node109{1},(B_1_617_2_A222V_Q613H_EPI_ISL_10079226{1},B_1_617_2_T95_V70F_A222V_K417N_EPI_ISL_10954976{1},B_1_617_2_T95_A222V_V289I_EPI_ISL_10019681{1},B_1_617_2_T95_A222V_EPI_ISL_10033438{1},B_1_617_2_R21T_T95_A222V_EPI_ISL_11141270{1},B_1_617_2_T95_A222V_D253A_D979E_EPI_ISL_10146046{1},B_1_617_2_T95_A222V_V367L_EPI_ISL_10328807{1},B_1_617_2_T95_A222V_A262S_EPI_ISL_2690384{1},B_1_617_2_T95_A222V_T250S_EPI_ISL_2896249{1})Node113{1},B_1_617_2_T95_P251L_EPI_ISL_10019816{1},(B_1_617_2_T95_L1234I_V1264L_EPI_ISL_10297349{1},(B_1_617_2_T95_A222V_N1074S_V1264L_EPI_ISL_10020013{1},B_1_617_2_T95_A222V_V1264L_EPI_ISL_10209492{1})Node99{1},B_1_617_2_T95_V1264L_EPI_ISL_10145344{1})Node96{1},B_1_617_2_T22I_A67V_T95_EPI_ISL_11059025{1})Node92{1},B_1_617_2_T95_L452_EPI_ISL_2987893{1},B_1_617_2_T95_T791I_EPI_ISL_2811419{1})Node89{1},B_1_617_2_T95_G142_H69_V70_Y144_EPI_ISL_2356626{1})Node88{1},B_1_617_2_T95_G142_H69_V70_Y144_E156_F157_R158_EPI_ISL_2192796{1})Node87{1},B_1_617_2_T95_G142_E156_F157_R158_EPI_ISL_10182825{1})Node86{1},(((((BA_1_K417_N440_G446_L452R_EPI_ISL_10145348{1},((BA_1_N211_L212_214_V213G_T376A_D405N_R408S_T376A_D405N_R408S_K417_N440_EPI_ISL_10121312{1},(BA_1_K417_EPI_ISL_10016584{1},(B_1_1_617_L452_N211_L212I_214EPE_G339D_S371L_S373P_S375F_K417N_N440K_G446S_S477N_T478K_E484A_Q493R_G496S_Q498R_N501Y_Y505H_T547K_D614G_H655Y_N679K_P681H_N764K_D796Y_N856K_D950_Q954H_N969K_L981F_EPI_ISL_10207240{1},(BA_1_R346K_E484V_EPI_ISL_10032318{1},BA_1_R346K_BA_1_1_EPI_ISL_10000001{1})Node252{1},(BA_1_A701V_EPI_ISL_10000009{1},BA_1_E484V_EPI_ISL_10188124{1},BA_1_F643L_A701V_EPI_ISL_10000156{1})Node255{1},BA_1_OMICRON_BASELINE_EPI_ISL_10000028{1},OMICRON_B_1_1_529_BA_BA_1_EPI_ISL_10000028{1},(BA_1_R346K_I666S_V736G_C738W_I993S_Y1272D_EPI_ISL_9509444{1},BA_1_I666S_V736G_C738W_I993S_Y1272D_EPI_ISL_9509467{1})Node265{1},BA_1_I1081V_EPI_ISL_10000045{1},((BA_2_N408_EPI_ISL_10034943{1},((BA_2_L24_P25_P26_A27_EPI_ISL_10010992{1},BA_2XBA_1_BA_2_A67V_H69_V70_EPI_ISL_10019568{1},BA_2_E484V_EPI_ISL_10857825{1},BA_2_212SGR_OR_COULD_BE_WRITTEN_AS_213_GRG_EPI_ISL_10013634{1},BA_2XBA_1_1_BA_2_R346K_T376_EPI_ISL_10003562{1},BA_2_P1162S_EPI_ISL_10014673{1})Node298{1},BA_2_S787H_EPI_ISL_10000916{1},BA_2_P1162L_EPI_ISL_10027138{1},BA_2_OMICRON_BASELINE_EPI_ISL_10000005{1},BA_2_EPI_ISL_10000005{1},BA_2_M1229I_EPI_ISL_10055581{1},BA_2_N440_EPI_ISL_10005315{1},BA_2_I1221T_EPI_ISL_10000574{1},BA_2_A846G_EPI_ISL_10002943{1},BA_2_S704L_EPI_ISL_10001682{1})Node280{1})Node278{1},BA_3_EPI_ISL_10007901{1})Node277{1},BA_1_N211_L212_214_EPI_ISL_10012936{1},(BA_1_214GAR_D215N_EPI_ISL_10222778{1},BA_1_214GAR_D215N_EPI_ISL_10240037{1})Node273{2},BA_1_214_EPI_ISL_10007028{1})Node248{1})Node246{1})Node244{1},BA_1_K417_N440_G446_EPI_ISL_10072811{1},BA_1_1_R346K_K417_N440_G446_EPI_ISL_10044070{1})Node240{1})Node238{1},BA_1_N211_L212_214_G339_S371_S373_S375_K417_N440_G446_L452R_EPI_ISL_8524423{1})Node237{1},BA_1_E156_F157_R158G_N211_L212_214_G339_S371_S373_S375_K417_N440_G446_L452R_S477_E484_Q493_G496_Q498_N501_Y505_EPI_ISL_10228808{1},BA_1_N211_L212_214_G339_S371_S373_S375_K417_N440_G446_L452R_S477_E484_Q493_G496_Q498_N501_Y505_EPI_ISL_8119611{1})Node233{1},BA_1_G339_S371_S373_S375_K417_N440_G446_L452R_S477_E484_Q493_G496_Q498_N501_Y505_T547_H655_N679_P681R_EPI_ISL_8746594{1})Node232{1},B_1_617_1_EPI_ISL_10127326{1})Node231{1})Node85{1},A_2_5_EPI_ISL_3037842{1})Node68{2},(B_1_1_284_EPI_ISL_1041949{1},B_1_234_EPI_ISL_1016643{1})Node337{1},(B_1_258_17_EPI_ISL_1001674{1},B_1_466_2_EPI_ISL_1010700{1})Node323{1},B_1_177_82_EPI_ISL_1000202{1},(A_23_1_EPI_ISL_10138371{1},NC_045512_SPIKE_SURFACE_GLYCOPROTEIN{1})Node329{1},B_1_214_2_EPI_ISL_1033870{1},(B_1_575_EPI_ISL_1009066{1},B_1_1_519_EPI_ISL_1002604{1})Node334{1})Node67{1},B_1_525_EPI_ISL_1000437{1})

----

```
 |B_1_1_523_EPI_ISL_11267908 (1)
|+Node2 (1)
||B_1_619_EPI_ISL_2131789 (1)
|P_2_EPI_ISL_1000677 (1)
| |B_1_1_318_AZ_EPI_ISL_10010857 (1)
||+Node344 (1)
|||AZ_5_EPI_ISL_10047537 (1)
|+Node343 (1)
|||B_1_526_E484_S477N_Q957R_EPI_ISL_1015702 (1)
||+Node347 (1)
| ||B_1_526_EPI_ISL_1009654 (1)
| |+Node349 (1)
|  |B_1_526_BASELINE_EPI_ISL_1009654 (1)
|B_1_EPI_ISL_2958387 (1)
|R_1_EPI_ISL_1010709 (1)
||N_10_EPI_ISL_1181370 (2)
|+Node355 (1)
||AT_1_EPI_ISL_1491610 (1)
| |B_1_351_L18F_EPI_ISL_1001463 (1)
||+Node61 (1)
|||B_1_351_BETA_BASELINE_EPI_ISL_1005538 (1)
|||BETA_B_1_351_EPI_ISL_1005538 (1)
|+Node7 (1)
|||P_3_EPI_ISL_1073934 (1)
||+Node9 (1)
||||B_1_620_EPI_ISL_10010858 (1)
|||+Node12 (1)
|||| |B_1_1_7_T20I_EPI_ISL_1000946 (1)
|||| |B_1_1_7_ALPHA_BASELINE_EPI_ISL_1000001 (1)
|||| |ALPHA_B_1_1_7_Q_EPI_ISL_1000001 (1)
|||| |B_1_1_7_Y449N_EPI_ISL_1913212 (1)
|||||+Node18 (1)
||||||B_1_1_7_G142V_EPI_ISL_1000652 (1)
||||||B_1_1_7_W152R_EPI_ISL_1005892 (1)
||||||B_1_1_7_N440S_EPI_ISL_2006667 (1)
|||||||B_1_1_7_L5F_F490S_EPI_ISL_10301586 (1)
||||||+Node30 (1)
||||| |B_1_1_7_F490S_EPI_ISL_1007040 (1)
||||+Node14 (1)
||| |B_1_1_7_A67V_K417R_E484K_K1191N_EPI_ISL_1679507 (1)
||| |B_1_1_7_E484K_EPI_ISL_1018343 (1)
||||B_1_621_K417N_EPI_ISL_2818170 (1)
|||+Node35 (1)
|| |B_1_621_BASELINE_EPI_ISL_10080356 (1)
|| |MU_B_1_621_EPI_ISL_10080356 (1)
|| |C_1_2_EPI_ISL_3132623 (1)
|||+Node41 (1)
|||||B_1_640_2_EPI_ISL_7181977 (1)
||||+Node43 (1)
||| |B_1_640_1_EPI_ISL_10352750 (2)
||+Node40 (1)
| | |P_1_8_T470N_P681R_EPI_ISL_2983341 (1)
| ||+Node47 (1)
| |||P_1_7_P681H_EPI_ISL_10101603 (1)
| ||GAMMA_P_1_EPI_ISL_1000993 (1)
| ||P_1_3_L141_G142_V143_Y144_EPI_ISL_2777314 (1)
| |+Node46 (1)
|  |P_1_GAMMA_BASELINE_EPI_ISL_1000993 (1)
|  ||P_1_4_R246G_N679K_EPI_ISL_10328973 (1)
|  |+Node57 (1)
|  ||P_1_4_N679K_EPI_ISL_11294218 (1)
|  |P_1_9_Q675H_EPI_ISL_2187251 (1)
| |P_4_EPI_ISL_1625983 (1)
| |B_1_429_B_1_427_EPI_ISL_10031346 (1)
| ||A_27_EPI_ISL_10046311 (1)
| |+Node72 (1)
| ||B_1_630_EPI_ISL_10657899 (1)
||+Node68 (2)
||| |C_37_Q675H_EPI_ISL_1281953 (1)
||||+Node77 (2)
|||||C_37_LAMBDA_BASELINE_EPI_ISL_10072009 (1)
|||||LAMBDA_C_37_EPI_ISL_10072009 (1)
|||+Node76 (1)
||||B_1_637_EPI_ISL_1016114 (1)
||||C_36_3_1_S477N_A845S_EPI_ISL_1653201 (1)
|||+Node315 (1)
||||C_36_3_BASELINE_EPI_ISL_11100917 (1)
||||C_36_3_EPI_ISL_11100917 (1)
|||    |B_1_617_2_G142_EPI_ISL_10005803 (1)
|||    ||B_1_617_2_V70I_T95_EPI_ISL_10077792 (1)
|||    |||B_1_617_2_W258L_K417N_EPI_ISL_10239260 (1)
|||    ||+Node134 (1)
|||    |||B_1_617_2_T95_W258L_EPI_ISL_10083525 (1)
|||    |||B_1_617_2_S477I_EPI_ISL_10159748 (1)
|||    |||B_1_617_2_Y248H_EPI_ISL_11140542 (1)
|||    |||B_1_617_2_P809S_EPI_ISL_10019652 (1)
|||    ||||B_1_617_2_E484Q_EPI_ISL_10165790 (1)
|||    |||+Node145 (1)
|||    ||||B_1_617_2_E484K_EPI_ISL_4011209 (1)
|||    |||B_1_617_2_H655Y_EPI_ISL_10156347 (1)
|||    |||B_1_617_2_Y144_EPI_ISL_10157229 (1)
|||    |||B_1_617_2_V16F_I1179V_EPI_ISL_10160241 (1)
|||    |||B_1_617_2_P1162S_EPI_ISL_10153453 (1)
|||    |||B_1_617_2_S494L_EPI_ISL_11297838 (1)
|||    |||B_1_617_2_V70F_EPI_ISL_10160114 (1)
|||    |||B_1_617_2_G446V_EPI_ISL_10098575 (1)
|||    |||B_1_617_2_T250N_EPI_ISL_10157097 (1)
|||    |||B_1_617_2_Q675H_EPI_ISL_10077460 (1)
|||    |||B_1_617_2_DELTA_BASELINE_EPI_ISL_10004745 (1)
|||    |||B_1_617_2_D138H_EPI_ISL_10153441 (1)
|||    |||B_1_617_2_L1141F_EPI_ISL_10156255 (1)
|||    ||+Node137 (1)
|||    |||B_1_617_2_K97N_EPI_ISL_10157499 (1)
|||    |||B_1_617_2_S255F_EPI_ISL_10033451 (1)
|||    |||B_1_617_2_Q677H_EPI_ISL_10065167 (1)
|||    |||B_1_617_2_D253G_EPI_ISL_10302057 (1)
|||    |||B_1_617_2_L18F_EPI_ISL_10153498 (1)
|||    |||B_1_617_2_Q414H_EPI_ISL_2392330 (1)
|||    |||B_1_617_2_N148S_EPI_ISL_2682118 (1)
|||    ||||B_1_617_2_Y145H_A222V_V1264L_EPI_ISL_10014590 (1)
|||    |||+Node187 (1)
|||    ||||B_1_617_2_V36F_Y145H_A222V_EPI_ISL_10164032 (1)
|||    ||||B_1_617_2_Y145H_A222V_EPI_ISL_10007289 (1)
|||    |||DELTA_B_1_617_2_AY_EPI_ISL_10004745 (1)
|||    |||B_1_617_2_E484A_EPI_ISL_11052514 (1)
|||    |||B_1_617_2_V1104L_EPI_ISL_10005059 (1)
|||    |||B_1_617_2_I850L_EPI_ISL_10007287 (1)
|||    |||B_1_617_2_A1078S_EPI_ISL_10162493 (1)
|||    |||B_1_617_2_T51I_EPI_ISL_10007595 (1)
|||    |||B_1_617_2_K444N_EPI_ISL_10510404 (1)
|||    |||B_1_617_2_N501Y_P681H_EPI_ISL_3399822 (1)
|||    |||B_1_617_2_S256L_EPI_ISL_11206816 (1)
|||    || |B_1_617_2_T29A_T95_T250I_Q613H_EPI_ISL_10619598 (1)
|||    |||+Node210 (1)
|||    ||||B_1_617_2_T29A_T95_T250I_T299I_Q613H_EPI_ISL_10315261 (1)
|||    ||+Node209 (1)
|||    |||B_1_617_2_T29A_T95_T250I_EPI_ISL_10032622 (1)
|||    |||B_1_617_2_S112L_EPI_ISL_10019577 (1)
|||    ||+Node214 (1)
|||    |||B_1_617_2_T95_S112L_S477G_EPI_ISL_2785874 (1)
|||    ||B_1_617_2_R20I_T95_EPI_ISL_10172478 (1)
|||    ||B_1_617_2_T95_V362F_EPI_ISL_2513971 (1)
|||    ||B_1_617_2_T95_L244S_EPI_ISL_10640498 (1)
|||    |+Node92 (1)
|||    ||B_1_617_2_W258R_A1078S_EPI_ISL_10613938 (1)
|||    ||B_1_617_2_T95_EPI_ISL_10005534 (1)
|||    ||B_1_617_2_T95_L455F_EPI_ISL_3125708 (1)
|||    |||B_1_617_2_T95_K77T_E484Q_EPI_ISL_10842950 (1)
|||    ||+Node109 (1)
|||    |||B_1_617_2_K77T_T95_EPI_ISL_10033693 (1)
|||    |||B_1_617_2_A222V_Q613H_EPI_ISL_10079226 (1)
|||    |||B_1_617_2_T95_V70F_A222V_K417N_EPI_ISL_10954976 (1)
|||    |||B_1_617_2_T95_A222V_V289I_EPI_ISL_10019681 (1)
|||    |||B_1_617_2_T95_A222V_EPI_ISL_10033438 (1)
|||    ||+Node113 (1)
|||    |||B_1_617_2_R21T_T95_A222V_EPI_ISL_11141270 (1)
|||    |||B_1_617_2_T95_A222V_D253A_D979E_EPI_ISL_10146046 (1)
|||    |||B_1_617_2_T95_A222V_V367L_EPI_ISL_10328807 (1)
|||    |||B_1_617_2_T95_A222V_A262S_EPI_ISL_2690384 (1)
|||    |||B_1_617_2_T95_A222V_T250S_EPI_ISL_2896249 (1)
|||    ||B_1_617_2_T95_P251L_EPI_ISL_10019816 (1)
|||    |||B_1_617_2_T95_L1234I_V1264L_EPI_ISL_10297349 (1)
|||    ||+Node96 (1)
|||    ||||B_1_617_2_T95_A222V_N1074S_V1264L_EPI_ISL_10020013 (1)
|||    |||+Node99 (1)
|||    ||||B_1_617_2_T95_A222V_V1264L_EPI_ISL_10209492 (1)
|||    |||B_1_617_2_T95_V1264L_EPI_ISL_10145344 (1)
|||    ||B_1_617_2_T22I_A67V_T95_EPI_ISL_11059025 (1)
|||   |+Node89 (1)
|||   ||B_1_617_2_T95_L452_EPI_ISL_2987893 (1)
|||   ||B_1_617_2_T95_T791I_EPI_ISL_2811419 (1)
|||  |+Node88 (1)
|||  ||B_1_617_2_T95_G142_H69_V70_Y144_EPI_ISL_2356626 (1)
||| |+Node87 (1)
||| ||B_1_617_2_T95_G142_H69_V70_Y144_E156_F157_R158_EPI_ISL_2192796 (1)
||||+Node86 (1)
|||||B_1_617_2_T95_G142_E156_F157_R158_EPI_ISL_10182825 (1)
|||+Node85 (1)
||||    |BA_1_K417_N440_G446_L452R_EPI_ISL_10145348 (1)
||||   |+Node238 (1)
||||   || |BA_1_N211_L212_214_V213G_T376A_D405N_R408S_T376A_D405N_R408S_K417_N440_EPI_ISL_10121312 (1)
||||   |||+Node244 (1)
||||   |||||BA_1_K417_EPI_ISL_10016584 (1)
||||   ||||+Node246 (1)
||||   ||| ||B_1_1_617_L452_N211_L212I_214EPE_G339D_S371L_S373P_S375F_K417N_N440K_G446S_S477N_T478K_E484A_Q493R_G496S_Q498R_N501Y_Y505H_T547K_D614G_H655Y_N679K_P681H_N764K_D796Y_N856K_D950_Q954H_N969K_L981F_EPI_ISL_10207240 (1)
||||   ||| |||BA_1_R346K_E484V_EPI_ISL_10032318 (1)
||||   ||| ||+Node252 (1)
||||   ||| |||BA_1_R346K_BA_1_1_EPI_ISL_10000001 (1)
||||   ||| |||BA_1_A701V_EPI_ISL_10000009 (1)
||||   ||| ||+Node255 (1)
||||   ||| |||BA_1_E484V_EPI_ISL_10188124 (1)
||||   ||| |||BA_1_F643L_A701V_EPI_ISL_10000156 (1)
||||   ||| ||BA_1_OMICRON_BASELINE_EPI_ISL_10000028 (1)
||||   ||| ||OMICRON_B_1_1_529_BA_BA_1_EPI_ISL_10000028 (1)
||||   ||| |+Node248 (1)
||||   |||  ||BA_1_R346K_I666S_V736G_C738W_I993S_Y1272D_EPI_ISL_9509444 (1)
||||   |||  |+Node265 (1)
||||   |||  ||BA_1_I666S_V736G_C738W_I993S_Y1272D_EPI_ISL_9509467 (1)
||||   |||  |BA_1_I1081V_EPI_ISL_10000045 (1)
||||   |||  | |BA_2_N408_EPI_ISL_10034943 (1)
||||   |||  ||+Node278 (1)
||||   |||  ||| |BA_2_L24_P25_P26_A27_EPI_ISL_10010992 (1)
||||   |||  ||| |BA_2XBA_1_BA_2_A67V_H69_V70_EPI_ISL_10019568 (1)
||||   |||  ||| |BA_2_E484V_EPI_ISL_10857825 (1)
||||   |||  ||||+Node298 (1)
||||   |||  |||||BA_2_212SGR_OR_COULD_BE_WRITTEN_AS_213_GRG_EPI_ISL_10013634 (1)
||||   |||  |||||BA_2XBA_1_1_BA_2_R346K_T376_EPI_ISL_10003562 (1)
||||   |||  |||||BA_2_P1162S_EPI_ISL_10014673 (1)
||||   |||  ||||BA_2_S787H_EPI_ISL_10000916 (1)
||||   |||  ||||BA_2_P1162L_EPI_ISL_10027138 (1)
||||   |||  ||||BA_2_OMICRON_BASELINE_EPI_ISL_10000005 (1)
||||   |||  ||||BA_2_EPI_ISL_10000005 (1)
||||   |||  |||+Node280 (1)
||||   |||  || |BA_2_M1229I_EPI_ISL_10055581 (1)
||||   |||  || |BA_2_N440_EPI_ISL_10005315 (1)
||||   |||  || |BA_2_I1221T_EPI_ISL_10000574 (1)
||||   |||  || |BA_2_A846G_EPI_ISL_10002943 (1)
||||   |||  || |BA_2_S704L_EPI_ISL_10001682 (1)
||||   |||  |+Node277 (1)
||||   |||  ||BA_3_EPI_ISL_10007901 (1)
||||   |||  |BA_1_N211_L212_214_EPI_ISL_10012936 (1)
||||   |||  ||BA_1_214GAR_D215N_EPI_ISL_10222778 (1)
||||   |||  |+Node273 (2)
||||   |||  ||BA_1_214GAR_D215N_EPI_ISL_10240037 (1)
||||   |||  |BA_1_214_EPI_ISL_10007028 (1)
||||   ||+Node240 (1)
||||   | |BA_1_K417_N440_G446_EPI_ISL_10072811 (1)
||||   | |BA_1_1_R346K_K417_N440_G446_EPI_ISL_10044070 (1)
||||  |+Node237 (1)
||||  ||BA_1_N211_L212_214_G339_S371_S373_S375_K417_N440_G446_L452R_EPI_ISL_8524423 (1)
|||| |+Node233 (1)
|||| ||BA_1_E156_F157_R158G_N211_L212_214_G339_S371_S373_S375_K417_N440_G446_L452R_S477_E484_Q493_G496_Q498_N501_Y505_EPI_ISL_10228808 (1)
|||| ||BA_1_N211_L212_214_G339_S371_S373_S375_K417_N440_G446_L452R_S477_E484_Q493_G496_Q498_N501_Y505_EPI_ISL_8119611 (1)
|||||+Node232 (1)
||||||BA_1_G339_S371_S373_S375_K417_N440_G446_L452R_S477_E484_Q493_G496_Q498_N501_Y505_T547_H655_N679_P681R_EPI_ISL_8746594 (1)
||||+Node231 (1)
||| |B_1_617_1_EPI_ISL_10127326 (1)
|||A_2_5_EPI_ISL_3037842 (1)
|||B_1_1_284_EPI_ISL_1041949 (1)
||+Node337 (1)
|||B_1_234_EPI_ISL_1016643 (1)
|||B_1_258_17_EPI_ISL_1001674 (1)
||+Node323 (1)
|||B_1_466_2_EPI_ISL_1010700 (1)
|+Node67 (1)
||B_1_177_82_EPI_ISL_1000202 (1)
|||A_23_1_EPI_ISL_10138371 (1)
||+Node329 (1)
|||NC_045512_SPIKE_SURFACE_GLYCOPROTEIN (1)
||B_1_214_2_EPI_ISL_1033870 (1)
|||B_1_575_EPI_ISL_1009066 (1)
||+Node334 (1)
| |B_1_1_519_EPI_ISL_1002604 (1)
|B_1_525_EPI_ISL_1000437 (1)
```


### Improving parameter estimates of the adaptive rate class model
* Log(L) = -8861.24, AIC-c = 18748.76 (512 estimated parameters)

### Testing selected branches for selection

|              Branch               |  Rates   |     Max. dN/dS     | Sites @ EBF>=100 |      Test LRT      |Uncorrected p-value |
|-----------------------------------|----------|--------------------|------------------|--------------------|--------------------|
|              Node232              |     1    |   1.14 (100.00%)   |       N/A        |        0.00        |       0.49273      |
|              Node278              |     1    |   1.38 (100.00%)   |       N/A        |        0.15        |       0.41920      |
|     B_1_620_EPI_ISL_10010858      |     1    |   1.04 (100.00%)   |       N/A        |       -0.03        |       0.50000      |
|              Node46               |     1    |  >1000 (100.00%)   |       N/A        |        4.67        |       0.03520      |
|B_1_1_617_L452_N211_L212I_214EPE...|     1    |   0.46 (100.00%)   |       N/A        |        0.00        |       1.00000      |
|      B_1_619_EPI_ISL_2131789      |     1    |   0.46 (100.00%)   |       N/A        |        0.00        |       1.00000      |
|              Node273              |     2    |   >1000 ( 0.32%)   |          4       |       30.56        |       0.00000      |
|              Node315              |     1    |   0.86 (100.00%)   |       N/A        |        0.00        |       1.00000      |
|              Node77               |     2    |  237.41 ( 0.95%)   |          5       |        8.34        |       0.00541      |
|     B_1_630_EPI_ISL_10657899      |     1    |   2.08 (100.00%)   |       N/A        |        0.51        |       0.32709      |
|       A_27_EPI_ISL_10046311       |     1    |   2.08 (100.00%)   |       N/A        |        0.51        |       0.32805      |
|       C_1_2_EPI_ISL_3132623       |     1    |   0.85 (100.00%)   |       N/A        |        0.00        |       1.00000      |
|              Node237              |     1    |  >1000 (100.00%)   |       N/A        |        4.13        |       0.04642      |
|       AT_1_EPI_ISL_1491610        |     1    |   0.69 (100.00%)   |       N/A        |        0.00        |       1.00000      |
|        P_3_EPI_ISL_1073934        |     1    |   0.69 (100.00%)   |       N/A        |        0.00        |       1.00000      |
|      B_1_525_EPI_ISL_1000437      |     1    |   0.69 (100.00%)   |       N/A        |        0.00        |       1.00000      |
|      A_23_1_EPI_ISL_10138371      |     1    |   0.69 (100.00%)   |       N/A        |        0.00        |       1.00000      |
|BA_1_N211_L212_214_V213G_T376A_D...|     1    |  >1000 (100.00%)   |       N/A        |        3.52        |       0.06387      |
|    B_1_1_523_EPI_ISL_11267908     |     1    |  >1000 (100.00%)   |       N/A        |        2.15        |       0.13100      |
|              Node277              |     1    |  >1000 (100.00%)   |       N/A        |        6.41        |       0.01446      |
|        P_4_EPI_ISL_1625983        |     1    |  >1000 (100.00%)   |       N/A        |        3.53        |       0.06353      |
|              Node238              |     1    |  >1000 (100.00%)   |       N/A        |        3.47        |       0.06530      |
|     B_1_214_2_EPI_ISL_1033870     |     1    |  >1000 (100.00%)   |       N/A        |        2.14        |       0.13163      |
|              Node43               |     1    |  >1000 (100.00%)   |       N/A        |        3.25        |       0.07324      |
|       A_2_5_EPI_ISL_3037842       |     1    |   0.10 (100.00%)   |       N/A        |        0.00        |       1.00000      |
|B_1_617_2_W258R_A1078S_EPI_ISL_1...|     1    |   0.23 (100.00%)   |       N/A        |        0.00        |       1.00000      |
|              Node344              |     1    |   0.23 (100.00%)   |       N/A        |        0.00        |       1.00000      |
|       N_10_EPI_ISL_1181370        |     2    |   >1000 ( 0.10%)   |          2       |       12.67        |       0.00061      |
|              Node265              |     1    |  >1000 (100.00%)   |       N/A        |        5.62        |       0.02158      |
|              Node35               |     1    |  >1000 (100.00%)   |       N/A        |        2.94        |       0.08634      |
|    B_1_640_1_EPI_ISL_10352750     |     2    |   >1000 ( 0.57%)   |          4       |       12.06        |       0.00083      |
|    B_1_617_1_EPI_ISL_10127326     |     1    |   1.07 (100.00%)   |       N/A        |       -0.04        |       0.50000      |
|    B_1_258_17_EPI_ISL_1001674     |     1    |   0.35 (100.00%)   |       N/A        |        0.00        |       1.00000      |
|       AZ_5_EPI_ISL_10047537       |     1    |   0.34 (100.00%)   |       N/A        |        0.00        |       1.00000      |
|P_1_8_T470N_P681R_EPI_ISL_298334...|     1    |   1.04 (100.00%)   |       N/A        |       -0.03        |       0.50000      |
|              Node61               |     1    |  >1000 (100.00%)   |       N/A        |        2.34        |       0.11835      |
|              Node233              |     1    |  >1000 (100.00%)   |       N/A        |        2.33        |       0.11890      |
|     B_1_640_2_EPI_ISL_7181977     |     1    |  >1000 (100.00%)   |       N/A        |        2.00        |       0.14207      |
|              Node68               |     2    |   >1000 ( 0.17%)   |          2       |       16.81        |       0.00008      |
|B_1_617_2_V70I_T95_EPI_ISL_10077...|     1    |   0.17 (100.00%)   |       N/A        |        0.00        |       1.00000      |
|              Node41               |     1    |  >1000 (100.00%)   |       N/A        |        1.71        |       0.16613      |
|B_1_617_2_N501Y_P681H_EPI_ISL_33...|     1    |   0.69 (100.00%)   |       N/A        |        0.00        |       1.00000      |
|B_1_617_2_T95_L244S_EPI_ISL_1064...|     1    |   0.69 (100.00%)   |       N/A        |        0.00        |       1.00000      |
|B_1_617_2_V16F_I1179V_EPI_ISL_10...|     1    |   0.69 (100.00%)   |       N/A        |        0.00        |       1.00000      |
|C_36_3_1_S477N_A845S_EPI_ISL_165...|     1    |   0.69 (100.00%)   |       N/A        |        0.00        |       1.00000      |
|B_1_429_B_1_427_EPI_ISL_10031346...|     1    |   0.69 (100.00%)   |       N/A        |        0.00        |       1.00000      |
|              Node14               |     1    |  >1000 (100.00%)   |       N/A        |        1.75        |       0.16227      |
|BA_2XBA_1_1_BA_2_R346K_T376_EPI_...|     1    |  >1000 (100.00%)   |       N/A        |        2.12        |       0.13278      |
|B_1_1_7_A67V_K417R_E484K_K1191N_...|     1    |  >1000 (100.00%)   |       N/A        |        4.71        |       0.03455      |
|      B_1_637_EPI_ISL_1016114      |     1    |  >1000 (100.00%)   |       N/A        |        1.75        |       0.16248      |
|B_1_526_E484_S477N_Q957R_EPI_ISL...|     1    |  >1000 (100.00%)   |       N/A        |        1.75        |       0.16187      |
|    B_1_177_82_EPI_ISL_1000202     |     1    |  >1000 (100.00%)   |       N/A        |        1.75        |       0.16205      |
|              Node86               |     1    |  >1000 (100.00%)   |       N/A        |        1.69        |       0.16798      |
|              Node231              |     1    |  >1000 (100.00%)   |       N/A        |        1.37        |       0.19949      |
|B_1_617_2_T29A_T95_T250I_Q613H_E...|     1    |   0.00 (100.00%)   |       N/A        |        0.00        |       1.00000      |
|BA_1_E156_F157_R158G_N211_L212_2...|     1    |   0.34 (100.00%)   |       N/A        |        0.00        |       1.00000      |
|BA_2XBA_1_BA_2_A67V_H69_V70_EPI_...|     1    |   0.34 (100.00%)   |       N/A        |        0.00        |       1.00000      |
|BA_1_1_R346K_K417_N440_G446_EPI_...|     1    |   0.34 (100.00%)   |       N/A        |        0.00        |       1.00000      |
|B_1_617_2_Q677H_EPI_ISL_10065167...|     1    |   0.34 (100.00%)   |       N/A        |        0.00        |       1.00000      |
|B_1_617_2_T95_A222V_T250S_EPI_IS...|     1    |   0.35 (100.00%)   |       N/A        |        0.00        |       1.00000      |
|  B_1_617_2_K97N_EPI_ISL_10157499  |     1    |   0.35 (100.00%)   |       N/A        |        0.00        |       1.00000      |
|B_1_617_2_T95_V362F_EPI_ISL_2513...|     1    |   0.35 (100.00%)   |       N/A        |        0.00        |       1.00000      |
|B_1_617_2_Y248H_EPI_ISL_11140542...|     1    |   0.34 (100.00%)   |       N/A        |        0.00        |       1.00000      |
|              Node12               |     1    |   0.35 (100.00%)   |       N/A        |        0.00        |       1.00000      |
|B_1_617_2_T95_L1234I_V1264L_EPI_...|     1    |   0.35 (100.00%)   |       N/A        |        0.00        |       1.00000      |
|  B_1_617_2_T51I_EPI_ISL_10007595  |     1    |   0.35 (100.00%)   |       N/A        |        0.00        |       1.00000      |
|B_1_617_2_T95_A222V_V367L_EPI_IS...|     1    |   0.35 (100.00%)   |       N/A        |        0.00        |       1.00000      |
|   B_1_1_7_N440S_EPI_ISL_2006667   |     1    |   0.35 (100.00%)   |       N/A        |        0.00        |       1.00000      |
|              Node88               |     1    |   0.35 (100.00%)   |       N/A        |        0.00        |       1.00000      |
|P_1_4_R246G_N679K_EPI_ISL_103289...|     1    |   0.35 (100.00%)   |       N/A        |        0.00        |       1.00000      |
|     B_1_466_2_EPI_ISL_1010700     |     1    |   0.35 (100.00%)   |       N/A        |        0.00        |       1.00000      |
|B_1_617_2_T95_V70F_A222V_K417N_E...|     1    |  >1000 (100.00%)   |       N/A        |        3.67        |       0.05896      |
|B_1_617_2_T95_A222V_D253A_D979E_...|     1    |  >1000 (100.00%)   |       N/A        |        4.12        |       0.04673      |
|B_1_617_2_W258L_K417N_EPI_ISL_10...|     1    |  >1000 (100.00%)   |       N/A        |        3.67        |       0.05894      |
|B_1_617_2_T22I_A67V_T95_EPI_ISL_...|     1    |  >1000 (100.00%)   |       N/A        |        1.15        |       0.22499      |
|              Node209              |     1    |  >1000 (100.00%)   |       N/A        |        3.67        |       0.05891      |
|              Node187              |     1    |  >1000 (100.00%)   |       N/A        |        3.57        |       0.06212      |
|      B_1_234_EPI_ISL_1016643      |     1    |  >1000 (100.00%)   |       N/A        |        1.15        |       0.22493      |
|              Node347              |     1    |  >1000 (100.00%)   |       N/A        |        1.16        |       0.22373      |
|     B_1_1_519_EPI_ISL_1002604     |     1    |  >1000 (100.00%)   |       N/A        |        1.15        |       0.22507      |
|        B_1_EPI_ISL_2958387        |     1    |  >1000 (100.00%)   |       N/A        |        1.16        |       0.22379      |
|     B_1_1_284_EPI_ISL_1041949     |     1    |  >1000 (100.00%)   |       N/A        |        1.16        |       0.22427      |
|        R_1_EPI_ISL_1010709        |     1    |  >1000 (100.00%)   |       N/A        |        1.16        |       0.22376      |
|      B_1_575_EPI_ISL_1009066      |     1    |  >1000 (100.00%)   |       N/A        |        1.16        |       0.22444      |
|  B_1_617_2_E484K_EPI_ISL_4011209  |     1    |   0.15 (100.00%)   |       N/A        |        0.00        |       1.00000      |
|              Node85               |     1    |  >1000 (100.00%)   |       N/A        |        0.74        |       0.28472      |
|              Node40               |     1    |  >1000 (100.00%)   |       N/A        |        0.60        |       0.30944      |
|       BA_3_EPI_ISL_10007901       |     1    |   0.00 (100.00%)   |       N/A        |        0.00        |       1.00000      |
|P_1_3_L141_G142_V143_Y144_EPI_IS...|     1    |   0.00 (100.00%)   |       N/A        |        0.00        |       1.00000      |
|              Node89               |     1    |   0.00 (100.00%)   |       N/A        |        0.00        |       1.00000      |
|              Node298              |     1    |   0.00 (100.00%)   |       N/A        |        0.00        |       1.00000      |
|              Node87               |     1    |   0.00 (100.00%)   |       N/A        |        0.00        |       1.00000      |
|    C_37_Q675H_EPI_ISL_1281953     |     1    |  >1000 (100.00%)   |       N/A        |        0.47        |       0.33560      |
|BA_1_N211_L212_214_EPI_ISL_10012...|     1    |  >1000 (100.00%)   |       N/A        |        3.40        |       0.06768      |
|BA_1_G339_S371_S373_S375_K417_N4...|     1    |  >1000 (100.00%)   |       N/A        |        0.56        |       0.31700      |
|   B_1_1_7_Y449N_EPI_ISL_1913212   |     1    |  >1000 (100.00%)   |       N/A        |        0.54        |       0.32078      |
|    BA_2_A846G_EPI_ISL_10002943    |     1    |  >1000 (100.00%)   |       N/A        |        0.38        |       0.35643      |
|   BA_2_P1162L_EPI_ISL_10027138    |     1    |  >1000 (100.00%)   |       N/A        |        3.16        |       0.07705      |
|   BA_2_M1229I_EPI_ISL_10055581    |     1    |  >1000 (100.00%)   |       N/A        |        3.76        |       0.05626      |
|   BA_2_P1162S_EPI_ISL_10014673    |     1    |  >1000 (100.00%)   |       N/A        |        3.15        |       0.07724      |
|   B_1_1_7_W152R_EPI_ISL_1005892   |     1    |  >1000 (100.00%)   |       N/A        |        3.42        |       0.06720      |
|    BA_2_N440_EPI_ISL_10005315     |     1    |  >1000 (100.00%)   |       N/A        |        1.34        |       0.20294      |
|    BA_2_E484V_EPI_ISL_10857825    |     1    |  >1000 (100.00%)   |       N/A        |        3.15        |       0.07710      |
|    BA_2_S704L_EPI_ISL_10001682    |     1    |  >1000 (100.00%)   |       N/A        |        1.13        |       0.22813      |
|   BA_2_I1221T_EPI_ISL_10000574    |     1    |  >1000 (100.00%)   |       N/A        |        3.95        |       0.05106      |
|   B_1_351_L18F_EPI_ISL_1001463    |     1    |  >1000 (100.00%)   |       N/A        |        3.26        |       0.07307      |
|   B_1_1_7_G142V_EPI_ISL_1000652   |     1    |  >1000 (100.00%)   |       N/A        |        3.26        |       0.07306      |
|    BA_2_S787H_EPI_ISL_10000916    |     1    |  >1000 (100.00%)   |       N/A        |        3.41        |       0.06759      |
|   B_1_1_7_T20I_EPI_ISL_1000946    |     1    |  >1000 (100.00%)   |       N/A        |        3.27        |       0.07257      |
|B_1_617_2_R21T_T95_A222V_EPI_ISL...|     1    |  >1000 (100.00%)   |       N/A        |        4.11        |       0.04700      |
|B_1_1_7_L5F_F490S_EPI_ISL_103015...|     1    |  >1000 (100.00%)   |       N/A        |        0.54        |       0.32245      |
|BA_1_214GAR_D215N_EPI_ISL_102227...|     1    |  >1000 (100.00%)   |       N/A        |        3.41        |       0.06758      |
|BA_1_R346K_E484V_EPI_ISL_1003231...|     1    |  >1000 (100.00%)   |       N/A        |        3.25        |       0.07351      |
|              Node30               |     1    |  >1000 (100.00%)   |       N/A        |        3.02        |       0.08267      |
|              Node18               |     1    |  >1000 (100.00%)   |       N/A        |        3.12        |       0.07859      |
|    BA_1_E484V_EPI_ISL_10188124    |     1    |  >1000 (100.00%)   |       N/A        |        4.11        |       0.04705      |
|B_1_617_2_D138H_EPI_ISL_10153441...|     1    |  >1000 (100.00%)   |       N/A        |        3.26        |       0.07286      |
|              Node252              |     1    |  >1000 (100.00%)   |       N/A        |        0.59        |       0.31236      |
|BA_1_F643L_A701V_EPI_ISL_1000015...|     1    |  >1000 (100.00%)   |       N/A        |        0.46        |       0.33858      |
|              Node255              |     1    |  >1000 (100.00%)   |       N/A        |        3.38        |       0.06840      |
|B_1_617_2_S477I_EPI_ISL_10159748...|     1    |  >1000 (100.00%)   |       N/A        |        3.26        |       0.07286      |
|B_1_617_2_P1162S_EPI_ISL_1015345...|     1    |  >1000 (100.00%)   |       N/A        |        0.64        |       0.30263      |
|B_1_617_2_P809S_EPI_ISL_10019652...|     1    |  >1000 (100.00%)   |       N/A        |        3.28        |       0.07215      |
|B_1_617_2_T95_A222V_A262S_EPI_IS...|     1    |  >1000 (100.00%)   |       N/A        |        3.26        |       0.07290      |
|B_1_617_2_T250N_EPI_ISL_10157097...|     1    |  >1000 (100.00%)   |       N/A        |        3.26        |       0.07287      |
|B_1_617_2_H655Y_EPI_ISL_10156347...|     1    |  >1000 (100.00%)   |       N/A        |        3.53        |       0.06339      |
|B_1_617_2_G446V_EPI_ISL_10098575...|     1    |  >1000 (100.00%)   |       N/A        |        3.28        |       0.07210      |
|   BA_1_I1081V_EPI_ISL_10000045    |     1    |  >1000 (100.00%)   |       N/A        |        3.31        |       0.07114      |
|B_1_617_2_V1104L_EPI_ISL_1000505...|     1    |  >1000 (100.00%)   |       N/A        |        3.26        |       0.07286      |
|B_1_617_2_T95_K77T_E484Q_EPI_ISL...|     1    |  >1000 (100.00%)   |       N/A        |        3.51        |       0.06397      |
|B_1_617_2_T95_A222V_V289I_EPI_IS...|     1    |  >1000 (100.00%)   |       N/A        |        3.26        |       0.07286      |
|B_1_617_2_A1078S_EPI_ISL_1016249...|     1    |  >1000 (100.00%)   |       N/A        |        0.37        |       0.35783      |
|B_1_617_2_K444N_EPI_ISL_10510404...|     1    |  >1000 (100.00%)   |       N/A        |        3.39        |       0.06829      |
|B_1_617_2_T95_L452_EPI_ISL_29878...|     1    |  >1000 (100.00%)   |       N/A        |        3.40        |       0.06779      |
|              Node134              |     1    |  >1000 (100.00%)   |       N/A        |        3.26        |       0.07284      |
|              Node109              |     1    |  >1000 (100.00%)   |       N/A        |        3.26        |       0.07289      |
|  B_1_617_2_L18F_EPI_ISL_10153498  |     1    |  >1000 (100.00%)   |       N/A        |        3.26        |       0.07288      |
|B_1_617_2_I850L_EPI_ISL_10007287...|     1    |  >1000 (100.00%)   |       N/A        |        0.37        |       0.35758      |
|B_1_617_2_S494L_EPI_ISL_11297838...|     1    |  >1000 (100.00%)   |       N/A        |        3.28        |       0.07214      |
|B_1_617_2_S256L_EPI_ISL_11206816...|     1    |  >1000 (100.00%)   |       N/A        |        0.42        |       0.34665      |
|B_1_617_2_T95_P251L_EPI_ISL_1001...|     1    |  >1000 (100.00%)   |       N/A        |        3.00        |       0.08371      |
|              Node113              |     1    |  >1000 (100.00%)   |       N/A        |        3.30        |       0.07145      |
|  B_1_617_2_V70F_EPI_ISL_10160114  |     1    |  >1000 (100.00%)   |       N/A        |        3.26        |       0.07287      |
|B_1_617_2_S255F_EPI_ISL_10033451...|     1    |  >1000 (100.00%)   |       N/A        |        0.36        |       0.35987      |
|B_1_617_2_A222V_Q613H_EPI_ISL_10...|     1    |  >1000 (100.00%)   |       N/A        |        3.55        |       0.06277      |
|B_1_617_2_R20I_T95_EPI_ISL_10172...|     1    |  >1000 (100.00%)   |       N/A        |        3.26        |       0.07286      |
|              Node99               |     1    |  >1000 (100.00%)   |       N/A        |        3.26        |       0.07286      |
|B_1_617_2_Y145H_A222V_V1264L_EPI...|     1    |  >1000 (100.00%)   |       N/A        |        3.26        |       0.07287      |
|              Node137              |     1    |  >1000 (100.00%)   |       N/A        |        0.75        |       0.28354      |
|B_1_617_2_L1141F_EPI_ISL_1015625...|     1    |  >1000 (100.00%)   |       N/A        |        0.37        |       0.35839      |
|B_1_617_2_D253G_EPI_ISL_10302057...|     1    |  >1000 (100.00%)   |       N/A        |        0.67        |       0.29799      |
|B_1_617_2_E484A_EPI_ISL_11052514...|     1    |  >1000 (100.00%)   |       N/A        |        0.62        |       0.30636      |
|              Node96               |     1    |  >1000 (100.00%)   |       N/A        |        0.38        |       0.35614      |
|B_1_617_2_T95_A222V_N1074S_V1264...|     1    |  >1000 (100.00%)   |       N/A        |        3.26        |       0.07286      |
|B_1_617_2_T95_L455F_EPI_ISL_3125...|     1    |  >1000 (100.00%)   |       N/A        |        3.26        |       0.07287      |
|              Node92               |     1    |  >1000 (100.00%)   |       N/A        |        3.31        |       0.07113      |
|  B_1_617_2_N148S_EPI_ISL_2682118  |     1    |  >1000 (100.00%)   |       N/A        |        3.26        |       0.07287      |
|B_1_617_2_Q675H_EPI_ISL_10077460...|     1    |  >1000 (100.00%)   |       N/A        |        0.70        |       0.29129      |
|              Node214              |     1    |  >1000 (100.00%)   |       N/A        |        3.12        |       0.07845      |
|B_1_617_2_T95_S112L_S477G_EPI_IS...|     1    |  >1000 (100.00%)   |       N/A        |        3.26        |       0.07288      |
|  B_1_617_2_G142_EPI_ISL_10005803  |     1    |  >1000 (100.00%)   |       N/A        |        3.26        |       0.07287      |
|B_1_617_2_T95_T791I_EPI_ISL_2811...|     1    |  >1000 (100.00%)   |       N/A        |        0.56        |       0.31815      |
|B_1_617_2_V36F_Y145H_A222V_EPI_I...|     1    |  >1000 (100.00%)   |       N/A        |        3.26        |       0.07289      |
|  B_1_617_2_Q414H_EPI_ISL_2392330  |     1    |  >1000 (100.00%)   |       N/A        |        0.42        |       0.34710      |
|              Node210              |     1    |  >1000 (100.00%)   |       N/A        |        3.12        |       0.07846      |
|B_1_617_2_T29A_T95_T250I_T299I_Q...|     1    |  >1000 (100.00%)   |       N/A        |        3.29        |       0.07188      |
|BA_1_R346K_I666S_V736G_C738W_I99...|     1    |  >1000 (100.00%)   |       N/A        |        0.55        |       0.31957      |
|              Node47               |     1    |  >1000 (100.00%)   |       N/A        |        3.32        |       0.07088      |
|    P_1_9_Q675H_EPI_ISL_2187251    |     1    |  >1000 (100.00%)   |       N/A        |        0.52        |       0.32617      |
|              Node57               |     1    |  >1000 (100.00%)   |       N/A        |        0.52        |       0.32597      |
|              Node355              |     1    |  >1000 (100.00%)   |       N/A        |        0.55        |       0.32046      |
|               Node7               |     1    |  >1000 (100.00%)   |       N/A        |        0.57        |       0.31656      |
|              Node334              |     1    |  >1000 (100.00%)   |       N/A        |        0.56        |       0.31759      |
|               Node9               |     1    |  >1000 (100.00%)   |       N/A        |        0.56        |       0.31668      |
|              Node323              |     1    |  >1000 (100.00%)   |       N/A        |        0.56        |       0.31810      |
|              Node329              |     1    |  >1000 (100.00%)   |       N/A        |        0.57        |       0.31568      |
|        P_2_EPI_ISL_1000677        |     1    |  >1000 (100.00%)   |       N/A        |        0.57        |       0.31648      |
|              Node67               |     1    |  >1000 (100.00%)   |       N/A        |        0.56        |       0.31665      |
|              Node280              |     1    |  >1000 (100.00%)   |       N/A        |        3.39        |       0.06805      |
|              Node337              |     1    |  >1000 (100.00%)   |       N/A        |        0.56        |       0.31821      |
|BA_2_L24_P25_P26_A27_EPI_ISL_100...|     1    |  >1000 (100.00%)   |       N/A        |        3.16        |       0.07707      |
|              Node343              |     1    |  >1000 (100.00%)   |       N/A        |        0.56        |       0.31825      |
|   B_1_621_K417N_EPI_ISL_2818170   |     1    |  >1000 (100.00%)   |       N/A        |        3.26        |       0.07314      |
|              Node76               |     1    |  >1000 (100.00%)   |       N/A        |        0.57        |       0.31528      |
|              Node349              |     1    |  >1000 (100.00%)   |       N/A        |        0.56        |       0.31671      |
|              Node244              |     1    |  >1000 (100.00%)   |       N/A        |        0.56        |       0.31796      |
|              Node240              |     1    |  >1000 (100.00%)   |       N/A        |        0.32        |       0.36993      |
|              Node248              |     1    |  >1000 (100.00%)   |       N/A        |        0.31        |       0.37312      |
|              Node246              |     1    |  >1000 (100.00%)   |       N/A        |        0.56        |       0.31698      |
|               Node2               |     1    |  >1000 (100.00%)   |       N/A        |        0.56        |       0.31733      |
|              Node72               |     1    |  >1000 (100.00%)   |       N/A        |        0.55        |       0.31916      |
|B_1_617_2_E484Q_EPI_ISL_10165790...|     1    |  >1000 (100.00%)   |       N/A        |        0.45        |       0.34108      |
|              Node145              |     1    |  >1000 (100.00%)   |       N/A        |        0.31        |       0.37220      |
|BA_1_K417_N440_G446_EPI_ISL_1007...|     1    |   1.00 (100.00%)   |       N/A        |        0.00        |       1.00000      |
|    BA_1_K417_EPI_ISL_10016584     |     1    |   1.00 (100.00%)   |       N/A        |        0.00        |       1.00000      |
|BA_1_I666S_V736G_C738W_I993S_Y12...|     1    |   1.00 (100.00%)   |       N/A        |        0.00        |       1.00000      |
|BA_1_N211_L212_214_G339_S371_S37...|     1    |   1.00 (100.00%)   |       N/A        |        0.00        |       1.00000      |
|BA_1_214GAR_D215N_EPI_ISL_102400...|     1    |   1.00 (100.00%)   |       N/A        |        0.00        |       1.00000      |
|B_1_617_2_T95_G142_H69_V70_Y144_...|     1    |   1.00 (100.00%)   |       N/A        |        0.00        |       1.00000      |
|    BA_1_A701V_EPI_ISL_10000009    |     1    |   1.00 (100.00%)   |       N/A        |        0.00        |       1.00000      |
|     BA_1_214_EPI_ISL_10007028     |     1    |   1.00 (100.00%)   |       N/A        |        0.00        |       1.00000      |
|  ALPHA_B_1_1_7_Q_EPI_ISL_1000001  |     1    |   1.00 (100.00%)   |       N/A        |        0.00        |       1.00000      |
|BA_1_K417_N440_G446_L452R_EPI_IS...|     1    |   1.00 (100.00%)   |       N/A        |        0.00        |       1.00000      |
|B_1_617_2_T95_G142_E156_F157_R15...|     1    |   1.00 (100.00%)   |       N/A        |        0.00        |       1.00000      |
|B_1_617_2_K77T_T95_EPI_ISL_10033...|     1    |   1.00 (100.00%)   |       N/A        |        0.00        |       1.00000      |
|B_1_617_2_T95_A222V_V1264L_EPI_I...|     1    |   1.00 (100.00%)   |       N/A        |        0.00        |       1.00000      |
|  B_1_617_2_T95_EPI_ISL_10005534   |     1    |   1.00 (100.00%)   |       N/A        |        0.00        |       1.00000      |
|B_1_617_2_S112L_EPI_ISL_10019577...|     1    |   1.00 (100.00%)   |       N/A        |        0.00        |       1.00000      |
|B_1_526_BASELINE_EPI_ISL_1009654...|     1    |   1.00 (100.00%)   |       N/A        |        0.00        |       1.00000      |
|B_1_617_2_T29A_T95_T250I_EPI_ISL...|     1    |   1.00 (100.00%)   |       N/A        |        0.00        |       1.00000      |
|BA_1_OMICRON_BASELINE_EPI_ISL_10...|     1    |   1.00 (100.00%)   |       N/A        |        0.00        |       1.00000      |
|      B_1_526_EPI_ISL_1009654      |     1    |   1.00 (100.00%)   |       N/A        |        0.00        |       1.00000      |
|B_1_617_2_DELTA_BASELINE_EPI_ISL...|     1    |   1.00 (100.00%)   |       N/A        |        0.00        |       1.00000      |
|B_1_617_2_T95_A222V_EPI_ISL_1003...|     1    |   1.00 (100.00%)   |       N/A        |        0.00        |       1.00000      |
|BA_1_R346K_BA_1_1_EPI_ISL_100000...|     1    |   1.00 (100.00%)   |       N/A        |        0.00        |       1.00000      |
|   BETA_B_1_351_EPI_ISL_1005538    |     1    |   1.00 (100.00%)   |       N/A        |        0.00        |       1.00000      |
|BA_2_212SGR_OR_COULD_BE_WRITTEN_...|     1    |   1.00 (100.00%)   |       N/A        |        0.00        |       1.00000      |
|BA_2_OMICRON_BASELINE_EPI_ISL_10...|     1    |   1.00 (100.00%)   |       N/A        |        0.00        |       1.00000      |
|B_1_1_7_ALPHA_BASELINE_EPI_ISL_1...|     1    |   1.00 (100.00%)   |       N/A        |        0.00        |       1.00000      |
|    BA_2_N408_EPI_ISL_10034943     |     1    |   1.00 (100.00%)   |       N/A        |        0.00        |       1.00000      |
|B_1_621_BASELINE_EPI_ISL_1008035...|     1    |   1.00 (100.00%)   |       N/A        |        0.00        |       1.00000      |
|   B_1_1_318_AZ_EPI_ISL_10010857   |     1    |   1.00 (100.00%)   |       N/A        |        0.00        |       1.00000      |
|       BA_2_EPI_ISL_10000005       |     1    |   1.00 (100.00%)   |       N/A        |        0.00        |       1.00000      |
|B_1_617_2_Y145H_A222V_EPI_ISL_10...|     1    |   1.00 (100.00%)   |       N/A        |        0.00        |       1.00000      |
|B_1_617_2_T95_G142_H69_V70_Y144_...|     1    |   1.00 (100.00%)   |       N/A        |        0.00        |       1.00000      |
|  B_1_617_2_Y144_EPI_ISL_10157229  |     1    |   1.00 (100.00%)   |       N/A        |        0.00        |       1.00000      |
|B_1_617_2_T95_V1264L_EPI_ISL_101...|     1    |   1.00 (100.00%)   |       N/A        |        0.00        |       1.00000      |
|NC_045512_SPIKE_SURFACE_GLYCOPRO...|     1    |   1.00 (100.00%)   |       N/A        |        0.00        |       1.00000      |
|B_1_617_2_T95_W258L_EPI_ISL_1008...|     1    |   1.00 (100.00%)   |       N/A        |        0.00        |       1.00000      |
|    MU_B_1_621_EPI_ISL_10080356    |     1    |   1.00 (100.00%)   |       N/A        |        0.00        |       1.00000      |
|   B_1_1_7_E484K_EPI_ISL_1018343   |     1    |   1.00 (100.00%)   |       N/A        |        0.00        |       1.00000      |
|     GAMMA_P_1_EPI_ISL_1000993     |     1    |   1.00 (100.00%)   |       N/A        |        0.00        |       1.00000      |
|C_37_LAMBDA_BASELINE_EPI_ISL_100...|     1    |   1.00 (100.00%)   |       N/A        |        0.00        |       1.00000      |
|   LAMBDA_C_37_EPI_ISL_10072009    |     1    |   1.00 (100.00%)   |       N/A        |        0.00        |       1.00000      |
|DELTA_B_1_617_2_AY_EPI_ISL_10004...|     1    |   1.00 (100.00%)   |       N/A        |        0.00        |       1.00000      |
|   P_1_4_N679K_EPI_ISL_11294218    |     1    |   1.00 (100.00%)   |       N/A        |        0.00        |       1.00000      |
|B_1_351_BETA_BASELINE_EPI_ISL_10...|     1    |   1.00 (100.00%)   |       N/A        |        0.00        |       1.00000      |
|BA_1_N211_L212_214_G339_S371_S37...|     1    |   1.00 (100.00%)   |       N/A        |        0.00        |       1.00000      |
|   P_1_7_P681H_EPI_ISL_10101603    |     1    |   1.00 (100.00%)   |       N/A        |        0.00        |       1.00000      |
|      C_36_3_EPI_ISL_11100917      |     1    |   1.00 (100.00%)   |       N/A        |        0.00        |       1.00000      |
|P_1_GAMMA_BASELINE_EPI_ISL_10009...|     1    |   1.00 (100.00%)   |       N/A        |        0.00        |       1.00000      |
|C_36_3_BASELINE_EPI_ISL_11100917...|     1    |   1.00 (100.00%)   |       N/A        |        0.00        |       1.00000      |
|OMICRON_B_1_1_529_BA_BA_1_EPI_IS...|     1    |   1.00 (100.00%)   |       N/A        |        0.00        |       1.00000      |
|   B_1_1_7_F490S_EPI_ISL_1007040   |     1    |   1.00 (100.00%)   |       N/A        |        0.00        |       1.00000      |
----
### Adaptive branch site random effects likelihood test 
Likelihood ratio test for episodic diversifying positive selection at Holm-Bonferroni corrected _p =   0.0500_ found **2** branches under selection among **244** tested.

* Node273, p-value =  0.00002
* Node68, p-value =  0.01828

### Annotated Tree
((B_1_1_523_EPI_ISL_11267908,B_1_619_EPI_ISL_2131789)Node2,P_2_EPI_ISL_1000677,((B_1_1_318_AZ_EPI_ISL_10010857,AZ_5_EPI_ISL_10047537)Node344,(B_1_526_E484_S477N_Q957R_EPI_ISL_1015702,(B_1_526_EPI_ISL_1009654,B_1_526_BASELINE_EPI_ISL_1009654)Node349)Node347)Node343,B_1_EPI_ISL_2958387,R_1_EPI_ISL_1010709,(N_10_EPI_ISL_1181370,AT_1_EPI_ISL_1491610)Node355,((B_1_351_L18F_EPI_ISL_1001463,B_1_351_BETA_BASELINE_EPI_ISL_1005538,BETA_B_1_351_EPI_ISL_1005538)Node61,(P_3_EPI_ISL_1073934,(B_1_620_EPI_ISL_10010858,((B_1_1_7_T20I_EPI_ISL_1000946,B_1_1_7_ALPHA_BASELINE_EPI_ISL_1000001,ALPHA_B_1_1_7_Q_EPI_ISL_1000001,B_1_1_7_Y449N_EPI_ISL_1913212,B_1_1_7_G142V_EPI_ISL_1000652,B_1_1_7_W152R_EPI_ISL_1005892,B_1_1_7_N440S_EPI_ISL_2006667,(B_1_1_7_L5F_F490S_EPI_ISL_10301586,B_1_1_7_F490S_EPI_ISL_1007040)Node30)Node18,B_1_1_7_A67V_K417R_E484K_K1191N_EPI_ISL_1679507,B_1_1_7_E484K_EPI_ISL_1018343)Node14)Node12,(B_1_621_K417N_EPI_ISL_2818170,B_1_621_BASELINE_EPI_ISL_10080356,MU_B_1_621_EPI_ISL_10080356)Node35)Node9,((C_1_2_EPI_ISL_3132623,(B_1_640_2_EPI_ISL_7181977,B_1_640_1_EPI_ISL_10352750)Node43)Node41,((P_1_8_T470N_P681R_EPI_ISL_2983341,P_1_7_P681H_EPI_ISL_10101603)Node47,GAMMA_P_1_EPI_ISL_1000993,P_1_3_L141_G142_V143_Y144_EPI_ISL_2777314,P_1_GAMMA_BASELINE_EPI_ISL_1000993,(P_1_4_R246G_N679K_EPI_ISL_10328973,P_1_4_N679K_EPI_ISL_11294218)Node57,P_1_9_Q675H_EPI_ISL_2187251)Node46)Node40)Node7,((P_4_EPI_ISL_1625983,B_1_429_B_1_427_EPI_ISL_10031346,(A_27_EPI_ISL_10046311,B_1_630_EPI_ISL_10657899)Node72,((C_37_Q675H_EPI_ISL_1281953,C_37_LAMBDA_BASELINE_EPI_ISL_10072009,LAMBDA_C_37_EPI_ISL_10072009)Node77,B_1_637_EPI_ISL_1016114)Node76,(C_36_3_1_S477N_A845S_EPI_ISL_1653201,C_36_3_BASELINE_EPI_ISL_11100917,C_36_3_EPI_ISL_11100917)Node315,(((((B_1_617_2_G142_EPI_ISL_10005803,(B_1_617_2_V70I_T95_EPI_ISL_10077792,(B_1_617_2_W258L_K417N_EPI_ISL_10239260,B_1_617_2_T95_W258L_EPI_ISL_10083525)Node134,(B_1_617_2_S477I_EPI_ISL_10159748,B_1_617_2_Y248H_EPI_ISL_11140542,B_1_617_2_P809S_EPI_ISL_10019652,(B_1_617_2_E484Q_EPI_ISL_10165790,B_1_617_2_E484K_EPI_ISL_4011209)Node145,B_1_617_2_H655Y_EPI_ISL_10156347,B_1_617_2_Y144_EPI_ISL_10157229,B_1_617_2_V16F_I1179V_EPI_ISL_10160241,B_1_617_2_P1162S_EPI_ISL_10153453,B_1_617_2_S494L_EPI_ISL_11297838,B_1_617_2_V70F_EPI_ISL_10160114,B_1_617_2_G446V_EPI_ISL_10098575,B_1_617_2_T250N_EPI_ISL_10157097,B_1_617_2_Q675H_EPI_ISL_10077460,B_1_617_2_DELTA_BASELINE_EPI_ISL_10004745,B_1_617_2_D138H_EPI_ISL_10153441,B_1_617_2_L1141F_EPI_ISL_10156255,B_1_617_2_K97N_EPI_ISL_10157499,B_1_617_2_S255F_EPI_ISL_10033451,B_1_617_2_Q677H_EPI_ISL_10065167,B_1_617_2_D253G_EPI_ISL_10302057,B_1_617_2_L18F_EPI_ISL_10153498,B_1_617_2_Q414H_EPI_ISL_2392330,B_1_617_2_N148S_EPI_ISL_2682118,(B_1_617_2_Y145H_A222V_V1264L_EPI_ISL_10014590,B_1_617_2_V36F_Y145H_A222V_EPI_ISL_10164032,B_1_617_2_Y145H_A222V_EPI_ISL_10007289)Node187,DELTA_B_1_617_2_AY_EPI_ISL_10004745,B_1_617_2_E484A_EPI_ISL_11052514,B_1_617_2_V1104L_EPI_ISL_10005059,B_1_617_2_I850L_EPI_ISL_10007287,B_1_617_2_A1078S_EPI_ISL_10162493,B_1_617_2_T51I_EPI_ISL_10007595,B_1_617_2_K444N_EPI_ISL_10510404,B_1_617_2_N501Y_P681H_EPI_ISL_3399822,B_1_617_2_S256L_EPI_ISL_11206816)Node137,((B_1_617_2_T29A_T95_T250I_Q613H_EPI_ISL_10619598,B_1_617_2_T29A_T95_T250I_T299I_Q613H_EPI_ISL_10315261)Node210,B_1_617_2_T29A_T95_T250I_EPI_ISL_10032622)Node209,(B_1_617_2_S112L_EPI_ISL_10019577,B_1_617_2_T95_S112L_S477G_EPI_ISL_2785874)Node214,B_1_617_2_R20I_T95_EPI_ISL_10172478,B_1_617_2_T95_V362F_EPI_ISL_2513971,B_1_617_2_T95_L244S_EPI_ISL_10640498,B_1_617_2_W258R_A1078S_EPI_ISL_10613938,B_1_617_2_T95_EPI_ISL_10005534,B_1_617_2_T95_L455F_EPI_ISL_3125708,(B_1_617_2_T95_K77T_E484Q_EPI_ISL_10842950,B_1_617_2_K77T_T95_EPI_ISL_10033693)Node109,(B_1_617_2_A222V_Q613H_EPI_ISL_10079226,B_1_617_2_T95_V70F_A222V_K417N_EPI_ISL_10954976,B_1_617_2_T95_A222V_V289I_EPI_ISL_10019681,B_1_617_2_T95_A222V_EPI_ISL_10033438,B_1_617_2_R21T_T95_A222V_EPI_ISL_11141270,B_1_617_2_T95_A222V_D253A_D979E_EPI_ISL_10146046,B_1_617_2_T95_A222V_V367L_EPI_ISL_10328807,B_1_617_2_T95_A222V_A262S_EPI_ISL_2690384,B_1_617_2_T95_A222V_T250S_EPI_ISL_2896249)Node113,B_1_617_2_T95_P251L_EPI_ISL_10019816,(B_1_617_2_T95_L1234I_V1264L_EPI_ISL_10297349,(B_1_617_2_T95_A222V_N1074S_V1264L_EPI_ISL_10020013,B_1_617_2_T95_A222V_V1264L_EPI_ISL_10209492)Node99,B_1_617_2_T95_V1264L_EPI_ISL_10145344)Node96,B_1_617_2_T22I_A67V_T95_EPI_ISL_11059025)Node92,B_1_617_2_T95_L452_EPI_ISL_2987893,B_1_617_2_T95_T791I_EPI_ISL_2811419)Node89,B_1_617_2_T95_G142_H69_V70_Y144_EPI_ISL_2356626)Node88,B_1_617_2_T95_G142_H69_V70_Y144_E156_F157_R158_EPI_ISL_2192796)Node87,B_1_617_2_T95_G142_E156_F157_R158_EPI_ISL_10182825)Node86,(((((BA_1_K417_N440_G446_L452R_EPI_ISL_10145348,((BA_1_N211_L212_214_V213G_T376A_D405N_R408S_T376A_D405N_R408S_K417_N440_EPI_ISL_10121312,(BA_1_K417_EPI_ISL_10016584,(B_1_1_617_L452_N211_L212I_214EPE_G339D_S371L_S373P_S375F_K417N_N440K_G446S_S477N_T478K_E484A_Q493R_G496S_Q498R_N501Y_Y505H_T547K_D614G_H655Y_N679K_P681H_N764K_D796Y_N856K_D950_Q954H_N969K_L981F_EPI_ISL_10207240,(BA_1_R346K_E484V_EPI_ISL_10032318,BA_1_R346K_BA_1_1_EPI_ISL_10000001)Node252,(BA_1_A701V_EPI_ISL_10000009,BA_1_E484V_EPI_ISL_10188124,BA_1_F643L_A701V_EPI_ISL_10000156)Node255,BA_1_OMICRON_BASELINE_EPI_ISL_10000028,OMICRON_B_1_1_529_BA_BA_1_EPI_ISL_10000028,(BA_1_R346K_I666S_V736G_C738W_I993S_Y1272D_EPI_ISL_9509444,BA_1_I666S_V736G_C738W_I993S_Y1272D_EPI_ISL_9509467)Node265,BA_1_I1081V_EPI_ISL_10000045,((BA_2_N408_EPI_ISL_10034943,((BA_2_L24_P25_P26_A27_EPI_ISL_10010992,BA_2XBA_1_BA_2_A67V_H69_V70_EPI_ISL_10019568,BA_2_E484V_EPI_ISL_10857825,BA_2_212SGR_OR_COULD_BE_WRITTEN_AS_213_GRG_EPI_ISL_10013634,BA_2XBA_1_1_BA_2_R346K_T376_EPI_ISL_10003562,BA_2_P1162S_EPI_ISL_10014673)Node298,BA_2_S787H_EPI_ISL_10000916,BA_2_P1162L_EPI_ISL_10027138,BA_2_OMICRON_BASELINE_EPI_ISL_10000005,BA_2_EPI_ISL_10000005,BA_2_M1229I_EPI_ISL_10055581,BA_2_N440_EPI_ISL_10005315,BA_2_I1221T_EPI_ISL_10000574,BA_2_A846G_EPI_ISL_10002943,BA_2_S704L_EPI_ISL_10001682)Node280)Node278,BA_3_EPI_ISL_10007901)Node277,BA_1_N211_L212_214_EPI_ISL_10012936,(BA_1_214GAR_D215N_EPI_ISL_10222778,BA_1_214GAR_D215N_EPI_ISL_10240037)Node273{1.846615405010077e-05},BA_1_214_EPI_ISL_10007028)Node248)Node246)Node244,BA_1_K417_N440_G446_EPI_ISL_10072811,BA_1_1_R346K_K417_N440_G446_EPI_ISL_10044070)Node240)Node238,BA_1_N211_L212_214_G339_S371_S373_S375_K417_N440_G446_L452R_EPI_ISL_8524423)Node237,BA_1_E156_F157_R158G_N211_L212_214_G339_S371_S373_S375_K417_N440_G446_L452R_S477_E484_Q493_G496_Q498_N501_Y505_EPI_ISL_10228808,BA_1_N211_L212_214_G339_S371_S373_S375_K417_N440_G446_L452R_S477_E484_Q493_G496_Q498_N501_Y505_EPI_ISL_8119611)Node233,BA_1_G339_S371_S373_S375_K417_N440_G446_L452R_S477_E484_Q493_G496_Q498_N501_Y505_T547_H655_N679_P681R_EPI_ISL_8746594)Node232,B_1_617_1_EPI_ISL_10127326)Node231)Node85,A_2_5_EPI_ISL_3037842)Node68{0.01827832171700877},(B_1_1_284_EPI_ISL_1041949,B_1_234_EPI_ISL_1016643)Node337,(B_1_258_17_EPI_ISL_1001674,B_1_466_2_EPI_ISL_1010700)Node323,B_1_177_82_EPI_ISL_1000202,(A_23_1_EPI_ISL_10138371,NC_045512_SPIKE_SURFACE_GLYCOPROTEIN)Node329,B_1_214_2_EPI_ISL_1033870,(B_1_575_EPI_ISL_1009066,B_1_1_519_EPI_ISL_1002604)Node334)Node67,B_1_525_EPI_ISL_1000437)

----

```
 |B_1_1_523_EPI_ISL_11267908 (N.S)
|+Node2 (N.S)
||B_1_619_EPI_ISL_2131789 (N.S)
|P_2_EPI_ISL_1000677 (N.S)
| |B_1_1_318_AZ_EPI_ISL_10010857 (N.S)
||+Node344 (N.S)
|||AZ_5_EPI_ISL_10047537 (N.S)
|+Node343 (N.S)
|||B_1_526_E484_S477N_Q957R_EPI_ISL_1015702 (N.S)
||+Node347 (N.S)
| ||B_1_526_EPI_ISL_1009654 (N.S)
| |+Node349 (N.S)
|  |B_1_526_BASELINE_EPI_ISL_1009654 (N.S)
|B_1_EPI_ISL_2958387 (N.S)
|R_1_EPI_ISL_1010709 (N.S)
||N_10_EPI_ISL_1181370 (N.S)
|+Node355 (N.S)
||AT_1_EPI_ISL_1491610 (N.S)
| |B_1_351_L18F_EPI_ISL_1001463 (N.S)
||+Node61 (N.S)
|||B_1_351_BETA_BASELINE_EPI_ISL_1005538 (N.S)
|||BETA_B_1_351_EPI_ISL_1005538 (N.S)
|+Node7 (N.S)
|||P_3_EPI_ISL_1073934 (N.S)
||+Node9 (N.S)
||||B_1_620_EPI_ISL_10010858 (N.S)
|||+Node12 (N.S)
|||| |B_1_1_7_T20I_EPI_ISL_1000946 (N.S)
|||| |B_1_1_7_ALPHA_BASELINE_EPI_ISL_1000001 (N.S)
|||| |ALPHA_B_1_1_7_Q_EPI_ISL_1000001 (N.S)
|||| |B_1_1_7_Y449N_EPI_ISL_1913212 (N.S)
|||||+Node18 (N.S)
||||||B_1_1_7_G142V_EPI_ISL_1000652 (N.S)
||||||B_1_1_7_W152R_EPI_ISL_1005892 (N.S)
||||||B_1_1_7_N440S_EPI_ISL_2006667 (N.S)
|||||||B_1_1_7_L5F_F490S_EPI_ISL_10301586 (N.S)
||||||+Node30 (N.S)
||||| |B_1_1_7_F490S_EPI_ISL_1007040 (N.S)
||||+Node14 (N.S)
||| |B_1_1_7_A67V_K417R_E484K_K1191N_EPI_ISL_1679507 (N.S)
||| |B_1_1_7_E484K_EPI_ISL_1018343 (N.S)
||||B_1_621_K417N_EPI_ISL_2818170 (N.S)
|||+Node35 (N.S)
|| |B_1_621_BASELINE_EPI_ISL_10080356 (N.S)
|| |MU_B_1_621_EPI_ISL_10080356 (N.S)
|| |C_1_2_EPI_ISL_3132623 (N.S)
|||+Node41 (N.S)
|||||B_1_640_2_EPI_ISL_7181977 (N.S)
||||+Node43 (N.S)
||| |B_1_640_1_EPI_ISL_10352750 (N.S)
||+Node40 (N.S)
| | |P_1_8_T470N_P681R_EPI_ISL_2983341 (N.S)
| ||+Node47 (N.S)
| |||P_1_7_P681H_EPI_ISL_10101603 (N.S)
| ||GAMMA_P_1_EPI_ISL_1000993 (N.S)
| ||P_1_3_L141_G142_V143_Y144_EPI_ISL_2777314 (N.S)
| |+Node46 (N.S)
|  |P_1_GAMMA_BASELINE_EPI_ISL_1000993 (N.S)
|  ||P_1_4_R246G_N679K_EPI_ISL_10328973 (N.S)
|  |+Node57 (N.S)
|  ||P_1_4_N679K_EPI_ISL_11294218 (N.S)
|  |P_1_9_Q675H_EPI_ISL_2187251 (N.S)
| |P_4_EPI_ISL_1625983 (N.S)
| |B_1_429_B_1_427_EPI_ISL_10031346 (N.S)
| ||A_27_EPI_ISL_10046311 (N.S)
| |+Node72 (N.S)
| ||B_1_630_EPI_ISL_10657899 (N.S)
||+Node68 (0.01827832171700877)
||| |C_37_Q675H_EPI_ISL_1281953 (N.S)
||||+Node77 (N.S)
|||||C_37_LAMBDA_BASELINE_EPI_ISL_10072009 (N.S)
|||||LAMBDA_C_37_EPI_ISL_10072009 (N.S)
|||+Node76 (N.S)
||||B_1_637_EPI_ISL_1016114 (N.S)
||||C_36_3_1_S477N_A845S_EPI_ISL_1653201 (N.S)
|||+Node315 (N.S)
||||C_36_3_BASELINE_EPI_ISL_11100917 (N.S)
||||C_36_3_EPI_ISL_11100917 (N.S)
|||    |B_1_617_2_G142_EPI_ISL_10005803 (N.S)
|||    ||B_1_617_2_V70I_T95_EPI_ISL_10077792 (N.S)
|||    |||B_1_617_2_W258L_K417N_EPI_ISL_10239260 (N.S)
|||    ||+Node134 (N.S)
|||    |||B_1_617_2_T95_W258L_EPI_ISL_10083525 (N.S)
|||    |||B_1_617_2_S477I_EPI_ISL_10159748 (N.S)
|||    |||B_1_617_2_Y248H_EPI_ISL_11140542 (N.S)
|||    |||B_1_617_2_P809S_EPI_ISL_10019652 (N.S)
|||    ||||B_1_617_2_E484Q_EPI_ISL_10165790 (N.S)
|||    |||+Node145 (N.S)
|||    ||||B_1_617_2_E484K_EPI_ISL_4011209 (N.S)
|||    |||B_1_617_2_H655Y_EPI_ISL_10156347 (N.S)
|||    |||B_1_617_2_Y144_EPI_ISL_10157229 (N.S)
|||    |||B_1_617_2_V16F_I1179V_EPI_ISL_10160241 (N.S)
|||    |||B_1_617_2_P1162S_EPI_ISL_10153453 (N.S)
|||    |||B_1_617_2_S494L_EPI_ISL_11297838 (N.S)
|||    |||B_1_617_2_V70F_EPI_ISL_10160114 (N.S)
|||    |||B_1_617_2_G446V_EPI_ISL_10098575 (N.S)
|||    |||B_1_617_2_T250N_EPI_ISL_10157097 (N.S)
|||    |||B_1_617_2_Q675H_EPI_ISL_10077460 (N.S)
|||    |||B_1_617_2_DELTA_BASELINE_EPI_ISL_10004745 (N.S)
|||    |||B_1_617_2_D138H_EPI_ISL_10153441 (N.S)
|||    |||B_1_617_2_L1141F_EPI_ISL_10156255 (N.S)
|||    ||+Node137 (N.S)
|||    |||B_1_617_2_K97N_EPI_ISL_10157499 (N.S)
|||    |||B_1_617_2_S255F_EPI_ISL_10033451 (N.S)
|||    |||B_1_617_2_Q677H_EPI_ISL_10065167 (N.S)
|||    |||B_1_617_2_D253G_EPI_ISL_10302057 (N.S)
|||    |||B_1_617_2_L18F_EPI_ISL_10153498 (N.S)
|||    |||B_1_617_2_Q414H_EPI_ISL_2392330 (N.S)
|||    |||B_1_617_2_N148S_EPI_ISL_2682118 (N.S)
|||    ||||B_1_617_2_Y145H_A222V_V1264L_EPI_ISL_10014590 (N.S)
|||    |||+Node187 (N.S)
|||    ||||B_1_617_2_V36F_Y145H_A222V_EPI_ISL_10164032 (N.S)
|||    ||||B_1_617_2_Y145H_A222V_EPI_ISL_10007289 (N.S)
|||    |||DELTA_B_1_617_2_AY_EPI_ISL_10004745 (N.S)
|||    |||B_1_617_2_E484A_EPI_ISL_11052514 (N.S)
|||    |||B_1_617_2_V1104L_EPI_ISL_10005059 (N.S)
|||    |||B_1_617_2_I850L_EPI_ISL_10007287 (N.S)
|||    |||B_1_617_2_A1078S_EPI_ISL_10162493 (N.S)
|||    |||B_1_617_2_T51I_EPI_ISL_10007595 (N.S)
|||    |||B_1_617_2_K444N_EPI_ISL_10510404 (N.S)
|||    |||B_1_617_2_N501Y_P681H_EPI_ISL_3399822 (N.S)
|||    |||B_1_617_2_S256L_EPI_ISL_11206816 (N.S)
|||    || |B_1_617_2_T29A_T95_T250I_Q613H_EPI_ISL_10619598 (N.S)
|||    |||+Node210 (N.S)
|||    ||||B_1_617_2_T29A_T95_T250I_T299I_Q613H_EPI_ISL_10315261 (N.S)
|||    ||+Node209 (N.S)
|||    |||B_1_617_2_T29A_T95_T250I_EPI_ISL_10032622 (N.S)
|||    |||B_1_617_2_S112L_EPI_ISL_10019577 (N.S)
|||    ||+Node214 (N.S)
|||    |||B_1_617_2_T95_S112L_S477G_EPI_ISL_2785874 (N.S)
|||    ||B_1_617_2_R20I_T95_EPI_ISL_10172478 (N.S)
|||    ||B_1_617_2_T95_V362F_EPI_ISL_2513971 (N.S)
|||    ||B_1_617_2_T95_L244S_EPI_ISL_10640498 (N.S)
|||    |+Node92 (N.S)
|||    ||B_1_617_2_W258R_A1078S_EPI_ISL_10613938 (N.S)
|||    ||B_1_617_2_T95_EPI_ISL_10005534 (N.S)
|||    ||B_1_617_2_T95_L455F_EPI_ISL_3125708 (N.S)
|||    |||B_1_617_2_T95_K77T_E484Q_EPI_ISL_10842950 (N.S)
|||    ||+Node109 (N.S)
|||    |||B_1_617_2_K77T_T95_EPI_ISL_10033693 (N.S)
|||    |||B_1_617_2_A222V_Q613H_EPI_ISL_10079226 (N.S)
|||    |||B_1_617_2_T95_V70F_A222V_K417N_EPI_ISL_10954976 (N.S)
|||    |||B_1_617_2_T95_A222V_V289I_EPI_ISL_10019681 (N.S)
|||    |||B_1_617_2_T95_A222V_EPI_ISL_10033438 (N.S)
|||    ||+Node113 (N.S)
|||    |||B_1_617_2_R21T_T95_A222V_EPI_ISL_11141270 (N.S)
|||    |||B_1_617_2_T95_A222V_D253A_D979E_EPI_ISL_10146046 (N.S)
|||    |||B_1_617_2_T95_A222V_V367L_EPI_ISL_10328807 (N.S)
|||    |||B_1_617_2_T95_A222V_A262S_EPI_ISL_2690384 (N.S)
|||    |||B_1_617_2_T95_A222V_T250S_EPI_ISL_2896249 (N.S)
|||    ||B_1_617_2_T95_P251L_EPI_ISL_10019816 (N.S)
|||    |||B_1_617_2_T95_L1234I_V1264L_EPI_ISL_10297349 (N.S)
|||    ||+Node96 (N.S)
|||    ||||B_1_617_2_T95_A222V_N1074S_V1264L_EPI_ISL_10020013 (N.S)
|||    |||+Node99 (N.S)
|||    ||||B_1_617_2_T95_A222V_V1264L_EPI_ISL_10209492 (N.S)
|||    |||B_1_617_2_T95_V1264L_EPI_ISL_10145344 (N.S)
|||    ||B_1_617_2_T22I_A67V_T95_EPI_ISL_11059025 (N.S)
|||   |+Node89 (N.S)
|||   ||B_1_617_2_T95_L452_EPI_ISL_2987893 (N.S)
|||   ||B_1_617_2_T95_T791I_EPI_ISL_2811419 (N.S)
|||  |+Node88 (N.S)
|||  ||B_1_617_2_T95_G142_H69_V70_Y144_EPI_ISL_2356626 (N.S)
||| |+Node87 (N.S)
||| ||B_1_617_2_T95_G142_H69_V70_Y144_E156_F157_R158_EPI_ISL_2192796 (N.S)
||||+Node86 (N.S)
|||||B_1_617_2_T95_G142_E156_F157_R158_EPI_ISL_10182825 (N.S)
|||+Node85 (N.S)
||||    |BA_1_K417_N440_G446_L452R_EPI_ISL_10145348 (N.S)
||||   |+Node238 (N.S)
||||   || |BA_1_N211_L212_214_V213G_T376A_D405N_R408S_T376A_D405N_R408S_K417_N440_EPI_ISL_10121312 (N.S)
||||   |||+Node244 (N.S)
||||   |||||BA_1_K417_EPI_ISL_10016584 (N.S)
||||   ||||+Node246 (N.S)
||||   ||| ||B_1_1_617_L452_N211_L212I_214EPE_G339D_S371L_S373P_S375F_K417N_N440K_G446S_S477N_T478K_E484A_Q493R_G496S_Q498R_N501Y_Y505H_T547K_D614G_H655Y_N679K_P681H_N764K_D796Y_N856K_D950_Q954H_N969K_L981F_EPI_ISL_10207240 (N.S)
||||   ||| |||BA_1_R346K_E484V_EPI_ISL_10032318 (N.S)
||||   ||| ||+Node252 (N.S)
||||   ||| |||BA_1_R346K_BA_1_1_EPI_ISL_10000001 (N.S)
||||   ||| |||BA_1_A701V_EPI_ISL_10000009 (N.S)
||||   ||| ||+Node255 (N.S)
||||   ||| |||BA_1_E484V_EPI_ISL_10188124 (N.S)
||||   ||| |||BA_1_F643L_A701V_EPI_ISL_10000156 (N.S)
||||   ||| ||BA_1_OMICRON_BASELINE_EPI_ISL_10000028 (N.S)
||||   ||| ||OMICRON_B_1_1_529_BA_BA_1_EPI_ISL_10000028 (N.S)
||||   ||| |+Node248 (N.S)
||||   |||  ||BA_1_R346K_I666S_V736G_C738W_I993S_Y1272D_EPI_ISL_9509444 (N.S)
||||   |||  |+Node265 (N.S)
||||   |||  ||BA_1_I666S_V736G_C738W_I993S_Y1272D_EPI_ISL_9509467 (N.S)
||||   |||  |BA_1_I1081V_EPI_ISL_10000045 (N.S)
||||   |||  | |BA_2_N408_EPI_ISL_10034943 (N.S)
||||   |||  ||+Node278 (N.S)
||||   |||  ||| |BA_2_L24_P25_P26_A27_EPI_ISL_10010992 (N.S)
||||   |||  ||| |BA_2XBA_1_BA_2_A67V_H69_V70_EPI_ISL_10019568 (N.S)
||||   |||  ||| |BA_2_E484V_EPI_ISL_10857825 (N.S)
||||   |||  ||||+Node298 (N.S)
||||   |||  |||||BA_2_212SGR_OR_COULD_BE_WRITTEN_AS_213_GRG_EPI_ISL_10013634 (N.S)
||||   |||  |||||BA_2XBA_1_1_BA_2_R346K_T376_EPI_ISL_10003562 (N.S)
||||   |||  |||||BA_2_P1162S_EPI_ISL_10014673 (N.S)
||||   |||  ||||BA_2_S787H_EPI_ISL_10000916 (N.S)
||||   |||  ||||BA_2_P1162L_EPI_ISL_10027138 (N.S)
||||   |||  ||||BA_2_OMICRON_BASELINE_EPI_ISL_10000005 (N.S)
||||   |||  ||||BA_2_EPI_ISL_10000005 (N.S)
||||   |||  |||+Node280 (N.S)
||||   |||  || |BA_2_M1229I_EPI_ISL_10055581 (N.S)
||||   |||  || |BA_2_N440_EPI_ISL_10005315 (N.S)
||||   |||  || |BA_2_I1221T_EPI_ISL_10000574 (N.S)
||||   |||  || |BA_2_A846G_EPI_ISL_10002943 (N.S)
||||   |||  || |BA_2_S704L_EPI_ISL_10001682 (N.S)
||||   |||  |+Node277 (N.S)
||||   |||  ||BA_3_EPI_ISL_10007901 (N.S)
||||   |||  |BA_1_N211_L212_214_EPI_ISL_10012936 (N.S)
||||   |||  ||BA_1_214GAR_D215N_EPI_ISL_10222778 (N.S)
||||   |||  |+Node273 (1.846615405010077e-05)
||||   |||  ||BA_1_214GAR_D215N_EPI_ISL_10240037 (N.S)
||||   |||  |BA_1_214_EPI_ISL_10007028 (N.S)
||||   ||+Node240 (N.S)
||||   | |BA_1_K417_N440_G446_EPI_ISL_10072811 (N.S)
||||   | |BA_1_1_R346K_K417_N440_G446_EPI_ISL_10044070 (N.S)
||||  |+Node237 (N.S)
||||  ||BA_1_N211_L212_214_G339_S371_S373_S375_K417_N440_G446_L452R_EPI_ISL_8524423 (N.S)
|||| |+Node233 (N.S)
|||| ||BA_1_E156_F157_R158G_N211_L212_214_G339_S371_S373_S375_K417_N440_G446_L452R_S477_E484_Q493_G496_Q498_N501_Y505_EPI_ISL_10228808 (N.S)
|||| ||BA_1_N211_L212_214_G339_S371_S373_S375_K417_N440_G446_L452R_S477_E484_Q493_G496_Q498_N501_Y505_EPI_ISL_8119611 (N.S)
|||||+Node232 (N.S)
||||||BA_1_G339_S371_S373_S375_K417_N440_G446_L452R_S477_E484_Q493_G496_Q498_N501_Y505_T547_H655_N679_P681R_EPI_ISL_8746594 (N.S)
||||+Node231 (N.S)
||| |B_1_617_1_EPI_ISL_10127326 (N.S)
|||A_2_5_EPI_ISL_3037842 (N.S)
|||B_1_1_284_EPI_ISL_1041949 (N.S)
||+Node337 (N.S)
|||B_1_234_EPI_ISL_1016643 (N.S)
|||B_1_258_17_EPI_ISL_1001674 (N.S)
||+Node323 (N.S)
|||B_1_466_2_EPI_ISL_1010700 (N.S)
|+Node67 (N.S)
||B_1_177_82_EPI_ISL_1000202 (N.S)
|||A_23_1_EPI_ISL_10138371 (N.S)
||+Node329 (N.S)
|||NC_045512_SPIKE_SURFACE_GLYCOPROTEIN (N.S)
||B_1_214_2_EPI_ISL_1033870 (N.S)
|||B_1_575_EPI_ISL_1009066 (N.S)
||+Node334 (N.S)
| |B_1_1_519_EPI_ISL_1002604 (N.S)
|B_1_525_EPI_ISL_1000437 (N.S)
```

