{
 "analysis":{
   "authors":"Sergei L Kosakovsky Pond",
   "contact":"spond@temple.edu",
   "info":"Fit an MG94xREV model with several selectable options frequency estimator and \nreport the fit results including dN/dS ratios, and synonymous and non-synonymous branch lengths. v0.2 adds LRT test for dN/dS != 1. \nv0.3 adds LRT test support for dN/dS != 1 for local models",
   "requirements":"in-frame codon alignment and a phylogenetic tree",
   "version":"0.3"
  },
 "branch attributes":{
   "0":{
     "AST99":{
       "Nucleotide GTR":0.0160894628110338,
       "Standard MG94":0.01679817547093311,
       "dN":0.0004064571003317406,
       "dS":0.06876434255914372,
       "nonsynonymous":0.0003089916759165345,
       "original name":"AST99",
       "synonymous":0.01648918379501657
      },
     "CHIN_01":{
       "Nucleotide GTR":0.01137600903467306,
       "Standard MG94":0.01206023608720785,
       "dN":0.0002918155366221113,
       "dS":0.04936930246263473,
       "nonsynonymous":0.0002218403163476676,
       "original name":"CHIN_01",
       "synonymous":0.01183839577086019
      },
     "EG101":{
       "Nucleotide GTR":0.01444823590652083,
       "Standard MG94":0.01506243959323454,
       "dN":0.0003644583622537937,
       "dS":0.06165900325055096,
       "nonsynonymous":0.0002770639264578766,
       "original name":"EG101",
       "synonymous":0.01478537566677667
      },
     "ETHAN4766":{
       "Nucleotide GTR":0.02154195163357056,
       "Standard MG94":0.02384232131927257,
       "dN":0.0005769007952904115,
       "dS":0.09759997765474977,
       "nonsynonymous":0.0004385642259143124,
       "original name":"ETHAN4766",
       "synonymous":0.02340375709335829
      },
     "HNY1999":{
       "Nucleotide GTR":0.00108039881636458,
       "Standard MG94":0.001101857415040604,
       "dN":2.666109606197329e-05,
       "dS":0.004510519661512729,
       "nonsynonymous":2.02679612368369e-05,
       "original name":"HNY1999",
       "synonymous":0.001081589453803766
      },
     "IS_98":{
       "Nucleotide GTR":0.002172068170569331,
       "Standard MG94":0.002239979870813112,
       "dN":5.419967928466887e-05,
       "dS":0.009169492450457369,
       "nonsynonymous":4.120299466447949e-05,
       "original name":"IS_98",
       "synonymous":0.002198776876148632
      },
     "ITALY_1998_EQUINE":{
       "Nucleotide GTR":0.008723629641209259,
       "Standard MG94":0.009039133652017519,
       "dN":0.0002187154229974249,
       "dS":0.03700223777045052,
       "nonsynonymous":0.0001662690725432275,
       "original name":"ITALY_1998_EQUINE",
       "synonymous":0.008872864579474291
      },
     "KN3829":{
       "Nucleotide GTR":0.003078147511318183,
       "Standard MG94":0.003058669323145895,
       "dN":7.400910093544069e-05,
       "dS":0.01252084700959881,
       "nonsynonymous":5.626226264088707e-05,
       "original name":"KN3829",
       "synonymous":0.003002407060505011
      },
     "KUNCG":{
       "Nucleotide GTR":0.05782751041334502,
       "Standard MG94":0.08749327812266351,
       "dN":0.002117031351755545,
       "dS":0.3581590011879466,
       "nonsynonymous":0.00160938279787189,
       "original name":"KUNCG",
       "synonymous":0.08588389532479158
      },
     "MEX03":{
       "Nucleotide GTR":0.003243574259643081,
       "Standard MG94":0.003272984636602028,
       "dN":7.91947820241278e-05,
       "dS":0.01339815964725213,
       "nonsynonymous":6.020445552927388e-05,
       "original name":"MEX03",
       "synonymous":0.003212780181072756
      },
     "NY99_EQHS":{
       "Nucleotide GTR":0.001079946285699106,
       "Standard MG94":0.001086714789349962,
       "dN":2.629469747658671e-05,
       "dS":0.004448532411645157,
       "nonsynonymous":1.998942233848909e-05,
       "original name":"NY99_EQHS",
       "synonymous":0.001066725367011474
      },
     "NY99_FLAMINGO":{
       "Nucleotide GTR":0,
       "Standard MG94":0,
       "dN":1.315430582801634e-10,
       "dS":4.170269639418172e-10,
       "nonsynonymous":1e-10,
       "original name":"NY99_FLAMINGO",
       "synonymous":1e-10
      },
     "Node11":{
       "Nucleotide GTR":0.1078976963810333,
       "Standard MG94":0.5048147154380188,
       "dN":0.01221475069103635,
       "dS":2.066489428053838,
       "nonsynonymous":0.009285743277323759,
       "synonymous":0.4955289721606947
      },
     "Node15":{
       "Nucleotide GTR":0.00530961448499774,
       "Standard MG94":0.003444474039945078,
       "dN":8.334422585753986e-05,
       "dS":0.01410016184369005,
       "nonsynonymous":6.335889323785632e-05,
       "synonymous":0.003381115146707223
      },
     "Node17":{
       "Nucleotide GTR":0.007736826471938394,
       "Standard MG94":0.007683924704160271,
       "dN":0.0001859241058545113,
       "dS":0.03145460835730835,
       "nonsynonymous":0.0001413408721717005,
       "synonymous":0.007542583831988582
      },
     "Node20":{
       "Nucleotide GTR":0.01007919433316343,
       "Standard MG94":0.01097846540928662,
       "dN":0.0002656404693517047,
       "dS":0.04494100906876409,
       "nonsynonymous":0.0002019418377714296,
       "synonymous":0.01077652357151519
      },
     "Node21":{
       "Nucleotide GTR":0.0006965247751716176,
       "Standard MG94":0.0007238178446394211,
       "dN":1.751386052667345e-05,
       "dS":0.00296299192167216,
       "nonsynonymous":1.331416553306221e-05,
       "synonymous":0.0007105036791063591
      },
     "Node22":{
       "Nucleotide GTR":0.002697288569507075,
       "Standard MG94":0.002694064948923465,
       "dN":6.518695016250978e-05,
       "dS":0.01102831705412972,
       "nonsynonymous":4.955559876346582e-05,
       "synonymous":0.002644509350159998
      },
     "Node25":{
       "Nucleotide GTR":0.002714927499281664,
       "Standard MG94":0.002793946058270937,
       "dN":6.760372370756181e-05,
       "dS":0.01143718638819766,
       "nonsynonymous":5.139284778036546e-05,
       "synonymous":0.00274255321049057
      },
     "Node3":{
       "Nucleotide GTR":0.001072886270307575,
       "Standard MG94":0.001043344453700282,
       "dN":2.524528702727409e-05,
       "dS":0.004270993331720664,
       "nonsynonymous":1.919165279972897e-05,
       "synonymous":0.001024152800900554
      },
     "Node4":{
       "Nucleotide GTR":0.01023955431957196,
       "Standard MG94":0.01081218713616485,
       "dN":0.0002616171166454422,
       "dS":0.04426033894760281,
       "nonsynonymous":0.0001988832554647195,
       "synonymous":0.01061330388070013
      },
     "Node5":{
       "Nucleotide GTR":0.006170000282705471,
       "Standard MG94":0.006478955465630458,
       "dN":0.0001567680642636103,
       "dS":0.02652199423889584,
       "nonsynonymous":0.0001191762350011067,
       "synonymous":0.006359779230629352
      },
     "Node6":{
       "Nucleotide GTR":0.00900289974916911,
       "Standard MG94":0.009294363722298974,
       "dN":0.0002248910981154503,
       "dS":0.03804703742828224,
       "nonsynonymous":0.0001709638661710845,
       "synonymous":0.009123399856127886
      },
     "Node7":{
       "Nucleotide GTR":0.01560690643842108,
       "Standard MG94":0.01850444450855883,
       "dN":0.0004477428439304577,
       "dS":0.07574905758396175,
       "nonsynonymous":0.000340377401730196,
       "synonymous":0.01816406710682864
      },
     "Node8":{
       "Nucleotide GTR":0.05443482339286782,
       "Standard MG94":0.06951690178996352,
       "dN":0.001682065910937024,
       "dS":0.2845716224721561,
       "nonsynonymous":0.001278718871925968,
       "synonymous":0.06823818291803763
      },
     "Node9":{
       "Nucleotide GTR":0.09935219629903831,
       "Standard MG94":0.5747121326200781,
       "dN":0.01390602374373534,
       "dS":2.35261871319099,
       "nonsynonymous":0.01057146148610744,
       "synonymous":0.5641406711339709
      },
     "PAAN001":{
       "Nucleotide GTR":0.007632463973865454,
       "Standard MG94":0.007873691374297088,
       "dN":0.0001905157956256345,